key,section,node,order,speaker,translation
# Language: Polski (pl)
# Created by TomXV. Provisional translation, not reviewed by a native speaker:
# some lines may read unnaturally. Corrections are welcome as pull requests.
# Only the Japanese (ja) and Simplified Chinese (zh-Hans) files were supervised by the author.

# ===== Level 1: Ryan (Sunny) | sets level_1 | ends level_1_complete =====
# --- intro: Ryan_1_intro ---
0da72197e898ebe1,L01 Ryan,Ryan_1_intro,1,Ryan,Halo?
334d016f755cd6dc,L01 Ryan,Ryan_1_intro,2,Kobold,Cześć!
dfba3eb46cb5fc14,L01 Ryan,Ryan_1_intro,3,Ryan,"O, cześć! Eee..."
30985c07d735bdc3,L01 Ryan,Ryan_1_intro,4,Ryan,"Słyszałem, że tu na dole są koboldy, które mogłyby mnie umyć?"
08c8207cff7cb565,L01 Ryan,Ryan_1_intro,5,Ryan,Czy to tutaj?
32cfb777c0a1ca30,L01 Ryan,Ryan_1_intro,6,Kobold,Mhm! Ja jestem <i>tym</i> koboldem!
eec1e26d3338868e,L01 Ryan,Ryan_1_intro,7,Kobold,"Tak, witamy w Drag'n wash!"
b8e3a13e8da1caf6,L01 Ryan,Ryan_1_intro,8,Ryan,"Haha, nie da się ukryć!"
84f325bca745e504,L01 Ryan,Ryan_1_intro,9,Ryan/Alexander,Wspaniale!
900e8c593033c189,L01 Ryan,Ryan_1_intro,10,Ryan,Mam na imię Ryan. No więc...
092808653667e9ff,L01 Ryan,Ryan_1_intro,11,Ryan,jak mam wejść do środka?
0f3f0b7e817061e6,L01 Ryan,Ryan_1_intro,12,Kobold,"Chwileczkę, muszę otworzyć bramę."
b8a4a2d6c54c16d8,L01 Ryan,Ryan_1_intro,13,Kobold,Yip!
273533e355fd12cf,L01 Ryan,Ryan_1_intro,14,Ryan,hę...?
3faa3f1d46e0e544,L01 Ryan,Ryan_1_intro,15,Kobold,Oj... to znaczy: idę otworzyć bramę!
ce6db45f1866ad91,L01 Ryan,Ryan_1_intro,16,Ryan,"A, widzę tam przycisk, jasne!"
425d9584e840b683,L01 Ryan,Ryan_1_intro,17,Ryan,"Dobra, poczekam. Dzięki."
# --- phone: Ryan_1_PhoneTutorial ---
9bb3073cec0eb0c7,L01 Ryan,Ryan_1_PhoneTutorial,1,Phone,"Dzień dobry, <i>„Drag'n wash, franczyza 223”...</i> Czy rozmawiali państwo już z pierwszym klientem?"
276bc2be4d36787f,L01 Ryan,Ryan_1_PhoneTutorial,2,Kobold,Właśnie teraz!
d3c6dd1cf6eefa2a,L01 Ryan,Ryan_1_PhoneTutorial,3,Kobold,"Tak, rozmawiałem."
38526f3244d3b009,L01 Ryan,Ryan_1_PhoneTutorial,4,Phone,"Ach, dobrze."
ab5df625bc76dbd4,L01 Ryan,Ryan_1_PhoneTutorial,5,Phone/Ryan/Alexander/Conrad/Kobold,...
4d4a3684433b7f10,L01 Ryan,Ryan_1_PhoneTutorial,6,Phone,W takim razie... życzymy produktywnego dnia.
07c91bff06f38512,L01 Ryan,Ryan_1_PhoneTutorial,7,Phone,"Dzień dobry, <i>„Drag'n wash, franczyza 223”...</i> Czy zorientowali się już państwo, jak wchodzić w interakcje?"
3d08b37cdf5c2183,L01 Ryan,Ryan_1_PhoneTutorial,8,Kobold,Nie.
01888febaebd67cd,L01 Ryan,Ryan_1_PhoneTutorial,9,Kobold,Chyba już wiem!
085283be600618d2,L01 Ryan,Ryan_1_PhoneTutorial,10,Phone,Ach...
4ad86617a918d8ec,L01 Ryan,Ryan_1_PhoneTutorial,11,Phone,Proszę zatem podejść do okienka i porozmawiać z klientem.
af789b5c60f24630,L01 Ryan,Ryan_1_PhoneTutorial,12,Phone,Potem oczywiście trzeba będzie go wpuścić.
bb645759b5bd99d4,L01 Ryan,Ryan_1_PhoneTutorial,13,Phone,Doskonale. Proszę więc przywitać klienta przy okienku.
474ab3afa218a5df,L01 Ryan,Ryan_1_PhoneTutorial,14,Kobold,Dobrze!
7d869361bdb13d98,L01 Ryan,Ryan_1_PhoneTutorial,15,Phone,Życzymy produktywnego dnia.
# --- progress: Ryan_1_required ---
098ac93ca7999f8c,L01 Ryan,Ryan_1_required,1,Ryan,"Więc jesteś dyplomowanym myjącym smoki, co?"
7b999e621945fe90,L01 Ryan,Ryan_1_required,2,Kobold,Tak!
1cb7709c2b6cdc0b,L01 Ryan,Ryan_1_required,3,Kobold,Myję dopiero od kilku tygodni!
9b9024cada67653e,L01 Ryan,Ryan_1_required,4,Ryan,"O, fajnie!"
fbd8fe3b49aed7c5,L01 Ryan,Ryan_1_required,5,Ryan,Ja zwykle radzę sobie wężem ogrodowym w domu...
3f742efbf9edb2ee,L01 Ryan,Ryan_1_required,6,Ryan,"O, to dla nas obojga nowość!"
e6c276d67e994ed5,L01 Ryan,Ryan_1_required,7,Ryan,"Szczerze, jestem zaskoczony, jakie to przyjemne."
e99ba1a86146f1aa,L01 Ryan,Ryan_1_required,8,Ryan,Miło oderwać się od tego wszystkiego tam na zewnątrz.
# --- nag: Ryan_1_nag ---
c2aa03c999eb7731,L01 Ryan,Ryan_1_nag,1,Ryan,"Hej, mam coś do powiedzenia!"
5b798fca0ab51d6c,L01 Ryan,Ryan_1_nag,2,Ryan,"Mógłbyś podejść tam, gdzie cię widzę?"
# --- jerkoff: ryan_jerk_off_no ---
2e75bb6a3610c11b,L01 Ryan,ryan_jerk_off_no,1,Ryan,Hej... może „ręcznie” zajmiesz się mną później?
# --- mount_start: ryan_mount_no ---
91c3bf04fb99ce8b,L01 Ryan,ryan_mount_no,1,Ryan,"Hm, chyba podziękuję za kozioł."
# --- outro: Ryan_1_Outro ---
0d26aa953ca02c41,L01 Ryan,Ryan_1_Outro,1,Ryan,"Jestem prawie pewien, że już cały czysty!"
699cdec6a62f5ff3,L01 Ryan,Ryan_1_Outro,2,Ryan,To było o wiele przyjemniejsze niż wąż.
c3bbf19f280c6dde,L01 Ryan,Ryan_1_Outro,3,Kobold,Nie ma za co.
66984a1e53d3e869,L01 Ryan,Ryan_1_Outro,4,Kobold,"Mhm! Wpadaj, kiedy chcesz."
d629b0ed3f97727c,L01 Ryan,Ryan_1_Outro,6,Ryan,Na pewno opowiem innym o tym miejscu.
e12cf68db48908a3,L01 Ryan,Ryan_1_Outro,7,Ryan,Zdecydowanie będę o tym miejscu pamiętał.
29a9062b9b45c6ef,L01 Ryan,Ryan_1_Outro,8,Ryan,Haha. „Yip” i tobie.
0712e97652e51758,L01 Ryan,Ryan_1_Outro,9,Ryan,"No, było fajnie, to do zobaczenia!"
17f93a33eafe382c,L01 Ryan,Ryan_1_Outro,10,Ryan,"Otworzysz mi bramę, żebym mógł wyjść?"
1aa7b1c1d5fb1fd6,L01 Ryan,Ryan_1_Outro,12,Ryan/Conrad/Kobold/Dragon,Dzięki!

# ===== Level 2: Conrad (Sunny) =====
# --- intro: Conrad_Intro_1 ---
d391aece578e396f,L02 Conrad,Conrad_Intro_1,1,Conrad,"<gradient=""yellow - orange""><size=140%>HEJ! </gradient><size=100%>To tu się myje, nie?"
e2b71fbe0e3a8220,L02 Conrad,Conrad_Intro_1,2,Conrad,"Mam być bez skazy. Wygląda, że od tego tu jesteś. <size=70%> Ha."
198e07bd20a7e40b,L02 Conrad,Conrad_Intro_1,3,Kobold,"Mhm, tędy proszę."
d474060b980dd4bb,L02 Conrad,Conrad_Intro_1,4,Kobold,Znajdziemy miejsce.
6c70580a9b88273d,L02 Conrad,Conrad_Intro_1,5,Conrad,Git. Ale trzeba otworzyć bramę. Wpuść Conrada!
# --- progress: Conrad_required_1 ---
87e002767e44df8e,L02 Conrad,Conrad_required_1,1,Conrad,No<size=90%>o<size=80%>o<size=70%>o<size=60%>o... <size=100%>tak się zastanawiałem
2d6d31d664759240,L02 Conrad,Conrad_required_1,2,Conrad,"Robicie tu też <i>specjalne zakończenia</i>, nie?"
906e9b3e20a54dc2,L02 Conrad,Conrad_required_1,3,Kobold,Każde zakończenie u nas jest specjalne!
c41cb150dfd261d8,L02 Conrad,Conrad_required_1,4,Kobold,Znaczy... takie seksualne?
0c503978e6cd3a78,L02 Conrad,Conrad_required_1,5,Conrad,Eee... Nie o to-
c9ce0c4dd28236fa,L02 Conrad,Conrad_required_1,6,Conrad,"Robicie tak, żeby wielkie smoki, <size=60%>takie jak ja, <size=100%>tu dochodziły?"
daac14e0bc00f0ad,L02 Conrad,Conrad_required_1,7,Kobold,Co- hę- <size=80%>ooo. <size=60%>my nie-
824dda92c5ffbad9,L02 Conrad,Conrad_required_1,8,Kobold,"O, nie."
33cb9fb42cd6a080,L02 Conrad,Conrad_required_1,9,Conrad,Co!? To straszne! Nawet kozła nie macie...?
96b0e7561e23fcbb,L02 Conrad,Conrad_required_1,10,Kobold,yyy... <size=60%>nie?
175ccc13192756d4,L02 Conrad,Conrad_required_1,11,Conrad,No to lepiej sobie sprawcie!
fcc67c51c62fb4e9,L02 Conrad,Conrad_required_1,12,Conrad,Przynajmniej łapy ci zostały. Heh.
a29919179016a4e8,L02 Conrad,Conrad_required_1,13,Conrad,Tak? Nawet kozła nie widzę.
6ec80eb8deb5afd8,L02 Conrad,Conrad_required_1,14,Kobold,"No... tak, nie mamy."
22706d3faee3b165,L02 Conrad,Conrad_required_1,15,Kobold,"Nie, u nas nie ma takich usług."
4a8d1297fbe8f246,L02 Conrad,Conrad_required_1,16,Conrad,Cholerna szkoda. Lepiej to zmień.
# --- jerkoff: Conrad_1_JerkOff_Start ---
6d4db2b6b39822b2,L02 Conrad,Conrad_1_JerkOff_Start,1,Conrad,"O kurwa, tak."
8fc6411ffc04a8f3,L02 Conrad,Conrad_1_JerkOff_Start,2,Conrad,Nie przestawaj.
# --- cum: Conrad_1_Cum ---
e51f82fb1e4773ad,L02 Conrad,Conrad_1_Cum,1,Conrad,"<size=140%> KURWA, TAK!"
6d721d6e2ad2ae1c,L02 Conrad,Conrad_1_Cum,2,Conrad,<size=100%> Ale to było cholernie dobre!
# --- mount_start: conrad_mount_no ---
b902443f60bdba87,L02 Conrad,conrad_mount_no,1,Conrad,Wow. Eee.
ccdcfc48472b3533,L02 Conrad,conrad_mount_no,2,Conrad,Normalnie na kozioł bym się zgodził. Ale nie teraz.
# --- outro: Conrad_Outro_1 ---
2edaf16ee5b742a8,L02 Conrad,Conrad_Outro_1,1,Conrad,Mycie było spoko.
882508b81f97e7cf,L02 Conrad,Conrad_Outro_1,2,Conrad,"Chociaż każda inna myjnia, w jakiej byłem, ma chociaż kozioł"
51335374627e92a3,L02 Conrad,Conrad_Outro_1,3,Kobold,Przepraszam...
598e348ffe7cc978,L02 Conrad,Conrad_Outro_1,4,Kobold,"Zamówię, obiecuję!"
3eba607f0573bf98,L02 Conrad,Conrad_Outro_1,5,Conrad,Nie przepraszaj! Załatw kozioł!
4e52b9a8b0ae1335,L02 Conrad,Conrad_Outro_1,6,Conrad,"Każdy szanujący się myjący wie, jak zadowolić smoka."
25d0b6008550c533,L02 Conrad,Conrad_Outro_1,7,Kobold,Dobrze. Zamówię kozioł.
2e92d12d86bf03a5,L02 Conrad,Conrad_Outro_1,8,Conrad,"Dobra. No, wypuść mnie."
426726c5d08284a8,L02 Conrad,Conrad_Outro_1,9,Conrad,"Dobra, i lepiej to zrób. Jak wrócę i go nie będzie..."
28c3830dac3b9c5b,L02 Conrad,Conrad_Outro_1,10,Kobold,Czy to groźba...?
fac432bdcfb4b753,L02 Conrad,Conrad_Outro_1,11,Conrad,"Eee, nie, po prostu będę NAPRAWDĘ zły."
ee7433c3dd161b65,L02 Conrad,Conrad_Outro_1,12,Conrad,No nieważne... Wypuść mnie.

# ===== Level 3: Alexander (Sunny) =====
# --- intro: Alexander_1_intro ---
dbca31128a900488,L03 Alexander,Alexander_1_intro,1,Alexander,"Dobry wieczór. Ten przybytek przyjmuje klientów bez zapisów, prawda?"
a6208f4370193b60,L03 Alexander,Alexander_1_intro,2,Kobold,Tak! Czy pan jest... z uczelni...?
fdf9d60aca05c19e,L03 Alexander,Alexander_1_intro,4,Alexander,"W rzeczy samej, zapewne rozpoznaje pan mój herb! Wykładam alchemię."
12456a9c2599222e,L03 Alexander,Alexander_1_intro,5,Alexander,"... Wykład, który wkrótce mam poprowadzić."
cccd2e909950ad59,L03 Alexander,Alexander_1_intro,6,Alexander,Doskonale.
f5b90500599eaa0a,L03 Alexander,Alexander_1_intro,7,Alexander,"Musi pójść sprawnie, studenci sami się nie nauczą."
26f8788d21d9fd7d,L03 Alexander,Alexander_1_intro,8,Kobold,Nigdy nie myłem smoka nauczyciela... wow.
7cc55c8bb6442b93,L03 Alexander,Alexander_1_intro,9,Kobold,"Dobrze, otworzę bramę!"
c9b9bda16ee1d468,L03 Alexander,Alexander_1_intro,10,Alexander,Profesora... Ale tak. Zwykle nie bywam w publicznych myjniach.
8569efc4ed5a6273,L03 Alexander,Alexander_1_intro,11,Alexander/Ryan,Dziękuję.
57c2b1f349d8b9e9,L03 Alexander,Alexander_1_intro,12,Alexander,"Och, i przepraszam, że jestem zupełnie ubrudzony."
c44510120d3f5f7e,L03 Alexander,Alexander_1_intro,13,Alexander,"To pożałowania godny stan, w jakim się znalazłem..."
550840616bc8148d,L03 Alexander,Alexander_1_intro,14,Kobold,Wcale... nie jest pan taki brudny.
21e1f6bc71429bdb,L03 Alexander,Alexander_1_intro,15,Kobold,Nie ma sprawy. Już otwieram bramę!
14ddfac745bc0ec3,L03 Alexander,Alexander_1_intro,16,Alexander,Ależ jestem.
65b94d53036df4ac,L03 Alexander,Alexander_1_intro,18,Alexander,Czy zechciałby pan otworzyć bramę?
f602395a77ff68c4,L03 Alexander,Alexander_1_intro,19,Kobold,Och. Tak. Przepraszam.
# --- progress: Alexander_1_required ---
8bb197f659df9e12,L03 Alexander,Alexander_1_required,1,Alexander,Wie pan... To otoczenie jest nader przyjemne. Bardzo... proletariackie.
c3971608b1a13f1b,L03 Alexander,Alexander_1_required,2,Kobold,prole... <i><size=70%>co?
3afdda2c098fc834,L03 Alexander,Alexander_1_required,3,Kobold/Alexander/Ryan,Dziękuję!
90d6678c9549b1e0,L03 Alexander,Alexander_1_required,4,Alexander,"Och, to znaczy... robotnicze?"
55c80016618e1bc5,L03 Alexander,Alexander_1_required,5,Alexander,"Przepraszam, chciałem powiedzieć, że pańska myjnia mi się podoba."
02fa2a9691178177,L03 Alexander,Alexander_1_required,6,Alexander,Oczywiście
32e117cdd1f56f3f,L03 Alexander,Alexander_1_required,7,Alexander,"Kto by pomyślał, że takie miejsca są tak łatwo dostępne dla ogółu!"
# --- jerkoff: alexander_jerk_off_no ---
f33ca08a17779409,L03 Alexander,alexander_jerk_off_no,1,Alexander,"<i>Och.</i> Nie sądzę, bym był już na to gotów."
# --- mount_start: alexander_mount_no ---
170ebd10775afd58,L03 Alexander,alexander_mount_no,1,Alexander,"Nie jestem... pewien, czy chciałbym dziś z tego skorzystać."
# --- outro: Alexander_1_Outro ---
d202075090a8960b,L03 Alexander,Alexander_1_Outro,1,Alexander,"Muszę przyznać, że spisał się pan równie dobrze co prywatni myjący."
b6069e62e167364f,L03 Alexander,Alexander_1_Outro,3,Kobold,"Mmmhm, zawsze daję z siebie wszystko."
981447d1952fe850,L03 Alexander,Alexander_1_Outro,4,Alexander,"Haha, „Yip”, w rzeczy samej."
5d7279822bcee7dd,L03 Alexander,Alexander_1_Outro,5,Alexander,Moi studenci mogliby się co nieco nauczyć od pańskiej pracowitości!
8117291ab8529b4f,L03 Alexander,Alexander_1_Outro,6,Alexander,"Doprawdy chętnie porozmawiałbym dłużej, ale wykład już niebawem."
dae0c0aa3ae01c37,L03 Alexander,Alexander_1_Outro,7,Alexander,...Dziękuję za to.

# ===== Level 4: Ryan (Sunny) =====
# --- intro: Ryan_2_intro ---
7825d92f67bdcdef,L04 Ryan,Ryan_2_intro,1,Ryan,"Cześć, to znowu ja!"
cd26586143766826,L04 Ryan,Ryan_2_intro,2,Kobold,"Cześć, Ryan!"
6a67a8866ec70c09,L04 Ryan,Ryan_2_intro,4,Ryan,"Hej, miło być z powrotem."
921bd4effdaa2a2f,L04 Ryan,Ryan_2_intro,5,Ryan,Hah... naprawdę lubisz ten dźwięk.
387d0da740d0826e,L04 Ryan,Ryan_2_intro,6,Ryan,Potrzebuję kolejnego mycia.
e542b800ecfc350a,L04 Ryan,Ryan_2_intro,7,Ryan,Próbuję na chwilę wyrwać się z domu.
78b22bcc76942425,L04 Ryan,Ryan_2_intro,8,Ryan,Wyszedłem z kilkoma znajomymi.
21abbb56e463a200,L04 Ryan,Ryan_2_intro,9,Ryan,Markery były fajne.
da3405e1151a476e,L04 Ryan,Ryan_2_intro,10,Ryan,Ale chyba czas się doprowadzić do porządku.
41dc14e2cd744b1b,L04 Ryan,Ryan_2_intro,11,Kobold,"O, jasne. Wchodź."
b231225bfcc08d4c,L04 Ryan,Ryan_2_intro,12,Kobold,Czy wszystko w porządku?
056b5511850d7220,L04 Ryan,Ryan_2_intro,13,Ryan,"Dobra, dzięki."
b4e4d893367947a0,L04 Ryan,Ryan_2_intro,14,Ryan,"Tak, w porządku. Przepraszam."
c9cdea9d31e53d5b,L04 Ryan,Ryan_2_intro,15,Ryan,"Po prostu ciężki dzień. Mam nadzieję, że to pomoże!"
ab74167fe23c9db5,L04 Ryan,Ryan_2_intro,17,Ryan,No więc... brama?
5cbc0ceea57587db,L04 Ryan,Ryan_2_intro,18,Kobold,O... Tak. Już się robi.
08411b780900fb59,L04 Ryan,Ryan_2_intro,19,Kobold,Oczywiście. Chwileczkę!
a386908e3024f35e,L04 Ryan,Ryan_2_intro,20,Ryan,Super.
# --- progress: Ryan_2_required ---
580684f8909e025d,L04 Ryan,Ryan_2_required,1,Ryan,Hej.
b4eff799a0271863,L04 Ryan,Ryan_2_required,2,Kobold,Hm?
fad448038cd06268,L04 Ryan,Ryan_2_required,3,Kobold,Co jest?
a1dd2ff2d1ef6beb,L04 Ryan,Ryan_2_required,4,Ryan,Mogę cię o coś zapytać?
2acd4405a7f14ae3,L04 Ryan,Ryan_2_required,5,Kobold,"Już pytasz, co jest?"
c10c037156053bfe,L04 Ryan,Ryan_2_required,6,Kobold,Jasne.
4f6d869aa239596c,L04 Ryan,Ryan_2_required,7,Ryan,"A, no tak. Przepraszam."
0fa0dff561f86016,L04 Ryan,Ryan_2_required,8,Ryan,"Więc, jeśli chodzi o... związki."
9a38b89ed035e464,L04 Ryan,Ryan_2_required,9,Ryan,"Jeśli związek jest <i>tak</i> wyboisty i wiesz, że się skończy."
9b943020b9ae2658,L04 Ryan,Ryan_2_required,10,Ryan,I próbowałeś już wszystkiego.
954ba66a076849a5,L04 Ryan,Ryan_2_required,12,Ryan,To kiedy właściwie należy go zakończyć?
f173e528733bb05a,L04 Ryan,Ryan_2_required,13,Kobold,Och... Ryan...
7b102f547a549072,L04 Ryan,Ryan_2_required,14,Kobold,"Nie jestem... pewien, czy potrafię ci na to odpowiedzieć."
d74bb8fcbf89b62a,L04 Ryan,Ryan_2_required,15,Ryan,"Wiem. Wiem, że nie powinienem cię tym obarczać."
64973f6ac9ac08be,L04 Ryan,Ryan_2_required,16,Ryan,Po prostu bardzo dobrze się przy tobie czuję.
93fa9e1a16f34a7d,L04 Ryan,Ryan_2_required,17,Ryan,"Masz rację... Nie ma sposobu, żebyś mógł."
797653f5e081152e,L04 Ryan,Ryan_2_required,18,Ryan,"Po prostu cieszę się, że tu nikt mnie nie ocenia."
b11d41e01fefb995,L04 Ryan,Ryan_2_required,20,Kobold,Dzięki. Ja też lubię twoje towarzystwo.
c6df1e087ef5d8e4,L04 Ryan,Ryan_2_required,21,Kobold,"Mam nadzieję, że będzie lepiej."
ebb96171ea7628a0,L04 Ryan,Ryan_2_required,22,Ryan/Kobold/Alexander,Cieszę się.
91c0e3e9014024af,L04 Ryan,Ryan_2_required,23,Ryan,ja też.
# --- outro: Ryan_2_Outro ---
cb57ee6155ed6ca5,L04 Ryan,Ryan_2_Outro,1,Ryan,No dobra. Cały czysty.
f6d370e531334fab,L04 Ryan,Ryan_2_Outro,2,Ryan,"Przepraszam, że wcześniej to wszystko na ciebie zrzuciłem."
a402a75e0522e087,L04 Ryan,Ryan_2_Outro,3,Kobold,W porządku!
94e0ea6f97e24a81,L04 Ryan,Ryan_2_Outro,4,Kobold,"Wiem, że bywa ciężko."
4f66abc45de7ff53,L04 Ryan,Ryan_2_Outro,5,Ryan/Alexander,Jest pan bardzo miły.
line:15f55959,L04 Ryan,Ryan_2_Outro,5,Ryan,Jesteś bardzo kochany.
ee65a6c9748b539c,L04 Ryan,Ryan_2_Outro,6,Ryan,"Chciałbym, żeby to było tak proste jak w filmach."
0e95dd9dae12e50e,L04 Ryan,Ryan_2_Outro,7,Kobold,"Wpadaj, kiedy chcesz, Ryan."
78c778b6ee0575d9,L04 Ryan,Ryan_2_Outro,8,Kobold,"Jeśli chcesz o tym jeszcze pogadać, mam chwilę."
f204fcc6b711621e,L04 Ryan,Ryan_2_Outro,9,Ryan,"Wpadnę, dzięki."
72eaafd8ad3f6b0d,L04 Ryan,Ryan_2_Outro,10,Ryan,Na pewno? To nie są... wesołe tematy.
fe454a1e25772898,L04 Ryan,Ryan_2_Outro,11,Kobold,Masz rację. Nie powinienem wypytywać.
513af1a2eeeef9b6,L04 Ryan,Ryan_2_Outro,12,Kobold,"W porządku, brzmisz, jakbyś tego potrzebował."
f3ff11acd1b54309,L04 Ryan,Ryan_2_Outro,13,Ryan,Nic nie szkodzi. Dziękuję.
0b61ba409dc46906,L04 Ryan,Ryan_2_Outro,14,Ryan,"Tak, masz rację."
5459b9d74fb7a529,L04 Ryan,Ryan_2_Outro,15,Ryan,No więc. Moja dziewczyna była w domu przede mną. Jest smoczycą pracującą zdalnie.
2cd54468954ee8c7,L04 Ryan,Ryan_2_Outro,16,Ryan,Wróciłem do domu trochę brudny. I nakrzyczała na mnie.
f7e4ec27dd7d6527,L04 Ryan,Ryan_2_Outro,17,Ryan,"Kazała mi iść do myjni i zachowywała się, jakby była strasznie urażona."
2880304176197c02,L04 Ryan,Ryan_2_Outro,18,Ryan,"Była... <i>naprawdę</i> wkurzona, że jestem ubłocony."
250b97243d1df1f7,L04 Ryan,Ryan_2_Outro,19,Kobold,To dlatego przyszedłeś za pierwszym razem?
bc78d04f7d5861dc,L04 Ryan,Ryan_2_Outro,20,Kobold,Brzmi jak przesadna reakcja z jej strony.
08a70054f59e703a,L04 Ryan,Ryan_2_Outro,21,Ryan,Tak...
6079131a1c79adef,L04 Ryan,Ryan_2_Outro,22,Ryan,"Ale szczerze, bardzo mi pomogłeś."
92536deee525f694,L04 Ryan,Ryan_2_Outro,23,Ryan,Dałeś mi czas na przemyślenie.
c3be2f1d3fa4404d,L04 Ryan,Ryan_2_Outro,25,Ryan,Też tak pomyślałem.
9ebcf8a46cc189b7,L04 Ryan,Ryan_2_Outro,26,Ryan,"Myślę, że ją gryzie coś innego..."
8c3115a4e2a9a664,L04 Ryan,Ryan_2_Outro,27,Ryan,"Po prostu nie podoba mi się, że wyładowuje to na mnie."
393d8e5925dc5937,L04 Ryan,Ryan_2_Outro,31,Ryan,No nieważne...
7258b4e037805024,L04 Ryan,Ryan_2_Outro,32,Ryan,"Dzięki, że wysłuchałeś."
951382e00968439d,L04 Ryan,Ryan_2_Outro,33,Kobold,"Zawsze, Ryan."
c41f39341b6c49ef,L04 Ryan,Ryan_2_Outro,34,Kobold,"Jasne. Przykro mi, że przez to wszystko przechodzisz."
553b3b011e56f6e2,L04 Ryan,Ryan_2_Outro,36,Ryan,W porządku. Coś wymyślę.
bd7468846a30d095,L04 Ryan,Ryan_2_Outro,37,Kobold,Pójdę otworzyć ci bramę.
a7f68522a6e41971,L04 Ryan,Ryan_2_Outro,38,Ryan,"Dobra, pa!"

# ===== Level 5: Conrad (Rainy) | sets level_5 | ends MedkitCompleted, level_5_complete =====
# --- intro: Conrad_Intro_2 ---
ed1060b120921b51,L05 Conrad,Conrad_Intro_2,1,Conrad,Masz apteczkę?
33b8a4a45ccc09d4,L05 Conrad,Conrad_Intro_2,2,Kobold,Co się stało!?
0a1daca6a7ffe060,L05 Conrad,Conrad_Intro_2,3,Kobold,"O nie, Conrad. Wszystko w porządku?"
20e5d8710e635ec0,L05 Conrad,Conrad_Intro_2,4,Conrad,Nie muszę ci mówić.
20e7bf03f9acda80,L05 Conrad,Conrad_Intro_2,5,Conrad,No więc masz apteczkę czy nie?
b5df9715ed2e91ed,L05 Conrad,Conrad_Intro_2,6,Conrad,"A wyglądam, jakby było w porządku?"
b91e8be1b03d1b61,L05 Conrad,Conrad_Intro_2,7,Conrad,Nie. Nie jest. Masz apteczkę czy nie?
f974998c16103aa0,L05 Conrad,Conrad_Intro_2,8,Kobold,"Tak, mam."
8ca82a3bb03f138c,L05 Conrad,Conrad_Intro_2,9,Kobold,Mam. Ale co się stało?
a94b34f629b2029a,L05 Conrad,Conrad_Intro_2,10,Conrad,Po prostu... otwórz bramę.
# --- progress: Conrad_required_2 ---
4356fa179bb80e09,L05 Conrad,Conrad_required_2,1,Conrad,Ale ze mnie idiota.
d886f3d923f9c796,L05 Conrad,Conrad_required_2,2,Conrad,Takiego gówna właśnie staram się unikać!
ea8c1853a7d5966c,L05 Conrad,Conrad_required_2,3,Kobold,"Chcesz powiedzieć, co się stało...?"
bded00d07cb1e457,L05 Conrad,Conrad_required_2,4,Kobold,"Przykro mi, że coś ci się stało..."
02f000041eb5ab82,L05 Conrad,Conrad_required_2,5,Conrad,"Kurwa, nie! Wstyd, do cholery."
58356b98fdf40dc3,L05 Conrad,Conrad_required_2,7,Conrad,Nie chcę twojej litości!
cb7847cb63566364,L05 Conrad,Conrad_required_2,9,Conrad,Po prostu...
b48f291ebc6b18fe,L05 Conrad,Conrad_required_2,10,Conrad,"Nienawidzę tego, że ciągle pakuję się w takie sytuacje."
519b07c299436f2a,L05 Conrad,Conrad_required_2,11,Conrad,"Zaczynam czuć, że to <i>moja</i> wina."
f5ad489eeba50b01,L05 Conrad,Conrad_required_2,12,Kobold,"<i>To</i> nie twoja wina, Conrad."
6402f4608ceb7bbb,L05 Conrad,Conrad_required_2,13,Kobold,"Naprawdę mi przykro, że oberwałeś. Kto to zrobił?"
8e59613d6cd60464,L05 Conrad,Conrad_required_2,14,Conrad,"Naprawdę myślę, że tym razem tak..."
7058e362e43623f0,L05 Conrad,Conrad_required_2,15,Conrad,Taki jeden drak w barze... Byłem głupi. Nie umiałem zamknąć mordy.
ea289ebcdd7e81ef,L05 Conrad,Conrad_required_2,16,Conrad,Jakiś drak w barze. Byłem głupi... Nie umiałem zamknąć mordy.
aff317c06781bc70,L05 Conrad,Conrad_required_2,17,Conrad,Nie rozumiem! Czemu muszę się tak zachowywać?
da5eed4c72eb1073,L05 Conrad,Conrad_required_2,18,Kobold,Jak się zachowywać?
193bb66a944990a8,L05 Conrad,Conrad_required_2,19,Kobold,"Myślę, że jesteś całkiem spoko, Conrad."
c69250ea092a7fcd,L05 Conrad,Conrad_required_2,20,Conrad,"No... jak dupek? Wiem, że ciężko ze mną wytrzymać."
c2f21da58e28df4f,L05 Conrad,Conrad_required_2,21,Conrad,"Jesteś dobry. To więcej, niż zasługuję."
9c529e9f79f39a21,L05 Conrad,Conrad_required_2,22,Conrad,Jestem dupkiem. Wiem o tym.
4b7317a793a0f728,L05 Conrad,Conrad_required_2,23,Conrad,"Przepraszam, że wcześniej na ciebie warknąłem."
c4c0c9950baa723f,L05 Conrad,Conrad_required_2,24,Conrad,Nie zasłużyłeś na to.
9fa8cd9193124e79,L05 Conrad,Conrad_required_2,25,Kobold,"Spokojnie. Widać, że dużo przechodzisz."
249133e0671a807b,L05 Conrad,Conrad_required_2,26,Kobold,W porządku.
c61717fe95ec2b9c,L05 Conrad,Conrad_required_2,27,Conrad,"To nie znaczy, że muszę na ciebie krzyczeć."
652daa6043287e1b,L05 Conrad,Conrad_required_2,28,Conrad,Koniec z wymówkami.
65b4e7b9caad6028,L05 Conrad,Conrad_required_2,29,Conrad,"Nie, nie jest. Koniec z wymówkami."
334ade0356dff453,L05 Conrad,Conrad_required_2,30,Conrad,Muszę być lepszy. <i>Chcę </i>być lepszy.
1d190e45e1ddc239,L05 Conrad,Conrad_required_2,31,Conrad,"Tylko, eee... Nikomu nie mów, że to wszystko gadam."
3969155d983b9b32,L05 Conrad,Conrad_required_2,32,Kobold,Twój sekret jest u mnie bezpieczny.
bd7f2cf961e397ca,L05 Conrad,Conrad_required_2,33,Kobold,Nie powiem.
0cd12abef67edc64,L05 Conrad,Conrad_required_2,34,Conrad,...Dzięki.
bbaef120c3a81475,L05 Conrad,Conrad_required_2,35,Conrad,"I dobrze, że masz apteczkę... Jesteś nieźle przygotowany."
# --- jerkoff: conrad_jerk_off_no ---
f81a53c29135dfa5,L05 Conrad,conrad_jerk_off_no,1,Conrad,"Hej, eee... Nie teraz."
# --- outro: Conrad_Outro_2 ---
7f9f3c8d0db46cbf,L05 Conrad,Conrad_Outro_2,1,Conrad,Już czuję się o wiele lepiej.
d4a62b147d5a622b,L05 Conrad,Conrad_Outro_2,2,Kobold,fizycznie czy emocjonalnie?
0d49a74e82a2356a,L05 Conrad,Conrad_Outro_2,4,Conrad,"I tak, i tak."
c38c5771c6cf6118,L05 Conrad,Conrad_Outro_2,5,Conrad/Ryan,Ja też.
7e30c436a9112ecd,L05 Conrad,Conrad_Outro_2,6,Conrad,Jesteś... spoko.
229bd072e07a3d53,L05 Conrad,Conrad_Outro_2,7,Conrad,Mówię serio. Naprawdę.
ba15304b6e669701,L05 Conrad,Conrad_Outro_2,8,Kobold,"Robię tylko to, co uważam za słuszne."
1fb463b57138c081,L05 Conrad,Conrad_Outro_2,9,Kobold,Ty też jesteś spoko. Praca nad sobą to ciężka sprawa.
56c81331bdf0858e,L05 Conrad,Conrad_Outro_2,10,Conrad,"Mam nadzieję, że się od ciebie tego nauczę."
3e2cb05f5d39c6e5,L05 Conrad,Conrad_Outro_2,11,Conrad,"Dzięki, ale będę lepszy. Obiecuję."
8a3ca437a0d6d164,L05 Conrad,Conrad_Outro_2,12,Conrad,Nie będę ci już siedział na łusce...
c90e3d1d20fadd0f,L05 Conrad,Conrad_Outro_2,13,Conrad,Na pewno wrócę.

# ===== Level 6: Alexander (Night) | sets level_6_started =====
# --- intro: Alexander_2_intro ---
44aa15e695b4e0d5,L06 Alexander,Alexander_2_intro,1,Alexander,"Dzięki gwiazdom, że otwarte."
840851d0f7570dd9,L06 Alexander,Alexander_2_intro,2,Kobold,Alexander...?
d786fe5166ed78b0,L06 Alexander,Alexander_2_intro,3,Kobold,"Eeem, właściwie to nie do końca."
b5707c134254e827,L06 Alexander,Alexander_2_intro,4,Alexander,Tak. Potrzebuję mycia. Sytuacja jest nader poważna!
5962824d5ad2d472,L06 Alexander,Alexander_2_intro,5,Alexander,"To zadanie, któremu tylko pan może podołać."
4006d568c80ab534,L06 Alexander,Alexander_2_intro,6,Alexander,"Zapłacę podwójnie. Potrójnie... To zadanie, któremu tylko pan może podołać!"
a17a2764777e0b60,L06 Alexander,Alexander_2_intro,7,Kobold,"Och. W takim razie tak, otwarte."
1e5b9c4d7c7853fa,L06 Alexander,Alexander_2_intro,8,Alexander,Doskonale!
e36d5a8ffbc61b8c,L06 Alexander,Alexander_2_intro,9,Kobold,co się stało?
c43599f1e3538c5c,L06 Alexander,Alexander_2_intro,10,Kobold,czemu jest pan tu tak późno?
c63c466c3e28f286,L06 Alexander,Alexander_2_intro,11,Alexander,"Mój kolega, profesor Igwyx, zapragnął użyć mnie jako podestu."
dfb6e95e4715f76e,L06 Alexander,Alexander_2_intro,12,Alexander,"Pozwoliłem mu, gdyż moja postura zapewnia dostateczną wysokość."
9da4c08f2c9d94f9,L06 Alexander,Alexander_2_intro,13,Alexander,Jednakże...
149351e2d565febf,L06 Alexander,Alexander_2_intro,14,Alexander,W jego metodzie tkwił błąd.
b54a89ba26aaeaa1,L06 Alexander,Alexander_2_intro,15,Kobold,ON UMARŁ!?
0ee302086c5ae61a,L06 Alexander,Alexander_2_intro,16,Kobold,Gdzie się podział...?
2cc9a59ae14e4845,L06 Alexander,Alexander_2_intro,17,Alexander,słucham?
3b20ece829b0bd68,L06 Alexander,Alexander_2_intro,18,Alexander,nie.
93f6d587969b0e78,L06 Alexander,Alexander_2_intro,19,Alexander,"Po jego samoistnym zapłonie zadbałem, by zapewnić mu prywatność."
1d37ba6f405ce0fd,L06 Alexander,Alexander_2_intro,20,Alexander,Jego cielesna postać odtwarza się obecnie w pokoju nauczycielskim.
27c227129d961114,L06 Alexander,Alexander_2_intro,21,Alexander,Każdy szanujący się czarodziej ma pod ręką pióro feniksa.
9e99fec970b38818,L06 Alexander,Alexander_2_intro,22,Kobold,Jasne. Pióro feniksa. Oczywiście.
0549826a698aad1c,L06 Alexander,Alexander_2_intro,23,Kobold,Dobrze. Otworzę zakład. Chwileczkę.
9e85e9ab574cfc16,L06 Alexander,Alexander_2_intro,24,Alexander,Zapominam o niewiedzy laików. Przepraszam.
359439ec513e7e35,L06 Alexander,Alexander_2_intro,25,Kobold,"Mhm, idę otworzyć bramę"
28fa9c1bb5161161,L06 Alexander,Alexander_2_intro,26,Alexander,Proszę się pospieszyć! Moja reputacja wisi na włosku.
# --- progress: Alexander_2_required ---
cc99c01887a9b5f1,L06 Alexander,Alexander_2_required,1,Alexander,Cała ta przygoda głęboko mnie zawstydza.
e33e953efb157171,L06 Alexander,Alexander_2_required,2,Kobold,"Nic wielkiego. Wygląda na to, że wszystkim nic nie jest."
c054502c35602985,L06 Alexander,Alexander_2_required,3,Kobold,Nie ma powodu.
98cbb728e5fb19f2,L06 Alexander,Alexander_2_required,4,Alexander,O to nigdy się nie martwiłem. Jestem smokiem raczej unikającym ryzyka.
c1d152bd1a4b22f1,L06 Alexander,Alexander_2_required,5,Alexander,To nader uprzejme z pana strony.
0da1bbeb76d9ef60,L06 Alexander,Alexander_2_required,6,Alexander,Jednakże mój <i>wizerunek</i> jest o wiele trwalszy niż ulotne cielesne postacie Igwyxa.
54021b5f26568c41,L06 Alexander,Alexander_2_required,7,Alexander,To właśnie jest źródłem mojej troski...
3a363409d3ae72f1,L06 Alexander,Alexander_2_required,8,Alexander,I dlatego nadaje się pan do tego zadania idealnie!
# --- outro: Alexander_2_Outro ---
abc1043955962614,L06 Alexander,Alexander_2_Outro,1,Alexander,"Znów nieskazitelnie czysty. Dziękuję, że przyjął mnie pan o tej porze."
2de23f0bdf3de327,L06 Alexander,Alexander_2_Outro,2,Kobold,Pieniądze... mmm...
082cb158de32f2d9,L06 Alexander,Alexander_2_Outro,3,Kobold,Nie ma sprawy.
374214d86f810d53,L06 Alexander,Alexander_2_Outro,4,Alexander,"Hah, to rzeczywiście motywuje."
7ff22bb553842005,L06 Alexander,Alexander_2_Outro,5,Alexander,Przynajmniej już nie!
01b524bd7165a166,L06 Alexander,Alexander_2_Outro,6,Alexander,"Nigdy nie sądziłem, że zwierzę się komuś z tak żenujących spraw."
704866fd76bd9fb8,L06 Alexander,Alexander_2_Outro,7,Kobold,Zawsze chętnie pomagam. <i><size=70%> zwłaszcza dużemu smokowi.
dd573253630e8021,L06 Alexander,Alexander_2_Outro,8,Kobold,"Cieszę się, że mi pan ufa."
d6b066332b6d8b9a,L06 Alexander,Alexander_2_Outro,9,Alexander,"Cieszę się, że i pan czerpie z tego przyjemność."
762c20b866b7b263,L06 Alexander,Alexander_2_Outro,10,Alexander,Ja również.
5fc37d4eda289c06,L06 Alexander,Alexander_2_Outro,11,Alexander,"Nie wiem, czemu rozmowa z panem przychodzi tak łatwo."
5a2661b79c536b73,L06 Alexander,Alexander_2_Outro,12,Alexander,Spojrzenia wszystkich niosą ze sobą ogromny ciężar.
0ddbb1a880fb5b54,L06 Alexander,Alexander_2_Outro,13,Alexander,Pańskie nie. To miłe.
df9e3e9397757b17,L06 Alexander,Alexander_2_Outro,14,Kobold,Oczekiwania są beeeeznadziejne.
5b4ce4081cac21b5,L06 Alexander,Alexander_2_Outro,15,Kobold,Po prostu robię swoje!
1acd1b8d362287ec,L06 Alexander,Alexander_2_Outro,16,Alexander,W istocie są...
cbbaf40d803468a2,L06 Alexander,Alexander_2_Outro,17,Alexander,I robi pan to dobrze.

# ===== Level 7: Ryan (Sunny) =====
# --- intro: Ryan_3_intro ---
49e50c5be7d1583e,L07 Ryan,Ryan_3_intro,2,Kobold,Ryan!
346181d6c9954315,L07 Ryan,Ryan_3_intro,3,Kobold,Witaj z powrotem!
c1cff3dbff6bfce2,L07 Ryan,Ryan_3_intro,4,Ryan,To ja.
03810482331af8e2,L07 Ryan,Ryan_3_intro,5,Ryan,Miło tu być.
e1a42aae663ccf1f,L07 Ryan,Ryan_3_intro,6,Ryan,Wpadłem na kolejne mycie.
fc7ed7b68999fdae,L07 Ryan,Ryan_3_intro,7,Ryan,Ja...
be0667bb01a8cd65,L07 Ryan,Ryan_3_intro,8,Ryan,Nieważne. Otworzysz bramę?
20ed966db540aaaf,L07 Ryan,Ryan_3_intro,9,Kobold,"Jasne, już otwieram."
6c0973b0166d3528,L07 Ryan,Ryan_3_intro,10,Kobold,Ryan? na pewno wszystko w porządku...?
8dff101cb2298f67,L07 Ryan,Ryan_3_intro,12,Ryan,"Nie, niezbyt."
1990b3ec8cd88a48,L07 Ryan,Ryan_3_intro,13,Ryan,Powiem ci za chwilę. Mógłbyś na razie po prostu otworzyć bramę?
85fec70372b092bb,L07 Ryan,Ryan_3_intro,14,Kobold/Conrad,Ta.
33e04b2f805d0e1a,L07 Ryan,Ryan_3_intro,15,Kobold,"Dobrze. Ale mam nadzieję, że jakoś się trzymasz."
f51bead488e14b65,L07 Ryan,Ryan_3_intro,16,Ryan/Conrad/Alexander,Dziękuję.
aac215f048e8ee54,L07 Ryan,Ryan_3_intro,17,Ryan,Dam radę.
# --- progress: Ryan_3_required ---
eb256f4dcddfee94,L07 Ryan,Ryan_3_required,1,Ryan,Co do tego wcześniej.
1a17d73907f63be1,L07 Ryan,Ryan_3_required,2,Ryan,Kilka dni temu...
87a781aa9b0c0136,L07 Ryan,Ryan_3_required,3,Ryan,Zerwałem z moją partnerką...
f68b8d76138a2a69,L07 Ryan,Ryan_3_required,4,Kobold,Och... tak mi przykro.
d6077ef6cdb59db1,L07 Ryan,Ryan_3_required,5,Kobold,"Och, Ryan."
d296154ff317814a,L07 Ryan,Ryan_3_required,6,Ryan,W porządku. Musiałem. Nie dawała mi szczęścia.
8a2e2803c1bc2ea7,L07 Ryan,Ryan_3_required,7,Ryan,Ja jej też nie.
d9e1edc2e966ec26,L07 Ryan,Ryan_3_required,8,Ryan,"Ale żadne usprawiedliwienia nie sprawiają, że jest z tym dobrze."
769c31039308d04d,L07 Ryan,Ryan_3_required,9,Kobold,"Cieszę się, że udało ci się podjąć decyzję, która była dla ciebie najlepsza."
460c50191c964260,L07 Ryan,Ryan_3_required,10,Kobold,Kończenie czegoś nigdy nie jest łatwe.
8825be71018f7f88,L07 Ryan,Ryan_3_required,11,Ryan,Tak. Przynajmniej dzięki temu cię poznałem.
3e43d550d0572c10,L07 Ryan,Ryan_3_required,12,Ryan,Tak... Naprawdę nie jest.
8948d011be56c311,L07 Ryan,Ryan_3_required,13,Ryan,Ale przynajmniej cię poznałem!
e484863d425a58e8,L07 Ryan,Ryan_3_required,14,Kobold,"Dziękuję, Ryan. Ja też się cieszę, że cię poznałem"
1af4464c602a423a,L07 Ryan,Ryan_3_required,15,Kobold/Conrad,"Oo, dzięki."
e39173e934f56c78,L07 Ryan,Ryan_3_required,16,Ryan,Te mycia naprawdę ułatwiają sprawę.
94f45fc9f39121cd,L07 Ryan,Ryan_3_required,17,Ryan,No i są naprawdę przyjemne.
# --- outro: Ryan_3_Outro ---
01e6332ab274c6d3,L07 Ryan,Ryan_3_Outro,1,Ryan,"Jestem prawie pewien, że to wszystko."
26fef1581467462d,L07 Ryan,Ryan_3_Outro,2,Ryan,Dziękuję. Dzięki tobie o wiele łatwiej przez to przejść.
021d801f68652852,L07 Ryan,Ryan_3_Outro,3,Kobold,"Zawsze jesteś tu mile widziany, Ryan."
dc18b85912d460dd,L07 Ryan,Ryan_3_Outro,4,Kobold,Jesteś jednym z moich ulubionych klientów!
7ee443bc5e93fadb,L07 Ryan,Ryan_3_Outro,5,Ryan,"Zawsze sprawiasz, że czuję się mile widziany."
c851929ab3cd9537,L07 Ryan,Ryan_3_Outro,6,Ryan,"Och... dzięki. Czy to dziwne, że uważam cię za..."
e0464d0955af808a,L07 Ryan,Ryan_3_Outro,7,Ryan,naprawdę dobrego przyjaciela?
674d9f74349966ca,L07 Ryan,Ryan_3_Outro,8,Kobold,"<size=70%><i>ooo...</i> nie, to właściwie bardzo fajne."
e2c8744d410cb6f6,L07 Ryan,Ryan_3_Outro,9,Kobold,Ja też uważam cię za dobrego przyjaciela
29fee2ec355f7967,L07 Ryan,Ryan_3_Outro,10,Ryan,O... cieszę się!
51200db7892ee7e1,L07 Ryan,Ryan_3_Outro,11,Ryan,Oj... dzięki.
91c56a4e9213a4b0,L07 Ryan,Ryan_3_Outro,12,Ryan,Dobra. Chyba powinienem zejść ci z łuski.
523791f6550c3508,L07 Ryan,Ryan_3_Outro,13,Ryan,"Wrócę tu jeszcze, tak?"
667cadad21e120f0,L07 Ryan,Ryan_3_Outro,14,Kobold,Dobrze! Pójdę otworzyć ci bramę.
18f0197237db4a52,L07 Ryan,Ryan_3_Outro,15,Kobold,Nie mogę się doczekać!
952d54adb781ab58,L07 Ryan,Ryan_3_Outro,16,Ryan,Dzięki. Do zobaczenia wkrótce.

# ===== Level 8: Conrad (Sunny) | sets DeliveredMountFrame =====
# --- intro: Conrad_Intro_3 ---
c2ce80cda53b3e12,L08 Conrad,Conrad_Intro_3,1,Conrad,"Siema, wielki psie."
ef92f8b9796dcaad,L08 Conrad,Conrad_Intro_3,2,Kobold,Jestem... koboldem.
3faf8798d815fbcc,L08 Conrad,Conrad_Intro_3,3,Kobold,"Cześć, Conrad."
fe810d1ef6bbca3f,L08 Conrad,Conrad_Intro_3,4,Conrad,Eee... No tak.
fe59e121f203b436,L08 Conrad,Conrad_Intro_3,5,Conrad,Heh. Ta. To ja.
a911f2d8e77038c7,L08 Conrad,Conrad_Intro_3,6,Conrad,"Widzę, że dostawa przyszła, co?"
403e617f71fdbd7d,L08 Conrad,Conrad_Intro_3,7,Conrad,Co było w tych otwartych skrzyniach?
2fa26a557574f06d,L08 Conrad,Conrad_Intro_3,8,Kobold,Mam kozioł.
ba689238087b547e,L08 Conrad,Conrad_Intro_3,9,Kobold,"To kozioł, o który prosiłeś."
a1d3f8d9c7e16f54,L08 Conrad,Conrad_Intro_3,10,Conrad,<size=160%>NO I ZAJEBIŚCIE!
24f5fb4981989960,L08 Conrad,Conrad_Intro_3,11,Conrad,<size=100%>Znaczy... Fajnie.
086c8ec178979d9b,L08 Conrad,Conrad_Intro_3,12,Conrad,"No, wpuść mnie! Chcę to wypróbować!"
8b742c36f3da7059,L08 Conrad,Conrad_Intro_3,13,Kobold,Dobrze...
3a1b28ba58f06ac8,L08 Conrad,Conrad_Intro_3,14,Kobold,Pójdę otworzyć bramę.
c2ac4efff25192d6,L08 Conrad,Conrad_Intro_3,15,Conrad,Nie... mów tego takim tonem.
faa0b4a641d866a4,L08 Conrad,Conrad_Intro_3,17,Conrad,No to jedziemy~!
f030a371b944e9be,L08 Conrad,Conrad_Intro_3,18,Conrad/Ryan,No pewnie!
# --- phone: Conrad_3_PhoneTutorial ---
eb8e96751da9e008,L08 Conrad,Conrad_3_PhoneTutorial,1,Phone,Otrzymaliśmy państwa zamówienie na kozioł!
4369749a5a3394e9,L08 Conrad,Conrad_3_PhoneTutorial,2,Kobold,Co...?
339397c0d1c1f21f,L08 Conrad,Conrad_3_PhoneTutorial,3,Phone,"Dotarł dziś rano, powinien leżeć przy bramie."
f1968abec4612ffb,L08 Conrad,Conrad_3_PhoneTutorial,4,Phone,Proszę otworzyć skrzynię łomem i umieścić go w magazynie.
435c7e974ca94c84,L08 Conrad,Conrad_3_PhoneTutorial,6,Phone,Wspaniale. Życzymy <i>produktywnego</i> dnia.
# --- idle: Conrad_idle_3_1 ---
37950c8a8db90865,L08 Conrad,Conrad_idle_3_1,1,Conrad,"Jak ustawisz mi kozioł, to się za niego wezmę."
8f224115163c0dbe,L08 Conrad,Conrad_idle_3_1,2,Conrad,"Ej, weź mojego kutasa w łapy... to przyjemne!"
785bfdcdb6a67739,L08 Conrad,Conrad_idle_3_1,3,Conrad,"No więc, eee, otworzysz bramę?"
# --- idle: Conrad_idle_3_2 ---
c1dc3477631255b7,L08 Conrad,Conrad_idle_3_2,1,Conrad,"Podoba mi się kozioł, który wybrałeś. Przyniesiesz go?"
4557c47a615d9810,L08 Conrad,Conrad_idle_3_2,2,Conrad,Nooo. To zwalisz mi?
7e079188b55eb03d,L08 Conrad,Conrad_idle_3_2,3,Conrad,Dzięki za to. Było cholernie dobrze.
# --- jerkoff: Conrad_started_jerkoff_3 ---
ccd88381d07a0b21,L08 Conrad,Conrad_started_jerkoff_3,1,Conrad,"O tak, o to chodzi... nie przestawaj."
# --- cum: Conrad_finished_jerkoff_3 ---
10069c101bcc95c1,L08 Conrad,Conrad_finished_jerkoff_3,1,Conrad,...!
82d37703a9140210,L08 Conrad,Conrad_finished_jerkoff_3,2,Conrad,"Cholera, umiesz posługiwać się łapami."
95be71f702fae4a6,L08 Conrad,Conrad_finished_jerkoff_3,5,Kobold,Hah... <size=70%> no.
b60c2f975eedb833,L08 Conrad,Conrad_finished_jerkoff_3,6,Kobold,"Oczywiście, że umiem. Jestem <i>profesjonalistą</i>."
f9e0d3cba1f3548e,L08 Conrad,Conrad_finished_jerkoff_3,7,Conrad,"Zawsze dobrze, jak kobold wie, co lubi."
0eb2a1e25a35e85e,L08 Conrad,Conrad_finished_jerkoff_3,8,Conrad,Ja też.
83d081eadc40b86b,L08 Conrad,Conrad_finished_jerkoff_3,10,Conrad,W dostawaniu ręcznych robótek.
# --- cum: Conrad_Outro_3 | if $conrad_jerked_off_3 $conrad_used_mount_3 ---
6f64e0cc9b162541,L08 Conrad,Conrad_Outro_3,1,Conrad,"Ej, słuchaj. Tak sobie myślałem"
dd5acacdb6c59489,L08 Conrad,Conrad_Outro_3,2,Conrad,Może dziwnie teraz o to pytać. Aaaale.
7f39f874a107d858,L08 Conrad,Conrad_Outro_3,3,Conrad,"Znasz jakieś fajne miejsca albo ludzi, z którymi mógłbym się pokręcić?"
df48dbfe82678dea,L08 Conrad,Conrad_Outro_3,4,Kobold,"<gradient=""gold""><b> Znam pewnego smoka, Ryana. Mógłbym was skontaktować? </b></gradient><size=70%>(Odblokowuje zbliżenie Conrad/Ryan LUB romans z Ryanem)"
7b870878852ee72d,L08 Conrad,Conrad_Outro_3,5,Kobold,"<gradient=""gold""><b> Ja chętnie bym się z tobą pokręcił... </b></gradient><size=70%> (Odblokowuje romans z Conradem)"
ac6820f366b18b44,L08 Conrad,Conrad_Outro_3,6,Conrad,Inny smok? Zwykle się z nimi nie dogaduję...
de6f58682bdaacf9,L08 Conrad,Conrad_Outro_3,7,Kobold,"O, nie. Ryan to kochana dusza."
d4185d9f80a34228,L08 Conrad,Conrad_Outro_3,8,Kobold,"Spokojnie, on jest naprawdę miły."
9df619228ba627fc,L08 Conrad,Conrad_Outro_3,9,Conrad,Dobra. To chyba chciałbym spróbować.
d88679eede302f8e,L08 Conrad,Conrad_Outro_3,10,Kobold,"Na pewno go zapytam, jak go następnym razem zobaczę."
7984d45df6290f6c,L08 Conrad,Conrad_Outro_3,11,Kobold,"Myślę, że nowy ty by mu się spodobał!"
bf35fcb679c816dd,L08 Conrad,Conrad_Outro_3,12,Conrad,Dzięki. Naprawdę byłbym wdzięczny
d32db8ee98680d0f,L08 Conrad,Conrad_Outro_3,13,Conrad,Mam nadzieję. Naprawdę chcę zacząć z kimś od nowa.
8623a4b26a9521d8,L08 Conrad,Conrad_Outro_3,14,Conrad,Ale chyba muszę już lecieć.
30dcd5391100eeba,L08 Conrad,Conrad_Outro_3,15,Conrad,Dzięki za podpowiedź!
f1ad7345d30997b4,L08 Conrad,Conrad_Outro_3,16,Kobold,Nie ma za co. Otworzę bramę.
404cba15a4acdcfe,L08 Conrad,Conrad_Outro_3,17,Kobold,Jasne.
8bf9f7d2ecce0105,L08 Conrad,Conrad_Outro_3,18,Conrad,Oooo.
8929fe2569ae7455,L08 Conrad,Conrad_Outro_3,19,Conrad,To by mi się podobało!
2358a2257260501f,L08 Conrad,Conrad_Outro_3,20,Conrad,Jesteś całkiem seksowny.
c650e0aadadba99c,L08 Conrad,Conrad_Outro_3,21,Conrad,...i miły.
296f2ab03f8676ef,L08 Conrad,Conrad_Outro_3,23,Kobold,Ty też jesteś dla mnie wyjątkowy.
17cf3cc7179b6817,L08 Conrad,Conrad_Outro_3,24,Conrad,"To... pierwszy raz, jak yipnąłeś do mnie."
c2599750a4dd9247,L08 Conrad,Conrad_Outro_3,25,Kobold,"Po koboldziemu to znaczy, że dobrze ci idzie."
6f2ff920e860570d,L08 Conrad,Conrad_Outro_3,26,Conrad,O... hah. Podoba mi się.
8b7bdfb88553e72f,L08 Conrad,Conrad_Outro_3,27,Conrad,Miło mi to słyszeć.
e8ae0da9edb0a314,L08 Conrad,Conrad_Outro_3,28,Conrad,No więc. Co powiesz na randkę?
781cbcfcd7920f3f,L08 Conrad,Conrad_Outro_3,29,Kobold,Szybko poszło... Ale chyba tak!
5f9a2b795615ba6a,L08 Conrad,Conrad_Outro_3,30,Kobold,Tak.
508f3cf175389841,L08 Conrad,Conrad_Outro_3,31,Conrad,Chyba chciałbym spróbować!
c282dd1133ff96d4,L08 Conrad,Conrad_Outro_3,32,Conrad,Dobra! To wrócę później.
bfc65061708379d6,L08 Conrad,Conrad_Outro_3,33,Kobold,"<size=70%><i> o kurczę, właśnie umówiłem się na randkę ze smokiem."
cf78ef26075ae223,L08 Conrad,Conrad_Outro_3,34,Kobold,Tak! Otworzę bramę.
6b8aa4fb55221728,L08 Conrad,Conrad_Outro_3,35,Conrad,Hmm?
c395eb5878798c08,L08 Conrad,Conrad_Outro_3,36,Kobold,O! nic. Otworzę bramę.
102e28eb7d17c7dd,L08 Conrad,Conrad_Outro_3,37,Conrad,"A, dobra. Dzięki."
ca518354e1f14735,L08 Conrad,Conrad_Outro_3,38,Conrad,"Dobra, dzięki."
# --- cum: Conrad_finished_jerkoff_3 ---
5dffcc40132f0ec4,L08 Conrad,Conrad_finished_jerkoff_3,11,Conrad,A teraz łypię na ten kozioł...
45c2b89acdcfd55d,L08 Conrad,Conrad_finished_jerkoff_3,12,Conrad,Daj mi spróbować!
57725c300be82fa5,L08 Conrad,Conrad_finished_jerkoff_3,13,Kobold,"A, dobrze. Pójdę po niego."
1976e7477a26b680,L08 Conrad,Conrad_finished_jerkoff_3,14,Kobold/Ryan,Jasne!
9e50b8e48f012f1f,L08 Conrad,Conrad_finished_jerkoff_3,15,Conrad,No i git
# --- mount_start: Conrad_placed_mount_3 ---
b9778eb1fe076168,L08 Conrad,Conrad_placed_mount_3,1,Conrad,Ha! Jest kozioł!
86b1b615d536c6c9,L08 Conrad,Conrad_placed_mount_3,2,Conrad,"No<size=90%>o<size=80%>o<size=70%>o<size=60%>o... <size=100%>Nie jestem brudny. Ale jestem <i>~niegrzeczny~</i>, kumasz?"
449244744c8bbd8a,L08 Conrad,Conrad_placed_mount_3,3,Kobold,"Czyli przyszedłeś tylko, żeby..."
f8c28806b84cad3d,L08 Conrad,Conrad_placed_mount_3,4,Kobold,Tak. Nie był bardzo drogi.
cd4ecc87775c0780,L08 Conrad,Conrad_placed_mount_3,5,Conrad,"Coś wyruchać, a potem, mam nadzieję, dostać ręczną robótkę."
01e3f480dfe7930d,L08 Conrad,Conrad_placed_mount_3,6,Conrad,Dostać ręczną robótkę i wyruchać ten kozioł.
7f9240260973e0ce,L08 Conrad,Conrad_placed_mount_3,7,Kobold,Jesteś... bardzo bezpośredni.
e0b48878cb57c01f,L08 Conrad,Conrad_placed_mount_3,8,Conrad,"Jasne, że jestem! Wiem, że jestem bardzo..."
1bd882b6a6343777,L08 Conrad,Conrad_placed_mount_3,9,Conrad,Spoko.
557321787688acff,L08 Conrad,Conrad_placed_mount_3,11,Conrad,No nic. Biorę się za to cudo!
78e9c032e409d82d,L08 Conrad,Conrad_placed_mount_3,12,Conrad,"Ha, dobra. Rozjeździjmy to!"
# --- mount_finish: Conrad_finished_mount_3 ---
81b18a3cc2f69ea7,L08 Conrad,Conrad_finished_mount_3,1,Conrad,Ja pierdolę.
748b06c5c3f0552b,L08 Conrad,Conrad_finished_mount_3,2,Conrad,To.
e92da2c203110197,L08 Conrad,Conrad_finished_mount_3,3,Conrad,To było <i>dobre</i>.
bcd00a8f7b94c7f1,L08 Conrad,Conrad_finished_mount_3,4,Kobold,Naprawdę dałeś czadu.
67d7d2492d388d84,L08 Conrad,Conrad_finished_mount_3,5,Kobold,"Wyglądało, że dobrze się bawisz."
65e7a40050eb4acf,L08 Conrad,Conrad_finished_mount_3,6,Conrad,Jak zawsze~
5c9126f1405a306c,L08 Conrad,Conrad_finished_mount_3,7,Conrad,"No jasne, że tak!"
d45c21a765584d3b,L08 Conrad,Conrad_finished_mount_3,8,Kobold,To dobrze... I co teraz?
ae7bb31b012d1f51,L08 Conrad,Conrad_finished_mount_3,9,Conrad,Teraz druga runda!
18b0b44df315e792,L08 Conrad,Conrad_finished_mount_3,10,Kobold,Znowu...?
f395d053e5dcf326,L08 Conrad,Conrad_finished_mount_3,11,Conrad,"Nie, nie, jesteś dyplomowanym myjącym, nie?"
5117686f8d936e47,L08 Conrad,Conrad_finished_mount_3,12,Conrad,"Czyli wiesz, jak się zabrać do rzeczy ręcznie!"
a441237f7aea8d53,L08 Conrad,Conrad_finished_mount_3,13,Kobold,ooo. <size=70%>dobrze.
d2e773775c5bf598,L08 Conrad,Conrad_finished_mount_3,14,Kobold,Jasne. Już się biorę.
d126a37255fb8144,L08 Conrad,Conrad_finished_mount_3,15,Conrad,"Hah. No. <size=70%><i>Fajnie, że w szkole mycia uczą trzepać smokom..."
fba1924f5f79713e,L08 Conrad,Conrad_finished_mount_3,16,Conrad,"No, powodzenia w objęciu mnie całego łapami."
# --- mount_finish: Conrad_OutroDirty ---
9b363afaa9dc8a5f,L08 Conrad,Conrad_OutroDirty,1,Conrad,Nadal jestem cały brudny!
44aa54eec876d22e,L08 Conrad,Conrad_OutroDirty,2,Kobold,"O, moja wina"
85d8ae405abc5722,L08 Conrad,Conrad_OutroDirty,3,Kobold,Ups
# --- mount_finish: Conrad_OutroSoapy ---
d7bb84bfc322967e,L08 Conrad,Conrad_OutroSoapy,1,Conrad,Nadal jestem cały w pianie!
# --- mount_finish: ErrorHasOccurred ---
9241fa9324783298,L08 Conrad,ErrorHasOccurred,1,ErrorHasOccurred,"O kruwa, coś poszło nie tak"
fbc99d34c317d087,L08 Conrad,ErrorHasOccurred,2,ErrorHasOccurred,"jeśli to widzisz, złap naela albo zgłoś błąd"
be7e08152c8d1556,L08 Conrad,ErrorHasOccurred,3,ErrorHasOccurred,przepraszamy!
# --- mount_finish: Conrad_Outro | if $conrad_jerked_off_3 $conrad_used_mount_3 ---
c571db95fc1e4f78,L08 Conrad,Conrad_Outro,4,Conrad,"Ahh, cały czysty i z lżejszym ładunkiem."
e374c1b3adfa0cf8,L08 Conrad,Conrad_Outro,5,Conrad,"Dzięki, stary, to do jutra."

# ===== Level 9: Alexander (Sunny) =====
# --- intro: Alexander_3_intro ---
36cd0d2b83086eeb,L09 Alexander,Alexander_3_intro,1,Alexander/Conrad,Witam.
bc15783521246457,L09 Alexander,Alexander_3_intro,2,Kobold/Alexander,Alexander!
3cbf350078abb1bf,L09 Alexander,Alexander_3_intro,3,Kobold,"Hej, witaj z powrotem!"
516ad83185e96dfb,L09 Alexander,Alexander_3_intro,4,Alexander,"Haha, tak. Miło pana widzieć."
f1d9c9797985d9a2,L09 Alexander,Alexander_3_intro,5,Alexander,Miło być z powrotem.
9f59b5e841a0d2ad,L09 Alexander,Alexander_3_intro,6,Alexander,"Zdaje się, że cały ubrudziłem się atramentem!"
fda3c419d5174cb2,L09 Alexander,Alexander_3_intro,7,Alexander,"Doprawdy okropne, nieprawdaż?"
b5d76009b084e709,L09 Alexander,Alexander_3_intro,8,Kobold,"Cóż, od tego tu jestem!"
4f921c2b968fe884,L09 Alexander,Alexander_3_intro,9,Kobold,"O rany, naprawdę cały pan w nim jest!"
256ae0739ddd2dbc,L09 Alexander,Alexander_3_intro,10,Alexander,"W istocie! Jest pan teraz jedynym koboldem, któremu pozwalam się myć."
f114f26d23d53dc1,L09 Alexander,Alexander_3_intro,11,Kobold,"Och, dziękuję, Alexandrze."
1f01b93ae3777189,L09 Alexander,Alexander_3_intro,12,Kobold,A co z pana prywatnymi myjącymi?
92b7fef7172975fa,L09 Alexander,Alexander_3_intro,13,Alexander,Oczywiście! Prowadzi pan znakomity przybytek.
df2a4df0381808af,L09 Alexander,Alexander_3_intro,14,Alexander,Proszę się nie martwić. Związek zawodowy myjących jest... potężniejszy ode mnie.
1bdc19a56262fbc5,L09 Alexander,Alexander_3_intro,15,Alexander,<size=70%>Wciąż są na mojej liście płac.
b0134babb7e75550,L09 Alexander,Alexander_3_intro,16,Alexander,"Całkiem dobra wymówka, by zobaczyć mojego ulubionego kobolda."
7d926d6395419270,L09 Alexander,Alexander_3_intro,17,Kobold,Och... dziękuję!
6ad0fe6dcc2efa30,L09 Alexander,Alexander_3_intro,19,Alexander,"Oczywiście, prowadzi pan znakomity przybytek."
f38b3b8fcf6bf031,L09 Alexander,Alexander_3_intro,20,Alexander,Co? Szczery komplement nikomu nie szkodzi!
350955b9410d95a5,L09 Alexander,Alexander_3_intro,21,Kobold,"Nigdy bym nie pomyślał, że jest pan z tych, co się tak brudzą!"
3cf6fd8e7e50386c,L09 Alexander,Alexander_3_intro,22,Kobold,"Jak to się stało, że jest pan cały w atramencie?"
5d2cee363540fc7a,L09 Alexander,Alexander_3_intro,23,Alexander,Ja... hm.
26b3089f5ee4a463,L09 Alexander,Alexander_3_intro,24,Alexander,"<i>Sądzę, </i> że musiałem rozlać kałamarz <i>po drodze tutaj</i>. Cóż za niezdarność!"
7f1cf0605a577a0a,L09 Alexander,Alexander_3_intro,25,Kobold,"„Sądzę”, „po drodze tutaj”? Czyli wcześniej nie był pan w atramencie..."
b356a126e4318643,L09 Alexander,Alexander_3_intro,26,Alexander/Kobold/Ryan,Och.
cd5592e5e3140daa,L09 Alexander,Alexander_3_intro,27,Alexander,Racja.
2a0200c46ee1b662,L09 Alexander,Alexander_3_intro,29,Alexander,"Prawdę mówiąc, ubrudziłem się, żeby tu przyjść."
b4d680dde83d7847,L09 Alexander,Alexander_3_intro,30,Kobold,"Ojej. Nie musi pan być cały w atramencie, żeby się przywitać!"
42d72aa4b0b39750,L09 Alexander,Alexander_3_intro,31,Kobold,O! W takim razie lepiej pana wpuszczę. Pójdę otworzyć bramę.
9eb8cd756595cf24,L09 Alexander,Alexander_3_intro,32,Alexander,Doprawdy?
5f9846717183dcc1,L09 Alexander,Alexander_3_intro,33,Alexander,"Zapamiętam to. Przywykłem, że wszystko jest transakcją."
2ea5b920a0a9a519,L09 Alexander,Alexander_3_intro,34,Kobold,Zawsze miło mi pana widzieć. Pójdę otworzyć panu bramę.
# --- progress: Alexander_3_required ---
a59f7f35644dcdbb,L09 Alexander,Alexander_3_required,1,Alexander,"Profesor Igwyx... mój kolega, który niedawno dokonał samospalenia."
10b4110dad07d576,L09 Alexander,Alexander_3_required,2,Alexander,Już wrócił do pracy. Dziękuję za pomoc w tej całej sprawie.
b8baebdff88a847f,L09 Alexander,Alexander_3_required,3,Kobold,"Tak, na początku to było przerażające."
a2aff5b173ae96bb,L09 Alexander,Alexander_3_required,4,Kobold,"O, to dobrze. Cieszę się, że nic mu nie jest."
4b29556a255aea95,L09 Alexander,Alexander_3_required,5,Alexander,"Na szczęście śmierć wskutek samozapłonu to zjawisko, które we współczesnym świecie gruntownie ograniczyliśmy."
ababfd6e7703460e,L09 Alexander,Alexander_3_required,6,Alexander,"W istocie. Cieszę się, że mógł pan pomóc."
69f278cd5a2eb111,L09 Alexander,Alexander_3_required,7,Alexander,...Dziwnie jest móc z kimś rozmawiać tak swobodnie.
6221337862dcba2c,L09 Alexander,Alexander_3_required,8,Alexander,"Czuję, jakbym mógł powiedzieć panu wszystko."
cecec36c55a564ee,L09 Alexander,Alexander_3_required,9,Kobold,Wszystko?
7dbde0758389bd7b,L09 Alexander,Alexander_3_required,11,Alexander,Tak. Taka szczerość dodaje sił.
9bc918ab274337a8,L09 Alexander,Alexander_3_required,12,Alexander,"W jakiś sposób to brzmi uczciwiej niż cokolwiek, co mówią inni."
35af415ffcb7f757,L09 Alexander,Alexander_3_required,13,Alexander,Proszę powiedzieć...
c66fb72552f1fa4c,L09 Alexander,Alexander_3_required,14,Alexander,Mam pytanie.
bbff7b98d6da7061,L09 Alexander,Alexander_3_required,15,Kobold,Jakie?
834032dfb827138e,L09 Alexander,Alexander_3_required,16,Kobold,O co chodzi?
71291e2e0c7ce300,L09 Alexander,Alexander_3_required,17,Alexander,Czy mógłby pan zadać pytanie <i>mnie</i>?
c8ac7dce03b1b9b7,L09 Alexander,Alexander_3_required,18,Kobold,Jak to?
10f232e68c0c0443,L09 Alexander,Alexander_3_required,19,Kobold,Jakie pytanie?
5956cbc43e2c8c2b,L09 Alexander,Alexander_3_required,20,Alexander,"Chciałbym po prostu, by zadał mi pan pytanie. Jakiekolwiek."
7bf3b1fff483809e,L09 Alexander,Alexander_3_required,21,Alexander,Cokolwiek. Jestem po prostu ciekaw.
# --- progress: Alexander_questions ---
9da08a79c3f86ee0,L09 Alexander,Alexander_questions,1,Kobold,Jak to jest uczyć?
337d9f85511815eb,L09 Alexander,Alexander_questions,2,Kobold/Alexander,Lubi pan fioletowy?
70523c9a506d9676,L09 Alexander,Alexander_questions,3,Kobold,Lubi pan być duży?
3fbd83d375d6fa05,L09 Alexander,Alexander_questions,4,Kobold,Jak smakuje liczba 7?
767b6d6bdc5b806a,L09 Alexander,Alexander_questions,5,Kobold,Co pan o mnie myśli?
8ed9fdad93b0f690,L09 Alexander,Alexander_questions,6,Kobold,Czy jest pan szczęśliwy?
e5263ec7185a5166,L09 Alexander,Alexander_questions,7,Kobold,Pana herb jest fajny. Co przedstawia?
bc116106c2929c42,L09 Alexander,Alexander_questions,8,Kobold,"To wszystko, o co chcę zapytać."
a04d5511812a415b,L09 Alexander,Alexander_questions,9,Alexander,To moje marzenie.
6861f7c274e3de2c,L09 Alexander,Alexander_questions,10,Alexander,"Cieszy mnie, że mogę być pozytywną częścią życia tak wielu osób."
8743d170a315e668,L09 Alexander,Alexander_questions,11,Alexander,"...Onieśmiela świadomość, jak bardzo mnie podziwiają."
7aebce70febcfb8c,L09 Alexander,Alexander_questions,12,Alexander,I nie tylko ze względu na wzrost.
0ad864ff0c0b3f21,L09 Alexander,Alexander_questions,13,Kobold,Jakie przedmioty pan wykłada?
24244e96851180ca,L09 Alexander,Alexander_questions,14,Kobold,Daje pan dobry przykład.
f58328ac8301872f,L09 Alexander,Alexander_questions,15,Alexander,Głównie alchemię. Czasem historię powszechną.
771e997edf959694,L09 Alexander,Alexander_questions,16,Alexander,Próbuję też zabrać się za nauki społeczne.
9986ef8860d34d9e,L09 Alexander,Alexander_questions,17,Alexander,To właśnie jest przerażające.
e947bbc260ec1dad,L09 Alexander,Alexander_questions,18,Alexander,"Cieszy mnie, że przy panu nie boję się porażki."
818a4fe04a76ce19,L09 Alexander,Alexander_questions,19,Alexander,"Pyta pan dlatego, że jestem lawendowy?"
54a1b0b8e5f6fa32,L09 Alexander,Alexander_questions,20,Kobold,Ta.
046427d028c69e4b,L09 Alexander,Alexander_questions,21,Kobold,Nie.
b849ed1e855cd6f5,L09 Alexander,Alexander_questions,22,Alexander,"Cóż, lubię ten kolor. Sądzę jednak, że nie ma to związku z moją barwą."
bbb1e1b8cec716b3,L09 Alexander,Alexander_questions,23,Alexander,"Lubię ten kolor. Sądzę jednak, że nie ma to związku z moją własną barwą."
525ba3c4a2511183,L09 Alexander,Alexander_questions,27,Alexander,Och. To dobrze.
3885f7429496059d,L09 Alexander,Alexander_questions,29,Alexander,Och. Rozumiem.
8133434681c5d0c2,L09 Alexander,Alexander_questions,31,Alexander,To podchwytliwe pytanie.
a3e6072e41a2ff07,L09 Alexander,Alexander_questions,32,Alexander,Lubię niektóre aspekty. Szacunek jest przyjemny...
b1ca0efdea534b71,L09 Alexander,Alexander_questions,33,Alexander,"Jednakże z tym szacunkiem wiąże się oczekiwanie, bym zachowywał się tak, jak wyglądam. To niezwykle stresujące."
186edb7d24ea9459,L09 Alexander,Alexander_questions,34,Kobold,"Przy mnie może pan zachowywać się, jak tylko pan chce."
1a6be1fd03e5ae6f,L09 Alexander,Alexander_questions,35,Kobold,"Lubię pana takim, jakim pan jest."
08063aff652b7108,L09 Alexander,Alexander_questions,36,Alexander,To nader miłe z pana strony.
4f9390dd28090827,L09 Alexander,Alexander_questions,37,Alexander,Chcę być bardziej otwarty. To przyjemne uczucie.
b38834ce4594ad5c,L09 Alexander,Alexander_questions,38,Alexander,Jak żółta limonka.
5f6bb166b079c336,L09 Alexander,Alexander_questions,39,Kobold,Nie ma mowy.
aac4af2b645cf88e,L09 Alexander,Alexander_questions,40,Kobold,Czyli... jak cytryna?
0ee250681eda1a08,L09 Alexander,Alexander_questions,41,Alexander,„Ależ jest mowa”. Niczego nie jestem bardziej pewien.
b83a1658171971d7,L09 Alexander,Alexander_questions,42,Alexander,"Nie. Limonka, która jest żółta."
a87e0094e62cb429,L09 Alexander,Alexander_questions,43,Kobold,Pan tu jest profesorem. Musi pan mieć rację.
e154199e27c1d4a3,L09 Alexander,Alexander_questions,45,Alexander,"To błąd odwołania do autorytetu. Ale tak, mam rację."
0c137b35abd3f637,L09 Alexander,Alexander_questions,47,Alexander,Jest pan...
d4efe0db738b52b5,L09 Alexander,Alexander_questions,48,Alexander,Anomalią.
55c3e5daec20a64d,L09 Alexander,Alexander_questions,49,Kobold,Hę?
2c291db1ddbe2b9d,L09 Alexander,Alexander_questions,50,Kobold,Czy to coś dobrego...?
df2bc10ba434d57e,L09 Alexander,Alexander_questions,51,Alexander,"W sensie, że jest pan wyjątkowy."
019d328b739d99e6,L09 Alexander,Alexander_questions,52,Kobold,W dobrym sensie?
c2667b3b3dc54c1a,L09 Alexander,Alexander_questions,53,Kobold,W złym sensie?
4f9b4a3cd9b0261a,L09 Alexander,Alexander_questions,54,Alexander,Oczywiście! Jest pan wspaniały.
ebb1884c75b23e27,L09 Alexander,Alexander_questions,55,Alexander,"Na gwiazdy! Nie, nie. Jest pan znakomity."
3b2c32e616b24822,L09 Alexander,Alexander_questions,56,Alexander,W istocie. Znakomicie się z panem przebywa.
7e6a62b6d8659273,L09 Alexander,Alexander_questions,57,Alexander,"Jest pan pierwszą osobą, którą poznałem, której jedynym oczekiwaniem wobec mnie jest, bym był..."
c48241cd21bb0d91,L09 Alexander,Alexander_questions,58,Alexander,Sobą.
5a4d28241178ab01,L09 Alexander,Alexander_questions,59,Alexander,Jestem.
216bb6e650af4cfc,L09 Alexander,Alexander_questions,60,Alexander,"Sądzę, że po części dzięki panu."
91ff270d6aaba6a4,L09 Alexander,Alexander_questions,61,Kobold,Ale przecież tylko pana myję?
f06f453ab3d6251f,L09 Alexander,Alexander_questions,62,Kobold,To bardzo miłe.
8c2bdfa25fbde4ed,L09 Alexander,Alexander_questions,63,Alexander,"Wiem. Ale możliwość otwarcia się przed kimś, choćby od czasu do czasu..."
61639ef55caefda4,L09 Alexander,Alexander_questions,64,Alexander,Czyni cuda.
22c1ab2eb72e5b44,L09 Alexander,Alexander_questions,66,Alexander,"Możliwość otwarcia się przed kimś, choćby od czasu do czasu..."
439d8da114ab9162,L09 Alexander,Alexander_questions,68,Alexander,Dziękuję za to.
33d3f6495bad4d3c,L09 Alexander,Alexander_questions,69,Alexander,"Och, ten herb wokół mojej głowy?"
91d69b4f1f9739cb,L09 Alexander,Alexander_questions,70,Alexander,"Wielu sądzi, że to część mojego ciała."
dd0f2ff5e303f61a,L09 Alexander,Alexander_questions,71,Alexander,Jednakże jest ozdobny! To mój herb rodowy. Widzi pan...
7271f9e9b21e5401,L09 Alexander,Alexander_questions,72,Alexander,"Historia smoków jest złożona. Ozdobne herby <size=85%> są często <size=70%> noszone przez smoki, by <size=55%>oznaczyć, do jakiego rodu należą! <size=40%> To ciekawy znak ich dziedzictwa kulturowego <size=35%> i rodzinnego. Często zastanawiałem się, czy powinienem nadal nosić swój. <size=20%> Ale więzi kulturowe i rodzinne są uznawane za ważne w tradycji smoków! więc muszę się takich rzeczy trzymać. <size=10%> Woda. Ziemia. Ogień. Powietrze. Dawno temu cztery narody żyły razem w harmonii. Potem wszystko się zmieniło, gdy zaatakował Naród Ognia."
0006b6926947b91b,L09 Alexander,Alexander_questions,74,Kobold,Mógłby pan powtórzyć?
b6d573339ec0b66b,L09 Alexander,Alexander_questions,75,Alexander,"Ach, przepraszam, takie tematy mnie porywają."
9909f3ea3dffb93e,L09 Alexander,Alexander_questions,76,Alexander,"Cieszę się, że mój herb się panu podoba."
e5bccc3a053371ce,L09 Alexander,Alexander_questions,77,Alexander,...Nie
# --- progress: Alexander_3_required_end | if $has_asked_question ---
c225b2626bb24d2c,L09 Alexander,Alexander_3_required_end,1,Alexander,"Dziękuję za pytanie. Miło, gdy ktoś zadaje osobiste pytania."
# --- jerkoff: Alexander_3_JerkOff_Start ---
8342e51e14980481,L09 Alexander,Alexander_3_JerkOff_Start,1,Alexander,"Och, mój... Nie spodziewałem się, że będzie pan tak... bezpośredni w działaniu"
ce664ef00487ef78,L09 Alexander,Alexander_3_JerkOff_Start,2,Alexander,<size=70%><i>proszę śmiało kontynuować...</i>
# --- cum: Alexander_3_Cum ---
85503a54fcc74839,L09 Alexander,Alexander_3_Cum,1,Alexander,Uunf. T-to było... raczej niegodne.
afa89c59eece65b9,L09 Alexander,Alexander_3_Cum,2,Alexander,<size=70%><i>ale było przyjemnie... Dziękuję.
# --- outro: Alexander_3_Outro ---
d96b34ffac75e750,L09 Alexander,Alexander_3_Outro,1,Alexander,Jestem <i>nieskazitelny</i>.
6dae153117be9e8a,L09 Alexander,Alexander_3_Outro,2,Kobold,Nigdy nie pomijam ani kawałka.
941f66ab23bc1b9b,L09 Alexander,Alexander_3_Outro,4,Alexander,Doskonale o tym wiem. Gruntowne mycie czuje się w szczególny sposób!
4598878b44333749,L09 Alexander,Alexander_3_Outro,5,Alexander,To lubię słyszeć.
7ea92f17440d2fae,L09 Alexander,Alexander_3_Outro,6,Alexander,Wrócę tu jeszcze. Miło mieć w panu przyjaciela.
7bbef8475c6cdff7,L09 Alexander,Alexander_3_Outro,7,Kobold,"Nie mogę się doczekać, kiedy znów pana zobaczę."
17d54d35bc089567,L09 Alexander,Alexander_3_Outro,8,Kobold,"Cieszę się, że czuje się pan tu swobodnie."

# ===== Level 10: Ryan (Sunny) | ends PicnicCompleted =====
# --- intro: Ryan_4_intro ---
379060351b7eda00,L10 Ryan,Ryan_4_intro,1,Ryan,<b><i><size=130%>Czy zaproponowałeś Conradowi Ryana?
8a798890fe938171,L10 Ryan,Ryan_4_intro,2,Kobold,tak
9390298f3fb0c5b1,L10 Ryan,Ryan_4_intro,3,Kobold,nie
578f5563ae25f1ce,L10 Ryan,Ryan_4_intro,4,Kobold,Wow... Co masz w pysku?
c03386d6c9efb92a,L10 Ryan,Ryan_4_intro,5,Kobold,"Hej, Ryan, co tam masz?"
d85dcd17cab55fde,L10 Ryan,Ryan_4_intro,6,Ryan,Koszyk piknikofy...
b9c2f8ae41c83ebe,L10 Ryan,Ryan_4_intro,7,Ryan,Nie mogę dobrze mófić.
696058e475fae76a,L10 Ryan,Ryan_4_intro,8,Ryan,wpuścisz mnie?
1f843189eaccc2b6,L10 Ryan,Ryan_4_intro,9,Kobold,O! Dobrze. Otworzę bramę!
9cc8b0255238b35e,L10 Ryan,Ryan_4_intro,10,Kobold,"Jasne, zaraz otwieram."
1facde273315d636,L10 Ryan,Ryan_4_intro,11,Ryan,Dzięgi!
# --- picnic: Ryan_egg_dialog | if $food_number ---
ff7696a47d0cd4ed,L10 Ryan,Ryan_egg_dialog,1,Kobold,"ojejku, myślałem, że to jajko jest ozdobne."
76dddaed85a8d844,L10 Ryan,Ryan_egg_dialog,2,Kobold,Co to było za jajko?
9fe69182b150b8b1,L10 Ryan,Ryan_egg_dialog,3,Ryan,"Hę? Jasne, że nie!"
f5d2571561dba2b0,L10 Ryan,Ryan_egg_dialog,4,Ryan,OO. Nie jesteś przyzwyczajony do jedzenia ich w całości.
718beb6db0dae659,L10 Ryan,Ryan_egg_dialog,5,Ryan,Tak smakują najlepiej!
c03f60d1d7bd67e5,L10 Ryan,Ryan_egg_dialog,6,Ryan,Eem...
4a7cf2bb1bd01e0b,L10 Ryan,Ryan_egg_dialog,7,Ryan,Niebieskie...?
640cee0646ecb66c,L10 Ryan,Ryan_egg_dialog,8,Ryan,Nie jestem pewien. Było w promocji w WingCo.
f887a50c6f7d1edc,L10 Ryan,Ryan_egg_dialog,9,Ryan,Ale smakowało naprawdę dobrze!
# --- picnic: ryan_food_dialogue ---
8b555a411ea346ec,L10 Ryan,ryan_food_dialogue,1,Ryan,Więc... myślałem o moich związkach.
03e1d33ec4a7f6e8,L10 Ryan,ryan_food_dialogue,2,Kobold,To znaczy?
f1676448791feef6,L10 Ryan,ryan_food_dialogue,3,Ryan,"No, o przyszłości moich związków."
9d2e28c9ae2ed8b4,L10 Ryan,ryan_food_dialogue,4,Ryan,Trochę mnie to ekscytuje.
91b32d6180935501,L10 Ryan,ryan_food_dialogue,5,Kobold,"No, jesteś niezłą partią."
e5d632fba39e2f0f,L10 Ryan,ryan_food_dialogue,6,Kobold,Cieszę się razem z tobą!
d228097b23b352e6,L10 Ryan,ryan_food_dialogue,7,Ryan,Oj ty. Zaraz się zarumienię.
d94d7310f7d31a45,L10 Ryan,ryan_food_dialogue,9,Ryan,Naprawdę nie mogę się doczekać poznawania nowych ludzi.
1121175da09c0008,L10 Ryan,ryan_food_dialogue,10,Ryan,"A teraz, więcej jedzenia?"
6ebac8131d5267ac,L10 Ryan,ryan_food_dialogue,11,Ryan,Hmm...
d2c7e6789d89f523,L10 Ryan,ryan_food_dialogue,13,Ryan,Tak sobie myślałem.
67c0ce6aff865e1c,L10 Ryan,ryan_food_dialogue,14,Ryan,Trudno znaleźć kogoś spoza mojej obecnej bańki.
d7f23a9907b74860,L10 Ryan,ryan_food_dialogue,15,Ryan,"No, kocham ludzi wokół mnie, ale jest tam sporo bagażu."
99daac47d7b305f6,L10 Ryan,ryan_food_dialogue,16,Ryan,Wiesz?
1b4b607607b8c988,L10 Ryan,ryan_food_dialogue,17,Kobold,Ma sens.
dfcb7cbdb552d8f5,L10 Ryan,ryan_food_dialogue,18,Kobold,"Rozumiem, czemu tak się czujesz po rozstaniu, tak."
f574c59b56179de8,L10 Ryan,ryan_food_dialogue,19,Ryan,"Tak, od rozstania szukam czegoś nowego."
0febbd04cce87646,L10 Ryan,ryan_food_dialogue,20,Ryan,Może kogoś?
b7fca6004f2d5325,L10 Ryan,ryan_food_dialogue,22,Ryan,Tak. Trudno rozplątać znajomości po czymś takim.
8da113ef266e587f,L10 Ryan,ryan_food_dialogue,23,Ryan,Jestem gotów to zrobić. Ale chciałbym czegoś nowego.
baf0df26ea4f2e81,L10 Ryan,ryan_food_dialogue,24,Ryan,Może kogoś nowego...
03ccd297eb346729,L10 Ryan,ryan_food_dialogue,25,Ryan,"...Co do tego, co mówiłem wcześniej."
1032684d93c794bf,L10 Ryan,ryan_food_dialogue,26,Kobold,Tak?
ace8c62e60ec2197,L10 Ryan,ryan_food_dialogue,27,Ryan,"Znasz kogoś, z kim mógłbym pogadać? No wiesz... o sprawach związkowych?"
0a7119cfe1246546,L10 Ryan,ryan_food_dialogue,28,Kobold,"<gradient=""gold""><b>Znam pewnego czerwonego smoka. Myślę, że by ci się spodobał! </b></gradient><size=70%> (Swata Ryana z Conradem!)"
4a3b65400e54f8ff,L10 Ryan,ryan_food_dialogue,29,Kobold,"<gradient=""gold""><b>Och. Eem. <size=70%> Nie miałbym nic przeciwko... gdybym to ja był tym kimś. </b></gradient><size=70%> (Blokuje romans z Ryanem!)"
bb7a6be711206298,L10 Ryan,ryan_food_dialogue,30,Kobold,"<gradient=""gold""><b>Nikt mi tak z głowy nie przychodzi.</b></gradient><size=70%> (Blokuje romans z Conradem!)"
a6a744d6d60ec400,L10 Ryan,ryan_food_dialogue,31,Ryan/Alexander/Kobold,O?
cbe8e4adc9ca52df,L10 Ryan,ryan_food_dialogue,32,Ryan,Kto to?
ca545deecbd9950d,L10 Ryan,ryan_food_dialogue,33,Kobold,"To NAPRAWDĘ słodki czerwony drak, który chodzi do myjni!"
4a94ef80ae21582a,L10 Ryan,ryan_food_dialogue,34,Kobold,"To czerwony smok. Myślę, że byście się polubili!"
0ea02ee3f0c5673d,L10 Ryan,ryan_food_dialogue,35,Ryan,"O! Chyba go widziałem. Ten malutki, tak?"
58b69c47fed8b38f,L10 Ryan,ryan_food_dialogue,36,Kobold,On woli „wzrostowo niedoszacowany”... Ale tak.
3ae2d547c997ca01,L10 Ryan,ryan_food_dialogue,37,Kobold,Mhm! próbuje poznać nowych ludzi.
474246952e0d1e50,L10 Ryan,ryan_food_dialogue,38,Ryan,Och...
ed2ece6040ec8b40,L10 Ryan,ryan_food_dialogue,39,Ryan,To naprawdę słodkie.
c0fb8d4f93270198,L10 Ryan,ryan_food_dialogue,40,Ryan,"O, wspaniale. Wygląda na to, że jesteśmy podobni."
82767de7e3e22a4a,L10 Ryan,ryan_food_dialogue,41,Ryan,Chyba chciałbym go poznać!
b423c91f4f75add4,L10 Ryan,ryan_food_dialogue,42,Kobold,W takim razie was skontaktuję.
80c500f9c426d4cc,L10 Ryan,ryan_food_dialogue,43,Kobold,Tak się cieszę. Skontaktuję was!
ec786c9a7656b0f9,L10 Ryan,ryan_food_dialogue,45,Ryan,"Ja też, dzięki!"
028dbc8d077c611f,L10 Ryan,ryan_food_dialogue,47,Ryan,<i>Och...
ae590830c4c03fd1,L10 Ryan,ryan_food_dialogue,48,Ryan,"Chyba też chciałbym, żebyś to ty był tym kimś."
b4066b4e58df8005,L10 Ryan,ryan_food_dialogue,49,Kobold,Więc to jest jakby... nasza pierwsza randka?
8c7e5a49ec8fd685,L10 Ryan,ryan_food_dialogue,50,Kobold,Szczerze mówiąc. Od jakiegoś czasu się w tobie podkochuję.
710ea0057247cb51,L10 Ryan,ryan_food_dialogue,51,Ryan,Chyba tak!
de4d091acdb6059c,L10 Ryan,ryan_food_dialogue,52,Ryan,"Naprawdę? Och, to bardzo słodkie."
35e3561cd36f36d6,L10 Ryan,ryan_food_dialogue,53,Ryan,"Nie wiedziałem, że ktoś może mnie tak łatwo aż tak polubić."
f05160456925af3f,L10 Ryan,ryan_food_dialogue,54,Ryan,"Tak w ogóle, jesteś uroczy."
a01d64fcb9d7d3a5,L10 Ryan,ryan_food_dialogue,55,Kobold,No. <size=90%>O... <size=80%>no wiesz. Ja tak... <size=70%>Haha. No. Mhm!
65691ff38c85e57c,L10 Ryan,ryan_food_dialogue,56,Kobold,Ty też!
d323e565ed8ea749,L10 Ryan,ryan_food_dialogue,57,Ryan,Nie chciałem cię speszyć!
145e6a2d848267cb,L10 Ryan,ryan_food_dialogue,58,Ryan,Jestem po prostu... szczęśliwy.
0cc014df7d89d3e1,L10 Ryan,ryan_food_dialogue,59,Ryan,"Och, dzięki. Tak dobrze wyglądam tylko dzięki twoim myciom!"
eea7bdf3ab3f251c,L10 Ryan,ryan_food_dialogue,60,Ryan,Jestem... szczęśliwy.
d619413abc4a1de1,L10 Ryan,ryan_food_dialogue,61,Ryan,Nic nie szkodzi!
c2acc8d962a0c936,L10 Ryan,ryan_food_dialogue,62,Ryan,A co u ciebie? Spotykasz się z kimś?
2374bdd10aea40ba,L10 Ryan,ryan_food_dialogue,63,Kobold,"Jest taki jeden czerwony smok, Conrad. Jest... porywczy, ale uroczy."
58a5e5a5a9482e96,L10 Ryan,ryan_food_dialogue,64,Kobold,"Tak! Conrad, jest słodki. Choć nie cierpiałby, że tak mówię."
3d14bcafbc3f21c6,L10 Ryan,ryan_food_dialogue,65,Ryan,"O, hę, to ten malutki drak, którego widziałem jakiś czas temu, jak wchodził, tak?"
882d8b921688234c,L10 Ryan,ryan_food_dialogue,66,Kobold,Hej! On jest po prostu... „wzrostowo niedoszacowany”.
1ce76f0141c9f53b,L10 Ryan,ryan_food_dialogue,67,Kobold,Mhm! to on.
eeedcdd5eaa13110,L10 Ryan,ryan_food_dialogue,68,Ryan,"O, przepraszam."
dcfc67b1e58c5a49,L10 Ryan,ryan_food_dialogue,69,Ryan,Wydaje się słodki!
94ff2c4b836f0aef,L10 Ryan,ryan_food_dialogue,70,Ryan,"To wspaniale, jest uroczy!"
abe281ce74304803,L10 Ryan,ryan_food_dialogue,71,Ryan,"Hej, eem, jeszcze raz dzięki."
9144d5ad20e5a9e8,L10 Ryan,ryan_food_dialogue,72,Kobold,"Nie ma sprawy! Nie mogę się doczekać, aż poznasz Conrada."
e39b086d1bff71b1,L10 Ryan,ryan_food_dialogue,73,Kobold,"Nie, to ja dziękuję. Jestem... naprawdę podekscytowany."
1f50e1361eaeacbf,L10 Ryan,ryan_food_dialogue,74,Kobold,Jasne! Dziękuję za jedzenie.
489184ee3c2573f9,L10 Ryan,ryan_food_dialogue,75,Ryan,"Hah, tak. Brzmi zabawnie."
28f3547a6af39629,L10 Ryan,ryan_food_dialogue,76,Ryan,"Na pewno ci opowiem, jak poszło, dobra?"
fcd75c87b326482c,L10 Ryan,ryan_food_dialogue,77,Kobold,"Nie mogę się doczekać, żeby usłyszeć!"
a66a9f98f63d5aaf,L10 Ryan,ryan_food_dialogue,78,Kobold,Tak. Będziecie słodką parą.
39619dc71b15dfde,L10 Ryan,ryan_food_dialogue,79,Ryan,Było miło...
b2d03d0e5222d95c,L10 Ryan,ryan_food_dialogue,80,Ryan,"Do zobaczenia wkrótce, tak?"
17c800776b082018,L10 Ryan,ryan_food_dialogue,81,Kobold,Mam nadzieję! Pójdę otworzyć bramę.
56372773e401e131,L10 Ryan,ryan_food_dialogue,82,Kobold,Tak! Dzięki za jedzenie. Pójdę otworzyć bramę.
97cffb9a377004b2,L10 Ryan,ryan_food_dialogue,83,Ryan,Tak... Nigdy nie byłem na randce z koboldem.
50ce0561192b6b01,L10 Ryan,ryan_food_dialogue,84,Ryan,"Ale już wiem, że bardzo mi się to podoba."
e823adcc22fd50c2,L10 Ryan,ryan_food_dialogue,85,Kobold,Bardzo cię lubię.
62e851c911a254bb,L10 Ryan,ryan_food_dialogue,86,Kobold,"Tak, było super miło."
773c0ce37ffbb546,L10 Ryan,ryan_food_dialogue,87,Ryan,Heh. Tak. Ja ciebie też.
1c6058ce1c7242cf,L10 Ryan,ryan_food_dialogue,88,Ryan,Naprawdę było. Jesteś wspaniały.
32e4e8851f8ac398,L10 Ryan,ryan_food_dialogue,89,Ryan,"Dzięki, że podzieliłeś się ze mną jedzeniem..."
0a94f0c3b65c425c,L10 Ryan,ryan_food_dialogue,90,Ryan,"Nie mogę się doczekać, kiedy znów cię zobaczę"
8c39f31ac476e20e,L10 Ryan,ryan_food_dialogue,91,Kobold,"Ja zawsze nie mogę się doczekać, kiedy cię zobaczę. Pójdę otworzyć bramę."
db8848bda5df285f,L10 Ryan,ryan_food_dialogue,92,Kobold,Ja też! Pójdę otworzyć bramę.
f0394a2181ae8df6,L10 Ryan,ryan_food_dialogue,93,Ryan,Dobra! Do zobaczenia wkrótce.
d48a9423f250312c,L10 Ryan,ryan_food_dialogue,94,Ryan,"Więc ten Conrad, wygląda na to, że go lubisz?"
6eb520b95e8c6388,L10 Ryan,ryan_food_dialogue,95,Kobold,"Hehe, tak."
c97f0b6b1b436f26,L10 Ryan,ryan_food_dialogue,96,Kobold,Jest go dużo. Ale mi się to podoba.
6525ecb4cd0f0eea,L10 Ryan,ryan_food_dialogue,97,Ryan,To słodkie!
6943d0645de48850,L10 Ryan,ryan_food_dialogue,98,Ryan,Co lubisz w nim najbardziej?
a695d517f16d1719,L10 Ryan,ryan_food_dialogue,99,Kobold,On ma tak. MEGA dużego.
dbeb304df456a424,L10 Ryan,ryan_food_dialogue,100,Kobold,"Jest pyskaty, ale też czuły!"
3c29c25f0a23d26a,L10 Ryan,ryan_food_dialogue,101,Kobold,"Jest malutki, lubię być z nim na poziomie oczu."
0911d52bc2d9f70b,L10 Ryan,ryan_food_dialogue,102,Kobold,Lubię... jego.
4aa9ae5f4bbb8541,L10 Ryan,ryan_food_dialogue,103,Ryan,"Och... Tak, mniejsze smoki zwykle... nadrabiają."
7859d5c981752171,L10 Ryan,ryan_food_dialogue,104,Ryan,"Mmm, tak, znam ten typ."
d8c70d62d0457935,L10 Ryan,ryan_food_dialogue,105,Ryan,"Ma sens! Tak, małe draki są zabawne."
97a18e09f3f990c5,L10 Ryan,ryan_food_dialogue,106,Ryan,Och... to naprawdę słodkie
fac3f85c3c835445,L10 Ryan,ryan_food_dialogue,107,Ryan,"Musisz mi opowiedzieć, jak wam się układa!"
37e125daa86112bd,L10 Ryan,ryan_food_dialogue,108,Ryan,"Dzięki, że podzieliłeś się ze mną jedzeniem, jesteś wspaniałym przyjacielem."
120807e0d30c65d5,L10 Ryan,ryan_food_dialogue,109,Kobold,Dzięki za jedzenie! Pójdę otworzyć bramę.
94ddf87d22b36d07,L10 Ryan,ryan_food_dialogue,110,Kobold,"Ty też jesteś dobrym przyjacielem, pójdę otworzyć bramę."
02ca8c073be8669d,L10 Ryan,ryan_food_dialogue,111,Ryan,"Dobra, do zobaczenia!"
# --- picnic: Ryan_grab_basket ---
3276ca6f923e3a2e,L10 Ryan,Ryan_grab_basket,1,Ryan,"Ble. Dzięki, że to wziąłeś."
1790d1bc285d158f,L10 Ryan,Ryan_grab_basket,2,Kobold,Przyniosłeś jedzenie?
fab7cff668586c9b,L10 Ryan,Ryan_grab_basket,3,Kobold,Ryan! to takie miłe.
3f519f6990d85e4d,L10 Ryan,Ryan_grab_basket,4,Ryan,"Tak! Jest tam jedzenie, które powinno pasować nam obu."
38953523aa1d8dc9,L10 Ryan,Ryan_grab_basket,5,Ryan,"Hehe, dzięki. Są tam rzeczy, które powinny pasować nam obu."
f44e62ce0d92a9c3,L10 Ryan,Ryan_grab_basket,6,Ryan,Chociaż porcje mogą być trochę... smoczych rozmiarów.
dbe7ccbf37aed06a,L10 Ryan,Ryan_grab_basket,7,Kobold,Czemu to wszystko przyniosłeś?
96082d9f598cc1db,L10 Ryan,Ryan_grab_basket,8,Kobold,Czy ty w ogóle potrzebujesz mycia?
5be9d07e2e19a321,L10 Ryan,Ryan_grab_basket,9,Ryan,Dla ciebie!
eea2772cf2ab51f9,L10 Ryan,Ryan_grab_basket,10,Ryan,<size=70%> I dla mnie.
5da686787e870bc2,L10 Ryan,Ryan_grab_basket,11,Ryan,"Nie, chyba nie."
dfdd49c96bf70312,L10 Ryan,Ryan_grab_basket,12,Ryan,"Jestem tu tylko po to, żeby przynieść ci jedzenie!"
7efd9697b321d608,L10 Ryan,Ryan_grab_basket,13,Ryan,"Pomyślałem, że przyniosę coś miłego po tym wszystkim, co zrobiłeś."
414c0f3bb81740f3,L10 Ryan,Ryan_grab_basket,14,Ryan,"Mam nadzieję, że to w porządku?"
097832ea20a37b63,L10 Ryan,Ryan_grab_basket,15,Kobold,"Jasne, że tak!"
460dbc14c8f22914,L10 Ryan,Ryan_grab_basket,17,Ryan,"Super, cieszę się."
6e1aac9408968a3c,L10 Ryan,Ryan_grab_basket,18,Ryan,"To pewnie znaczy, że tak! Cieszę się."
fe3e5d4e4925ddb6,L10 Ryan,Ryan_grab_basket,19,Ryan,A teraz... jedzenie?
# --- picnic: Ryan_grapes_dialog | if $food_number ---
46ca5d912bed1dcc,L10 Ryan,Ryan_grapes_dialog,1,Kobold,Te winogrona wyglądały dobrze.
33f099ac348159d4,L10 Ryan,Ryan_grapes_dialog,2,Kobold,"Ryan, szypułek się nie je..."
174343e1e975e68b,L10 Ryan,Ryan_grapes_dialog,3,Ryan,Były! Ale szypułka to moja ulubiona część.
976fdc62e4cbffcf,L10 Ryan,Ryan_grapes_dialog,4,Kobold,Czy to nie jest... drewno?
8e4f1f66ab3b3860,L10 Ryan,Ryan_grapes_dialog,5,Kobold,Nigdy nie próbowałem.
d053df82397c2f86,L10 Ryan,Ryan_grapes_dialog,6,Ryan,"Tak, smakuje dobrze!"
c994875a9f5c8520,L10 Ryan,Ryan_grapes_dialog,7,Ryan,Chociaż ty pewnie nie powinieneś ich jeść.
025e9c74601a1a65,L10 Ryan,Ryan_grapes_dialog,8,Ryan,Smocze żołądki są trochę bardziej... wytrzymałe niż twój.
b689b40a79b968df,L10 Ryan,Ryan_grapes_dialog,9,Ryan,Pewnie nie powinieneś.
8d834797bd163119,L10 Ryan,Ryan_grapes_dialog,10,Ryan,Najpierw musiałbyś mieć smoczy żołądek!
27935fd7477eba77,L10 Ryan,Ryan_grapes_dialog,11,Ryan,Kto tak mówi?
0b71d27200d13a33,L10 Ryan,Ryan_grapes_dialog,12,Kobold,Ja?
47252f2c75dea9ef,L10 Ryan,Ryan_grapes_dialog,13,Kobold,Biologia...? <size=70%> <i>chyba?
5af35db6f8fe39ad,L10 Ryan,Ryan_grapes_dialog,14,Ryan,Cóż...
79436a008466d243,L10 Ryan,Ryan_grapes_dialog,15,Ryan,Łamię zasady!
49e7a64aec55ff2a,L10 Ryan,Ryan_grapes_dialog,16,Ryan,"Spokojnie, smoki są stworzone, żeby jeść wszystko."
5f82b968ccbb4aaa,L10 Ryan,Ryan_grapes_dialog,17,Ryan,Strawię praktycznie wszystko.
f9a3f85545840310,L10 Ryan,Ryan_grapes_dialog,18,Ryan,Szypułka to po prostu dodatkowe jedzenie.
53494acb38981cff,L10 Ryan,Ryan_grapes_dialog,19,Ryan,Chociaż winogrona zawsze zaspokajały pewną konkretną ochotę.
77e53d1b1d33b9f0,L10 Ryan,Ryan_grapes_dialog,20,Ryan,"O, i chyba trochę mam na pysku. Ups."
# --- picnic: Ryan_ham_dialog | if $food_number ---
cb2d2f80636d8a49,L10 Ryan,Ryan_ham_dialog,1,Kobold,"RYAN, KOŚĆ!"
523a9690a00a7803,L10 Ryan,Ryan_ham_dialog,2,Kobold,Naprawdę zjadłeś to w całości... Wow.
618839c9ee1f8a65,L10 Ryan,Ryan_ham_dialog,3,Ryan,Mmpf... Hm?
5b917e0078e6beb0,L10 Ryan,Ryan_ham_dialog,4,Ryan,"O, to moja ulubiona część!"
7a41a3b5d6e1acf7,L10 Ryan,Ryan_ham_dialog,5,Kobold,Jak ty to w ogóle trawisz?
846f850b875979d4,L10 Ryan,Ryan_ham_dialog,6,Kobold,<size=60%> to seksowne.
f7d4b26ff67eee38,L10 Ryan,Ryan_ham_dialog,7,Ryan,Jestem smokiem.
b86257f47d85426e,L10 Ryan,Ryan_ham_dialog,8,Ryan,"Jestem prawie pewien, że strawię wszystko."
a165524a35a75706,L10 Ryan,Ryan_ham_dialog,9,Ryan,Tak? Dobrze wiedzieć...
db22d9512845d515,L10 Ryan,Ryan_ham_dialog,10,Ryan,"To najlepszy sposób, żeby cieszyć się jedzeniem."
a5af381d1ec66e2a,L10 Ryan,Ryan_ham_dialog,11,Ryan,"To ciekawe; wy, dwunożni, lubicie delektować się posiłkami."
180983e0a4f4e327,L10 Ryan,Ryan_ham_dialog,12,Ryan,Ale nic nie przebije jednego wielkiego łyku!
# --- picnic: Ryan_melon_dialog | if $food_number ---
e1d0d09daa3129d9,L10 Ryan,Ryan_melon_dialog,1,Ryan,Ten był prawie za duży...
8725851a4492f86f,L10 Ryan,Ryan_melon_dialog,2,Kobold,Nawet nie otworzyłeś tego arbuza.
991947f3461b26a7,L10 Ryan,Ryan_melon_dialog,3,Kobold,Jak smakował?
7d20121dc2fa0757,L10 Ryan,Ryan_melon_dialog,4,Ryan,Taaak.
41f87d2c55073e29,L10 Ryan,Ryan_melon_dialog,5,Ryan,Ups.
4fafd5a0c9f29d5f,L10 Ryan,Ryan_melon_dialog,6,Ryan,"Ale i tak był dobry! Lubię, jak zsuwa się w dół."
dc8488830f9d7192,L10 Ryan,Ryan_melon_dialog,7,Ryan,"Zapomniałem go ugryźć, więc... nijak?"
7dedd07a7558afa9,L10 Ryan,Ryan_melon_dialog,8,Ryan,Ale przyjemnie się zsuwał!
8b4a775ae776722a,L10 Ryan,Ryan_melon_dialog,9,Kobold,<size=70%> wow.
ef03f59f06da8fa4,L10 Ryan,Ryan_melon_dialog,10,Kobold,"Szalone, ile twoja szyja jest w stanie pomieścić."
4fc09f2d61d5cc43,L10 Ryan,Ryan_melon_dialog,11,Ryan,"Koboldy zawsze wydają się zafascynowane tym, jak jem."
032ea150ccdf88be,L10 Ryan,Ryan_melon_dialog,12,Ryan,To urocze!
aad3715a2f685dc3,L10 Ryan,Ryan_melon_dialog,13,Ryan,Jest stworzona do połykania rzeczy w całości.
b0a73a78b7d9045b,L10 Ryan,Ryan_melon_dialog,14,Kobold,<size=70%><i>Tak?
30ff5a696a0def56,L10 Ryan,Ryan_melon_dialog,16,Ryan,Mhm!
901c77872c53d308,L10 Ryan,Ryan_melon_dialog,18,Ryan,Tak! jest przydatna.
# --- jerkoff: Ryan_4_JerkOff_Start ---
2d434662c42f6a6c,L10 Ryan,Ryan_4_JerkOff_Start,1,Ryan,Na pewno...? Przy jedzeniu?
031703a96ac0df8c,L10 Ryan,Ryan_4_JerkOff_Start,2,Ryan,Heh... dobra.
# --- cum: Ryan_4_Cum ---
3b1c48772bd5889e,L10 Ryan,Ryan_4_Cum,1,Ryan,Uff... To było miłe... Choć trochę nabałaganiłem.
# --- mount_start: Ryan_4_Mount_Start ---
2f31dcbcaa980550,L10 Ryan,Ryan_4_Mount_Start,1,Ryan,"Wow... Chcesz, żebym tego użył? Nawet przy jedzeniu? Dobra!"
# --- mount_finish: Ryan_4_Mount_Finish ---
833d21b8cd952764,L10 Ryan,Ryan_4_Mount_Finish,1,Ryan,Trochę nabałaganiłem... Ale było warto.

# ===== Level 11: Conrad (Sunny) =====
# --- intro: Conrad_Intro_4 ---
a67959dc39353129,L11 Conrad,Conrad_Intro_4,1,Conrad/Ryan/Alexander,Coś poszło nie tak z flagami!
c1a949184675fa92,L11 Conrad,Conrad_Intro_4,2,Conrad/Ryan/Alexander,Pomóż proszę deweloperom...
60f8f02dd7a80d00,L11 Conrad,Conrad_Intro_4,3,Kobold,conrad zbliżył się z ryanem
6e98155abad655c3,L11 Conrad,Conrad_Intro_4,4,Kobold,gracz zbliżył się z conradem
9cf9d4fc71363f68,L11 Conrad,Conrad_Intro_4,5,Kobold,gracz zbliżył się z ryanem
67beed0c39e205b4,L11 Conrad,Conrad_Intro_4,6,Kobold,"Hej, Conrad!"
d22e2236304b2ef0,L11 Conrad,Conrad_Intro_4,7,Kobold,Czemu wyglądasz tak radośnie?
6183e901a5a22ddc,L11 Conrad,Conrad_Intro_4,8,Kobold,"Hej, conrad!"
3c0eb60cca3b1422,L11 Conrad,Conrad_Intro_4,9,Conrad,"Siema, wielki koboldzie."
ad13467d89f77645,L11 Conrad,Conrad_Intro_4,10,Conrad,"Zrobiłeś coś z, eee..."
25aab860a8266c4c,L11 Conrad,Conrad_Intro_4,11,Conrad,Łuski jakieś inne dzisiaj? <size=70%><i>czy to w ogóle jest coś takiego...? </i><size=100%>Dobrze dziś wyglądasz.
42e1b9a73c953f33,L11 Conrad,Conrad_Intro_4,12,Kobold,Dzięki! Co to za cała ta... maź?
be118711068118d5,L11 Conrad,Conrad_Intro_4,13,Kobold,"Hah. Conrad, ty też dobrze wyglądasz."
a4008861bf24c47d,L11 Conrad,Conrad_Intro_4,14,Kobold,Nie ma czegoś takiego... Ale dziękuję!
a951e05bf8506af1,L11 Conrad,Conrad_Intro_4,15,Conrad,Jagody.
765af85f1bd7eafe,L11 Conrad,Conrad_Intro_4,17,Conrad,"No nieważne,"
199e91c738a75b4c,L11 Conrad,Conrad_Intro_4,18,Conrad,"No jasne, że tak!"
926069483fd35835,L11 Conrad,Conrad_Intro_4,19,Conrad,Haha... Ta. Nie bardzo umiem prawić komplementy.
8c9dc9229a7630ce,L11 Conrad,Conrad_Intro_4,20,Conrad,Potrzebuję tylko szybkiego mycia... Może kozioł też by się przydał.
3ee865676f6e4c99,L11 Conrad,Conrad_Intro_4,21,Kobold/Ryan,O tak?
5fae46a5c8669c29,L11 Conrad,Conrad_Intro_4,22,Kobold,Jasne! Pójdę otworzyć bramę.
daa08f627cbbfb9e,L11 Conrad,Conrad_Intro_4,23,Conrad,Ta... Ale tylko jeśli chcesz!
20ee725c28fb397e,L11 Conrad,Conrad_Intro_4,24,Conrad,Staram się nie naciskać.
374fe9cc22a15007,L11 Conrad,Conrad_Intro_4,25,Kobold,"Och, pójdę otworzyć ci bramę."
ae53715099e0d53d,L11 Conrad,Conrad_Intro_4,28,Conrad,Ryan! Poznałem go.
caefb85b87a51126,L11 Conrad,Conrad_Intro_4,29,Kobold,Super! Co to za cała ta... maź?
0452c0f1847f4a72,L11 Conrad,Conrad_Intro_4,30,Kobold,Jak poszło?
940b2bb279fbfd8a,L11 Conrad,Conrad_Intro_4,33,Conrad,"Dzięki, że skontaktowałeś mnie z Ryanem."
6c42e3202026a3e8,L11 Conrad,Conrad_Intro_4,34,Conrad,"Szczerze, naprawdę dobrze."
91b34251e9ff7711,L11 Conrad,Conrad_Intro_4,35,Conrad,"Nigdy nie myślałem, że ktoś taki jak on będzie w moim typie..."
abc0fe0ceed24339,L11 Conrad,Conrad_Intro_4,36,Kobold,Musisz mi wszystko opowiedzieć.
ab20df82132f07cc,L11 Conrad,Conrad_Intro_4,37,Conrad,Opowiem. Potrzebuję tylko szybkiego mycia i chętnie bym dziś skorzystał z kozła.
17c5f180de5a8348,L11 Conrad,Conrad_Intro_4,38,Conrad,"Muszę <i>poćwiczyć</i> przed Ryanem, jeśli łapiesz, o co mi chodzi."
9912569ea696f8ed,L11 Conrad,Conrad_Intro_4,39,Kobold,Conrad!
106f99c061d35f26,L11 Conrad,Conrad_Intro_4,40,Kobold,"Dobra, dobra. Pójdę otworzyć bramę."
f71200a57e2d1d7a,L11 Conrad,Conrad_Intro_4,41,Conrad,Cooo? Dobrze się rozgrzać!
65bee50d904e101d,L11 Conrad,Conrad_Intro_4,43,Conrad,"Hej, hej. Dobrze, że otwarte."
4d5dda82efc31458,L11 Conrad,Conrad_Intro_4,44,Conrad,Przyszedłem się spłukać. Chętnie bym też skorzystał z kozła.
0ecdd0ec4c0cf66c,L11 Conrad,Conrad_Intro_4,45,Kobold,"Oooo, dobrze."
3252727dec6314c5,L11 Conrad,Conrad_Intro_4,47,Kobold,Co to za cała ta... maź?
91bc8d1d6dc8cdb7,L11 Conrad,Conrad_Intro_4,48,Conrad,Heh. Ta.
1aced2f074444bdc,L11 Conrad,Conrad_Intro_4,54,Kobold,"Aha. Dobra, pójdę otworzyć bramę."
# --- progress: Conrad_required_4 ---
a5965f548b64e3cf,L11 Conrad,Conrad_required_4,1,Conrad,"Hej, mam do ciebie pytanie."
9ad0664c4ac1572a,L11 Conrad,Conrad_required_4,2,Kobold,O tak?
d448809fdbbeaf11,L11 Conrad,Conrad_required_4,4,Kobold,O taaaak?
51dbc8c7be16145b,L11 Conrad,Conrad_required_4,5,Kobold,"Co jest, wielkoludzie?"
# --- progress: Conrad_4_Ryan_Conrad_Romanced | if $ryan_conrad_romanced $conrad_romanced $ryan_romanced ---
e6071cb4e7c448c8,L11 Conrad,Conrad_4_Ryan_Conrad_Romanced,1,Conrad,"Z Ryanem, jestem prawie pewien, że dziś wieczorem idziemy na randkę."
9ee7e6a6ebccf907,L11 Conrad,Conrad_4_Ryan_Conrad_Romanced,2,Conrad,Masz jakieś rady?
f7af2bd25c827e3d,L11 Conrad,Conrad_4_Ryan_Conrad_Romanced,3,Kobold,Bądź sobą!
a58248b820567c49,L11 Conrad,Conrad_4_Ryan_Conrad_Romanced,4,Kobold,"Upewnij się, że jesteś bardzo czysty. <size=70%><i>hehe."
528e2755301df89e,L11 Conrad,Conrad_4_Ryan_Conrad_Romanced,5,Conrad,"Staram się, jak mogę."
71cfcccd17dc37fc,L11 Conrad,Conrad_4_Ryan_Conrad_Romanced,6,Conrad,"Ale jak na razie dobrze, nie?"
93a2ca86985333fe,L11 Conrad,Conrad_4_Ryan_Conrad_Romanced,7,Kobold,"Myślę, że tak!"
55842427ae2db4e3,L11 Conrad,Conrad_4_Ryan_Conrad_Romanced,8,Kobold,"Jeśli ktoś taki jak Ryan jest zainteresowany, to świetnie ci idzie."
162762064c5d0461,L11 Conrad,Conrad_4_Ryan_Conrad_Romanced,10,Conrad,"Hah. Gdyby tylko był jakiś kobold, który mógłby mnie umyć."
4ae6d6619b0245f7,L11 Conrad,Conrad_4_Ryan_Conrad_Romanced,11,Kobold,Gdyby tylko.
6267e98361c404ca,L11 Conrad,Conrad_4_Ryan_Conrad_Romanced,12,Kobold,"Dopilnuję, żebyś był <i>nieskazitelny."
7c0c5a4da3de6046,L11 Conrad,Conrad_4_Ryan_Conrad_Romanced,13,Conrad,"Żarty na bok, twoja myjnia jest zdecydowanie najlepsza."
207d91f2342e8d0c,L11 Conrad,Conrad_4_Ryan_Conrad_Romanced,14,Conrad,"Dzięki. Dobrze wyglądasz, dobrze się czujesz!"
# --- progress: Conrad_4_Conrad_Romanced | if $ryan_conrad_romanced $conrad_romanced $ryan_romanced ---
a8ee5e15400fc208,L11 Conrad,Conrad_4_Conrad_Romanced,1,Conrad,Więc... Randka. Chyba chciałbym niedługo na jakąś pójść!
f2f6817fb49621c2,L11 Conrad,Conrad_4_Conrad_Romanced,3,Kobold,Bardzo chętnie!
82ddb728ff9d18a9,L11 Conrad,Conrad_4_Conrad_Romanced,4,Conrad,Tak sobie myślałem. Moglibyśmy gdzieś wyjść w przyszłym tygodniu?
fc253d9eb67cd473,L11 Conrad,Conrad_4_Conrad_Romanced,5,Kobold,Brzmi miło.
9a03666243082379,L11 Conrad,Conrad_4_Conrad_Romanced,6,Kobold,Chętnie!
67f68a72462bca9b,L11 Conrad,Conrad_4_Conrad_Romanced,7,Conrad/Ryan,Super!
45ec6449f36fb5b9,L11 Conrad,Conrad_4_Conrad_Romanced,8,Conrad,"Jak następnym razem przyjdę na mycie, to pójdziemy."
ee6194b2fabfafdc,L11 Conrad,Conrad_4_Conrad_Romanced,9,Kobold,Bardzo bym chciał!
38c7fbb586ed7788,L11 Conrad,Conrad_4_Conrad_Romanced,10,Kobold,Brzmi jak plan.
de408e85752b4a9e,L11 Conrad,Conrad_4_Conrad_Romanced,11,Conrad/Kobold/Alexander,Nie mogę się doczekać.
# --- progress: Conrad_Ryan_Romanced | if $ryan_conrad_romanced $conrad_romanced $ryan_romanced ---
8dc7f14f91542fe7,L11 Conrad,Conrad_Ryan_Romanced,1,Conrad,"Więc ty i Ryan, co?"
498cb71ee3e20098,L11 Conrad,Conrad_Ryan_Romanced,2,Kobold,"O, tak!"
37d827f8025ee687,L11 Conrad,Conrad_Ryan_Romanced,3,Kobold,Jest seksowny.
64db0ca49ca9563d,L11 Conrad,Conrad_Ryan_Romanced,4,Kobold,To smok moich marzeń.
bdfc096fee84c4fb,L11 Conrad,Conrad_Ryan_Romanced,5,Conrad,Cieszę się razem z tobą!
cb24c38318e64595,L11 Conrad,Conrad_Ryan_Romanced,6,Conrad,Na to wygląda.
0e5b54a94da4725b,L11 Conrad,Conrad_Ryan_Romanced,8,Kobold,A ty? Ktoś ciekawy?
5f9173229e51d947,L11 Conrad,Conrad_Ryan_Romanced,9,Kobold,"Tak, ja też się cieszę."
68fa6f383249196c,L11 Conrad,Conrad_Ryan_Romanced,10,Conrad,Trochę! Częściej wychodzę.
e589607da4e2983d,L11 Conrad,Conrad_Ryan_Romanced,11,Conrad,Znalazłem takiego jednego gryfa. Mniej więcej mojego wzrostu...
d69f5ee422fdf377,L11 Conrad,Conrad_Ryan_Romanced,12,Conrad,Chyba się we mnie podkochuje.
9aab87987aca7783,L11 Conrad,Conrad_Ryan_Romanced,13,Conrad,...<i><size=70%>Ja w nim na pewno.
7b42e92a68e914e0,L11 Conrad,Conrad_Ryan_Romanced,14,Conrad,Dobrze to słyszeć.
88b86bef7b86a770,L11 Conrad,Conrad_Ryan_Romanced,15,Conrad,"Ta, wygląda na takiego, co potrafi zagrać na nerwach."
# --- jerkoff: Conrad_4_JerkOff_Start ---
395b9d676b6c01c5,L11 Conrad,Conrad_4_JerkOff_Start,1,Conrad,"O... Teraz? Dobra, wchodzę w to."
# --- cum: Conrad_4_Cum ---
cf5ea034da108d57,L11 Conrad,Conrad_4_Cum,1,Conrad,Nnnf... To było o niebo lepsze niż te jagody.
# --- mount_start: Conrad_4_Mount_Start ---
9c4eeb4a7cc4c1e1,L11 Conrad,Conrad_4_Mount_Start,1,Conrad,"Ej! Kozioł! Kurwa, tak."
# --- mount_finish: Conrad_4_Mount_Finish ---
307f6f92f16156e7,L11 Conrad,Conrad_4_Mount_Finish,1,Conrad,Haah. To najlepsza pierdolona myjnia.
# --- outro: Conrad_Outro_4 ---
4012236175bc195e,L11 Conrad,Conrad_Outro_4,1,Kobold,Powinieneś być cały czysty!
4a93a020168bbd0d,L11 Conrad,Conrad_Outro_4,2,Kobold,Chyba to tyle.
2ce654e6ba32ebb8,L11 Conrad,Conrad_Outro_4,3,Kobold,Dobrze wyglądasz tak czysty!
d6d9eff64b0d7187,L11 Conrad,Conrad_Outro_4,4,Kobold,<i>Lubię polewać cię wodą.
feda452e0c677f41,L11 Conrad,Conrad_Outro_4,5,Kobold,No dobrze! To powinno być wszystko.
e2956ac74f8acb8e,L11 Conrad,Conrad_Outro_4,6,Kobold,Chyba każdy kawałek zrobiony.
# --- outro: Conrad_Outro_4_Ryan_Conrad_Romanced | if $ryan_conrad_romanced $conrad_romanced $ryan_romanced ---
0fa2abeece5fd3de,L11 Conrad,Conrad_Outro_4_Ryan_Conrad_Romanced,1,Conrad,Ta! Czuję się czysty.
1b5f2f27de868c08,L11 Conrad,Conrad_Outro_4_Ryan_Conrad_Romanced,2,Conrad,"Hej, eee, myślisz, że mnie i Ryanowi <i>naprawdę</i> się ułoży?"
ebc110388e3748fa,L11 Conrad,Conrad_Outro_4_Ryan_Conrad_Romanced,3,Kobold/Alexander,Oczywiście!
5bc10e8175dc9422,L11 Conrad,Conrad_Outro_4_Ryan_Conrad_Romanced,4,Kobold,Mam nadzieję.
3da3a77980cb9eb9,L11 Conrad,Conrad_Outro_4_Ryan_Conrad_Romanced,5,Conrad,"Mam nadzieję, że masz rację."
43e42fb816f1d2c2,L11 Conrad,Conrad_Outro_4_Ryan_Conrad_Romanced,6,Conrad,"Ta, ja też. Jest naprawdę miły."
603a3749013e876b,L11 Conrad,Conrad_Outro_4_Ryan_Conrad_Romanced,7,Conrad,Trudno się nie denerwować po tym wszystkim...
189f4f64972cc1fe,L11 Conrad,Conrad_Outro_4_Ryan_Conrad_Romanced,8,Conrad,"Ale jestem zajebisty, więc będzie dobrze."
40b8366766a655d6,L11 Conrad,Conrad_Outro_4_Ryan_Conrad_Romanced,9,Conrad,Mam nadzieję.
dde93c3f47e98763,L11 Conrad,Conrad_Outro_4_Ryan_Conrad_Romanced,10,Conrad,Ale nasze pierwsze spotkanie poszło świetnie!
0a47996c4c389f39,L11 Conrad,Conrad_Outro_4_Ryan_Conrad_Romanced,11,Kobold,Tak? opowiadaj!
589c19f0d1fb2d81,L11 Conrad,Conrad_Outro_4_Ryan_Conrad_Romanced,12,Kobold,Świetnie! kiedy pierwsza randka?
56345c46f3840a46,L11 Conrad,Conrad_Outro_4_Ryan_Conrad_Romanced,13,Conrad,"Zadzwonił do mnie, spotkaliśmy się. Jest cholernie miły."
080824870e4c7a15,L11 Conrad,Conrad_Outro_4_Ryan_Conrad_Romanced,14,Conrad,"Powiedział, że jestem wyluzowany, zaplanowaliśmy randkę..."
d98ca4f1aac91861,L11 Conrad,Conrad_Outro_4_Ryan_Conrad_Romanced,15,Conrad,I dlatego tu jestem! Po tym myciu lecę się z nim zobaczyć.
35b34afec858433c,L11 Conrad,Conrad_Outro_4_Ryan_Conrad_Romanced,16,Conrad,Zaraz po tym myciu!
d925b0f0ac6611e6,L11 Conrad,Conrad_Outro_4_Ryan_Conrad_Romanced,17,Conrad,Idziemy do takiej knajpy z owocami morza...
5421d19c6a9cd188,L11 Conrad,Conrad_Outro_4_Ryan_Conrad_Romanced,18,Conrad,Mam już zarezerwowane miejsce w klubie.
6ffd2844813c419e,L11 Conrad,Conrad_Outro_4_Ryan_Conrad_Romanced,19,Kobold,W takim razie lepiej cię wypuszczę!
d547385bcae74ca2,L11 Conrad,Conrad_Outro_4_Ryan_Conrad_Romanced,20,Kobold,Cieszę się razem z tobą. Otworzę bramę!
9458fe24a9152c2b,L11 Conrad,Conrad_Outro_4_Ryan_Conrad_Romanced,21,Conrad,"Hah... Ta, nie mogę się doczekać."
83a4b4bd32149db8,L11 Conrad,Conrad_Outro_4_Ryan_Conrad_Romanced,22,Conrad,"Dzięki, ja też nie mogę się doczekać."
# --- outro: Conrad_Outro_4_Conrad_Romanced | if $ryan_conrad_romanced $conrad_romanced $ryan_romanced ---
ad0500f8d2500c0f,L11 Conrad,Conrad_Outro_4_Conrad_Romanced,1,Conrad,"Czuję się nieskazitelnie, jak zawsze."
297d60c9e5c25580,L11 Conrad,Conrad_Outro_4_Conrad_Romanced,2,Conrad,"A, i wymyśliłem, gdzie pójdziemy."
f22c7f64f7e136d4,L11 Conrad,Conrad_Outro_4_Conrad_Romanced,5,Conrad,Jest taki klub w centrum. „Wings”. Od dawna mój ulubiony.
5dcbc1f451fcc29d,L11 Conrad,Conrad_Outro_4_Conrad_Romanced,6,Conrad,Jestem tam dość ważną figurą.
99c9d7ee0966d8d1,L11 Conrad,Conrad_Outro_4_Conrad_Romanced,7,Conrad,Mógłbym nam załatwić <i>najlepsze</i> miejsca na ich show.
02f6a5560835daa6,L11 Conrad,Conrad_Outro_4_Conrad_Romanced,8,Kobold,"Hah, dobra. Wchodzę w to."
7137eb7d65d8f4d8,L11 Conrad,Conrad_Outro_4_Conrad_Romanced,9,Kobold,"Ooooo, to musi być coś wielkiego."
60c5caff4aee58e9,L11 Conrad,Conrad_Outro_4_Conrad_Romanced,10,Conrad,"Kurwa, stary, ale jestem nakręcony."
d37d98f486ba54c5,L11 Conrad,Conrad_Outro_4_Conrad_Romanced,11,Conrad,Zacznę się przygotowywać.
bf3d9317290e56b0,L11 Conrad,Conrad_Outro_4_Conrad_Romanced,12,Conrad,"Jak przyjdę następnym razem, będę miał rezerwację!"
f11ccc8c0bd5ecbc,L11 Conrad,Conrad_Outro_4_Conrad_Romanced,13,Conrad,Mógłbyś otworzyć bramę?
ffcc816df16993e6,L11 Conrad,Conrad_Outro_4_Conrad_Romanced,14,Conrad,No pewnie.
c25790cd739260fd,L11 Conrad,Conrad_Outro_4_Conrad_Romanced,16,Conrad,Ty jesteś czymś wielkim
b18d301dab41755f,L11 Conrad,Conrad_Outro_4_Conrad_Romanced,17,Conrad,"Sorry, kiepsko flirtuję. Otworzysz bramę?"
# --- outro: Conrad_Outro_4_Ryan_Romanced | if $ryan_conrad_romanced $conrad_romanced $ryan_romanced ---
6fe24a5cf11acb37,L11 Conrad,Conrad_Outro_4_Ryan_Romanced,1,Conrad,Ta! czysty jak zawsze.
8f0378325ead68c7,L11 Conrad,Conrad_Outro_4_Ryan_Romanced,2,Conrad,Masz jakieś plany z ryanem?
a12011af4e943fb2,L11 Conrad,Conrad_Outro_4_Ryan_Romanced,3,Kobold,Jeszcze nie wiem.
c3393181a97b4208,L11 Conrad,Conrad_Outro_4_Ryan_Romanced,4,Kobold,Myślę o randce w najbliższym czasie.
5ef95c64f52e6263,L11 Conrad,Conrad_Outro_4_Ryan_Romanced,5,Conrad,W porządku. Wyglądacie razem naprawdę słodko.
6d8a46a5e1da81ef,L11 Conrad,Conrad_Outro_4_Ryan_Romanced,6,Conrad,"Naprawdę mam nadzieję, że wam się ułoży!"
1884386d93b6fccd,L11 Conrad,Conrad_Outro_4_Ryan_Romanced,7,Conrad,Ta! To byłoby wspaniałe.
c5cace2191af6925,L11 Conrad,Conrad_Outro_4_Ryan_Romanced,8,Conrad,Naprawdę słodko razem wyglądacie...
9e806b93dd0d48fe,L11 Conrad,Conrad_Outro_4_Ryan_Romanced,9,Conrad,"Mam nadzieję, że wam się ułoży."
83a8afa550485db4,L11 Conrad,Conrad_Outro_4_Ryan_Romanced,10,Conrad,"Ale to chyba wszystko, mógłbyś otworzyć bramę?"

# ===== Level 12: Alexander (Rainy) =====
# --- intro: Alexander_4_intro ---
0248808ddaa3479e,L12 Alexander,Alexander_4_intro,1,Alexander,Dobry wieczór!
d3d306a15d158e29,L12 Alexander,Alexander_4_intro,2,Kobold,Cześććć! Cześć!
68094c643e49d3c6,L12 Alexander,Alexander_4_intro,3,Kobold,"Hej, Alexander!"
e8c921ab9051f110,L12 Alexander,Alexander_4_intro,4,Alexander,"Hah, jak zawsze pełen zapału."
3b767556f3eeaa3b,L12 Alexander,Alexander_4_intro,5,Alexander,Cudownie jest wrócić!
96ed1471d1f86a4d,L12 Alexander,Alexander_4_intro,6,Alexander,Deszcz dziś nie odpuszcza!
429d93ef0fafbe8a,L12 Alexander,Alexander_4_intro,7,Alexander,Nastrój jest przyjemny.
a9945cd0cd165325,L12 Alexander,Alexander_4_intro,8,Kobold,Deszcz jest fajny.
7259414f82b0b97a,L12 Alexander,Alexander_4_intro,9,Kobold,Zawsze nie cierpiałem deszczu.
bfad19e22f9652cc,L12 Alexander,Alexander_4_intro,10,Alexander,"Zgadzam się, choć i tak chętnie zostałbym wpuszczony, gdy tylko będzie to dogodne."
91a5c27ef059ab24,L12 Alexander,Alexander_4_intro,12,Alexander,"Rozumiem chyba niechęć do bałaganu, jaki może powodować."
882df59f0a75b295,L12 Alexander,Alexander_4_intro,13,Alexander,Ale właśnie dlatego tu jestem!
990e43e4f2687cdf,L12 Alexander,Alexander_4_intro,14,Kobold,Dobrze! Pójdę otworzyć panu bramę.
846b613e707ce00d,L12 Alexander,Alexander_4_intro,15,Kobold,Yip! <size=70%>(Brama)
1ceb64d9cf6889fd,L12 Alexander,Alexander_4_intro,17,Alexander,"Mmm, rozumiem, że to znaczy, iż otworzy pan bramę?"
56deaef9d6b92a31,L12 Alexander,Alexander_4_intro,18,Kobold,Yip! <size=70%>(Tak)
fd0d3e3077aaf4ce,L12 Alexander,Alexander_4_intro,19,Alexander,"Nie jestem pewien, czemu nagle rozumiem pańskie „Yipy”"
7a919cef111fe275,L12 Alexander,Alexander_4_intro,20,Kobold,"Yip! <size=70%>(To dlatego, że uśpiona część pańskiego smoczego umysłu przypomina sobie głęboko zakorzeniony językowy most między pańskim a moim gatunkiem. Niesie on w sobie głębokie znaczenie i intencję koboldzich „Yipów”. To nagłe zrozumienie wynika po prostu z tego, że nasza więź z czasem rośnie i aktywuje tę część pańskiego umysłu.)"
6d8c462224bca1b5,L12 Alexander,Alexander_4_intro,21,Kobold,Yip! <size=70%>(nie wiem)
8e7ead434fce5609,L12 Alexander,Alexander_4_intro,24,Alexander,Czy mógłby pan otworzyć bramę...?
19be549c91d82ff3,L12 Alexander,Alexander_4_intro,25,Alexander,Niech będzie. Poczekam!
# --- progress: Alexander_4_required ---
c19ca0647cc1a583,L12 Alexander,Alexander_4_required,1,Alexander,Zastanawiałem się...
6d9630067757f781,L12 Alexander,Alexander_4_required,2,Alexander,Nie mogłem nie zauważyć tego... urządzenia tam.
7bd6925025a24288,L12 Alexander,Alexander_4_required,3,Alexander,"To kozioł, nieprawdaż?"
54b9fbcd575cd0a7,L12 Alexander,Alexander_4_required,4,Kobold,A jakże!
1f5aad5cbae1a020,L12 Alexander,Alexander_4_required,5,Kobold,Chce pan z niego skorzystać?
36a85b3430aa6639,L12 Alexander,Alexander_4_required,6,Alexander,Ja... zastanawiam się...
d2b8ae469c604bfb,L12 Alexander,Alexander_4_required,7,Alexander,"Czy mógłbym, eem..."
577e4edfcd4fa53d,L12 Alexander,Alexander_4_required,8,Alexander,Może tak...
4caa8162834de434,L12 Alexander,Alexander_4_required,9,Alexander,Po prostu być może...
d89de41838a75fa0,L12 Alexander,Alexander_4_required,10,Kobold,"Jeśli chce pan z niego skorzystać, to nie ma sprawy!"
68ad27123e1df879,L12 Alexander,Alexander_4_required,11,Kobold,"Nie trzeba się denerwować, Alexandrze!"
6dece6f0ec399d4e,L12 Alexander,Alexander_4_required,12,Alexander,Chyba bym chciał?
08ab3092d83ed1d3,L12 Alexander,Alexander_4_required,13,Alexander,Wiem. Wiem.
81a4fcd2541ac990,L12 Alexander,Alexander_4_required,14,Alexander,Chyba chciałbym z niego skorzystać?
67c0f2a71f4ff613,L12 Alexander,Alexander_4_required,16,Alexander,Eee... eem...
4640c27322f55d8c,L12 Alexander,Alexander_4_required,17,Alexander,Być może...?
9739b879143b91cf,L12 Alexander,Alexander_4_required,18,Alexander,Tylko jeśli to w porządku...
e2dce2bed173fba0,L12 Alexander,Alexander_4_required,20,Kobold,"Jasne, że tak. Dzięki Conradowi, że kazał mi go sprawić."
f12929f0cef567d7,L12 Alexander,Alexander_4_required,21,Alexander,"Dobrze, dobrze... W takim razie chyba chciałbym z niego skorzystać?"
76ea754cd53f21dc,L12 Alexander,Alexander_4_required,22,Alexander,Conradowi...?
18b51cf572e4b49a,L12 Alexander,Alexander_4_required,25,Kobold,Ja nie mam nic przeciwko!
334a54e73cf69dc1,L12 Alexander,Alexander_4_required,26,Kobold,Z przyjemnością go panu przyniosę.
7bd62126f382f565,L12 Alexander,Alexander_4_required,27,Alexander,Mhm... Dziękuję.
d2c15503eb28631b,L12 Alexander,Alexander_4_required,28,Alexander,Dobrze... Dziękuję.
# --- jerkoff: Alexander_4_JerkOff_Start ---
47122b215cc11a2b,L12 Alexander,Alexander_4_JerkOff_Start,1,Alexander,"Och... Sądzę, że to jest w porządku~"
# --- cum: Alexander_4_Cum ---
ed6a9612f44b19ea,L12 Alexander,Alexander_4_Cum,1,Alexander,uff... Dziękuję za to.
# --- mount_start: Alexander_4_Mount_Start ---
1db0bf44f69526fc,L12 Alexander,Alexander_4_Mount_Start,1,Alexander,Kozioł? Ja... chyba tak!
# --- mount_finish: Alexander_4_Mount_Finish ---
76527d719ccc95a3,L12 Alexander,Alexander_4_Mount_Finish,1,Alexander,"To było... przyjemniejsze, niż się spodziewałem."
# --- outro: Alexander_4_Outro ---
35278dc46019f9b9,L12 Alexander,Alexander_4_Outro,1,Alexander,Czuję się o wiele lepiej.
5547ec33b10091a2,L12 Alexander,Alexander_4_Outro,2,Alexander,"Ja... wiem, że nikt o to nie pytał."
3ce3dec2bd740757,L12 Alexander,Alexander_4_Outro,3,Alexander,"Ale sądzę, że mnie pan czegoś nauczył."
5eca8560307cac86,L12 Alexander,Alexander_4_Outro,5,Kobold,Ale to pan jest smokiem nauczycielem.
419ecbf32abefda1,L12 Alexander,Alexander_4_Outro,6,Alexander,"Profesorem, ale tak. Nauczył mnie pan."
0b1b8529d2c3c5fc,L12 Alexander,Alexander_4_Outro,7,Alexander,"Chyba lubię, gdy ktoś się mną opiekuje?"
4df2487e01509478,L12 Alexander,Alexander_4_Outro,8,Kobold,Większość ludzi lubi!
c9f8ba59379bb60a,L12 Alexander,Alexander_4_Outro,9,Kobold,Lubię się panem opiekować.
93786b06bef36348,L12 Alexander,Alexander_4_Outro,10,Alexander,"Cóż, tak. Ale mam na myśli bardziej... pierwotnie?"
b868cb066c4b572d,L12 Alexander,Alexander_4_Outro,11,Alexander,Miło to słyszeć... Ale mam na myśli opiekę bardziej... pierwotną?
565a3630f0cfbcc5,L12 Alexander,Alexander_4_Outro,12,Alexander,"Lubię, gdy klepnięciem dłoni mówi mi pan, co mam robić."
1161a29c118dbaa6,L12 Alexander,Alexander_4_Outro,13,Alexander,Lubię pańską pewność siebie. Nawet jeśli dotyczy tylko mycia.
32c31015075eeede,L12 Alexander,Alexander_4_Outro,14,Alexander,"Miło jest oddać kontrolę, choćby na chwilę."
1651e2418c22d0c0,L12 Alexander,Alexander_4_Outro,15,Kobold,<size=70%> Wielki smok oddaje mi kontrolę. Wow.
bd051341e68cc04e,L12 Alexander,Alexander_4_Outro,16,Kobold,"Cieszę się, że mogę dać panu miejsce, gdzie może pan odpocząć."
2e1f723e42b149be,L12 Alexander,Alexander_4_Outro,17,Alexander,"To dość nowe doświadczenie, nieprawdaż?"
8212cbdd05d21f37,L12 Alexander,Alexander_4_Outro,18,Alexander,"Wrócę niebawem, dobrze? Dziękuję za mycie."
b5f8ec9a6918d554,L12 Alexander,Alexander_4_Outro,19,Alexander,"To wyzwalające. Wrócę, dobrze?"

# ===== Level 13: Ryan (Sunny) =====
# --- intro: Ryan_5_intro ---
dcd95465ccb79997,L13 Ryan,Ryan_5_intro,6,Kobold,"Hej, wielkoludzie."
a4c1cb0899f204fc,L13 Ryan,Ryan_5_intro,8,Ryan,Hej... maluchu!
df50afc7f5e2d994,L13 Ryan,Ryan_5_intro,9,Kobold,Nie jestem <i>aż tak</i> mały...
8061d3d1aed7c531,L13 Ryan,Ryan_5_intro,10,Kobold,"Więc, przyszedłeś na mycie?"
1107598aa9bc6c75,L13 Ryan,Ryan_5_intro,11,Ryan,"O, przepraszam..."
061629ac669e11f8,L13 Ryan,Ryan_5_intro,12,Ryan,Chciałem tylko podchwycić. Miło cię widzieć!
cdc7ebc001250566,L13 Ryan,Ryan_5_intro,13,Ryan,Tak!
f8c3932b65e6bbb0,L13 Ryan,Ryan_5_intro,14,Ryan,"Hej, koboldzie!"
4a5d3b88460afb6b,L13 Ryan,Ryan_5_intro,15,Ryan,Postanowiłem spróbować pieczenia.
b483e9c7e323807a,L13 Ryan,Ryan_5_intro,16,Ryan,Ostatnio mam dużo wolnego czasu.
afd9ef6045a7191c,L13 Ryan,Ryan_5_intro,17,Ryan,"Okazuje się, że pieczenie to brudna robota!"
808f38835d1deb53,L13 Ryan,Ryan_5_intro,18,Ryan,Przydałoby mi się mycie.
# --- intro: Ryan_5_intro_ryan_romanced | if $ryan_conrad_romanced $conrad_romanced $ryan_romanced ---
efa367904267d1f9,L13 Ryan,Ryan_5_intro_ryan_romanced,1,Ryan,...Mycie przed naszą dzisiejszą randką.
d510da8dc09c7bd7,L13 Ryan,Ryan_5_intro_ryan_romanced,2,Kobold,A. NO TAK.
cb4f55dc25088cef,L13 Ryan,Ryan_5_intro_ryan_romanced,3,Kobold,Bardzo się cieszę.
63b5ec8a662e7e8f,L13 Ryan,Ryan_5_intro_ryan_romanced,4,Ryan,"To dobrze, że jestem tu, żeby ci przypomnieć."
60004e58bb12dd3c,L13 Ryan,Ryan_5_intro_ryan_romanced,6,Ryan,Poczekam na bramę!
# --- intro: Ryan_5_intro ---
3ff66f86649ed3f4,L13 Ryan,Ryan_5_intro,19,Kobold,"Hej, Ryan!"
bab3e0bf3bfcf52e,L13 Ryan,Ryan_5_intro,20,Ryan,Hej! Przyszedłem na mycie.
747b7932ed2e84f2,L13 Ryan,Ryan_5_intro,24,Kobold,"Super, pójdę otworzyć bramę."
1fa67d86839c19a3,L13 Ryan,Ryan_5_intro,25,Kobold,"Jasne! Nie mogę się doczekać, żeby opowiedzieć ci o Conradzie."
4c5ca3860699fcd3,L13 Ryan,Ryan_5_intro,28,Kobold,Tak! Niedługo idę z nim na randkę.
29301eae6840e128,L13 Ryan,Ryan_5_intro,29,Kobold,"Mmmmhm, muszę się przygotować na randkę z nim."
154dbd6d6bdc9f0e,L13 Ryan,Ryan_5_intro,30,Ryan,Ekscytujące!
e1867b98d8ce23bd,L13 Ryan,Ryan_5_intro,31,Ryan,Musisz mi opowiedzieć więcej w środku.
10dc92e80220fe9b,L13 Ryan,Ryan_5_intro,33,Kobold,"Heeej, Ryan."
b57c370a0fcc7045,L13 Ryan,Ryan_5_intro,34,Ryan,Hej!
cd80a4a851309647,L13 Ryan,Ryan_5_intro,38,Kobold,Jak było na randce z Conradem?
26eed1b65d0e1370,L13 Ryan,Ryan_5_intro,39,Kobold,OPOWIADAJ O TOBIE I CONRADZIE!
b433dad7fc4cdb18,L13 Ryan,Ryan_5_intro,40,Ryan,Było świetnie!
cd235c4d7d27fbdb,L13 Ryan,Ryan_5_intro,41,Ryan,O... ale zapał!
7b1f5d058f2045c5,L13 Ryan,Ryan_5_intro,43,Ryan,Poszliśmy coś zjeść. Fajnie się gadało.
4932dbc11ab131d4,L13 Ryan,Ryan_5_intro,44,Ryan,Jedno prowadziło do drugiego...
1a86226c86c7138f,L13 Ryan,Ryan_5_intro,45,Ryan,"Poszliśmy do baru... Zrobiło się gorąco. Możesz sobie wyobrazić, co było dalej... <size=70%>Hah..."
# --- progress: Ryan_5_Required_ryan_romanced | if $ryan_romanced ---
e61676df3c022293,L13 Ryan,Ryan_5_Required_ryan_romanced,1,Ryan,Więc. Nasza dzisiejsza randka...
c022fa54258553ea,L13 Ryan,Ryan_5_Required_ryan_romanced,2,Ryan,Gdzie chciałbyś pójść?
6c0884e4717c5d5b,L13 Ryan,Ryan_5_Required_ryan_romanced,3,Kobold,Ty zdecyduj!
bbedb233b6bbe2ea,L13 Ryan,Ryan_5_Required_ryan_romanced,4,Kobold,Chciałbym pójść coś zjeść.
fb57b97d646f43c9,L13 Ryan,Ryan_5_Required_ryan_romanced,5,Kobold,Znasz jakieś dobre bary?
d2c0f4718541c240,L13 Ryan,Ryan_5_Required_ryan_romanced,6,Kobold,A może kino?
98ef145fb642c5b6,L13 Ryan,Ryan_5_Required_ryan_romanced,7,Ryan,Może moglibyśmy po prostu... pospacerować?
4bad2b5ecfe22c4a,L13 Ryan,Ryan_5_Required_ryan_romanced,8,Ryan,"Bardzo lubię, jak ktoś jedzie na moim grzbiecie."
6e8c399ff118f405,L13 Ryan,Ryan_5_Required_ryan_romanced,9,Ryan,Interesowałoby cię to?
7da2aa0d4ef74597,L13 Ryan,Ryan_5_Required_ryan_romanced,10,Kobold,Brzmi cudownie!
db39ae73af1cfae5,L13 Ryan,Ryan_5_Required_ryan_romanced,11,Kobold,Czy to nie byłoby poniżające?
3185b026252747c6,L13 Ryan,Ryan_5_Required_ryan_romanced,13,Ryan,Zawsze uwielbiałem wozić moich dwunożnych przyjaciół...
d2994ff918a23d86,L13 Ryan,Ryan_5_Required_ryan_romanced,14,Ryan,"To brzmi jak randka, nie mogę się doczekać."
3fdcf71c3e2f7ea0,L13 Ryan,Ryan_5_Required_ryan_romanced,15,Ryan,"O! Nie, wcale nie. To fajne!"
8bacddc318adc2b9,L13 Ryan,Ryan_5_Required_ryan_romanced,16,Ryan,Cały czas wożę innych dwunożnych przyjaciół.
638c1801c65c6b0c,L13 Ryan,Ryan_5_Required_ryan_romanced,17,Ryan,Na pewno coś wymyślimy! spotkajmy się po prostu na molo!
25f86d817a092ae1,L13 Ryan,Ryan_5_Required_ryan_romanced,18,Ryan,"Tak, to brzmi całkiem nieźle."
38ae2aec596ab356,L13 Ryan,Ryan_5_Required_ryan_romanced,19,Ryan,Jak tam u ciebie z owocami morza?
d7456d9e85366bc9,L13 Ryan,Ryan_5_Required_ryan_romanced,20,Kobold,Tak. Lubię ryby!
925a663e1b23d966,L13 Ryan,Ryan_5_Required_ryan_romanced,21,Kobold,"Hmmm, może coś innego?"
14d1fddd0115ee0d,L13 Ryan,Ryan_5_Required_ryan_romanced,22,Ryan,"O, super. Jestem wielkim fanem łososia."
6b59acab736bd349,L13 Ryan,Ryan_5_Required_ryan_romanced,23,Ryan,"No, jestem smokiem, ale... wiesz, o co mi chodzi."
334998266afc2476,L13 Ryan,Ryan_5_Required_ryan_romanced,24,Ryan,"To brzmi jak randka! Owoce morza, a potem zobaczymy."
a02af61e18efb0f0,L13 Ryan,Ryan_5_Required_ryan_romanced,25,Ryan,Znam całkiem niezłą koniowatą knajpę przy molo.
cf73a93aa04fdd02,L13 Ryan,Ryan_5_Required_ryan_romanced,26,Ryan,To coś w stylu końskiej kuchni fusion...
8771d66a0a1ace3e,L13 Ryan,Ryan_5_Required_ryan_romanced,27,Ryan,"Lubię ją! Myślę, że tobie też by się spodobała."
8cceef523eb8c739,L13 Ryan,Ryan_5_Required_ryan_romanced,28,Ryan,To brzmi jak randka!
5a3b18942c9e3040,L13 Ryan,Ryan_5_Required_ryan_romanced,29,Ryan,"A tak, jest takie fajne miejsce w centrum, nazywa się Wings."
4d1b2eff2bb69d21,L13 Ryan,Ryan_5_Required_ryan_romanced,30,Ryan,"Myślę, że to byłoby niezłe miejsce! Co wieczór mają dobre show."
ebbcfde5ce6709d6,L13 Ryan,Ryan_5_Required_ryan_romanced,31,Ryan,"Moglibyśmy tam pójść, a potem wziąć pokój w hotelu... Hmm."
435234dd4f3b1033,L13 Ryan,Ryan_5_Required_ryan_romanced,34,Ryan,"Myślę, że kino mogłoby być fajne!"
0ef6ac4a015fbebd,L13 Ryan,Ryan_5_Required_ryan_romanced,35,Ryan,Jaki film masz na myśli?
b64ebbe5369b5bbf,L13 Ryan,Ryan_5_Required_ryan_romanced,37,Kobold,Yip-Man – Ostatni Yip
45afe74b37ed6bb0,L13 Ryan,Ryan_5_Required_ryan_romanced,38,Kobold,Smoki galaktyki 2
a881cd2440d13252,L13 Ryan,Ryan_5_Required_ryan_romanced,39,Ryan,"O, słyszałem o tym dobre rzeczy."
00712e7d97f1872a,L13 Ryan,Ryan_5_Required_ryan_romanced,41,Ryan,Filmy o Yip-Manie są strasznie tandetne...
037e3c0c446d2b14,L13 Ryan,Ryan_5_Required_ryan_romanced,42,Ryan,Ale na pewno bym się dobrze bawił z tobą!
b1ac5509459ca2a4,L13 Ryan,Ryan_5_Required_ryan_romanced,43,Ryan,"O tak, pierwsza część mi się podobała."
eb547bf48bc9637e,L13 Ryan,Ryan_5_Required_ryan_romanced,45,Ryan,To brzmi jak randka. Nie mogę się doczekać.
# --- progress: Ryan_5_Required_conrad_romanced | if $ryan_romanced $conrad_romanced ---
1f2c5ed668dc8972,L13 Ryan,Ryan_5_Required_conrad_romanced,1,Ryan,"Więc, opowiedz mi więcej o conradzie!"
522b54ddedc9ae6c,L13 Ryan,Ryan_5_Required_conrad_romanced,2,Kobold,Ostatnio jest o wiele milszy.
9df47f9485e2d886,L13 Ryan,Ryan_5_Required_conrad_romanced,3,Kobold,"Jest jak... wielki mięczak otoczony ostrymi, kolczastymi kawałkami."
2e0446089ab2f237,L13 Ryan,Ryan_5_Required_conrad_romanced,4,Ryan,O tak? Brzmi jak niezły choleryk.
eb926b4bc196ac32,L13 Ryan,Ryan_5_Required_conrad_romanced,5,Ryan,Ale znam ten typ... W środku to zwykle wielkie mięczaki.
8ea9e02ddeed61e3,L13 Ryan,Ryan_5_Required_conrad_romanced,6,Kobold,"Tak, bardzo się poprawił."
5085892250461c04,L13 Ryan,Ryan_5_Required_conrad_romanced,7,Kobold,Tak. Podoba mi się.
53011f72775c8ca4,L13 Ryan,Ryan_5_Required_conrad_romanced,8,Ryan,Naprawdę dobrze to słyszeć.
4fbcc070e27c4736,L13 Ryan,Ryan_5_Required_conrad_romanced,9,Ryan,"Nie ma nic bardziej pociągającego niż facet, który potrafi się poprawić!"
aa8e7dea9ad61538,L13 Ryan,Ryan_5_Required_conrad_romanced,10,Ryan,"Cieszę się, że wam się układa."
390bea406a842664,L13 Ryan,Ryan_5_Required_conrad_romanced,11,Ryan,"Super. Cieszę się, że wam się układa."
f147cd900de98aeb,L13 Ryan,Ryan_5_Required_conrad_romanced,12,Ryan,"A, tak, tacy są całkiem uroczy."
883fec192f3d1119,L13 Ryan,Ryan_5_Required_conrad_romanced,13,Ryan,"Z tego, co słyszałem, ostatnio bardzo się poprawił, tak?"
b5060af9808e8c7c,L13 Ryan,Ryan_5_Required_conrad_romanced,14,Kobold,"Mhm, stara się."
702195668cf48039,L13 Ryan,Ryan_5_Required_conrad_romanced,15,Kobold,"Myślę, że był w złym otoczeniu. Teraz ma się lepiej."
1e681c01b417052f,L13 Ryan,Ryan_5_Required_conrad_romanced,16,Ryan,"O więcej nie można prosić, prawda?"
9056022b2085d3b7,L13 Ryan,Ryan_5_Required_conrad_romanced,17,Ryan,"Ale cieszę się, że wam się układa."
932d7df9b58f5376,L13 Ryan,Ryan_5_Required_conrad_romanced,18,Ryan,Dobrze to słyszeć.
# --- progress: Ryan_5_Required_ryan_conrad_romanced | if $ryan_romanced $conrad_romanced $ryan_conrad_romanced ---
e76e544c771880f3,L13 Ryan,Ryan_5_Required_ryan_conrad_romanced,1,Ryan,Conrad mówił o tobie podczas naszej randki.
2e21aa0b86c092fb,L13 Ryan,Ryan_5_Required_ryan_conrad_romanced,3,Kobold,Co mówił?
271a662aed24f160,L13 Ryan,Ryan_5_Required_ryan_conrad_romanced,4,Ryan,"Opowiedział mi o tym, jak go pobili."
1b0b214cb2df69ec,L13 Ryan,Ryan_5_Required_ryan_conrad_romanced,5,Ryan,"Myślę, że pomogłeś mu o wiele bardziej, niż ci się wydaje."
ad14c398c575824b,L13 Ryan,Ryan_5_Required_ryan_conrad_romanced,7,Kobold,Robiłem tylko swoje!
daddaa15545566ce,L13 Ryan,Ryan_5_Required_ryan_conrad_romanced,8,Ryan,"Jasne, ale w tamtej chwili potrzebował kogoś, komu zależy."
f03747feadc10e71,L13 Ryan,Ryan_5_Required_ryan_conrad_romanced,9,Ryan,"Z tego, co zrozumiałem, nikomu... no, od dawna na nim nie zależało."
2ed3613575959ca6,L13 Ryan,Ryan_5_Required_ryan_conrad_romanced,10,Ryan,"Nawet jeśli tylko robiłeś swoje... myślę, że bardzo mu to pomogło."
658add118bb17ed5,L13 Ryan,Ryan_5_Required_ryan_conrad_romanced,11,Ryan,"Więc, w jego imieniu, dzięki, że ci zależało."
8ca78aefdf9d3b44,L13 Ryan,Ryan_5_Required_ryan_conrad_romanced,12,Ryan,"Wiem, że bywa trochę porywczy i zapomina dziękować."
9176dd2bd815750c,L13 Ryan,Ryan_5_Required_ryan_conrad_romanced,13,Kobold,Och... dzięki.
5a4dcf1ccff086af,L13 Ryan,Ryan_5_Required_ryan_conrad_romanced,14,Kobold,Miło mi to słyszeć.
6db8bf6280f68edb,L13 Ryan,Ryan_5_Required_ryan_conrad_romanced,15,Ryan,A. I jeszcze jedno.
49e6d82bb7d163af,L13 Ryan,Ryan_5_Required_ryan_conrad_romanced,16,Ryan,Po randce uprawialiśmy też seks.
e06e957ec854ab4c,L13 Ryan,Ryan_5_Required_ryan_conrad_romanced,17,Kobold,<size=70%><i>Wow...
9b2ad1c8b149bf00,L13 Ryan,Ryan_5_Required_ryan_conrad_romanced,19,Ryan,"Hah, tak. Conrad zdecydowanie ma doświadczenie..."
bc156217e847a8df,L13 Ryan,Ryan_5_Required_ryan_conrad_romanced,20,Ryan,"Cooo? Nic w tym złego! pomyślałem, że chciałbyś wiedzieć."
# --- jerkoff: Ryan_5_JerkOff_Start ---
9fec39c7cefbaca2,L13 Ryan,Ryan_5_JerkOff_Start,1,Ryan,"Heh... Dzisiaj lubisz dotykać, co?"
# --- cum: Ryan_5_Cum ---
6f8c64dde681ced5,L13 Ryan,Ryan_5_Cum,1,Ryan,Uff... Potrzebowałem tego. Dziękuję.
# --- mount_start: Ryan_5_Mount_Start ---
c7f3dbd886d929a7,L13 Ryan,Ryan_5_Mount_Start,1,Ryan,Kozioł? Jasne!
# --- mount_finish: Ryan_5_Mount_Finish ---
48ffbc93e2486713,L13 Ryan,Ryan_5_Mount_Finish,1,Ryan,Uff... Dzięki za to.
# --- outro: Ryan_5_Outro_ryan_romanced | if $ryan_romanced ---
6fc39ec69d974bb4,L13 Ryan,Ryan_5_Outro_ryan_romanced,1,Ryan,Chyba dotarłeś do każdego kawałka.
c9e5fbe3317edd3f,L13 Ryan,Ryan_5_Outro_ryan_romanced,2,Ryan,"Wiesz, co to znaczy..."
f553e58b991e05cc,L13 Ryan,Ryan_5_Outro_ryan_romanced,3,Kobold,WIECZÓR RANDKOWY!
0eb7accf7a8bffc3,L13 Ryan,Ryan_5_Outro_ryan_romanced,6,Ryan,"To znaczy, że jestem gotowy na randkę z pewnym koboldem."
e7da2124354de72f,L13 Ryan,Ryan_5_Outro_ryan_romanced,7,Ryan,"Wiem, że musisz zamknąć zakład. Dopilnuję, żebyś dostał adres, i spotkamy się tam, dobrze?"
6b7ea0261a825f1b,L13 Ryan,Ryan_5_Outro_ryan_romanced,8,Kobold,Brzmi dobrze!
7809df3c2e9fa860,L13 Ryan,Ryan_5_Outro_ryan_romanced,10,Ryan,Naprawdę nie mogę się tego doczekać.
dc9e132cf2897c30,L13 Ryan,Ryan_5_Outro_ryan_romanced,12,Ryan,"Dobra, idź otworzyć bramę, a ja ruszam na miejsce!"
7d5a43fcbb4e03de,L13 Ryan,Ryan_5_Outro_ryan_romanced,13,Ryan,Do zobaczenia wkrótce.
# --- outro: Ryan_5_Outro_conrad_romanced | if $ryan_romanced $conrad_romanced ---
b050469dea41d597,L13 Ryan,Ryan_5_Outro_conrad_romanced,2,Ryan,Dzięki za pomoc.
25ec1c59caa5e66c,L13 Ryan,Ryan_5_Outro_conrad_romanced,3,Kobold,Zawsze chętnie cię umyję!
2a67fb93196e8722,L13 Ryan,Ryan_5_Outro_conrad_romanced,5,Ryan,O... nie tylko za mycie.
2140dcb75dc2d0f9,L13 Ryan,Ryan_5_Outro_conrad_romanced,6,Ryan,"No, tak ogólnie."
a6d4dab5c8699946,L13 Ryan,Ryan_5_Outro_conrad_romanced,7,Ryan,"To rozstanie, przez które przeszedłem, było ciężkie."
1fd66775cea2eb4b,L13 Ryan,Ryan_5_Outro_conrad_romanced,8,Ryan,To była miła odskocznia.
8f4dc96f133fa75c,L13 Ryan,Ryan_5_Outro_conrad_romanced,9,Ryan,I naprawdę cieszę się z ciebie i Conrada.
8ed791569d35f02c,L13 Ryan,Ryan_5_Outro_conrad_romanced,10,Ryan,"Zobaczymy się, jak przyjdę następnym razem, tak?"
d38d6a1844481871,L13 Ryan,Ryan_5_Outro_conrad_romanced,11,Kobold,"Zawsze miło cię widzieć, Ryan."
c88980c837fb6592,L13 Ryan,Ryan_5_Outro_conrad_romanced,12,Kobold,Pójdę otworzyć ci bramę
b1e1c4e40f4aaeec,L13 Ryan,Ryan_5_Outro_conrad_romanced,13,Ryan,Ciebie też. Dzięki za mycie.
# --- outro: Ryan_5_Outro_ryan_conrad_romanced | if $ryan_romanced $conrad_romanced $ryan_conrad_romanced ---
c5f14714a1e0439c,L13 Ryan,Ryan_5_Outro_ryan_conrad_romanced,8,Ryan,To była cudowna odskocznia...
3eb55bf5de9c718b,L13 Ryan,Ryan_5_Outro_ryan_conrad_romanced,9,Ryan,Poznałeś mnie też z Conradem.
7aa8987bf569468c,L13 Ryan,Ryan_5_Outro_ryan_conrad_romanced,10,Ryan,Jest wspaniały.

# ===== Level 14: Conrad (Night) =====
# --- intro: Conrad_5_intro_ryan_romanced | if $ryan_conrad_romanced $conrad_romanced $ryan_romanced ---
ab4070df9f9d3980,L14 Conrad,Conrad_5_intro_ryan_romanced,1,Conrad,"<size=140%>HEJ, <size=100%>przyszedłem na mycie."
8597b1ea1423580d,L14 Conrad,Conrad_5_intro_ryan_romanced,2,Kobold,"Hej, Conrad."
3ed1272125c54574,L14 Conrad,Conrad_5_intro_ryan_romanced,3,Kobold,Co cię sprowadza tak późno?
d90de33a2137108a,L14 Conrad,Conrad_5_intro_ryan_romanced,4,Conrad,"Ta, to ja."
2ca9d5b1cf89ccc8,L14 Conrad,Conrad_5_intro_ryan_romanced,5,Conrad,Idę dziś wieczorem do centrum. Musiałem być bez skazy. Słuchaj...
f5ebf2a456433609,L14 Conrad,Conrad_5_intro_ryan_romanced,6,Conrad,"Słyszałem o tobie i tym wielkim niebieskim. Ryan, tak?"
061d649bf4c733b7,L14 Conrad,Conrad_5_intro_ryan_romanced,7,Conrad,"Założę się, że było fajnie."
4193e2b4730c89ad,L14 Conrad,Conrad_5_intro_ryan_romanced,8,Conrad,"Mam nadzieję, że dobrze poszło."
63ecf81d4e111712,L14 Conrad,Conrad_5_intro_ryan_romanced,9,Kobold,"Poszło! Dzięki, że pytasz."
0c7c795d2dd5eb76,L14 Conrad,Conrad_5_intro_ryan_romanced,10,Kobold,Dobrze poszło.
ae61bf1949b59852,L14 Conrad,Conrad_5_intro_ryan_romanced,12,Conrad,A teraz!
25ba5fd876754270,L14 Conrad,Conrad_5_intro_ryan_romanced,13,Conrad,Conrad potrzebuje mycia!
# --- intro: Conrad_5_intro_conrad_romanced | if $ryan_conrad_romanced $conrad_romanced $ryan_romanced ---
76777c9ea422832b,L14 Conrad,Conrad_5_intro_conrad_romanced,1,Conrad,"Hej, przystojniaku"
0b7efee62380b6cd,L14 Conrad,Conrad_5_intro_conrad_romanced,2,Conrad,Jak wyglądam?
060982be63865e2c,L14 Conrad,Conrad_5_intro_conrad_romanced,3,Kobold,Bardzo spoko
b6fff34d007d61c9,L14 Conrad,Conrad_5_intro_conrad_romanced,4,Kobold,Ehh...
806a4d3418ed236d,L14 Conrad,Conrad_5_intro_conrad_romanced,5,Conrad,Ta! No wiem!
4bd075c280186208,L14 Conrad,Conrad_5_intro_conrad_romanced,6,Conrad,Ale nie na randkę.
777560a71762cf9b,L14 Conrad,Conrad_5_intro_conrad_romanced,7,Conrad,No to zmyjmy to przed naszą dzisiejszą randką.
364ea49c3b6c9895,L14 Conrad,Conrad_5_intro_conrad_romanced,8,Conrad,Ha!
3ef6b1f5eeda632e,L14 Conrad,Conrad_5_intro_conrad_romanced,9,Conrad,Tylko się wygłupiam.
ec760ba3440257aa,L14 Conrad,Conrad_5_intro_conrad_romanced,10,Conrad,"Dobra, to zmyjmy to przed naszą dzisiejszą randką."
300d848a1b6703e2,L14 Conrad,Conrad_5_intro_conrad_romanced,12,Kobold,"Muszę dopilnować, żebyś był bez skazy!"
260d7e3607c0eca1,L14 Conrad,Conrad_5_intro_conrad_romanced,14,Conrad,Heh... No pewnie.
d875bd1d6febfd53,L14 Conrad,Conrad_5_intro_conrad_romanced,15,Conrad,Jestem nakręcony.
a652a464f67481de,L14 Conrad,Conrad_5_intro_conrad_romanced,16,Conrad,"Mam już miejsca w tym barze, o którym wspominałem."
ce3783abd13119b6,L14 Conrad,Conrad_5_intro_conrad_romanced,17,Conrad,Klimat wieczorem jest zajebisty.
18ed0c57d649df67,L14 Conrad,Conrad_5_intro_conrad_romanced,18,Conrad,Spodoba ci się.
# --- intro: Conrad_5_intro_ryan_conrad_romanced | if $ryan_conrad_romanced $conrad_romanced $ryan_romanced ---
9ec8a28e82bf29dd,L14 Conrad,Conrad_5_intro_ryan_conrad_romanced,1,Conrad,Heeej.
ce0517f9b97181e5,L14 Conrad,Conrad_5_intro_ryan_conrad_romanced,2,Kobold,Czemu masz taki dobry humor?
9560e52eac466c54,L14 Conrad,Conrad_5_intro_ryan_conrad_romanced,4,Conrad,Moja randka z Ryanem była...
f1afc0e7b46c4e3f,L14 Conrad,Conrad_5_intro_ryan_conrad_romanced,5,Conrad,Cholernie udana!
line:ab3a5d9c,L14 Conrad,Conrad_5_intro_ryan_conrad_romanced,6,Conrad,Siema.
4b512432c16ce478,L14 Conrad,Conrad_5_intro_ryan_conrad_romanced,9,Conrad,"Sorry, że tak późno. Sen mi się rozjebał."
258282b3a0c1182a,L14 Conrad,Conrad_5_intro_ryan_conrad_romanced,10,Conrad,Ale przyszedłem tylko na mycie.
b67855af6a6d0c66,L14 Conrad,Conrad_5_intro_ryan_conrad_romanced,11,Kobold,Musisz mi niedługo opowiedzieć wszystkie szczegóły o Ryanie.
9ab1cc314a249eac,L14 Conrad,Conrad_5_intro_ryan_conrad_romanced,12,Kobold,Dobra! Pójdę otworzyć bramę.
1d28eb42dcdd879d,L14 Conrad,Conrad_5_intro_ryan_conrad_romanced,13,Conrad,Spokojnie. Opowiem.
# --- progress: Conrad_5_required_ryan_romanced | if $ryan_romanced ---
189bf8eff795718a,L14 Conrad,Conrad_5_required_ryan_romanced,1,Conrad,"Ej, sorry, że tak późno."
cf69f255df6f95af,L14 Conrad,Conrad_5_required_ryan_romanced,2,Kobold,W porządku. Zamykam za jakąś godzinę.
3aa0d9279bff43d9,L14 Conrad,Conrad_5_required_ryan_romanced,3,Kobold,"Możesz wpadać, kiedy chcesz!"
f135fa715daf4f0c,L14 Conrad,Conrad_5_required_ryan_romanced,4,Conrad,"A. Dobra, nieważne, to nie przepraszam."
b127befdbae1da68,L14 Conrad,Conrad_5_required_ryan_romanced,6,Conrad,Twoja randka z Ryanem.
e00a5000d0f2cd2a,L14 Conrad,Conrad_5_required_ryan_romanced,8,Conrad,Jaki był seks.
7bd3b05552e5bd75,L14 Conrad,Conrad_5_required_ryan_romanced,10,Kobold,O. Eem. <size=70%>Dobry.
051b72b94276cf81,L14 Conrad,Conrad_5_required_ryan_romanced,11,Conrad,"Ej, nie ma nic złego w pytaniu!"
d5e5e7ee92b23759,L14 Conrad,Conrad_5_required_ryan_romanced,12,Conrad,"Czyli brzmi, jakby był dobry."
83e2bb850a49b35e,L14 Conrad,Conrad_5_required_ryan_romanced,13,Conrad,"Hah, tak sobie wyobrażam."
9f69f9b215b926ee,L14 Conrad,Conrad_5_required_ryan_romanced,14,Conrad,Naprawdę nieźle umiesz posługiwać się łapami.
2c910bcdb2651bf0,L14 Conrad,Conrad_5_required_ryan_romanced,15,Conrad,Zazdroszczę!
9e8a396c1742ffde,L14 Conrad,Conrad_5_required_ryan_romanced,16,Conrad,"...Ale nie w taki zły, dziwny sposób."
# --- progress: Conrad_5_required_conrad_romanced | if $ryan_romanced $conrad_romanced ---
63b786e95b90bc5e,L14 Conrad,Conrad_5_required_conrad_romanced,1,Conrad,Więc. Dziś wieczorem.
6a74a80cafdccde8,L14 Conrad,Conrad_5_required_conrad_romanced,6,Conrad,Powinieneś.
06318559748ee640,L14 Conrad,Conrad_5_required_conrad_romanced,7,Conrad,Pokochasz to.
6c4d5b09c5034364,L14 Conrad,Conrad_5_required_conrad_romanced,8,Conrad,Światła w okolicy też są świetne.
95e9b7e01259ac1e,L14 Conrad,Conrad_5_required_conrad_romanced,9,Conrad,Naprawdę tworzą nastrój.
66e39f6379268a82,L14 Conrad,Conrad_5_required_conrad_romanced,10,Kobold,Zostaw tworzenie nastroju na wieczór!
f9ae65b8ce359331,L14 Conrad,Conrad_5_required_conrad_romanced,12,Conrad,Hah. Dobra.
1d1baaa8db27cb04,L14 Conrad,Conrad_5_required_conrad_romanced,13,Conrad,"A, tak."
ff84a4b13b8be2a4,L14 Conrad,Conrad_5_required_conrad_romanced,14,Conrad,"Jak będę czysty, lecę przygotować nasze miejsce."
# --- progress: Conrad_5_required_ryan_conrad_romanced | if $ryan_romanced $conrad_romanced $ryan_conrad_romanced ---
1598446fc49cdf80,L14 Conrad,Conrad_5_required_ryan_conrad_romanced,1,Conrad,Ryan to taki miły smok.
e2e3e43114ab1531,L14 Conrad,Conrad_5_required_ryan_conrad_romanced,2,Kobold/Conrad,Naprawdę jest.
73f5014bc8782ad4,L14 Conrad,Conrad_5_required_ryan_conrad_romanced,4,Conrad,"Ta, jest dla mnie taki dobry."
953a9b287930c86a,L14 Conrad,Conrad_5_required_ryan_conrad_romanced,5,Conrad,Jest... uważny. I naprawdę wyrozumiały.
41d3eda9c195fe48,L14 Conrad,Conrad_5_required_ryan_conrad_romanced,6,Conrad,"Jak go pierwszy raz spotkałem, wracałem do starego schematu."
42fb7bc16778c0a5,L14 Conrad,Conrad_5_required_ryan_conrad_romanced,7,Conrad,"... Szczerze, zachowywałem się jak dupek."
66ad79997bc62825,L14 Conrad,Conrad_5_required_ryan_conrad_romanced,8,Conrad,"A on po prostu... wiedział, co powiedzieć, żeby mnie z tego wyrwać."
7f8b591142c62352,L14 Conrad,Conrad_5_required_ryan_conrad_romanced,9,Kobold,To naprawdę miłe!
98e27e864ef9bcd4,L14 Conrad,Conrad_5_required_ryan_conrad_romanced,10,Kobold,Ryan to kochana dusza
7d6c8c039970d352,L14 Conrad,Conrad_5_required_ryan_conrad_romanced,11,Conrad,Ta... Jest naprawdę wspaniały.
5e25d0f2371f53e0,L14 Conrad,Conrad_5_required_ryan_conrad_romanced,13,Conrad,"Dzięki, że mnie z nim poznałeś."
# --- jerkoff: Conrad_5_JerkOff_Start ---
c96d891724f6aacb,L14 Conrad,Conrad_5_JerkOff_Start,1,Conrad,Hah... Zwalisz mi teraz? Spoko.
# --- cum: Conrad_5_Cum ---
51bfc34995242b1a,L14 Conrad,Conrad_5_Cum,1,Conrad,"Kuuurwa. Ty naprawdę wiesz, jak obsłużyć smoka!"
# --- outro: Conrad_5_outro_ryan_romanced | if $ryan_romanced ---
311729708567a9d6,L14 Conrad,Conrad_5_outro_ryan_romanced,1,Kobold,Gotowe!
84da55b8523dba73,L14 Conrad,Conrad_5_outro_ryan_romanced,2,Kobold,Jesteś <i>bez skazy.
2bde145654bd4a8f,L14 Conrad,Conrad_5_outro_ryan_romanced,3,Conrad,Na to wygląda.
af144d6cb4daa5e6,L14 Conrad,Conrad_5_outro_ryan_romanced,4,Conrad,No i git.
8c873098ac0042a6,L14 Conrad,Conrad_5_outro_ryan_romanced,5,Conrad,Dzięki za mycie tak późno w nocy.
028e30f8adf6e6ad,L14 Conrad,Conrad_5_outro_ryan_romanced,6,Conrad,"Musisz mnie informować, co u ciebie i Ryana, dobra?"
a398eca1fb8d9924,L14 Conrad,Conrad_5_outro_ryan_romanced,7,Conrad,No nieważne...
234fc4abfc8d8619,L14 Conrad,Conrad_5_outro_ryan_romanced,8,Conrad,Wypuść <i>wielkiego C</i> z tego miejsca!
a53a782390260e09,L14 Conrad,Conrad_5_outro_ryan_romanced,9,Kobold,wielkiego C...?
8e369560d1581070,L14 Conrad,Conrad_5_outro_ryan_romanced,10,Kobold,"Dobrze, Conrad."
f6b30f28e561466d,L14 Conrad,Conrad_5_outro_ryan_romanced,12,Conrad,"Taaa, nie zostanę przy tej ksywce."
ac2b2c6605839727,L14 Conrad,Conrad_5_outro_ryan_romanced,13,Conrad,Hah... No...
fc66fcc7fd7d0e4d,L14 Conrad,Conrad_5_outro_ryan_romanced,14,Conrad,"Dobra, nara!"
# --- outro: Conrad_5_outro_conrad_romanced | if $ryan_romanced $conrad_romanced ---
9333db61bcc08052,L14 Conrad,Conrad_5_outro_conrad_romanced,1,Conrad,Cały czysty...
8b45593ada7894a3,L14 Conrad,Conrad_5_outro_conrad_romanced,2,Conrad,"Wiesz, co to znaczy."
53e54ad7b23e6757,L14 Conrad,Conrad_5_outro_conrad_romanced,3,Kobold,Wieczór randkowy!
4f319a155b3e572c,L14 Conrad,Conrad_5_outro_conrad_romanced,4,Kobold,Najpierw muszę zamknąć zakład...
f3296c9825518630,L14 Conrad,Conrad_5_outro_conrad_romanced,6,Conrad,"Zajmę ci miejsce, kiedy będziesz zamykać."
c215e512d572e96c,L14 Conrad,Conrad_5_outro_conrad_romanced,7,Conrad,"Wiem, zajmę ci miejsce!"
22d803e60de439a9,L14 Conrad,Conrad_5_outro_conrad_romanced,8,Conrad,Dobra! Jestem gotowy.
092af5ec90bd21c7,L14 Conrad,Conrad_5_outro_conrad_romanced,9,Conrad,Będę na ciebie czekał dziś wieczorem w barze!
# --- outro: Conrad_5_outro_ryan_conrad_romanced | if $ryan_romanced $conrad_romanced $ryan_conrad_romanced ---
e079ff157877ea28,L14 Conrad,Conrad_5_outro_ryan_conrad_romanced,1,Conrad,Chyba dotarłeś do każdego kawałka!
6749954edebda844,L14 Conrad,Conrad_5_outro_ryan_conrad_romanced,2,Conrad,Zejdę ci już z łuski.
2bc72fd03dd6d9e7,L14 Conrad,Conrad_5_outro_ryan_conrad_romanced,3,Conrad,"Dzięki, że wpuściłeś mnie tak późno."
f001e3ed4df7e0ee,L14 Conrad,Conrad_5_outro_ryan_conrad_romanced,4,Kobold,Nie ma sprawy!
9d4a6cd35afcc17e,L14 Conrad,Conrad_5_outro_ryan_conrad_romanced,5,Kobold,"Zawsze miło cię gościć, Conrad."
5e4e2c64bc630fa1,L14 Conrad,Conrad_5_outro_ryan_conrad_romanced,6,Conrad,Mmmhm. Popracuję nad rytmem snu...
5c58c3e6d4c7dc65,L14 Conrad,Conrad_5_outro_ryan_conrad_romanced,7,Conrad,Dzięki. Zawsze mi tu dobrze.
163137d1bff25904,L14 Conrad,Conrad_5_outro_ryan_conrad_romanced,8,Conrad,No nieważne. Mógłbyś otworzyć bramę?
94d29a68cf0c8c31,L14 Conrad,Conrad_5_outro_ryan_conrad_romanced,9,Conrad,Noc sama się nie zacznie!

# ===== Level 15: Alexander (Sunny) =====
# --- intro: Alexander_5_intro ---
bc3d56d7794e4370,L15 Alexander,Alexander_5_intro,6,Kobold,"Hej, Alexander."
1bef44aeb393caf0,L15 Alexander,Alexander_5_intro,7,Kobold,"Hej, wielkoludzie!"
2d8bd7d9bb5f85ba,L15 Alexander,Alexander_5_intro,8,Alexander,Witam.
b048841add4ee6cf,L15 Alexander,Alexander_5_intro,10,Alexander,Przyszedłem na mycie.
beeee2948bf1c30a,L15 Alexander,Alexander_5_intro,11,Alexander,"Mam nadzieję, że wszystko u pana w porządku!"
906a59351176dc24,L15 Alexander,Alexander_5_intro,12,Kobold,Tak! Właśnie byłem na randce z Ryanem.
2a75724b922176cf,L15 Alexander,Alexander_5_intro,13,Alexander,"Doprawdy? Ten błękitny drak, którego tu widywałem?"
1f4da5e1dde7e17c,L15 Alexander,Alexander_5_intro,14,Alexander,"Cudownie słyszeć, że się pan z kimś spotyka!"
50f1967e1e33cecf,L15 Alexander,Alexander_5_intro,15,Kobold,Tak! Właśnie byłem na randce z Conradem.
0738da2a76bc2231,L15 Alexander,Alexander_5_intro,16,Alexander,Doprawdy? Ten mały czerwony drak?
896dc87e931d64eb,L15 Alexander,Alexander_5_intro,18,Kobold,"Tak! A teraz, gdy pan tu jest, jeszcze lepiej."
0786859cb08f5ef9,L15 Alexander,Alexander_5_intro,19,Kobold,Mam się dobrze!
414ed962f4c8a03a,L15 Alexander,Alexander_5_intro,20,Alexander,Och. To... wspaniale!
10cdda610834ef77,L15 Alexander,Alexander_5_intro,21,Alexander,"Ja również cieszę się, że tu jestem."
346865d8c1dd9693,L15 Alexander,Alexander_5_intro,22,Alexander,Cudownie to słyszeć.
f9ccb379ac224d71,L15 Alexander,Alexander_5_intro,23,Alexander,"Tak czy inaczej, potrzebuję mycia."
4e576daaec5a2d15,L15 Alexander,Alexander_5_intro,24,Kobold,Już się robi!
42dbc75670fc6105,L15 Alexander,Alexander_5_intro,26,Alexander,Nie mogę się doczekać mycia.
# --- progress: Alexander_5_romance_route | if $ryan_conrad_romanced ---
067e958be39127d9,L15 Alexander,Alexander_5_romance_route,4,Alexander,Zastanawiałem się...
4dd6f1ad9c86a533,L15 Alexander,Alexander_5_romance_route,5,Alexander,Czy uważa mnie pan za atrakcyjnego?
303f7b0a567bfb2b,L15 Alexander,Alexander_5_romance_route,6,Kobold,TAK.
09141003dee8665c,L15 Alexander,Alexander_5_romance_route,7,Kobold,Uważam!
43c22d680a102c02,L15 Alexander,Alexander_5_romance_route,8,Kobold,"Myślę, że jest pan przystojny."
4d433e9df480be59,L15 Alexander,Alexander_5_romance_route,10,Alexander,Cieszę się!
c2ec019426b864e2,L15 Alexander,Alexander_5_romance_route,11,Alexander,"To... sprawia, że czuję się o wiele pewniej."
2819c10656ee517a,L15 Alexander,Alexander_5_romance_route,12,Alexander,Doprawdy?
8fa16c7b8108298a,L15 Alexander,Alexander_5_romance_route,15,Alexander,W takim razie czuję się o wiele pewniej.
4f6ee313463724ba,L15 Alexander,Alexander_5_romance_route,16,Alexander,To prowadzi mnie do następnego pytania...
96ec8add863c6173,L15 Alexander,Alexander_5_romance_route,17,Alexander,Czy zechciałby pan dotrzymać mi dziś wieczorem towarzystwa w bibliotece uczelnianej...?
558dbfba7857e37d,L15 Alexander,Alexander_5_romance_route,18,Alexander,Byłaby to... randka. Jak by to większość nazwała.
76eea215ea7ba450,L15 Alexander,Alexander_5_romance_route,19,Kobold,"<gradient=""gold""><b> Bardzo chętnie! </b></gradient><size=70%> (Prowadzi do romansu z Alexandrem!)"
500188b2a2627768,L15 Alexander,Alexander_5_romance_route,20,Kobold,"<gradient=""gold""><b> Dziś wieczorem będę zajęty. Przepraszam. </b></gradient><size=70%> (Prowadzi do braku romansu!)"
96b6a8b07a0781d0,L15 Alexander,Alexander_5_romance_route,22,Alexander,"Od dłuższego czasu nosiłem się z zamiarem, by o to zapytać."
942b49a7c66fb0bf,L15 Alexander,Alexander_5_romance_route,23,Alexander,Ach. Proszę się nie martwić.
b1cb9d9c9d3d9661,L15 Alexander,Alexander_5_romance_route,24,Alexander,Dobrze więc. Niech nie przeszkadzam w myciu!
# --- progress: Alexander_5_required ---
861a7c80ccb8a4ba,L15 Alexander,Alexander_5_required,1,Alexander,"A więc, jak minęła randka?"
3481be04c35d76a2,L15 Alexander,Alexander_5_required,2,Kobold,Było świetnie! Ryan to kochana dusza.
d26f0d306552c44a,L15 Alexander,Alexander_5_required,3,Kobold,Było świetnie. Conrad jest szalony. W dobrym sensie.
cf755b67feb7b6d9,L15 Alexander,Alexander_5_required,4,Kobold,Było dobrze. Uprawialiśmy seks.
6af3f2040301f8fa,L15 Alexander,Alexander_5_required,5,Alexander,To dobrze. Zasługuje pan na porządnego mężczyznę.
9b8379de3d387846,L15 Alexander,Alexander_5_required,6,Alexander,"Jestem pewien, że i on uważa pana za miłego!"
add751924d595d89,L15 Alexander,Alexander_5_required,7,Kobold,"Dziękuję, pan też jest miły!"
line:44701902,L15 Alexander,Alexander_5_required,8,Kobold,Dziękuję!
01cb42db52da342d,L15 Alexander,Alexander_5_required,9,Alexander,Dziękuję. To uprzejme z pana strony.
a8ab7e0a75fdc69c,L15 Alexander,Alexander_5_required,11,Alexander,"Hah, wygląda na ten szalony typ."
5bac15668ef9b115,L15 Alexander,Alexander_5_required,12,Alexander,"Cieszę się, że pan go lubi. Jestem pewien, że on uważa pana za miłego."
line:e7e57d9c,L15 Alexander,Alexander_5_required,14,Kobold,Dziękuję!
cb8f422bf973d563,L15 Alexander,Alexander_5_required,20,Alexander,"To musi znaczyć, że dobrze do siebie pasujecie."
# --- jerkoff: Alexander_5_JerkOff_Start ---
caa4d660ab8d004d,L15 Alexander,Alexander_5_JerkOff_Start,1,Alexander,<i> to przyjemne...</i>
# --- cum: Alexander_5_Cum ---
3eb65bb3b11e901c,L15 Alexander,Alexander_5_Cum,1,Alexander,Och... przepraszam za ten bałagan...
# --- mount_start: Alexander_5_Mount_Start ---
6df0c2c2617b9905,L15 Alexander,Alexander_5_Mount_Start,1,Alexander,"O mój... Sądzę, że mógłbym skorzystać z kozła!"
# --- mount_finish: Alexander_5_Mount_Finish ---
31ea4258e44c77e4,L15 Alexander,Alexander_5_Mount_Finish,1,Alexander,"Nnf... Zdaje się, że tego potrzebowałem. Dziękuję."
# --- outro: Alexander_5_Outro ---
026554f86388b721,L15 Alexander,Alexander_5_Outro,1,Alexander,Dziękuję za mycie.
7f37ff79ee94bd0b,L15 Alexander,Alexander_5_Outro,2,Alexander,Dziś wieczorem... na kampusie. Biblioteka to ten duży budynek z niebieską iglicą.
f5e9b1cef9c39e89,L15 Alexander,Alexander_5_Outro,3,Alexander,"Proszę podejść do smoczego wejścia, a ja pana wpuszczę."
5832139d604c3ee8,L15 Alexander,Alexander_5_Outro,5,Kobold,Ja też!
6ed2300bf162b1de,L15 Alexander,Alexander_5_Outro,6,Kobold,Brzmi naprawdę fajnie.
ada4e05c4d451f61,L15 Alexander,Alexander_5_Outro,8,Alexander,W istocie jest dość fajnie.
6068953467a952bf,L15 Alexander,Alexander_5_Outro,9,Alexander,Zejdę już panu z łuski. Dziękuję za mycie.
7ca9216de53b82e5,L15 Alexander,Alexander_5_Outro,10,Alexander,Do zobaczenia wieczorem.
4f8eb9eeb14b2f7d,L15 Alexander,Alexander_5_Outro,11,Alexander,To powinien być każdy kawałek.
991fa15e47275ce0,L15 Alexander,Alexander_5_Outro,12,Alexander,Dziękuję za mycie!
6d1255dd43802973,L15 Alexander,Alexander_5_Outro,13,Alexander,"Cieszę się, że pana poznałem."
5d5e0eafc7ef13d6,L15 Alexander,Alexander_5_Outro,14,Kobold,Ja również.
63b9a103362edd6c,L15 Alexander,Alexander_5_Outro,15,Kobold,"Och, dziękuję, Alexandrze."
6df8f8008c57cbac,L15 Alexander,Alexander_5_Outro,16,Alexander,"Tak czy inaczej, zejdę już panu z łuski."
1cb7b221b7adda1c,L15 Alexander,Alexander_5_Outro,17,Alexander,Do widzenia!

# ===== Cutscenes (started by game code) =====
# --- Alexander_SexScene ---
266f7a45346224eb,Cutscene,Alexander_SexScene,1,Alexander,Możemy tu po prostu poleżeć...
43b91c684627d3b6,Cutscene,Alexander_SexScene,2,Alexander,Zajmie się pan wszystkim?
# --- Alexander_SexScene_Loop ---
7d085d9765e3c5d6,Cutscene,Alexander_SexScene_Loop,1,Alexander,Mój...
f70738ec42aa401d,Cutscene,Alexander_SexScene_Loop,2,Alexander,Ma pan bardzo zręczne dłonie
328ad033a139998d,Cutscene,Alexander_SexScene_Loop,3,Alexander,mmm...
5ec1f7e700f37c3d,Cutscene,Alexander_SexScene_Loop,4,Alexander/Conrad/Ryan,...
# --- Alexander_SexScene_Cum | if $alexander_sexscene_loops ---
08ab4c0c6ca5fe6f,Cutscene,Alexander_SexScene_Cum,1,Kobold,Tak jest dobrze?
069e24aa896ea4cf,Cutscene,Alexander_SexScene_Cum,2,Alexander,Dobrze... To właściwe słowo.
2c33dcef91e06624,Cutscene,Alexander_SexScene_Cum,3,Kobold,Dobrze.
2d731f1625c8064f,Cutscene,Alexander_SexScene_Cum,4,Alexander,Jestem... już dość blisko
4650860eb73dd16f,Cutscene,Alexander_SexScene_Cum,5,Kobold,Wytrzyma pan jeszcze chwilę dla mnie?
860ede2808e2507c,Cutscene,Alexander_SexScene_Cum,6,Kobold,Proszę śmiało!
16c36baab1491eb1,Cutscene,Alexander_SexScene_Cum,7,Alexander,D-dobrze. Spróbuję.
24537bfd61baf4a0,Cutscene,Alexander_SexScene_Cum,8,Alexander,"Nie sądzę, bym mógł się dłużej powstrzymywać"
a63eed0b6b6a78c7,Cutscene,Alexander_SexScene_Cum,9,Kobold,Jeszcze nie. Jeszcze chwilę.
35f5ee08b67fc0f5,Cutscene,Alexander_SexScene_Cum,10,Kobold,"Proszę się puścić, kiedy będzie pan gotów."
82af5427ecb85c11,Cutscene,Alexander_SexScene_Cum,11,Alexander,Tak...
847ec7301eab2bde,Cutscene,Alexander_SexScene_Cum,12,Alexander,Uff...
c958ed597f3ee7b9,Cutscene,Alexander_SexScene_Cum,13,Alexander,Bardzo mi się to podobało.
f3be3d62065c0791,Cutscene,Alexander_SexScene_Cum,14,Kobold,Miło mi to słyszeć.
6a629fe795ac84d7,Cutscene,Alexander_SexScene_Cum,15,Kobold,Co teraz?
4cc4342b97114697,Cutscene,Alexander_SexScene_Cum,16,Alexander,"Tak... Ale sądzę, że musimy umyć podłogi."
ee63118710aa5c5b,Cutscene,Alexander_SexScene_Cum,17,Alexander,Będziemy musieli umyć podłogi...
8319d1715d2a4149,Cutscene,Alexander_SexScene_Cum,18,Alexander,<i><size=70%>o nie... i książki
# --- Conrad_SexScene ---
b6d2d6ccb52c5166,Cutscene,Conrad_SexScene,1,Conrad,O cholera! Naprawdę lubisz przygody!
e5c48d779d6422b5,Cutscene,Conrad_SexScene,2,Kobold,mmpf! (Tak!)
e0ecc38d8bbe3790,Cutscene,Conrad_SexScene,3,Conrad,Nie gadaj z pełnymi ustami
# --- Conrad_SexScene_Loop ---
d7e01674d2776085,Cutscene,Conrad_SexScene_Loop,1,Conrad,"Szczerze nie wiem, jak ty to robisz."
9b277d164ba8a630,Cutscene,Conrad_SexScene_Loop,2,Conrad,Ale nie narzekam.
73433af885509f84,Cutscene,Conrad_SexScene_Loop,3,Conrad,No i git
# --- Conrad_SexScene_Cum | if $conrad_sexscene_loops ---
fcfcfc2c31be11e5,Cutscene,Conrad_SexScene_Cum,1,Conrad,Gotowy na to?
6b426873374bb7a4,Cutscene,Conrad_SexScene_Cum,2,Kobold,Daj mi chwilę
91213ceb7548b8dc,Cutscene,Conrad_SexScene_Cum,3,Kobold,Gotowy!
72e3cb39cf4a181a,Cutscene,Conrad_SexScene_Cum,4,Conrad,"Conrad może tak długo, jak trzeba"
3f2d1b3f808a4ec7,Cutscene,Conrad_SexScene_Cum,5,Conrad,"Mogę puścić, kiedy tylko będziesz gotowy"
46438371960f0974,Cutscene,Conrad_SexScene_Cum,6,Kobold,Jeszcze nie.
d893ccbfc95475bc,Cutscene,Conrad_SexScene_Cum,7,Kobold,Dawaj!
aa1a7618e29e4482,Cutscene,Conrad_SexScene_Cum,8,Conrad,"Hej, mnie pasuje!"
aa116a5879e94072,Cutscene,Conrad_SexScene_Cum,9,Conrad,Jestem pod wrażeniem.
45a9ad3bf69b0498,Cutscene,Conrad_SexScene_Cum,10,Conrad,Gotowy wracać do klubu?
4db30f4a0f40d350,Cutscene,Conrad_SexScene_Cum,11,Kobold,Mnie pasuje!
# --- Ryan_Conrad_SexScene ---
e86ce51d1dbf8280,Cutscene,Ryan_Conrad_SexScene,1,Ryan,Ryan: Nigdy nie robiłem tego na zewnątrz
848d254c8d63e6fb,Cutscene,Ryan_Conrad_SexScene,2,Conrad,Conrad: Nie przejmuj się!
3e0325398f9de675,Cutscene,Ryan_Conrad_SexScene,3,Conrad,Conrad: Ja robię to cały czas
d55845869b2cd946,Cutscene,Ryan_Conrad_SexScene,4,Ryan,Ryan: Chyba faktycznie jest w tym coś ekscytującego
# --- Ryan_Conrad_SexScene_Loop ---
59a6f968c75b792f,Cutscene,Ryan_Conrad_SexScene_Loop,1,Conrad,Conrad: Dobrze się bawisz?
836b8c1db049dc01,Cutscene,Ryan_Conrad_SexScene_Loop,2,Ryan,"Ryan: Ta, zdecydowanie. Martwisz się o mnie?"
dd91f260275b5093,Cutscene,Ryan_Conrad_SexScene_Loop,3,Conrad,Conrad: Conrad po prostu dobrze się bawi
bf095ea55cdeb898,Cutscene,Ryan_Conrad_SexScene_Loop,4,Conrad,Conrad: Właściwie... To znaczy...
5001d1e4b306b6d9,Cutscene,Ryan_Conrad_SexScene_Loop,5,Conrad,"Conrad: Chcę, żeby to dobrze poszło"
4c3de56e34727c37,Cutscene,Ryan_Conrad_SexScene_Loop,6,Ryan,"Ryan: Powiedziałbym, że idzie świetnie"
06cb256bd506fa70,Cutscene,Ryan_Conrad_SexScene_Loop,7,Ryan,Ryan: Bardzo mi się to podoba
2e028541c13b150b,Cutscene,Ryan_Conrad_SexScene_Loop,8,Conrad,Conrad: Dobrze się w tobie czuję
# --- Ryan_Conrad_SexScene_Cum | if $ryan_conrad_sexscene_loops ---
5142dd3610e4cc0c,Cutscene,Ryan_Conrad_SexScene_Cum,1,Conrad,Conrad: Zaraz wystrzelę
357806c023d4c85e,Cutscene,Ryan_Conrad_SexScene_Cum,2,Kobold,Niech dalej robią swoje
4e0f42eaaa70c70d,Cutscene,Ryan_Conrad_SexScene_Cum,3,Kobold,Niech dojdą
d8e952b1635e3fe5,Cutscene,Ryan_Conrad_SexScene_Cum,4,Ryan,Ryan: Chyba ja też jestem blisko...
50504d8f1c0a5f1c,Cutscene,Ryan_Conrad_SexScene_Cum,7,Ryan,Ryan: Wow... Twój wzrost to naprawdę jedyna mała rzecz w tobie.
e7a686aecb078b9e,Cutscene,Ryan_Conrad_SexScene_Cum,8,Conrad,Conrad: No pewnie!
98087861fbfaa621,Cutscene,Ryan_Conrad_SexScene_Cum,9,Ryan,Ryan: Było miło
be1dff750703beb9,Cutscene,Ryan_Conrad_SexScene_Cum,10,Conrad,Conrad: Ta
# --- Ryan_SexScene ---
caa123c912750ed2,Cutscene,Ryan_SexScene,1,Ryan,Na pewno się zmieści?
c8dda0f1b46383bc,Cutscene,Ryan_SexScene,2,Kobold,Koboldy są bardzo elastyczne. Zmieści się.
849b442f9a88c950,Cutscene,Ryan_SexScene,3,Kobold,Yip
88f476f3d6ebac8d,Cutscene,Ryan_SexScene,4,Ryan,"Dobra, tylko powiedz, jeśli będzie ci niewygodnie czy coś."
# --- Ryan_SexScene_Loop ---
48cf02e6d9e88966,Cutscene,Ryan_SexScene_Loop,1,Ryan,O wow...
8caf602c6f60f544,Cutscene,Ryan_SexScene_Loop,2,Ryan,To mój pierwszy raz z koboldem.
db7bd45c48fe49a2,Cutscene,Ryan_SexScene_Loop,3,Ryan,To jest naprawdę przyjemne...
# --- Ryan_SexScene_Cum | if $ryan_sexscene_loops ---
eff478354f7f1b18,Cutscene,Ryan_SexScene_Cum,1,Ryan,Chyba jestem blisko...
ddfa0f7133303565,Cutscene,Ryan_SexScene_Cum,2,Kobold,"Jeszcze chwilę, proszę"
f76c951c6c97d8cd,Cutscene,Ryan_SexScene_Cum,3,Kobold,Dawaj mi to!
27cb363532fd0324,Cutscene,Ryan_SexScene_Cum,4,Ryan,"Dobra, dam radę"
685d8bfcf6988796,Cutscene,Ryan_SexScene_Cum,5,Ryan,Trudno się powstrzymać...
8fdcf9b73762886e,Cutscene,Ryan_SexScene_Cum,6,Kobold,Wciąż potrzebuję więcej!
5128d4e4a722127f,Cutscene,Ryan_SexScene_Cum,7,Kobold,Zrób to!
eb41a8966fdf7cfd,Cutscene,Ryan_SexScene_Cum,8,Ryan,Przez to jest jeszcze trudniej!
9c78a3c6942a7982,Cutscene,Ryan_SexScene_Cum,9,Ryan,"Dobra, dam radę..."
b9ed3621fb6dfbef,Cutscene,Ryan_SexScene_Cum,10,Ryan,To była świetna zabawa.
99955b75e0544165,Cutscene,Ryan_SexScene_Cum,11,Kobold,Zgadzam się
ee60aadc2fcea44d,Cutscene,Ryan_SexScene_Cum,12,Ryan,"Możesz tu zostać, jeśli chcesz."
9d29fc6dcfe7c05d,Cutscene,Ryan_SexScene_Cum,13,Ryan,Zarezerwowałem na całą noc.
3736ec41338c7ad0,Cutscene,Ryan_SexScene_Cum,14,Kobold,Bardzo chętnie.

# ===== Dragon reactions (started by game code) =====
# --- DragonAlmostClean ---
bae76fc276bb2030,Reaction,DragonAlmostClean,1,Dragon,"O, jest lepiej, ale nadal czuję się brudny."
ce6aaf93738f317e,Reaction,DragonAlmostClean,2,Dragon,"Mógłbyś sprawdzić jeszcze raz, czy jestem czysty?"
16584052fd337f09,Reaction,DragonAlmostClean,3,Kobold,Dobrze
c54cbee211a25e14,Reaction,DragonAlmostClean,4,Kobold,Jasne
# --- DragonAnnoyedByBuzzing ---
d139edc8ffdc22b7,Reaction,DragonAnnoyedByBuzzing,1,Dragon,"Przestań, jeszcze nie skończyliśmy. Prawda?"
631ef624f4506ea7,Reaction,DragonAnnoyedByBuzzing,2,Kobold,Hehe
# --- DragonColdBalls ---
e820f3ec0397737f,Reaction,DragonColdBalls,1,Dragon,O! Zimne!
8408ed2f21e73811,Reaction,DragonColdBalls,2,Dragon,Wow! Zimno!
46f3ba9fc7d04fa7,Reaction,DragonColdBalls,3,Dragon,Brrr! Zimna woda!
00221b8a2772003a,Reaction,DragonColdBalls,4,Dragon,Iik!
# --- DragonConfusedAboutDismissal ---
9b99cd22a6f3f85a,Reaction,DragonConfusedAboutDismissal,1,Dragon,"O, już koniec?"
7022570f87a73481,Reaction,DragonConfusedAboutDismissal,2,Dragon,Chyba jeszcze kilka miejsc pominąłeś...
27db29faa5e11bb6,Reaction,DragonConfusedAboutDismissal,3,Kobold,"Ups, moja wina."
4fff64bb7aeed72f,Reaction,DragonConfusedAboutDismissal,4,Kobold,"Nie wiedziałem, co robi ten przycisk."
b0869fc4ea46c5bd,Reaction,DragonConfusedAboutDismissal,5,Dragon,"Nie ma sprawy,"
cb554196ac99a428,Reaction,DragonConfusedAboutDismissal,6,Dragon,"Ta, robi BRRT, haha."
345b04bed8d1a7e0,Reaction,DragonConfusedAboutDismissal,7,Dragon,"W każdym razie dobrze, że nie skończyłeś, robimy dalej!"
# --- DragonSatisfiedAndLeaves ---
7a8942e2613fa23c,Reaction,DragonSatisfiedAndLeaves,1,Dragon,Dziękuję za umycie!!
c92c35bb9f44dac4,Reaction,DragonSatisfiedAndLeaves,2,Dragon,Może spotkamy się później?
8aff5108a050bcfa,Reaction,DragonSatisfiedAndLeaves,3,Kobold,Tak!
2cb6318b9f4550a8,Reaction,DragonSatisfiedAndLeaves,4,Kobold,TAK!
28454e931a2d3578,Reaction,DragonSatisfiedAndLeaves,5,Dragon,Super! To do zobaczenia!

# ===== Unused nodes (not reachable in the current game) =====
# --- Alexander_1 ---
31c53bea307f49d0,Unused,Alexander_1,1,Alexander/Ryan,Pomagałem alchemikowi sięgnąć na wysoką półkę
f00ea25690e17adf,Unused,Alexander_1,2,Alexander,"Usłyszałem głośny huk, nie sądzę, by Igwix przeżył."
# --- Alexander_2 ---
07874aa669e5cb8c,Unused,Alexander_2,1,Alexander,"Jeśli przyłapią nas na złamaniu kolejnego regulaminu, moja reputacja legnie w gruzach!"
cfe73695b2bdfe19,Unused,Alexander_2,2,Alexander,"Uczelnia nie może się o tym dowiedzieć, dobrze?"
27b11f3f6bf12fe9,Unused,Alexander_2,3,Kobold,Która uczelnia?
2d3935f374b6474e,Unused,Alexander_2,5,Alexander,"Burnswickie Kolegium Społeczne Taumaturgii, oczywiście!"
7a5128354d6171d0,Unused,Alexander_2,6,Alexander,Najbardziej prestiżowa uczelnia goszcząca tak prestiżowych profesorów jak ja:
b34663a53a6541a7,Unused,Alexander_2,9,Alexander,"Dobrze, nie mogę pozwolić, by Burnswickie Kolegium Społeczne Taumaturgii dowiedziało się, że ich najlepszy profesor Alexander spowodował kolejny incydent."
b39b95373bf40c36,Unused,Alexander_2,11,Alexander,"O kurczę, proszę zapomnieć, że to powiedziałem!"
# --- Alexander_3 ---
2501ad553fd20454,Unused,Alexander_3,1,Alexander,"Będę musiał wskrzesić Igwixa, och, cóż za wstyd!"
7b282582fab597eb,Unused,Alexander_3,2,Alexander,Aptekarz będzie szargał moje imię miesiącami.
# --- Alexander_Dirty ---
950b8260a6ca788f,Unused,Alexander_Dirty,1,Alexander,Proszę na mnie spojrzeć! Będę pośmiewiskiem dla moich studentów.
97733f8db49fb168,Unused,Alexander_Dirty,2,Alexander,Czy mógłby pan zeszorować Igwixa z moich pleców?
# --- Alexander_Idle1 ---
6a4162b247e5aae1,Unused,Alexander_Idle1,1,Alexander,"Nie mogę uwierzyć, że Igwix popełnił taki błąd!"
5e971607fa926b31,Unused,Alexander_Idle1,2,Alexander,"A teraz tkwię tutaj, agh!"
# --- Alexander_Idle2 ---
2a1b4481e851f727,Unused,Alexander_Idle2,1,Alexander,"Zadałem sobie trud, by umyć się dyskretnie, byłem pewien, że nikt mnie nie śledził."
26974d0189f0d75c,Unused,Alexander_Idle2,2,Alexander,"Jestem pewien, że nikt się nie dowie..."
# --- Alexander_Idle3 ---
db8cc14accf5dfe9,Unused,Alexander_Idle3,1,Alexander,"Ach, ten brud faktycznie trochę szczypał, dziękuję."
# --- Alexander_Soapy ---
e17d9103818204a4,Unused,Alexander_Soapy,1,Alexander,"To mydło nie przystoi profesorowi, nie sądzi pan?"
03c418e790b340c3,Unused,Alexander_Soapy,2,Alexander,"Proszę dać znać, gdy skończy pan spłukiwać."
# --- Alexander_Intro ---
f82f410ee41cad07,Unused,Alexander_Intro,1,Alexander,Psst...!
fedb00f6c13cec68,Unused,Alexander_Intro,2,Kobold,Eee... Halo?
4359ca4e5c8fc816,Unused,Alexander_Intro,3,Kobold,Kto tam?
9e2816aaa10403b6,Unused,Alexander_Intro,4,Alexander,Ciii! Nie jestem stąd...
8275f13b67a6687b,Unused,Alexander_Intro,5,Alexander,Czy jest teraz otwarte?
7409deaefe456a49,Unused,Alexander_Intro,7,Alexander,"Uff! Miałem wypadek, którym trzeba się zająć... dyskretnie."
afb82d57a9c1ba48,Unused,Alexander_Intro,8,Alexander,"Proszę natychmiast usunąć tę barierę, bym mógł wejść."
# --- Alexander_Outro ---
0c2f6e570964b0c1,Unused,Alexander_Outro,1,Alexander,"Wielkie nieba, dzięki panu mam szansę uratować tę sytuację."
639110e1c4cc2914,Unused,Alexander_Outro,2,Alexander,"Proszę powiedzieć, pamięta pan nazwę uczelni, w której pracuję?"
e35f2c7dd32a4059,Unused,Alexander_Outro,3,Kobold,Burnswickie Kolegium Społeczne Taumaturgii
8e3a0c6c1c068e67,Unused,Alexander_Outro,4,Kobold,Pracuje pan na uczelni?
7bf1556708efd0d8,Unused,Alexander_Outro,5,Kobold,Nie
79acad09a68bf670,Unused,Alexander_Outro,6,Alexander,"Nie! To znaczy tak, ale przez wzgląd na moją reputację proszę zachować moją wizytę tutaj dla siebie."
3730dccb6a6582be,Unused,Alexander_Outro,7,Alexander,Co? Jestem profesorem! Nie widać tego po moim herbie?
56723edcd935d476,Unused,Alexander_Outro,8,Alexander,Och!
e0723f4408ee3eda,Unused,Alexander_Outro,9,Alexander,"Rozumiem, co pan robi, dziękuję."
7973db48113175b5,Unused,Alexander_Outro,10,Alexander,"Cóż, znakomicie, doceniam pańską dyskrecję, udam się teraz do aptekarza."
677412526f14044a,Unused,Alexander_Outro,14,Alexander,Jestem bardzo zadowolony z tych rezultatów...
# --- ConradBeatup_1 ---
72f9c6536242f235,Unused,ConradBeatup_1,2,Kobold,"Jestem tu, jeśli potrzebujesz z kimś porozmawiać."
67410be84ad1b8ac,Unused,ConradBeatup_1,3,Kobold,"Zajmę się tym, nie martw się."
5b207ccbfd5d5679,Unused,ConradBeatup_1,4,Conrad,"Nie... Nie, w porządku... dzięki."
b2139b5e4dc27f14,Unused,ConradBeatup_1,5,Conrad,... Dzięki...
# --- ConradBeatup_2 ---
b841443b4a7e3b82,Unused,ConradBeatup_2,1,Conrad,"Hej, dzięki, że jesteś przy mnie..."
02febaeeb5306c30,Unused,ConradBeatup_2,2,Conrad,"Dobrze mieć przyjaciół, na których można polegać."
# --- ConradBeatup_Idle1 ---
7ff77420c3518210,Unused,ConradBeatup_Idle1,1,Conrad,"... Myślałem, że jesteśmy dobrymi kumplami, cały czas uprawiamy seks!"
13a3bd02487dab16,Unused,ConradBeatup_Idle1,2,Conrad,Nie rozumiem...
# --- ConradBeatup_Idle2 ---
861f99e073cd06e2,Unused,ConradBeatup_Idle2,1,Conrad,"Udaję twardziela, ale jestem małym smokiem..."
e375cf5dd6f03d34,Unused,ConradBeatup_Idle2,2,Conrad,Przesadzili.
# --- ConradBeatup_Intro ---
19aa373fb830a05c,Unused,ConradBeatup_Intro,2,Kobold,"O Boże, jesteś ranny!"
c7e055a695603f2b,Unused,ConradBeatup_Intro,3,Kobold,Wszystko w porządku?
e4e0397bea6600f5,Unused,ConradBeatup_Intro,4,Conrad,"Hej, eee, potrzebuję tylko mycia."
e36f54f748a69d3e,Unused,ConradBeatup_Intro,5,Kobold,"...Dobrze, wchodź"
# --- ConradBeatup_OutroDirty ---
e17652524a905f18,Unused,ConradBeatup_OutroDirty,1,Conrad,... skończyłeś? Nadal jestem brudny...
# --- ConradBeatup_OutroSoapy ---
d0b060d51bc87feb,Unused,ConradBeatup_OutroSoapy,1,Conrad,... skończyłeś? Nadal jestem w pianie...
# --- Conrad_1 ---
5a208b2886d87937,Unused,Conrad_1,1,Conrad,Robicie tu też „specjalne zakończenia”?
d61259269b75dec9,Unused,Conrad_1,2,Kobold,Co to takiego?
1ea442a134b2a184,Unused,Conrad_1,4,Kobold,Nie
335bcdceb30ec6b8,Unused,Conrad_1,5,Conrad,"No, nie. Stary, musisz w to wejść. Dobrze zapłacę!"
2f7cc8c297b8d283,Unused,Conrad_1,6,Conrad,"Zajebiście! Nie mogę się doczekać, żeby zobaczyć cię w akcji!"
9d1528cc1118e4dd,Unused,Conrad_1,7,Conrad,Co? Wszystkie najlepsze miejsca to robią!
# --- Conrad_2 ---
d892eb1f696177b4,Unused,Conrad_2,1,Conrad,"Temu miejscu przydałby się lifting, wiem, co by mu się przydało!"
0eaacb4d2b730370,Unused,Conrad_2,2,Conrad,"Mam gościa, który do jutra podrzuci prezent, który to odpicuje."
# --- Conrad_5_Mount_Finish ---
28a96495be7701ea,Unused,Conrad_5_Mount_Finish,1,Conrad,Cholera... Zawsze tak dobrze.
# --- Conrad_5_Mount_Start ---
cda9c08deb782b6e,Unused,Conrad_5_Mount_Start,1,Conrad,"<i>Ooooo. </i>Kozioł? No jasne, stary."
# --- Conrad_Idle1 ---
06b2c581e253753a,Unused,Conrad_Idle1,1,Conrad,"Ludzie mówią mi, że mam grubego kutasa, to prawda?"
ba07cdd711c7d570,Unused,Conrad_Idle1,2,Kobold,O rany
f2ea9d36d2c4032f,Unused,Conrad_Idle1,3,Kobold,Widziałem większe
25cdc596cd23bedb,Unused,Conrad_Idle1,4,Conrad,Powinieneś go pomacać i sprawdzić za mnie
c3565cd77a3dcba9,Unused,Conrad_Idle1,5,Conrad,"Ale nie w takim małym opakowaniu, nie??"
# --- Conrad_Intro ---
bc1e29287f60b297,Unused,Conrad_Intro,1,Conrad,"Siemano, stary!"
f7a29676d9621163,Unused,Conrad_Intro,2,Conrad,"Conrad potrzebuje mycia, macie dla niego miejsce?"
8339b88ae51a85f6,Unused,Conrad_Intro,3,Kobold,"Tak, tędy proszę."
255d982b3d4c772e,Unused,Conrad_Intro,5,Conrad,Git!
# --- Mount_Alexander_2_6 ---
dcc524605bec9fd8,Unused,Mount_Alexander_2_6,1,Alexander,Co to...
d010c18e5ff478ed,Unused,Mount_Alexander_2_6,2,Alexander,"Och, wielkie nieba, nie..."
f025190cb1adde9c,Unused,Mount_Alexander_2_6,3,Alexander,"Nie chcę być niegrzeczny, ale muszę odmówić"
eec9d16c87323040,Unused,Mount_Alexander_2_6,4,Alexander,To powszechna praktyka?
929e50391bfd0646,Unused,Mount_Alexander_2_6,5,Kobold,O tak
b6547fc9d980c16e,Unused,Mount_Alexander_2_6,6,Kobold,"Nie, właściwie dopiero go dostałem"
40df3c9d9e1d5126,Unused,Mount_Alexander_2_6,7,Alexander,Rozumiem...
d3acad6a7014a598,Unused,Mount_Alexander_2_6,8,Alexander,To wydaje się skandaliczne
ab5a3375052f41eb,Unused,Mount_Alexander_2_6,9,Alexander,"Choć nie mogę powiedzieć, że nie jestem ciekaw"
c5ba4f5f1cdff517,Unused,Mount_Alexander_2_6,10,Alexander,Mimo wszystko. Nie tym razem
# --- RyanDate_1 ---
14ecee0afc63c845,Unused,RyanDate_1,1,Ryan,Tak się cieszę na tę randkę!
90ba900c65607127,Unused,RyanDate_1,2,Ryan,"Przyniosłem arbuza, chleb, winogrona i parę innych rzeczy."
# --- RyanDate_2 ---
690cf2b49eb95f79,Unused,RyanDate_2,1,Ryan,Coś cię trapi?
1648a912c46f7fec,Unused,RyanDate_2,2,Kobold,Coś się wydarzyło ostatniej nocy
b3979a44b5b9376a,Unused,RyanDate_2,3,Ryan,O nie! Chcesz o tym porozmawiać?
02c33e4e3c09bc79,Unused,RyanDate_2,4,Kobold,"Po prostu coś się stało Conradowi, mam nadzieję, że nic mu nie jest."
7680ca7ff15f1566,Unused,RyanDate_2,5,Ryan,"Ja też mam nadzieję, że nic mu nie jest."
# --- RyanDate_3 ---
7ba9e65f61ca2369,Unused,RyanDate_3,1,Ryan,To jest pyszne!
ff74b82dcb8a11d3,Unused,RyanDate_3,2,Kobold,"Wow, to niezłe przeżycie patrzeć, jak tak jesz."
5b14f19a86849ff5,Unused,RyanDate_3,3,Ryan,Jak?
42af2c2067728998,Unused,RyanDate_3,4,Ryan,"A, chodzi o połykanie rzeczy w całości?"
37f99dd7cbcf5b6f,Unused,RyanDate_3,5,Ryan,To zależy! Smocza sprawa.
# --- RyanDate_Idle1 ---
bcda1f48383d915f,Unused,RyanDate_Idle1,1,Ryan,"Hehe, cieszę się, że znowu wracam do randkowania."
# --- RyanDate_Intro ---
d5be54b666b3d38f,Unused,RyanDate_Intro,2,Ryan,"Myślałem o tym, co powiedziałeś,"
ffcaf369ac8b1a74,Unused,RyanDate_Intro,3,Ryan,"no wiesz, o powrocie do randkowania..."
89f52a0dc3d757c1,Unused,RyanDate_Intro,4,Kobold,Tak
ecab929d37109ab0,Unused,RyanDate_Intro,5,Ryan,"Wiedziałem, że jesteś zbyt zajęty, więc pomyślałem, że przyniosę randkę do ciebie!"
92d9da0b0b22fd7a,Unused,RyanDate_Intro,6,Kobold,Super! Wchodź...
# --- RyanDate_Outro ---
638d7c049f321a6d,Unused,RyanDate_Outro,4,Ryan,To było cudowne! Czuję się o wiele lepiej z randkowaniem.
# --- RyanExploded_Intro ---
8e87e6b28fb697c4,Unused,RyanExploded_Intro,1,Ryan,"Cześć, to znowu ja..."
53ca70e25fc42870,Unused,RyanExploded_Intro,3,Kobold,Znowu ty?
b99d68084de082b6,Unused,RyanExploded_Intro,5,Ryan,heh... tak... przepraszam...
81f2cb133d548396,Unused,RyanExploded_Intro,6,Ryan,"No więc tak, miałem wypadek..."
d3e25fe68c13c02d,Unused,RyanExploded_Intro,8,Ryan,Usłyszałem głośny huk
ce386faf68f3df7e,Unused,RyanExploded_Intro,9,Ryan,"Nie wiem, gdzie się podziali, ale znowu czuję się brudny."
60c1424a59a1c912,Unused,RyanExploded_Intro,10,Ryan,"Jest szansa, żebyś mnie znowu umył?"
917613bbf36e4b93,Unused,RyanExploded_Intro,11,Kobold,Oczywiście! Tędy proszę!
# --- RyanExploded_OutroDirty ---
f2bdff14318fd81c,Unused,RyanExploded_OutroDirty,1,Ryan,Chyba nadal czuję na sobie trochę brudu po wybuchu...
6a1900ba2212696d,Unused,RyanExploded_OutroDirty,2,Ryan,Umyjesz jeszcze trochę?
85a39ab345d672ff,Unused,RyanExploded_OutroDirty,3,Kobold,Tak
1562d2eeb95b795a,Unused,RyanExploded_OutroDirty,4,Kobold,Moja wina
3bcf70f39eca74f1,Unused,RyanExploded_OutroDirty,5,Ryan,"Nie ma sprawy, dzięki!"
# --- RyanExploded_OutroSoapy ---
9df62882448c291b,Unused,RyanExploded_OutroSoapy,1,Ryan,"Eee, nadal jestem cały w pianie!"
29d1991e26b1773d,Unused,RyanExploded_OutroSoapy,2,Ryan,Mógłbyś ją spłukać?
# --- RyanExploded_Outro ---
a45ce5a6357ad76f,Unused,RyanExploded_Outro,4,Ryan,"Uff, bałem się, że znowu coś zepsuję."
ca1dd92cfbe2dcd5,Unused,RyanExploded_Outro,5,Ryan,Teraz nigdy nie będą musieli się dowiedzieć!
# --- RyanMuddy_Dirty ---
58246ed8cfcdfa19,Unused,RyanMuddy_Dirty,1,Ryan,"No więc, jestem cały ubłocony i tak dalej, uwielbiam baraszkować w parku."
f27e94e23a2cc6eb,Unused,RyanMuddy_Dirty,2,Ryan,"Nadal jestem bardzo ubłocony, gdybyś mógł mnie namydlić, byłoby świetnie."
# --- RyanMuddy_Idle1 ---
c24aaf031df991a1,Unused,RyanMuddy_Idle1,1,Ryan,"Więc, eee, daj znać, jeśli mam się przesunąć."
8bb630e0c8dc64ac,Unused,RyanMuddy_Idle1,2,Ryan,"Po prostu dotknij mnie ręką, a spróbuję pomóc."
# --- RyanMuddy_Idle2 ---
bcee068ce8220b8e,Unused,RyanMuddy_Idle2,1,Ryan,Dzięki za umycie!
2c4f3b41240d00cd,Unused,RyanMuddy_Idle2,2,Ryan,Czekałem na to.
# --- RyanMuddy_Idle3 ---
e304ea7f521df3f2,Unused,RyanMuddy_Idle3,1,Ryan,"Jak skończysz, śmiało wciśnij przycisk."
ac51ca95656fffdd,Unused,RyanMuddy_Idle3,2,Ryan,Znaczy ten przycisk na ścianie.
# --- RyanMuddy_Idle4 ---
8fd85e09be693fbf,Unused,RyanMuddy_Idle4,1,Ryan,"Max mówi, że jestem niezdarnym smokiem,"
d2261edb51b885d9,Unused,RyanMuddy_Idle4,2,Ryan,"Mam nadzieję, że pomożesz mi udowodnić, że się myli!"
# --- RyanMuddy_Idle5 ---
9df1eb0e35a5d36a,Unused,RyanMuddy_Idle5,1,Ryan,"Mydło, potem spłukiwanie!"
5e7b1eae20d0fb72,Unused,RyanMuddy_Idle5,2,Ryan,Przynajmniej tak słyszałem.
# --- RyanMuddy_Soapy ---
73d08af95ae8835e,Unused,RyanMuddy_Soapy,1,Ryan,"Uwielbiam bąbelki, łaskoczą!"
83af94fb3d626970,Unused,RyanMuddy_Soapy,2,Ryan,"Ale nie mogę się doczekać, jak spłyną do odpływu."
6bc811f815ef9e24,Unused,RyanMuddy_Soapy,3,Ryan,"Użyj spryskiwacza na ścianie, żeby mnie spłukać."
# --- RyanMuddy_Idle7 ---
255bd9c513473506,Unused,RyanMuddy_Idle7,1,Ryan,"Wow, dzięki, to przyjemne."
77ff00f75a7c2083,Unused,RyanMuddy_Idle7,2,Ryan,"Bycie ubłoconym jest naprawdę fajne, dopóki błoto nie zacznie zasychać."
620caab5d90b8d3f,Unused,RyanMuddy_Idle7,3,Ryan,"Cieszę się, że się go pozbędę."
# --- RyanMuddy_Idle8 ---
afa88441bc4fc8d9,Unused,RyanMuddy_Idle8,1,Ryan,"Kto by pomyślał, że smok może się tak ubrudzić, co?"
2ea6d5d46861d1bf,Unused,RyanMuddy_Idle8,2,Ryan,Baraszkowałem po lesie
c65b5342f0285c16,Unused,RyanMuddy_Idle8,3,Ryan,"Dopiero jak Max na mnie nakrzyczał, zorientowałem się, jaki bałagan zrobiłem, haha."
# --- RyanMuddy_Intro ---
299e9d1e919c3a49,Unused,RyanMuddy_Intro,4,Ryan,"Słyszałem, że tu na dole są koboldy, które mogłyby mnie umyć?"
05d9cdcce06b0c12,Unused,RyanMuddy_Intro,6,Kobold,Ja jestem TYM koboldem. Yip!
d12499a3f17512de,Unused,RyanMuddy_Intro,7,Kobold,"Tak, witamy w Drag'N Wash!"
213c112ac748eb9e,Unused,RyanMuddy_Intro,9,Ryan,"Super, więc, eee,"
44beadf6316d890e,Unused,RyanMuddy_Intro,12,Ryan,"A, widzę tam przycisk, jasne!"
af8d3a1f26de30ef,Unused,RyanMuddy_Intro,13,Ryan,"Dzięki, poczekam!"
# --- RyanMuddy_Nag1 ---
3605a9273b22288b,Unused,RyanMuddy_Nag1,1,Ryan,"Hej, mógłbyś podejść do przodu, tam, gdzie cię widzę?"
720febc2a9d251aa,Unused,RyanMuddy_Nag1,2,Ryan,Mam coś do powiedzenia!
# --- RyanMuddy_Nag2 ---
6852c864bbd2afef,Unused,RyanMuddy_Nag2,1,Ryan,Chcę pogadać twarzą w twarz!
0918205f97d74d78,Unused,RyanMuddy_Nag2,2,Ryan,"Gdybyś mógł podejść do przodu, żebym mógł pogadać."
# --- RyanMuddy_Nag3 ---
c8f453084718c8cc,Unused,RyanMuddy_Nag3,1,Ryan,"Mówiono mi, że z mniejszymi wypada rozmawiać twarzą w twarz."
# --- RyanMuddy_NaughtyTouch ---
4d13604e28159e56,Unused,RyanMuddy_NaughtyTouch,1,Ryan,"Uważaj, gdzie wędrują te łapki, dobrze?"
# --- RyanMuddy_Outro ---
a46a0805bb6a5eda,Unused,RyanMuddy_Outro,1,Ryan,Dzięki za szybkie mycie!
168c7d0bb7743dec,Unused,RyanMuddy_Outro,2,Ryan,"Tak w ogóle, byłbyś zły, gdyby twój partner nabałaganił w domu?"
3ae7f278ef092258,Unused,RyanMuddy_Outro,4,Kobold,To zależy
0dfd80e1f981faca,Unused,RyanMuddy_Outro,6,Ryan,"O! Tak, to ma sens..."
8f207ab27746c010,Unused,RyanMuddy_Outro,7,Ryan,Chyba zależy to od okoliczności.
86b57f75d4c04b75,Unused,RyanMuddy_Outro,8,Ryan,"Wiedziałem, że mnie wesprzesz"
# --- RyanMuddy_SmallTalk ---
0bf9a145c66c512b,Unused,RyanMuddy_SmallTalk,3,Kobold,Właściwie to mój pierwszy raz!
4eb8bdb270c030ae,Unused,RyanMuddy_SmallTalk,5,Ryan,"O, to dla nas obojga nowość!"
ff152503516900ee,Unused,RyanMuddy_SmallTalk,6,Ryan,Dla mnie to też nowość...
13d1c29ec8784cae,Unused,RyanMuddy_SmallTalk,7,Ryan,"Jestem zaskoczony, jakie to przyjemne."
# --- Ryan_3_wont_use_mount ---
9221ab210b374d30,Unused,Ryan_3_wont_use_mount,1,Ryan,O... nie mam teraz ochoty z tego korzystać.
f3f18c2eea794920,Unused,Ryan_3_wont_use_mount,2,Ryan,Może później...?

# ===== UI and other text (not part of the dialogue script) =====
bc1b88907d3b748a,UI,,,UI,Dźwięk
b3f848c2a09aa9ed,UI,,,UI,Głośność muzyki
de7b57b57b05d020,UI,,,UI,Efekty dźwiękowe
59a4a3f7f7caa060,UI,,,UI,Głośność otoczenia
31bcb8940fffb7d1,UI,,,UI,Rozgrywka
a874fca87cdd5e4e,UI,,,UI,Grafika
d0db8b5e364b6989,UI,,,UI,Opcje
28f9044138a54b95,UI,,,UI,Nowa gra
2a6b24ad28722034,UI,,,UI,Twórcy
b3eb37acb66ba4bb,UI,,,UI,Wyjdź
76900f1bfd16c8d4,UI,,,UI,Wstecz
6a3041fb3ecba173,UI,,,UI,Pole widzenia
d4055fafa3794fa8,UI,,,UI,Rozdzielczość
41ca171b0cbae01e,UI,,,UI,Jasność ekranu
42e7fdbd13ba2a01,UI,,,UI,Limit klatek
052810dae19607f5,UI,,,UI,VSync
b63e857488f49396,UI,,,UI,Tryb okna
c461dbb2bab7d8bc,UI,,,UI,Pełny ekran
4571896d8a4d4162,UI,,,UI,Czułość myszy
43ff6e9485bf371e,UI,,,UI,Sterowanie kucaniem
3d03a1dea561d0db,UI,,,UI,Przełączanie
91d6e30620d99810,UI,,,UI,Klik/Przytrzymanie
8e685d5409b3a543,UI,,,UI,Przytrzymanie
6c359dddb1d4c36e,UI,,,UI,Ikony podpowiedzi
fd9baf7f335aa154,UI,,,UI,Odwróć widok w pionie
4d654c19179796ef,UI,,,UI,Spryskiwacz: mniej ruchu
2316810a5de343dd,UI,,,UI,Klawiatura
0286249762f7c943,UI,,,UI,Auto
c77c3af22c6429b2,UI,,,UI,Antyaliasing
130011756125313c,UI,,,UI,Wł.
ca7981b46ecf2c17,UI,,,UI,Wył.
4883b7dfffb02e36,UI,,,UI,Wyłączny
da43a1983d819a4d,UI,,,UI,Zmaksymalizowane okno
3f26603a2748fed3,UI,,,UI,W oknie
d640c7421da06661,UI,,,UI,Wznów
b6dcb96448c66497,UI,,,UI,WCZYTYWANIE...
f942d1e183d020b6,UI,,,UI,USUŃ ZAPIS
fae07a8540ff237b,UI,,,UI,Na pewno usunąć zapis?
ffb3c5f2edc34373,UI,,,UI,Menu pauzy
3e49dd16f3893026,UI,,,UI,CZYSTY
4b36f28b2cf37677,UI,,,UI,W PIANIE
e4e9ab13fc711176,UI,,,UI,ZABRUDZENIA
c9c8bf1eae99e1dc,UI,,,UI,CHCE POGADAĆ
b98b0ff714ab5417,UI,,,UI,POTRZEBUJE BANDAŻY
dde8c08738fe9e59,UI,,,UI,CHCE RĘCZNEJ ROBÓTKI
a462b8c590652563,UI,,,UI,Wpisz tekst...
bb23ec0586e24df5,UI,,,UI,To arbuz!
fa6bb50727553976,UI,,,UI,Dobra.
77b845d22632a9ef,UI,,,UI,Miło cię znowu widzieć.
ed172a475c84204f,UI,,,UI,Jestem profesorem!
43cc9e298a30c3af,UI,,,UI,"Wy, dwunożni, lubicie delektować się posiłkami."
b735b39b4eea8b70,UI,,,Ryan,Nigdy nie robiłem tego na zewnątrz
c913913d57c38493,UI,,,Conrad,Nie przejmuj się!
d0ee8dcf7035040c,UI,,,Conrad,Ja robię to cały czas
b00675617fbac31a,UI,,,Ryan,"Faktycznie, jest w tym coś ekscytującego"
816c197dfe2ac7e7,UI,,,Conrad,Zaraz wystrzelę
fb490e9880f63f05,UI,,,Ryan,Chyba ja też zaraz dojdę...
cb9cc6fadcf02cd5,UI,,,Ryan,Wow... twój wzrost to naprawdę jedyna mała rzecz w tobie.
b77039c811832311,UI,,,Ryan,Było miło
cbc2935aebe3ca1f,UI,,,Conrad,Ta
1b01a1658c9a5adf,UI,,,Conrad,Dobrze się bawisz?
0d8490d07a321596,UI,,,Ryan,"Tak, bardzo. Martwisz się o mnie?"
3d42325316477a3a,UI,,,Conrad,Conrad po prostu dobrze się bawi
2fafbe5f3e7ff469,UI,,,Conrad,Właściwie... to znaczy...
df9b23df54ab5518,UI,,,Conrad,"Chcę, żeby to dobrze poszło"
b0bfa8fe9e70154c,UI,,,Ryan,"Myślę, że idzie świetnie"
46fa21135fd9811b,UI,,,Ryan,Bardzo mi się to podoba
b439ffe3e5553ddc,UI,,,Conrad,Dobrze się w tobie czuję
b92f91849d855b40,UI,,,UI,Conrad
2d1e830624b2572a,UI,,,UI,Ryan
e3becbaee46cc0df,UI,,,UI,Język (Mod)
