key,section,node,order,speaker,translation

# ===== Level 1: Ryan (Sunny) | sets level_1 | ends level_1_complete =====
# --- intro: Ryan_1_intro ---
0da72197e898ebe1,L01 Ryan,Ryan_1_intro,1,Ryan,有人吗？
334d016f755cd6dc,L01 Ryan,Ryan_1_intro,2,Kobold,您好！
dfba3eb46cb5fc14,L01 Ryan,Ryan_1_intro,3,Ryan,哦嗨！那个……
30985c07d735bdc3,L01 Ryan,Ryan_1_intro,4,Ryan,听说这儿有狗头人可以帮我洗澡？
08c8207cff7cb565,L01 Ryan,Ryan_1_intro,5,Ryan,是这儿吗？
32cfb777c0a1ca30,L01 Ryan,Ryan_1_intro,6,Kobold,嗯！我就是<i>那位</i>狗头人！
eec1e26d3338868e,L01 Ryan,Ryan_1_intro,7,Kobold,是的，欢迎来到 Drag'n wash！
b8e3a13e8da1caf6,L01 Ryan,Ryan_1_intro,8,Ryan,哈哈，你确实是！
84f325bca745e504,L01 Ryan,Ryan_1_intro,9,Ryan/Alexander,太好了！
900e8c593033c189,L01 Ryan,Ryan_1_intro,10,Ryan,我叫莱恩。那个……
092808653667e9ff,L01 Ryan,Ryan_1_intro,11,Ryan,我怎么进去呀？
0f3f0b7e817061e6,L01 Ryan,Ryan_1_intro,12,Kobold,请稍等，我去开门。
b8a4a2d6c54c16d8,L01 Ryan,Ryan_1_intro,13,Kobold,汪！
273533e355fd12cf,L01 Ryan,Ryan_1_intro,14,Ryan,啊……？
3faa3f1d46e0e544,L01 Ryan,Ryan_1_intro,15,Kobold,哦——我是说。我去开门！
ce6db45f1866ad91,L01 Ryan,Ryan_1_intro,16,Ryan,啊，我看到那个按钮了，明白！
425d9584e840b683,L01 Ryan,Ryan_1_intro,17,Ryan,好，我等着。谢谢。
# --- phone: Ryan_1_PhoneTutorial ---
9bb3073cec0eb0c7,L01 Ryan,Ryan_1_PhoneTutorial,1,Phone,您好，<i>“Drag'n wash 223号加盟店”……</i>您和第一位顾客交谈过了吗？
276bc2be4d36787f,L01 Ryan,Ryan_1_PhoneTutorial,2,Kobold,刚刚！
d3c6dd1cf6eefa2a,L01 Ryan,Ryan_1_PhoneTutorial,3,Kobold,是的，已经谈过了。
38526f3244d3b009,L01 Ryan,Ryan_1_PhoneTutorial,4,Phone,啊，很好。
ab5df625bc76dbd4,L01 Ryan,Ryan_1_PhoneTutorial,5,Phone/Ryan/Alexander/Conrad/Kobold,……
4d4a3684433b7f10,L01 Ryan,Ryan_1_PhoneTutorial,6,Phone,那么——祝您度过高效的一天。
07c91bff06f38512,L01 Ryan,Ryan_1_PhoneTutorial,7,Phone,您好，<i>“Drag'n wash 223号加盟店”……</i>您弄清楚如何操作了吗？
3d08b37cdf5c2183,L01 Ryan,Ryan_1_PhoneTutorial,8,Kobold,还没。
01888febaebd67cd,L01 Ryan,Ryan_1_PhoneTutorial,9,Kobold,我想我明白了！
085283be600618d2,L01 Ryan,Ryan_1_PhoneTutorial,10,Phone,啊……
4ad86617a918d8ec,L01 Ryan,Ryan_1_PhoneTutorial,11,Phone,那么，请到窗口与您的顾客交谈。
af789b5c60f24630,L01 Ryan,Ryan_1_PhoneTutorial,12,Phone,之后当然还需要让他们进来。
bb645759b5bd99d4,L01 Ryan,Ryan_1_PhoneTutorial,13,Phone,很好。那么请务必到窗口迎接您的顾客。
474ab3afa218a5df,L01 Ryan,Ryan_1_PhoneTutorial,14,Kobold,好的！
7d869361bdb13d98,L01 Ryan,Ryan_1_PhoneTutorial,15,Phone,祝您度过高效的一天。
# --- progress: Ryan_1_required ---
098ac93ca7999f8c,L01 Ryan,Ryan_1_required,1,Ryan,所以你是持证的洗龙师呀？
7b999e621945fe90,L01 Ryan,Ryan_1_required,2,Kobold,是的！
1cb7709c2b6cdc0b,L01 Ryan,Ryan_1_required,3,Kobold,我才干了几个星期！
9b9024cada67653e,L01 Ryan,Ryan_1_required,4,Ryan,哦真棒！
fbd8fe3b49aed7c5,L01 Ryan,Ryan_1_required,5,Ryan,我平时在家用水管冲冲就算了……
3f742efbf9edb2ee,L01 Ryan,Ryan_1_required,6,Ryan,那对我们俩都是新体验啦！
e6c276d67e994ed5,L01 Ryan,Ryan_1_required,7,Ryan,说实话，没想到这么舒服。
e99ba1a86146f1aa,L01 Ryan,Ryan_1_required,8,Ryan,能暂时逃离外面的一切，真好。
# --- nag: Ryan_1_nag ---
c2aa03c999eb7731,L01 Ryan,Ryan_1_nag,1,Ryan,嘿，我有话要说！
5b798fca0ab51d6c,L01 Ryan,Ryan_1_nag,2,Ryan,你能到我看得见的地方来吗。
# --- jerkoff: ryan_jerk_off_no ---
2e75bb6a3610c11b,L01 Ryan,ryan_jerk_off_no,1,Ryan,嘿——也许晚点再“动手”？
# --- mount_start: ryan_mount_no ---
91c3bf04fb99ce8b,L01 Ryan,ryan_mount_no,1,Ryan,唔，坐架我就不用了。
# --- outro: Ryan_1_Outro ---
0d26aa953ca02c41,L01 Ryan,Ryan_1_Outro,1,Ryan,我应该全干净了！
699cdec6a62f5ff3,L01 Ryan,Ryan_1_Outro,2,Ryan,比用水管舒服多了。
c3bbf19f280c6dde,L01 Ryan,Ryan_1_Outro,3,Kobold,不客气。
66984a1e53d3e869,L01 Ryan,Ryan_1_Outro,4,Kobold,嗯！随时欢迎再来。
d629b0ed3f97727c,L01 Ryan,Ryan_1_Outro,6,Ryan,我一定会把这地方告诉别人的
e12cf68db48908a3,L01 Ryan,Ryan_1_Outro,7,Ryan,我一定会记住这地方的。
29a9062b9b45c6ef,L01 Ryan,Ryan_1_Outro,8,Ryan,哈哈。也对你“汪”一个。
0712e97652e51758,L01 Ryan,Ryan_1_Outro,9,Ryan,我玩得很开心，那回头见啦！
17f93a33eafe382c,L01 Ryan,Ryan_1_Outro,10,Ryan,能开门让我出去吗？
1aa7b1c1d5fb1fd6,L01 Ryan,Ryan_1_Outro,12,Ryan/Conrad/Kobold/Dragon,谢谢！

# ===== Level 2: Conrad (Sunny) =====
# --- intro: Conrad_Intro_1 ---
d391aece578e396f,L02 Conrad,Conrad_Intro_1,1,Conrad,"<gradient=""yellow - orange""><size=140%>嘿！ </gradient><size=100%>这儿是洗澡的地方吧？"
e2b71fbe0e3a8220,L02 Conrad,Conrad_Intro_1,2,Conrad,我得洗得一尘不染。看来你就是干这个的。<size=70%> 哈。
198e07bd20a7e40b,L02 Conrad,Conrad_Intro_1,3,Kobold,嗯，这边请。
d474060b980dd4bb,L02 Conrad,Conrad_Intro_1,4,Kobold,我们可以腾个位子。
6c70580a9b88273d,L02 Conrad,Conrad_Intro_1,5,Conrad,好。不过得先开门。让康拉德进去！
# --- progress: Conrad_required_1 ---
87e002767e44df8e,L02 Conrad,Conrad_required_1,1,Conrad,那<size=90%>么<size=80%>么<size=70%>么<size=60%>么……<size=100%>我在想
2d6d31d664759240,L02 Conrad,Conrad_required_1,2,Conrad,你们这儿也做<i>特殊收尾</i>吧？
906e9b3e20a54dc2,L02 Conrad,Conrad_required_1,3,Kobold,我们这儿每次收尾都很特殊！
c41cb150dfd261d8,L02 Conrad,Conrad_required_1,4,Kobold,是说……那方面的事吗？
0c503978e6cd3a78,L02 Conrad,Conrad_required_1,5,Conrad,呃……那不是——
c9ce0c4dd28236fa,L02 Conrad,Conrad_required_1,6,Conrad,你们这儿会让大块头的龙，<size=60%>比如我，<size=100%>射出来吗？
daac14e0bc00f0ad,L02 Conrad,Conrad_required_1,7,Kobold,哇——呃——<size=80%>哦。<size=60%>我们不——
824dda92c5ffbad9,L02 Conrad,Conrad_required_1,8,Kobold,哦，不做。
33cb9fb42cd6a080,L02 Conrad,Conrad_required_1,9,Conrad,什么！？太糟了！你们连坐架都没有……？
96b0e7561e23fcbb,L02 Conrad,Conrad_required_1,10,Kobold,呃……<size=60%>没有？
175ccc13192756d4,L02 Conrad,Conrad_required_1,11,Conrad,那你最好弄一个！
fcc67c51c62fb4e9,L02 Conrad,Conrad_required_1,12,Conrad,至少你还能用手。嘿。
a29919179016a4e8,L02 Conrad,Conrad_required_1,13,Conrad,是吗？我连坐架都没看见。
6ec80eb8deb5afd8,L02 Conrad,Conrad_required_1,14,Kobold,哦……对，我们没有。
22706d3faee3b165,L02 Conrad,Conrad_required_1,15,Kobold,不，我们这儿不提供那种服务。
4a8d1297fbe8f246,L02 Conrad,Conrad_required_1,16,Conrad,真可惜。最好改改。
# --- jerkoff: Conrad_1_JerkOff_Start ---
6d4db2b6b39822b2,L02 Conrad,Conrad_1_JerkOff_Start,1,Conrad,哦，操，爽。
8fc6411ffc04a8f3,L02 Conrad,Conrad_1_JerkOff_Start,2,Conrad,继续。
# --- cum: Conrad_1_Cum ---
e51f82fb1e4773ad,L02 Conrad,Conrad_1_Cum,1,Conrad,<size=140%> 爽死了！
6d721d6e2ad2ae1c,L02 Conrad,Conrad_1_Cum,2,Conrad,<size=100%> 他妈的太舒服了！
# --- mount_start: conrad_mount_no ---
b902443f60bdba87,L02 Conrad,conrad_mount_no,1,Conrad,哇。呃。
ccdcfc48472b3533,L02 Conrad,conrad_mount_no,2,Conrad,平时我肯定答应用坐架。但现在不行。
# --- outro: Conrad_Outro_1 ---
2edaf16ee5b742a8,L02 Conrad,Conrad_Outro_1,1,Conrad,洗得还行。
882508b81f97e7cf,L02 Conrad,Conrad_Outro_1,2,Conrad,不过我去过的其他洗澡店至少都有坐架
51335374627e92a3,L02 Conrad,Conrad_Outro_1,3,Kobold,抱歉……
598e348ffe7cc978,L02 Conrad,Conrad_Outro_1,4,Kobold,我会订一个的，我保证！
3eba607f0573bf98,L02 Conrad,Conrad_Outro_1,5,Conrad,别道歉！去弄个坐架！
4e52b9a8b0ae1335,L02 Conrad,Conrad_Outro_1,6,Conrad,有自尊的洗澡师都知道怎么取悦一条龙。
25d0b6008550c533,L02 Conrad,Conrad_Outro_1,7,Kobold,好的。我会订一个坐架。
2e92d12d86bf03a5,L02 Conrad,Conrad_Outro_1,8,Conrad,好。行，放我出去吧。
426726c5d08284a8,L02 Conrad,Conrad_Outro_1,9,Conrad,好，你最好这样。要是我回来还没有……
28c3830dac3b9c5b,L02 Conrad,Conrad_Outro_1,10,Kobold,这是威胁吗……？
fac432bdcfb4b753,L02 Conrad,Conrad_Outro_1,11,Conrad,呃，不是，我只是会非常非常失望。
ee7433c3dd161b65,L02 Conrad,Conrad_Outro_1,12,Conrad,总之——放我出去。

# ===== Level 3: Alexander (Sunny) =====
# --- intro: Alexander_1_intro ---
dbca31128a900488,L03 Alexander,Alexander_1_intro,1,Alexander,晚上好。贵店接待无预约的客人，对否？
a6208f4370193b60,L03 Alexander,Alexander_1_intro,2,Kobold,接待的！您……是学院来的……？
fdf9d60aca05c19e,L03 Alexander,Alexander_1_intro,4,Alexander,正是，阁下想必识得在下的纹章！在下教授炼金术。
12456a9c2599222e,L03 Alexander,Alexander_1_intro,5,Alexander,……而这门课，稍后便要开讲。
cccd2e909950ad59,L03 Alexander,Alexander_1_intro,6,Alexander,甚好。
f5b90500599eaa0a,L03 Alexander,Alexander_1_intro,7,Alexander,还请从速，学生可不会自己教自己。
26f8788d21d9fd7d,L03 Alexander,Alexander_1_intro,8,Kobold,从没给当老师的龙洗过澡……哇。
7cc55c8bb6442b93,L03 Alexander,Alexander_1_intro,9,Kobold,好的，我去开门！
c9b9bda16ee1d468,L03 Alexander,Alexander_1_intro,10,Alexander,是教授——不过，是的。在下平素不去公共洗澡场所。
8569efc4ed5a6273,L03 Alexander,Alexander_1_intro,11,Alexander/Ryan,谢过阁下。
57c2b1f349d8b9e9,L03 Alexander,Alexander_1_intro,12,Alexander,哦，另外，在下为这一身污秽致歉。
c44510120d3f5f7e,L03 Alexander,Alexander_1_intro,13,Alexander,在下如今的处境实在令人遗憾……
550840616bc8148d,L03 Alexander,Alexander_1_intro,14,Kobold,您……没那么脏。
21e1f6bc71429bdb,L03 Alexander,Alexander_1_intro,15,Kobold,没问题。我去给您开门！
14ddfac745bc0ec3,L03 Alexander,Alexander_1_intro,16,Alexander,不，在下确实很脏。
65b94d53036df4ac,L03 Alexander,Alexander_1_intro,18,Alexander,可否请阁下开门？
f602395a77ff68c4,L03 Alexander,Alexander_1_intro,19,Kobold,哦。好。抱歉。
# --- progress: Alexander_1_required ---
8bb197f659df9e12,L03 Alexander,Alexander_1_required,1,Alexander,说来……此处环境颇为宜人。甚是……无产阶级。
c3971608b1a13f1b,L03 Alexander,Alexander_1_required,2,Kobold,无产——<i><size=70%>啥？
3afdda2c098fc834,L03 Alexander,Alexander_1_required,3,Kobold/Alexander/Ryan,谢谢您！
90d6678c9549b1e0,L03 Alexander,Alexander_1_required,4,Alexander,哦，就是……劳动阶层的意思？
55c80016618e1bc5,L03 Alexander,Alexander_1_required,5,Alexander,失礼，在下本意是说，在下很享受阁下的洗浴。
02fa2a9691178177,L03 Alexander,Alexander_1_required,6,Alexander,当然
32e117cdd1f56f3f,L03 Alexander,Alexander_1_required,7,Alexander,谁能想到此等场所竟如此便于公众光顾！
# --- jerkoff: alexander_jerk_off_no ---
f33ca08a17779409,L03 Alexander,alexander_jerk_off_no,1,Alexander,<i>哦。</i>在下想在下还没准备好。
# --- mount_start: alexander_mount_no ---
170ebd10775afd58,L03 Alexander,alexander_mount_no,1,Alexander,在下……不确定今天想用这个。
# --- outro: Alexander_1_Outro ---
d202075090a8960b,L03 Alexander,Alexander_1_Outro,1,Alexander,在下不得不说，阁下的手艺不逊于私人洗澡师。
b6069e62e167364f,L03 Alexander,Alexander_1_Outro,3,Kobold,嗯嗯，我一向尽力而为。
981447d1952fe850,L03 Alexander,Alexander_1_Outro,4,Alexander,哈哈，确乃一声“汪”。
5d7279822bcee7dd,L03 Alexander,Alexander_1_Outro,5,Alexander,在下的学生们该从阁下的敬业精神中学上一二！
8117291ab8529b4f,L03 Alexander,Alexander_1_Outro,6,Alexander,在下实在愿再多谈，然而课程将近。
dae0c0aa3ae01c37,L03 Alexander,Alexander_1_Outro,7,Alexander,……为此，在下谢过阁下。

# ===== Level 4: Ryan (Sunny) =====
# --- intro: Ryan_2_intro ---
7825d92f67bdcdef,L04 Ryan,Ryan_2_intro,1,Ryan,又来啦！
cd26586143766826,L04 Ryan,Ryan_2_intro,2,Kobold,嗨，莱恩！
6a67a8866ec70c09,L04 Ryan,Ryan_2_intro,4,Ryan,嘿，很高兴又回来了。
921bd4effdaa2a2f,L04 Ryan,Ryan_2_intro,5,Ryan,哈……你真喜欢那个声音呢。
387d0da740d0826e,L04 Ryan,Ryan_2_intro,6,Ryan,我又需要洗个澡了。
e542b800ecfc350a,L04 Ryan,Ryan_2_intro,7,Ryan,我想离开家一会儿。
78b22bcc76942425,L04 Ryan,Ryan_2_intro,8,Ryan,我和几个朋友出去了。
21abbb56e463a200,L04 Ryan,Ryan_2_intro,9,Ryan,玩马克笔很好玩。
da3405e1151a476e,L04 Ryan,Ryan_2_intro,10,Ryan,不过我觉得该洗干净了。
41dc14e2cd744b1b,L04 Ryan,Ryan_2_intro,11,Kobold,哦，好的。请进。
b231225bfcc08d4c,L04 Ryan,Ryan_2_intro,12,Kobold,一切都还好吗？
056b5511850d7220,L04 Ryan,Ryan_2_intro,13,Ryan,好，谢谢。
b4e4d893367947a0,L04 Ryan,Ryan_2_intro,14,Ryan,嗯，没事。抱歉。
c9cdea9d31e53d5b,L04 Ryan,Ryan_2_intro,15,Ryan,就是今天有点难熬。希望洗个澡能好点！
ab74167fe23c9db5,L04 Ryan,Ryan_2_intro,17,Ryan,那个，门？
5cbc0ceea57587db,L04 Ryan,Ryan_2_intro,18,Kobold,哦——对。马上。
08411b780900fb59,L04 Ryan,Ryan_2_intro,19,Kobold,当然。稍等！
a386908e3024f35e,L04 Ryan,Ryan_2_intro,20,Ryan,太好了。
# --- progress: Ryan_2_required ---
580684f8909e025d,L04 Ryan,Ryan_2_required,1,Ryan,嘿。
b4eff799a0271863,L04 Ryan,Ryan_2_required,2,Kobold,嗯？
fad448038cd06268,L04 Ryan,Ryan_2_required,3,Kobold,怎么了？
a1dd2ff2d1ef6beb,L04 Ryan,Ryan_2_required,4,Ryan,我能问你个问题吗？
2acd4405a7f14ae3,L04 Ryan,Ryan_2_required,5,Kobold,您已经在问了，怎么了？
c10c037156053bfe,L04 Ryan,Ryan_2_required,6,Kobold,请说。
4f6d869aa239596c,L04 Ryan,Ryan_2_required,7,Ryan,哦，对。抱歉。
0fa0dff561f86016,L04 Ryan,Ryan_2_required,8,Ryan,就是……关于感情。
9a38b89ed035e464,L04 Ryan,Ryan_2_required,9,Ryan,如果一段感情<i>那么</i>坎坷，你知道它会结束。
9b943020b9ae2658,L04 Ryan,Ryan_2_required,10,Ryan,你也什么都试过了。
954ba66a076849a5,L04 Ryan,Ryan_2_required,12,Ryan,那到底什么时候该结束呢？
f173e528733bb05a,L04 Ryan,Ryan_2_required,13,Kobold,哎——莱恩……
7b102f547a549072,L04 Ryan,Ryan_2_required,14,Kobold,我……不确定能替您回答这个。
d74bb8fcbf89b62a,L04 Ryan,Ryan_2_required,15,Ryan,我知道。我知道不该把这些倒给你。
64973f6ac9ac08be,L04 Ryan,Ryan_2_required,16,Ryan,只是和你在一起让人很自在。
93fa9e1a16f34a7d,L04 Ryan,Ryan_2_required,17,Ryan,你说得对……你不可能替我回答。
797653f5e081152e,L04 Ryan,Ryan_2_required,18,Ryan,我只是很高兴在这儿不会被评判。
b11d41e01fefb995,L04 Ryan,Ryan_2_required,20,Kobold,谢谢。我也喜欢和您在一起。
c6df1e087ef5d8e4,L04 Ryan,Ryan_2_required,21,Kobold,希望一切会好起来。
ebb96171ea7628a0,L04 Ryan,Ryan_2_required,22,Ryan/Kobold/Alexander,那就好。
91c0e3e9014024af,L04 Ryan,Ryan_2_required,23,Ryan,我也是。
# --- outro: Ryan_2_Outro ---
cb57ee6155ed6ca5,L04 Ryan,Ryan_2_Outro,1,Ryan,好啦。全干净了。
f6d370e531334fab,L04 Ryan,Ryan_2_Outro,2,Ryan,抱歉刚才跟你倒了那么多苦水。
a402a75e0522e087,L04 Ryan,Ryan_2_Outro,3,Kobold,没关系！
94e0ea6f97e24a81,L04 Ryan,Ryan_2_Outro,4,Kobold,我知道有时候日子不好过。
4f66abc45de7ff53,L04 Ryan,Ryan_2_Outro,5,Ryan/Alexander,阁下甚是贴心。
line:15f55959,L04 Ryan,Ryan_2_Outro,5,Ryan,你真贴心呀。
ee65a6c9748b539c,L04 Ryan,Ryan_2_Outro,6,Ryan,要是像电影里那么简单就好了。
0e95dd9dae12e50e,L04 Ryan,Ryan_2_Outro,7,Kobold,随时欢迎再来，莱恩。
78c778b6ee0575d9,L04 Ryan,Ryan_2_Outro,8,Kobold,如果您还想聊聊，我有时间。
f204fcc6b711621e,L04 Ryan,Ryan_2_Outro,9,Ryan,我会的，谢谢。
72eaafd8ad3f6b0d,L04 Ryan,Ryan_2_Outro,10,Ryan,你确定？不是什么……开心的事。
fe454a1e25772898,L04 Ryan,Ryan_2_Outro,11,Kobold,您说得对。我不该多问。
513af1a2eeeef9b6,L04 Ryan,Ryan_2_Outro,12,Kobold,没关系，您听起来需要说说。
f3ff11acd1b54309,L04 Ryan,Ryan_2_Outro,13,Ryan,没事的。谢谢你。
0b61ba409dc46906,L04 Ryan,Ryan_2_Outro,14,Ryan,嗯，你说得对。
5459b9d74fb7a529,L04 Ryan,Ryan_2_Outro,15,Ryan,是这样。我女朋友比我先到家。她是在家工作的龙。
2cd54468954ee8c7,L04 Ryan,Ryan_2_Outro,16,Ryan,我回家的时候有点脏。她就冲我吼。
f7e4ec27dd7d6527,L04 Ryan,Ryan_2_Outro,17,Ryan,让我去洗澡，表现得特别生气。
2880304176197c02,L04 Ryan,Ryan_2_Outro,18,Ryan,对我一身泥……<i>真的</i>很不高兴。
250b97243d1df1f7,L04 Ryan,Ryan_2_Outro,19,Kobold,所以您第一次才来这儿的？
bc78d04f7d5861dc,L04 Ryan,Ryan_2_Outro,20,Kobold,她的反应听起来有点过头了。
08a70054f59e703a,L04 Ryan,Ryan_2_Outro,21,Ryan,嗯……
6079131a1c79adef,L04 Ryan,Ryan_2_Outro,22,Ryan,不过说实话，你帮了我很多。
92536deee525f694,L04 Ryan,Ryan_2_Outro,23,Ryan,给了我思考的时间。
c3be2f1d3fa4404d,L04 Ryan,Ryan_2_Outro,25,Ryan,我也是这么想的。
9ebcf8a46cc189b7,L04 Ryan,Ryan_2_Outro,26,Ryan,我觉得她是为别的事不高兴……
8c3115a4e2a9a664,L04 Ryan,Ryan_2_Outro,27,Ryan,我只是不喜欢她拿我撒气。
393d8e5925dc5937,L04 Ryan,Ryan_2_Outro,31,Ryan,总之——
7258b4e037805024,L04 Ryan,Ryan_2_Outro,32,Ryan,谢谢你听我说。
951382e00968439d,L04 Ryan,Ryan_2_Outro,33,Kobold,随时奉陪，莱恩。
c41f39341b6c49ef,L04 Ryan,Ryan_2_Outro,34,Kobold,当然。很遗憾您经历这些。
line:6b245989,L04 Ryan,Ryan_2_Outro,35,Ryan,谢谢你。
553b3b011e56f6e2,L04 Ryan,Ryan_2_Outro,36,Ryan,没事。我会想办法的。
bd7468846a30d095,L04 Ryan,Ryan_2_Outro,37,Kobold,我去给您开门。
a7f68522a6e41971,L04 Ryan,Ryan_2_Outro,38,Ryan,好，再见！

# ===== Level 5: Conrad (Rainy) | sets level_5 | ends MedkitCompleted, level_5_complete =====
# --- intro: Conrad_Intro_2 ---
ed1060b120921b51,L05 Conrad,Conrad_Intro_2,1,Conrad,你有急救包吗？
33b8a4a45ccc09d4,L05 Conrad,Conrad_Intro_2,2,Kobold,发生什么事了！？
0a1daca6a7ffe060,L05 Conrad,Conrad_Intro_2,3,Kobold,天哪，康拉德。您还好吗？
20e5d8710e635ec0,L05 Conrad,Conrad_Intro_2,4,Conrad,我没必要告诉你。
20e7bf03f9acda80,L05 Conrad,Conrad_Intro_2,5,Conrad,所以，你到底有没有急救包？
b5df9715ed2e91ed,L05 Conrad,Conrad_Intro_2,6,Conrad,我看着像没事吗？
b91e8be1b03d1b61,L05 Conrad,Conrad_Intro_2,7,Conrad,不。我不好。你到底有没有急救包？
f974998c16103aa0,L05 Conrad,Conrad_Intro_2,8,Kobold,有，我有一个。
8ca82a3bb03f138c,L05 Conrad,Conrad_Intro_2,9,Kobold,有。但是，发生什么事了？
a94b34f629b2029a,L05 Conrad,Conrad_Intro_2,10,Conrad,快……开门就是了。
# --- progress: Conrad_required_2 ---
4356fa179bb80e09,L05 Conrad,Conrad_required_2,1,Conrad,我真是个白痴。
d886f3d923f9c796,L05 Conrad,Conrad_required_2,2,Conrad,这种破事我一直在避免！
ea8c1853a7d5966c,L05 Conrad,Conrad_required_2,3,Kobold,您想说说发生了什么吗……？
bded00d07cb1e457,L05 Conrad,Conrad_required_2,4,Kobold,很抱歉您受伤了……
02f000041eb5ab82,L05 Conrad,Conrad_required_2,5,Conrad,才不！太丢人了。
58356b98fdf40dc3,L05 Conrad,Conrad_required_2,7,Conrad,我不需要你的同情！
cb7847cb63566364,L05 Conrad,Conrad_required_2,9,Conrad,只是……
b48f291ebc6b18fe,L05 Conrad,Conrad_required_2,10,Conrad,我讨厌自己总是陷入这种境地。
519b07c299436f2a,L05 Conrad,Conrad_required_2,11,Conrad,开始觉得是<i>我的</i>错了。
f5ad489eeba50b01,L05 Conrad,Conrad_required_2,12,Kobold,<i>这</i>不是您的错，康拉德。
6402f4608ceb7bbb,L05 Conrad,Conrad_required_2,13,Kobold,真的很抱歉您受伤了。是谁干的？
8e59613d6cd60464,L05 Conrad,Conrad_required_2,14,Conrad,这次我真觉得是我的错……
7058e362e43623f0,L05 Conrad,Conrad_required_2,15,Conrad,酒吧里的一条龙……我太蠢了。管不住嘴。
ea289ebcdd7e81ef,L05 Conrad,Conrad_required_2,16,Conrad,就是酒吧里的一条龙。我太蠢了……管不住嘴。
aff317c06781bc70,L05 Conrad,Conrad_required_2,17,Conrad,我不明白！为什么我非得这样？
da5eed4c72eb1073,L05 Conrad,Conrad_required_2,18,Kobold,哪样？
193bb66a944990a8,L05 Conrad,Conrad_required_2,19,Kobold,我觉得您挺好的，康拉德。
c69250ea092a7fcd,L05 Conrad,Conrad_required_2,20,Conrad,就……混蛋那样？我知道跟我在一起很难受。
c2f21da58e28df4f,L05 Conrad,Conrad_required_2,21,Conrad,你人真好。我不配。
9c529e9f79f39a21,L05 Conrad,Conrad_required_2,22,Conrad,我是个混蛋。我知道。
4b7317a793a0f728,L05 Conrad,Conrad_required_2,23,Conrad,抱歉刚才冲你发火。
c4c0c9950baa723f,L05 Conrad,Conrad_required_2,24,Conrad,你不该受那样的对待。
9fa8cd9193124e79,L05 Conrad,Conrad_required_2,25,Kobold,没关系。您显然经历了很多。
249133e0671a807b,L05 Conrad,Conrad_required_2,26,Kobold,没事的。
c61717fe95ec2b9c,L05 Conrad,Conrad_required_2,27,Conrad,那也不代表我该冲你吼。
652daa6043287e1b,L05 Conrad,Conrad_required_2,28,Conrad,不再找借口了。
65b4e7b9caad6028,L05 Conrad,Conrad_required_2,29,Conrad,不，有事。不再找借口了。
334ade0356dff453,L05 Conrad,Conrad_required_2,30,Conrad,我得变得更好。我<i>想</i>变得更好。
1d190e45e1ddc239,L05 Conrad,Conrad_required_2,31,Conrad,只是……别告诉别人我说了这些。
3969155d983b9b32,L05 Conrad,Conrad_required_2,32,Kobold,您的秘密我会保守的。
bd7f2cf961e397ca,L05 Conrad,Conrad_required_2,33,Kobold,我不会说的。
0cd12abef67edc64,L05 Conrad,Conrad_required_2,34,Conrad,……谢了。
bbaef120c3a81475,L05 Conrad,Conrad_required_2,35,Conrad,还好你有急救包……你准备得真周全。
# --- jerkoff: conrad_jerk_off_no ---
f81a53c29135dfa5,L05 Conrad,conrad_jerk_off_no,1,Conrad,嘿，那个……现在不行。
# --- outro: Conrad_Outro_2 ---
7f9f3c8d0db46cbf,L05 Conrad,Conrad_Outro_2,1,Conrad,我已经感觉好多了。
d4a62b147d5a622b,L05 Conrad,Conrad_Outro_2,2,Kobold,身体上还是心理上？
0d49a74e82a2356a,L05 Conrad,Conrad_Outro_2,4,Conrad,都有。
c38c5771c6cf6118,L05 Conrad,Conrad_Outro_2,5,Conrad/Ryan,我也是。
7e30c436a9112ecd,L05 Conrad,Conrad_Outro_2,6,Conrad,你……挺好的。
229bd072e07a3d53,L05 Conrad,Conrad_Outro_2,7,Conrad,我是认真的。真的。
ba15304b6e669701,L05 Conrad,Conrad_Outro_2,8,Kobold,我只是做了我觉得对的事。
1fb463b57138c081,L05 Conrad,Conrad_Outro_2,9,Kobold,我觉得您也挺好的。改变自己很难。
56c81331bdf0858e,L05 Conrad,Conrad_Outro_2,10,Conrad,希望我能从中学到点什么。
3e2cb05f5d39c6e5,L05 Conrad,Conrad_Outro_2,11,Conrad,谢了，但我会变得更好。我保证。
8a3ca437a0d6d164,L05 Conrad,Conrad_Outro_2,12,Conrad,我不碍你事了……
c90e3d1d20fadd0f,L05 Conrad,Conrad_Outro_2,13,Conrad,我一定会再来的。

# ===== Level 6: Alexander (Night) | sets level_6_started =====
# --- intro: Alexander_2_intro ---
44aa15e695b4e0d5,L06 Alexander,Alexander_2_intro,1,Alexander,谢天谢地，贵店还开着。
840851d0f7570dd9,L06 Alexander,Alexander_2_intro,2,Kobold,亚历山大……？
d786fe5166ed78b0,L06 Alexander,Alexander_2_intro,3,Kobold,呃……严格来说没开。
b5707c134254e827,L06 Alexander,Alexander_2_intro,4,Alexander,正是。在下急需清洗。情势颇为危急！
5962824d5ad2d472,L06 Alexander,Alexander_2_intro,5,Alexander,此事唯有阁下能办。
4006d568c80ab534,L06 Alexander,Alexander_2_intro,6,Alexander,在下愿付双倍。三倍——此事唯有阁下能办！
a17a2764777e0b60,L06 Alexander,Alexander_2_intro,7,Kobold,哦。那好吧，我们开着。
1e5b9c4d7c7853fa,L06 Alexander,Alexander_2_intro,8,Alexander,甚好！
e36d5a8ffbc61b8c,L06 Alexander,Alexander_2_intro,9,Kobold,发生什么事了？
c43599f1e3538c5c,L06 Alexander,Alexander_2_intro,10,Kobold,您怎么这么晚来？
c63c466c3e28f286,L06 Alexander,Alexander_2_intro,11,Alexander,在下的同僚伊格威克斯教授，欲以在下为台座。
dfb6e95e4715f76e,L06 Alexander,Alexander_2_intro,12,Alexander,在下应允了，因在下的身躯足够高大。
9da4c08f2c9d94f9,L06 Alexander,Alexander_2_intro,13,Alexander,然而……
149351e2d565febf,L06 Alexander,Alexander_2_intro,14,Alexander,他的方法出了差错。
b54a89ba26aaeaa1,L06 Alexander,Alexander_2_intro,15,Kobold,他死了！？
0ee302086c5ae61a,L06 Alexander,Alexander_2_intro,16,Kobold,他去哪儿了……？
2cc9a59ae14e4845,L06 Alexander,Alexander_2_intro,17,Alexander,什么？
3b20ece829b0bd68,L06 Alexander,Alexander_2_intro,18,Alexander,没有。
93f6d587969b0e78,L06 Alexander,Alexander_2_intro,19,Alexander,在他自燃之后，在下确保给了他隐私。
1d37ba6f405ce0fd,L06 Alexander,Alexander_2_intro,20,Alexander,他的肉身目前正在教员休息室重构。
27c227129d961114,L06 Alexander,Alexander_2_intro,21,Alexander,凡有自尊的巫师，皆随身备有凤凰羽。
9e99fec970b38818,L06 Alexander,Alexander_2_intro,22,Kobold,对。凤凰羽。当然了。
0549826a698aad1c,L06 Alexander,Alexander_2_intro,23,Kobold,好。我去开店。稍等。
9e85e9ab574cfc16,L06 Alexander,Alexander_2_intro,24,Alexander,在下忘了外行的无知。抱歉。
359439ec513e7e35,L06 Alexander,Alexander_2_intro,25,Kobold,嗯嗯，我去开门
28fa9c1bb5161161,L06 Alexander,Alexander_2_intro,26,Alexander,请速速！在下的声誉危在旦夕。
# --- progress: Alexander_2_required ---
cc99c01887a9b5f1,L06 Alexander,Alexander_2_required,1,Alexander,此番遭遇令在下深感难堪。
e33e953efb157171,L06 Alexander,Alexander_2_required,2,Kobold,没什么大不了的。听起来大家都没事。
c054502c35602985,L06 Alexander,Alexander_2_required,3,Kobold,不必难堪。
98cbb728e5fb19f2,L06 Alexander,Alexander_2_required,4,Alexander,那从来不是在下的顾虑。在下乃是极为规避风险的龙。
c1d152bd1a4b22f1,L06 Alexander,Alexander_2_required,5,Alexander,阁下此言甚是仁厚。
0da1bbeb76d9ef60,L06 Alexander,Alexander_2_required,6,Alexander,然而，在下的<i>形象</i>远比伊格威克斯转瞬即逝的肉身更为长久。
54021b5f26568c41,L06 Alexander,Alexander_2_required,7,Alexander,此乃在下忧虑之源……
3a363409d3ae72f1,L06 Alexander,Alexander_2_required,8,Alexander,亦是阁下堪当此任的缘由！
# --- outro: Alexander_2_Outro ---
abc1043955962614,L06 Alexander,Alexander_2_Outro,1,Alexander,再度洁净如新。感谢阁下在此时接待在下。
2de23f0bdf3de327,L06 Alexander,Alexander_2_Outro,2,Kobold,钱……嗯……
082cb158de32f2d9,L06 Alexander,Alexander_2_Outro,3,Kobold,不客气。
374214d86f810d53,L06 Alexander,Alexander_2_Outro,4,Alexander,哈，确是一种动力。
7ff22bb553842005,L06 Alexander,Alexander_2_Outro,5,Alexander,至少如今不止于此了！
01b524bd7165a166,L06 Alexander,Alexander_2_Outro,6,Alexander,在下从未料到会向他人吐露如此令人难堪之事。
704866fd76bd9fb8,L06 Alexander,Alexander_2_Outro,7,Kobold,我随时乐意帮忙。<i><size=70%> 尤其是帮一条大龙。
dd573253630e8021,L06 Alexander,Alexander_2_Outro,8,Kobold,很高兴您信任我。
d6b066332b6d8b9a,L06 Alexander,Alexander_2_Outro,9,Alexander,阁下亦能从中获得乐趣，在下甚为欣慰。
762c20b866b7b263,L06 Alexander,Alexander_2_Outro,10,Alexander,我也是。
5fc37d4eda289c06,L06 Alexander,Alexander_2_Outro,11,Alexander,在下不解，为何与阁下交谈如此轻松。
5a2661b79c536b73,L06 Alexander,Alexander_2_Outro,12,Alexander,众人的目光皆承载着巨大的重量。
0ddbb1a880fb5b54,L06 Alexander,Alexander_2_Outro,13,Alexander,阁下的目光则不然。甚是舒心。
df9e3e9397757b17,L06 Alexander,Alexander_2_Outro,14,Kobold,期待什么的最烦啦～。
5b4ce4081cac21b5,L06 Alexander,Alexander_2_Outro,15,Kobold,只是做好我的工作！
1acd1b8d362287ec,L06 Alexander,Alexander_2_Outro,16,Alexander,确实如此……
cbbaf40d803468a2,L06 Alexander,Alexander_2_Outro,17,Alexander,阁下做得极好。

# ===== Level 7: Ryan (Sunny) =====
# --- intro: Ryan_3_intro ---
49e50c5be7d1583e,L07 Ryan,Ryan_3_intro,2,Kobold,莱恩！
346181d6c9954315,L07 Ryan,Ryan_3_intro,3,Kobold,欢迎回来！
c1cff3dbff6bfce2,L07 Ryan,Ryan_3_intro,4,Ryan,是我。
03810482331af8e2,L07 Ryan,Ryan_3_intro,5,Ryan,很高兴来这儿。
e1a42aae663ccf1f,L07 Ryan,Ryan_3_intro,6,Ryan,又来洗澡了。
fc7ed7b68999fdae,L07 Ryan,Ryan_3_intro,7,Ryan,我……
be0667bb01a8cd65,L07 Ryan,Ryan_3_intro,8,Ryan,算了。能开下门吗？
20ed966db540aaaf,L07 Ryan,Ryan_3_intro,9,Kobold,好，我去给您开。
6c0973b0166d3528,L07 Ryan,Ryan_3_intro,10,Kobold,莱恩？您确定没事吗……？
8dff101cb2298f67,L07 Ryan,Ryan_3_intro,12,Ryan,不，不太好。
1990b3ec8cd88a48,L07 Ryan,Ryan_3_intro,13,Ryan,我等会儿告诉你。现在能先开门吗？
85fec70372b092bb,L07 Ryan,Ryan_3_intro,14,Kobold/Conrad,对。
33e04b2f805d0e1a,L07 Ryan,Ryan_3_intro,15,Kobold,好的。不过希望您没事。
f51bead488e14b65,L07 Ryan,Ryan_3_intro,16,Ryan/Conrad/Alexander,谢谢。
aac215f048e8ee54,L07 Ryan,Ryan_3_intro,17,Ryan,我能撑住。
# --- progress: Ryan_3_required ---
eb256f4dcddfee94,L07 Ryan,Ryan_3_required,1,Ryan,关于刚才。
1a17d73907f63be1,L07 Ryan,Ryan_3_required,2,Ryan,几天前……
87a781aa9b0c0136,L07 Ryan,Ryan_3_required,3,Ryan,我和伴侣分手了……
f68b8d76138a2a69,L07 Ryan,Ryan_3_required,4,Kobold,哦……我很遗憾。
d6077ef6cdb59db1,L07 Ryan,Ryan_3_required,5,Kobold,哎，莱恩。
d296154ff317814a,L07 Ryan,Ryan_3_required,6,Ryan,没事。我必须这么做。她没让我快乐。
8a2e2803c1bc2ea7,L07 Ryan,Ryan_3_required,7,Ryan,我也没让她快乐。
d9e1edc2e966ec26,L07 Ryan,Ryan_3_required,8,Ryan,不过再多的理由也不会让人好受。
769c31039308d04d,L07 Ryan,Ryan_3_required,9,Kobold,很高兴您能做出对自己最好的选择。
460c50191c964260,L07 Ryan,Ryan_3_required,10,Kobold,结束一段关系从来都不容易。
8825be71018f7f88,L07 Ryan,Ryan_3_required,11,Ryan,嗯。至少因为这样我认识了你。
3e43d550d0572c10,L07 Ryan,Ryan_3_required,12,Ryan,嗯……确实不容易。
8948d011be56c311,L07 Ryan,Ryan_3_required,13,Ryan,不过，至少我认识了你！
e484863d425a58e8,L07 Ryan,Ryan_3_required,14,Kobold,谢谢您，莱恩。我也很高兴认识您
1af4464c602a423a,L07 Ryan,Ryan_3_required,15,Kobold/Conrad,哎，谢谢。
e39173e934f56c78,L07 Ryan,Ryan_3_required,16,Ryan,在这儿洗澡真的让一切好受多了。
94f45fc9f39121cd,L07 Ryan,Ryan_3_required,17,Ryan,而且真的很舒服。
# --- outro: Ryan_3_Outro ---
01e6332ab274c6d3,L07 Ryan,Ryan_3_Outro,1,Ryan,应该都洗完了。
26fef1581467462d,L07 Ryan,Ryan_3_Outro,2,Ryan,谢谢你。你让这一切好熬多了。
021d801f68652852,L07 Ryan,Ryan_3_Outro,3,Kobold,这里随时欢迎您，莱恩。
dc18b85912d460dd,L07 Ryan,Ryan_3_Outro,4,Kobold,您是我最喜欢的客人之一！
7ee443bc5e93fadb,L07 Ryan,Ryan_3_Outro,5,Ryan,你总是让我觉得受欢迎。
c851929ab3cd9537,L07 Ryan,Ryan_3_Outro,6,Ryan,哎……谢谢。我把你当成……会很奇怪吗……
e0464d0955af808a,L07 Ryan,Ryan_3_Outro,7,Ryan,一个很好的朋友？
674d9f74349966ca,L07 Ryan,Ryan_3_Outro,8,Kobold,<size=70%><i>哦——</i>不，其实这样很好。
e2c8744d410cb6f6,L07 Ryan,Ryan_3_Outro,9,Kobold,我也把您当好朋友
29fee2ec355f7967,L07 Ryan,Ryan_3_Outro,10,Ryan,哦——太好了！
51200db7892ee7e1,L07 Ryan,Ryan_3_Outro,11,Ryan,嘿嘿……谢谢。
91c56a4e9213a4b0,L07 Ryan,Ryan_3_Outro,12,Ryan,好。我该不碍你事了。
523791f6550c3508,L07 Ryan,Ryan_3_Outro,13,Ryan,我还会再来的，好吗？
667cadad21e120f0,L07 Ryan,Ryan_3_Outro,14,Kobold,好的！我去给您开门。
18f0197237db4a52,L07 Ryan,Ryan_3_Outro,15,Kobold,期待再见到您
952d54adb781ab58,L07 Ryan,Ryan_3_Outro,16,Ryan,谢谢。回头见。

# ===== Level 8: Conrad (Sunny) | sets DeliveredMountFrame =====
# --- intro: Conrad_Intro_3 ---
c2ce80cda53b3e12,L08 Conrad,Conrad_Intro_3,1,Conrad,嘿，大哥。
ef92f8b9796dcaad,L08 Conrad,Conrad_Intro_3,2,Kobold,我是……狗头人。
3faf8798d815fbcc,L08 Conrad,Conrad_Intro_3,3,Kobold,嗨，康拉德。
fe810d1ef6bbca3f,L08 Conrad,Conrad_Intro_3,4,Conrad,呃……对。
fe59e121f203b436,L08 Conrad,Conrad_Intro_3,5,Conrad,嘿。对。是我。
a911f2d8e77038c7,L08 Conrad,Conrad_Intro_3,6,Conrad,看来你收到货了，嗯？
403e617f71fdbd7d,L08 Conrad,Conrad_Intro_3,7,Conrad,那些打开的箱子里是什么？
2fa26a557574f06d,L08 Conrad,Conrad_Intro_3,8,Kobold,我收到了一个坐架。
ba689238087b547e,L08 Conrad,Conrad_Intro_3,9,Kobold,是您要的坐架。
a1d3f8d9c7e16f54,L08 Conrad,Conrad_Intro_3,10,Conrad,<size=160%>太爽了！
24f5fb4981989960,L08 Conrad,Conrad_Intro_3,11,Conrad,<size=100%>我是说——不错。
086c8ec178979d9b,L08 Conrad,Conrad_Intro_3,12,Conrad,快让我进去！我想试试那玩意儿！
8b742c36f3da7059,L08 Conrad,Conrad_Intro_3,13,Kobold,好吧……
3a1b28ba58f06ac8,L08 Conrad,Conrad_Intro_3,14,Kobold,我去开门。
c2ac4efff25192d6,L08 Conrad,Conrad_Intro_3,15,Conrad,别……说得那么勉强。
faa0b4a641d866a4,L08 Conrad,Conrad_Intro_3,17,Conrad,走起来吧～！
f030a371b944e9be,L08 Conrad,Conrad_Intro_3,18,Conrad/Ryan,那当然！
# --- phone: Conrad_3_PhoneTutorial ---
eb8e96751da9e008,L08 Conrad,Conrad_3_PhoneTutorial,1,Phone,我们收到了您关于坐架的申请！
4369749a5a3394e9,L08 Conrad,Conrad_3_PhoneTutorial,2,Kobold,什……？
339397c0d1c1f21f,L08 Conrad,Conrad_3_PhoneTutorial,3,Phone,今早已经送到了，应该就在大门附近。
f1968abec4612ffb,L08 Conrad,Conrad_3_PhoneTutorial,4,Phone,请用撬棍打开，然后放进储藏室，可以吗？
435c7e974ca94c84,L08 Conrad,Conrad_3_PhoneTutorial,6,Phone,很好。祝您度过<i>高效</i>的一天。
# --- idle: Conrad_idle_3_1 ---
37950c8a8db90865,L08 Conrad,Conrad_idle_3_1,1,Conrad,你要是把坐架给我放好，我就上。
8f224115163c0dbe,L08 Conrad,Conrad_idle_3_1,2,Conrad,嘿，用手弄我那儿——很舒服！
785bfdcdb6a67739,L08 Conrad,Conrad_idle_3_1,3,Conrad,那个，能开下门吗？
# --- idle: Conrad_idle_3_2 ---
c1dc3477631255b7,L08 Conrad,Conrad_idle_3_2,1,Conrad,我喜欢你选的坐架。能拿过来吗？
4557c47a615d9810,L08 Conrad,Conrad_idle_3_2,2,Conrad,那么。你要给我撸吗？
7e079188b55eb03d,L08 Conrad,Conrad_idle_3_2,3,Conrad,谢了。真他妈舒服。
# --- jerkoff: Conrad_started_jerkoff_3 ---
ccd88381d07a0b21,L08 Conrad,Conrad_started_jerkoff_3,1,Conrad,啊对，就是这样……继续。
# --- cum: Conrad_finished_jerkoff_3 ---
10069c101bcc95c1,L08 Conrad,Conrad_finished_jerkoff_3,1,Conrad,……！
82d37703a9140210,L08 Conrad,Conrad_finished_jerkoff_3,2,Conrad,该死，你真会用手。
95be71f702fae4a6,L08 Conrad,Conrad_finished_jerkoff_3,5,Kobold,哈……<size=70%> 是啊。
b60c2f975eedb833,L08 Conrad,Conrad_finished_jerkoff_3,6,Kobold,当然。我可是<i>专业的</i>。
f9e0d3cba1f3548e,L08 Conrad,Conrad_finished_jerkoff_3,7,Conrad,狗头人知道自己喜欢什么，总是件好事。
0eb2a1e25a35e85e,L08 Conrad,Conrad_finished_jerkoff_3,8,Conrad,我也是。
83d081eadc40b86b,L08 Conrad,Conrad_finished_jerkoff_3,10,Conrad,专业被撸的。
# --- cum: Conrad_Outro_3 | if $conrad_jerked_off_3 $conrad_used_mount_3 ---
6f64e0cc9b162541,L08 Conrad,Conrad_Outro_3,1,Conrad,嘿，那个。我在想
dd5acacdb6c59489,L08 Conrad,Conrad_Outro_3,2,Conrad,现在问可能有点奇怪。不过嘛。
7f39f874a107d858,L08 Conrad,Conrad_Outro_3,3,Conrad,你知道什么好玩的地方，或者可以一起混的人吗？
df48dbfe82678dea,L08 Conrad,Conrad_Outro_3,4,Kobold,"<gradient=""gold""><b> 我认识一条龙，莱恩。要我介绍你们认识吗？ </b></gradient><size=70%>（解锁康拉德/莱恩的关系，或莱恩恋爱线）"
7b870878852ee72d,L08 Conrad,Conrad_Outro_3,5,Kobold,"<gradient=""gold""><b> 我不介意和您一起玩…… </b></gradient><size=70%>（解锁康拉德恋爱线）"
ac6820f366b18b44,L08 Conrad,Conrad_Outro_3,6,Conrad,另一条龙？我平时不太合群……
de6f58682bdaacf9,L08 Conrad,Conrad_Outro_3,7,Kobold,不会的。莱恩是个贴心的人。
d4185d9f80a34228,L08 Conrad,Conrad_Outro_3,8,Kobold,别担心，他人很好。
9df619228ba627fc,L08 Conrad,Conrad_Outro_3,9,Conrad,好吧。那我想试试。
d88679eede302f8e,L08 Conrad,Conrad_Outro_3,10,Kobold,下次见到他我一定问问。
7984d45df6290f6c,L08 Conrad,Conrad_Outro_3,11,Kobold,我觉得他会喜欢新的您！
bf35fcb679c816dd,L08 Conrad,Conrad_Outro_3,12,Conrad,谢了。真的很感激
d32db8ee98680d0f,L08 Conrad,Conrad_Outro_3,13,Conrad,希望如此。我真的想和谁重新开始。
8623a4b26a9521d8,L08 Conrad,Conrad_Outro_3,14,Conrad,不过我可能得走了。
30dcd5391100eeba,L08 Conrad,Conrad_Outro_3,15,Conrad,谢谢你的建议！
f1ad7345d30997b4,L08 Conrad,Conrad_Outro_3,16,Kobold,不用谢。我去开门。
404cba15a4acdcfe,L08 Conrad,Conrad_Outro_3,17,Kobold,当然。
8bf9f7d2ecce0105,L08 Conrad,Conrad_Outro_3,18,Conrad,哦哦哦。
8929fe2569ae7455,L08 Conrad,Conrad_Outro_3,19,Conrad,我想我会喜欢的！
2358a2257260501f,L08 Conrad,Conrad_Outro_3,20,Conrad,你挺辣的。
c650e0aadadba99c,L08 Conrad,Conrad_Outro_3,21,Conrad,……也很好。
296f2ab03f8676ef,L08 Conrad,Conrad_Outro_3,23,Kobold,我也觉得您很特别。
17cf3cc7179b6817,L08 Conrad,Conrad_Outro_3,24,Conrad,这……是你第一次对我“汪”。
c2599750a4dd9247,L08 Conrad,Conrad_Outro_3,25,Kobold,狗头人语里，这是“你做得很好”的意思。
6f2ff920e860570d,L08 Conrad,Conrad_Outro_3,26,Conrad,哦……哈。我喜欢。
8b7bdfb88553e72f,L08 Conrad,Conrad_Outro_3,27,Conrad,听你这么说我很高兴。
e8ae0da9edb0a314,L08 Conrad,Conrad_Outro_3,28,Conrad,那么。约个会怎么样？
781cbcfcd7920f3f,L08 Conrad,Conrad_Outro_3,29,Kobold,有点快……不过我觉得可以！
5f9a2b795615ba6a,L08 Conrad,Conrad_Outro_3,30,Kobold,好。
508f3cf175389841,L08 Conrad,Conrad_Outro_3,31,Conrad,我想试试！
c282dd1133ff96d4,L08 Conrad,Conrad_Outro_3,32,Conrad,好！那我晚点再来。
bfc65061708379d6,L08 Conrad,Conrad_Outro_3,33,Kobold,<size=70%><i> 天哪，我刚和一条龙约上了。
cf78ef26075ae223,L08 Conrad,Conrad_Outro_3,34,Kobold,好！我去开门。
6b8aa4fb55221728,L08 Conrad,Conrad_Outro_3,35,Conrad,嗯？
c395eb5878798c08,L08 Conrad,Conrad_Outro_3,36,Kobold,哦！没什么。我去开门。
102e28eb7d17c7dd,L08 Conrad,Conrad_Outro_3,37,Conrad,哦，好。谢了。
ca518354e1f14735,L08 Conrad,Conrad_Outro_3,38,Conrad,好，谢了。
# --- cum: Conrad_finished_jerkoff_3 ---
5dffcc40132f0ec4,L08 Conrad,Conrad_finished_jerkoff_3,11,Conrad,现在我盯上坐架了……
45c2b89acdcfd55d,L08 Conrad,Conrad_finished_jerkoff_3,12,Conrad,让我试试！
57725c300be82fa5,L08 Conrad,Conrad_finished_jerkoff_3,13,Kobold,哦好。我去拿。
1976e7477a26b680,L08 Conrad,Conrad_finished_jerkoff_3,14,Kobold/Ryan,好的！
9e50b8e48f012f1f,L08 Conrad,Conrad_finished_jerkoff_3,15,Conrad,太好了
# --- mount_start: Conrad_placed_mount_3 ---
b9778eb1fe076168,L08 Conrad,Conrad_placed_mount_3,1,Conrad,哈！坐架在这儿！
86b1b615d536c6c9,L08 Conrad,Conrad_placed_mount_3,2,Conrad,那<size=90%>么<size=80%>么<size=70%>么<size=60%>么……<size=100%>我不脏。但我<i>～很脏～</i>你懂吧？
449244744c8bbd8a,L08 Conrad,Conrad_placed_mount_3,3,Kobold,所以您来就是为了……
f8c28806b84cad3d,L08 Conrad,Conrad_placed_mount_3,4,Kobold,对。不算太贵。
cd4ecc87775c0780,L08 Conrad,Conrad_placed_mount_3,5,Conrad,干点什么，最好再来个手活。
01e3f480dfe7930d,L08 Conrad,Conrad_placed_mount_3,6,Conrad,来个手活，再干这个坐架。
7f9240260973e0ce,L08 Conrad,Conrad_placed_mount_3,7,Kobold,您……真直接。
e0b48878cb57c01f,L08 Conrad,Conrad_placed_mount_3,8,Conrad,那当然！我知道我很……
1bd882b6a6343777,L08 Conrad,Conrad_placed_mount_3,9,Conrad,不错。
557321787688acff,L08 Conrad,Conrad_placed_mount_3,11,Conrad,总之。现在就用这玩意儿！
78e9c032e409d82d,L08 Conrad,Conrad_placed_mount_3,12,Conrad,哈，好。来给它开开光！
# --- mount_finish: Conrad_finished_mount_3 ---
81b18a3cc2f69ea7,L08 Conrad,Conrad_finished_mount_3,1,Conrad,呼。
748b06c5c3f0552b,L08 Conrad,Conrad_finished_mount_3,2,Conrad,刚才。
e92da2c203110197,L08 Conrad,Conrad_finished_mount_3,3,Conrad,刚才<i>真舒服</i>。
bcd00a8f7b94c7f1,L08 Conrad,Conrad_finished_mount_3,4,Kobold,您刚才真是拼了。
67d7d2492d388d84,L08 Conrad,Conrad_finished_mount_3,5,Kobold,您看起来很享受。
65e7a40050eb4acf,L08 Conrad,Conrad_finished_mount_3,6,Conrad,我一向如此～
5c9126f1405a306c,L08 Conrad,Conrad_finished_mount_3,7,Conrad,当然享受！
d45c21a765584d3b,L08 Conrad,Conrad_finished_mount_3,8,Kobold,那就好……接下来呢？
ae7bb31b012d1f51,L08 Conrad,Conrad_finished_mount_3,9,Conrad,接下来，第二轮！
18b0b44df315e792,L08 Conrad,Conrad_finished_mount_3,10,Kobold,又来……？
f395d053e5dcf326,L08 Conrad,Conrad_finished_mount_3,11,Conrad,不不，你是持证洗澡师对吧？
5117686f8d936e47,L08 Conrad,Conrad_finished_mount_3,12,Conrad,说明你知道怎么动手！
a441237f7aea8d53,L08 Conrad,Conrad_finished_mount_3,13,Kobold,哦。<size=70%>好吧。
d2e773775c5bf598,L08 Conrad,Conrad_finished_mount_3,14,Kobold,好。我这就来。
d126a37255fb8144,L08 Conrad,Conrad_finished_mount_3,15,Conrad,哈。对。<size=70%><i>洗澡学校还教怎么给龙撸，真不错……
fba1924f5f79713e,L08 Conrad,Conrad_finished_mount_3,16,Conrad,好吧，祝你能用手把我全握住。
# --- mount_finish: Conrad_OutroDirty ---
9b363afaa9dc8a5f,L08 Conrad,Conrad_OutroDirty,1,Conrad,我还脏着呢！
44aa54eec876d22e,L08 Conrad,Conrad_OutroDirty,2,Kobold,啊，抱歉
85d8ae405abc5722,L08 Conrad,Conrad_OutroDirty,3,Kobold,哎呀
# --- mount_finish: Conrad_OutroSoapy ---
d7bb84bfc322967e,L08 Conrad,Conrad_OutroSoapy,1,Conrad,我还一身泡沫呢！
# --- mount_finish: ErrorHasOccurred ---
9241fa9324783298,L08 Conrad,ErrorHasOccurred,1,ErrorHasOccurred,哎呀，出问题了
fbc99d34c317d087,L08 Conrad,ErrorHasOccurred,2,ErrorHasOccurred,如果你看到这条，请联系 nael 或提交错误报告
be7e08152c8d1556,L08 Conrad,ErrorHasOccurred,3,ErrorHasOccurred,抱歉！
# --- mount_finish: Conrad_Outro | if $conrad_jerked_off_3 $conrad_used_mount_3 ---
c571db95fc1e4f78,L08 Conrad,Conrad_Outro,4,Conrad,啊，洗干净了，也轻松了。
e374c1b3adfa0cf8,L08 Conrad,Conrad_Outro,5,Conrad,谢了老兄，明天见。

# ===== Level 9: Alexander (Sunny) =====
# --- intro: Alexander_3_intro ---
36cd0d2b83086eeb,L09 Alexander,Alexander_3_intro,1,Alexander/Conrad,你好。
bc15783521246457,L09 Alexander,Alexander_3_intro,2,Kobold/Alexander,亚历山大！
3cbf350078abb1bf,L09 Alexander,Alexander_3_intro,3,Kobold,嘿，欢迎回来！
516ad83185e96dfb,L09 Alexander,Alexander_3_intro,4,Alexander,哈哈，是的。见到阁下甚是欣喜。
f1d9c9797985d9a2,L09 Alexander,Alexander_3_intro,5,Alexander,能回来甚是欣喜。
9f59b5e841a0d2ad,L09 Alexander,Alexander_3_intro,6,Alexander,在下似乎弄得满身墨水！
fda3c419d5174cb2,L09 Alexander,Alexander_3_intro,7,Alexander,着实糟糕，不是吗？
b5d76009b084e709,L09 Alexander,Alexander_3_intro,8,Kobold,嗯，这就是我在这儿的原因！
4f921c2b968fe884,L09 Alexander,Alexander_3_intro,9,Kobold,哇，您真的全身都是！
256ae0739ddd2dbc,L09 Alexander,Alexander_3_intro,10,Alexander,正是！如今阁下是在下唯一愿意让其为在下洗浴的狗头人。
f114f26d23d53dc1,L09 Alexander,Alexander_3_intro,11,Kobold,哎呀，谢谢您，亚历山大。
1f01b93ae3777189,L09 Alexander,Alexander_3_intro,12,Kobold,您的私人洗澡师呢？
92b7fef7172975fa,L09 Alexander,Alexander_3_intro,13,Alexander,当然！阁下经营着一家上好的店。
df2a4df0381808af,L09 Alexander,Alexander_3_intro,14,Alexander,阁下不必担忧。洗澡师工会……比在下更有权势。
1bdc19a56262fbc5,L09 Alexander,Alexander_3_intro,15,Alexander,<size=70%>在下仍在付他们薪水。
b0134babb7e75550,L09 Alexander,Alexander_3_intro,16,Alexander,一个来见在下最喜爱的狗头人的好借口。
7d926d6395419270,L09 Alexander,Alexander_3_intro,17,Kobold,哎呀……谢谢！
6ad0fe6dcc2efa30,L09 Alexander,Alexander_3_intro,19,Alexander,当然，阁下经营着一家上好的店。
f38b3b8fcf6bf031,L09 Alexander,Alexander_3_intro,20,Alexander,怎么？由衷的赞美并无害处！
350955b9410d95a5,L09 Alexander,Alexander_3_intro,21,Kobold,没想到您是会弄得这么脏的类型！
3cf6fd8e7e50386c,L09 Alexander,Alexander_3_intro,22,Kobold,您怎么满身墨水？
5d2cee363540fc7a,L09 Alexander,Alexander_3_intro,23,Alexander,在下……嗯。
26b3089f5ee4a463,L09 Alexander,Alexander_3_intro,24,Alexander,在下<i>想</i>，在下定是<i>在来的路上</i>打翻了墨水瓶。着实笨拙！
7f1cf0605a577a0a,L09 Alexander,Alexander_3_intro,25,Kobold,“想”、“在来的路上”？那您之前并没有满身墨水……
b356a126e4318643,L09 Alexander,Alexander_3_intro,26,Alexander/Kobold/Ryan,哦。
cd5592e5e3140daa,L09 Alexander,Alexander_3_intro,27,Alexander,对。
2a0200c46ee1b662,L09 Alexander,Alexander_3_intro,29,Alexander,实话实说，在下是为了来此才弄脏的。
b4d680dde83d7847,L09 Alexander,Alexander_3_intro,30,Kobold,哎呀。您不用满身墨水也可以来打招呼呀！
42d72aa4b0b39750,L09 Alexander,Alexander_3_intro,31,Kobold,哦！那我得让您进来。我去开门。
9eb8cd756595cf24,L09 Alexander,Alexander_3_intro,32,Alexander,当真？
5f9846717183dcc1,L09 Alexander,Alexander_3_intro,33,Alexander,在下会记住的。在下习惯了凡事皆为交易。
2ea5b920a0a9a519,L09 Alexander,Alexander_3_intro,34,Kobold,我随时都很高兴见到您。我去给您开门。
# --- progress: Alexander_3_required ---
a59f7f35644dcdbb,L09 Alexander,Alexander_3_required,1,Alexander,伊格威克斯教授——在下那位早前自焚的同僚。
10b4110dad07d576,L09 Alexander,Alexander_3_required,2,Alexander,他已重返工作岗位。感谢阁下在那件事上的帮助。
b8baebdff88a847f,L09 Alexander,Alexander_3_required,3,Kobold,是啊，一开始挺吓人的。
a2aff5b173ae96bb,L09 Alexander,Alexander_3_required,4,Kobold,那太好了。他没事我很高兴。
4b29556a255aea95,L09 Alexander,Alexander_3_required,5,Alexander,所幸，自燃致死这一概念在现代社会已被彻底遏制。
ababfd6e7703460e,L09 Alexander,Alexander_3_required,6,Alexander,正是。阁下能施以援手，在下甚为欣慰。
69f278cd5a2eb111,L09 Alexander,Alexander_3_required,7,Alexander,……能与人如此畅所欲言，甚是奇妙。
6221337862dcba2c,L09 Alexander,Alexander_3_required,8,Alexander,在下觉得对阁下可以畅所欲言。
cecec36c55a564ee,L09 Alexander,Alexander_3_required,9,Kobold,什么都可以？
7dbde0758389bd7b,L09 Alexander,Alexander_3_required,11,Alexander,是的。如此坦率，令人振奋。
9bc918ab274337a8,L09 Alexander,Alexander_3_required,12,Alexander,不知为何，这比任何人说的话都更显真诚。
35af415ffcb7f757,L09 Alexander,Alexander_3_required,13,Alexander,说来……
c66fb72552f1fa4c,L09 Alexander,Alexander_3_required,14,Alexander,在下有一问。
bbff7b98d6da7061,L09 Alexander,Alexander_3_required,15,Kobold,什么问题？
834032dfb827138e,L09 Alexander,Alexander_3_required,16,Kobold,怎么了？
71291e2e0c7ce300,L09 Alexander,Alexander_3_required,17,Alexander,阁下可否问<i>在下</i>一个问题？
c8ac7dce03b1b9b7,L09 Alexander,Alexander_3_required,18,Kobold,什么意思？
10f232e68c0c0443,L09 Alexander,Alexander_3_required,19,Kobold,什么样的问题？
5956cbc43e2c8c2b,L09 Alexander,Alexander_3_required,20,Alexander,在下只是希望阁下问在下一个问题。任何问题皆可。
7bf3b1fff483809e,L09 Alexander,Alexander_3_required,21,Alexander,什么都行。在下只是好奇。
# --- progress: Alexander_questions ---
9da08a79c3f86ee0,L09 Alexander,Alexander_questions,1,Kobold,教书是什么感觉？
337d9f85511815eb,L09 Alexander,Alexander_questions,2,Kobold/Alexander,您喜欢紫色吗？
70523c9a506d9676,L09 Alexander,Alexander_questions,3,Kobold,您喜欢自己这么大吗？
3fbd83d375d6fa05,L09 Alexander,Alexander_questions,4,Kobold,数字7是什么味道？
767b6d6bdc5b806a,L09 Alexander,Alexander_questions,5,Kobold,您怎么看我？
8ed9fdad93b0f690,L09 Alexander,Alexander_questions,6,Kobold,您幸福吗？
e5263ec7185a5166,L09 Alexander,Alexander_questions,7,Kobold,您的纹章很酷。那是什么？
bc116106c2929c42,L09 Alexander,Alexander_questions,8,Kobold,我想问的就这些。
a04d5511812a415b,L09 Alexander,Alexander_questions,9,Alexander,那是在下的梦想。
6861f7c274e3de2c,L09 Alexander,Alexander_questions,10,Alexander,在下乐于以正面的方式参与如此多人的人生。
8743d170a315e668,L09 Alexander,Alexander_questions,11,Alexander,……知道他们如此仰望在下，令人惶恐。
7aebce70febcfb8c,L09 Alexander,Alexander_questions,12,Alexander,并非仅指身高上。
0ad864ff0c0b3f21,L09 Alexander,Alexander_questions,13,Kobold,您教哪些课？
24244e96851180ca,L09 Alexander,Alexander_questions,14,Kobold,您树立了好榜样。
f58328ac8301872f,L09 Alexander,Alexander_questions,15,Alexander,主要是炼金术。偶尔教世界史。
771e997edf959694,L09 Alexander,Alexander_questions,16,Alexander,在下也在尝试涉足社会科学。
9986ef8860d34d9e,L09 Alexander,Alexander_questions,17,Alexander,这正是可怕之处。
e947bbc260ec1dad,L09 Alexander,Alexander_questions,18,Alexander,在阁下身边，在下不惧失败，这令在下欣喜。
818a4fe04a76ce19,L09 Alexander,Alexander_questions,19,Alexander,阁下问这个，是因为在下是薰衣草色的？
54a1b0b8e5f6fa32,L09 Alexander,Alexander_questions,20,Kobold,对。
046427d028c69e4b,L09 Alexander,Alexander_questions,21,Kobold,不是。
b849ed1e855cd6f5,L09 Alexander,Alexander_questions,22,Alexander,嗯，在下确实喜欢这颜色。但在下以为这与在下的体色无关。
bbb1e1b8cec716b3,L09 Alexander,Alexander_questions,23,Alexander,在下确实喜欢这颜色。不过在下以为这与在下自身的体色无关。
line:ef052302,L09 Alexander,Alexander_questions,24,Alexander,阁下可喜欢紫色？
525ba3c4a2511183,L09 Alexander,Alexander_questions,27,Alexander,哦。甚好。
3885f7429496059d,L09 Alexander,Alexander_questions,29,Alexander,哦。好吧。
8133434681c5d0c2,L09 Alexander,Alexander_questions,31,Alexander,这是个难以回答的问题。
a3e6072e41a2ff07,L09 Alexander,Alexander_questions,32,Alexander,在下享受其中一部分。受人尊敬是愉快的……
b1ca0efdea534b71,L09 Alexander,Alexander_questions,33,Alexander,然而，那份尊敬伴随着一种期待——要在下表现得如同外表一般。压力着实巨大。
186edb7d24ea9459,L09 Alexander,Alexander_questions,34,Kobold,在我面前您想怎样都可以。
1a6be1fd03e5ae6f,L09 Alexander,Alexander_questions,35,Kobold,我喜欢真实的您。
08063aff652b7108,L09 Alexander,Alexander_questions,36,Alexander,阁下此言甚是仁厚。
4f9390dd28090827,L09 Alexander,Alexander_questions,37,Alexander,在下想更敞开心扉。感觉甚好。
b38834ce4594ad5c,L09 Alexander,Alexander_questions,38,Alexander,黄色的青柠。
5f6bb166b079c336,L09 Alexander,Alexander_questions,39,Kobold,不可能。
aac4af2b645cf88e,L09 Alexander,Alexander_questions,40,Kobold,就像……柠檬？
0ee250681eda1a08,L09 Alexander,Alexander_questions,41,Alexander,“完全可能”，在下对此再确定不过。
b83a1658171971d7,L09 Alexander,Alexander_questions,42,Alexander,不。是黄色的青柠。
a87e0094e62cb429,L09 Alexander,Alexander_questions,43,Kobold,您才是教授。肯定是对的。
e154199e27c1d4a3,L09 Alexander,Alexander_questions,45,Alexander,那是诉诸权威的谬误。不过，是的。在下是对的。
0c137b35abd3f637,L09 Alexander,Alexander_questions,47,Alexander,阁下……
d4efe0db738b52b5,L09 Alexander,Alexander_questions,48,Alexander,是个异数。
55c3e5daec20a64d,L09 Alexander,Alexander_questions,49,Kobold,啊？
2c291db1ddbe2b9d,L09 Alexander,Alexander_questions,50,Kobold,这是好事吗……？
df2bc10ba434d57e,L09 Alexander,Alexander_questions,51,Alexander,意思是阁下独一无二。
019d328b739d99e6,L09 Alexander,Alexander_questions,52,Kobold,好的方面？
c2667b3b3dc54c1a,L09 Alexander,Alexander_questions,53,Kobold,坏的方面？
4f9b4a3cd9b0261a,L09 Alexander,Alexander_questions,54,Alexander,当然！阁下极好。
ebb1884c75b23e27,L09 Alexander,Alexander_questions,55,Alexander,天哪！不不。阁下出类拔萃。
3b2c32e616b24822,L09 Alexander,Alexander_questions,56,Alexander,正是。阁下是极好的相处对象。
7e6a62b6d8659273,L09 Alexander,Alexander_questions,57,Alexander,阁下是在下遇到的第一个对在下唯一的期待是……
c48241cd21bb0d91,L09 Alexander,Alexander_questions,58,Alexander,做在下自己。
5a4d28241178ab01,L09 Alexander,Alexander_questions,59,Alexander,在下幸福。
216bb6e650af4cfc,L09 Alexander,Alexander_questions,60,Alexander,在下以为，这部分归功于阁下。
91ff270d6aaba6a4,L09 Alexander,Alexander_questions,61,Kobold,可我只是您的洗澡师？
f06f453ab3d6251f,L09 Alexander,Alexander_questions,62,Kobold,真贴心。
8c2bdfa25fbde4ed,L09 Alexander,Alexander_questions,63,Alexander,在下知道。但能向某人敞开心扉，哪怕偶尔——
61639ef55caefda4,L09 Alexander,Alexander_questions,64,Alexander,亦有奇效。
22c1ab2eb72e5b44,L09 Alexander,Alexander_questions,66,Alexander,能向某人敞开心扉，哪怕偶尔……
439d8da114ab9162,L09 Alexander,Alexander_questions,68,Alexander,为此，在下谢过阁下。
33d3f6495bad4d3c,L09 Alexander,Alexander_questions,69,Alexander,哦，在下头上的纹章？
91d69b4f1f9739cb,L09 Alexander,Alexander_questions,70,Alexander,许多人以为它是在下身体的一部分。
dd0f2ff5e303f61a,L09 Alexander,Alexander_questions,71,Alexander,然而，它是装饰品！在下的家族纹章。阁下要知道……
7271f9e9b21e5401,L09 Alexander,Alexander_questions,72,Alexander,龙族历史错综复杂。装饰性纹章<size=85%>常常<size=70%>由龙佩戴，<size=55%>以表明所属家族！<size=40%>这是其文化<size=35%>与家族传承的有趣标志。在下常思忖是否该继续佩戴。<size=20%>但在龙族传说中，文化与家族纽带被视为重要之物！故在下必须遵循。<size=10%>水。土。火。气。很久以前，四大国和谐共处。然而火烈国的进攻改变了一切。
0006b6926947b91b,L09 Alexander,Alexander_questions,74,Kobold,您能再说一遍吗？
b6d573339ec0b66b,L09 Alexander,Alexander_questions,75,Alexander,啊，失礼，在下对此类事物颇为热衷。
9909f3ea3dffb93e,L09 Alexander,Alexander_questions,76,Alexander,阁下喜欢在下的纹章，在下甚为欣慰。
e5bccc3a053371ce,L09 Alexander,Alexander_questions,77,Alexander,……不
# --- progress: Alexander_3_required_end | if $has_asked_question ---
c225b2626bb24d2c,L09 Alexander,Alexander_3_required_end,1,Alexander,谢过阁下相问。被问及私人问题，甚是愉快。
# --- jerkoff: Alexander_3_JerkOff_Start ---
8342e51e14980481,L09 Alexander,Alexander_3_JerkOff_Start,1,Alexander,哎呀——在下未料到阁下如此……亲力亲为
ce664ef00487ef78,L09 Alexander,Alexander_3_JerkOff_Start,2,Alexander,<size=70%><i>请随意继续——</i>
# --- cum: Alexander_3_Cum ---
85503a54fcc74839,L09 Alexander,Alexander_3_Cum,1,Alexander,唔。那、那……颇失体面。
afa89c59eece65b9,L09 Alexander,Alexander_3_Cum,2,Alexander,<size=70%><i>不过甚是舒服……谢过阁下。
# --- outro: Alexander_3_Outro ---
d96b34ffac75e750,L09 Alexander,Alexander_3_Outro,1,Alexander,在下<i>一尘不染</i>。
6dae153117be9e8a,L09 Alexander,Alexander_3_Outro,2,Kobold,我从不漏掉任何角落。
941f66ab23bc1b9b,L09 Alexander,Alexander_3_Outro,4,Alexander,在下深知。深度清洁自有其独特的感受！
4598878b44333749,L09 Alexander,Alexander_3_Outro,5,Alexander,这就是我想听的。
7ea92f17440d2fae,L09 Alexander,Alexander_3_Outro,6,Alexander,在下会再来的。能有阁下这样的朋友，甚好。
7bbef8475c6cdff7,L09 Alexander,Alexander_3_Outro,7,Kobold,期待很快再见到您。
17d54d35bc089567,L09 Alexander,Alexander_3_Outro,8,Kobold,很高兴您在这儿感到自在。

# ===== Level 10: Ryan (Sunny) | ends PicnicCompleted =====
# --- intro: Ryan_4_intro ---
379060351b7eda00,L10 Ryan,Ryan_4_intro,1,Ryan,<b><i><size=130%>你把莱恩介绍给康拉德了吗？
8a798890fe938171,L10 Ryan,Ryan_4_intro,2,Kobold,是
9390298f3fb0c5b1,L10 Ryan,Ryan_4_intro,3,Kobold,否
578f5563ae25f1ce,L10 Ryan,Ryan_4_intro,4,Kobold,哇……您嘴里叼的是什么？
c03386d6c9efb92a,L10 Ryan,Ryan_4_intro,5,Kobold,嘿莱恩，您拿的是什么？
d85dcd17cab55fde,L10 Ryan,Ryan_4_intro,6,Ryan,野餐篮……（含糊）
b9c2f8ae41c83ebe,L10 Ryan,Ryan_4_intro,7,Ryan,说不清楚话……
696058e475fae76a,L10 Ryan,Ryan_4_intro,8,Ryan,让我进去？
1f843189eaccc2b6,L10 Ryan,Ryan_4_intro,9,Kobold,哦！好。我去开门！
9cc8b0255238b35e,L10 Ryan,Ryan_4_intro,10,Kobold,好的，我马上给您开。
1facde273315d636,L10 Ryan,Ryan_4_intro,11,Ryan,谢啦（含糊）！
# --- picnic: Ryan_egg_dialog | if $food_number ---
ff7696a47d0cd4ed,L10 Ryan,Ryan_egg_dialog,1,Kobold,天哪，我还以为那个蛋是装饰品。
76dddaed85a8d844,L10 Ryan,Ryan_egg_dialog,2,Kobold,那是什么蛋？
9fe69182b150b8b1,L10 Ryan,Ryan_egg_dialog,3,Ryan,啊？当然不是！
f5d2571561dba2b0,L10 Ryan,Ryan_egg_dialog,4,Ryan,哦。你不习惯整个吞下去。
718beb6db0dae659,L10 Ryan,Ryan_egg_dialog,5,Ryan,那是最好的吃法！
c03f60d1d7bd67e5,L10 Ryan,Ryan_egg_dialog,6,Ryan,呃……
4a7cf2bb1bd01e0b,L10 Ryan,Ryan_egg_dialog,7,Ryan,蓝色的……？
640cee0646ecb66c,L10 Ryan,Ryan_egg_dialog,8,Ryan,我也不太清楚。是WingCo打折的。
f887a50c6f7d1edc,L10 Ryan,Ryan_egg_dialog,9,Ryan,不过真的很好吃！
# --- picnic: ryan_food_dialogue ---
8b555a411ea346ec,L10 Ryan,ryan_food_dialogue,1,Ryan,那个……我一直在想我的感情。
03e1d33ec4a7f6e8,L10 Ryan,ryan_food_dialogue,2,Kobold,怎么说？
f1676448791feef6,L10 Ryan,ryan_food_dialogue,3,Ryan,就是，我未来的感情。
9d2e28c9ae2ed8b4,L10 Ryan,ryan_food_dialogue,4,Ryan,我有点期待。
91b32d6180935501,L10 Ryan,ryan_food_dialogue,5,Kobold,毕竟，您可是绝佳的对象。
e5d632fba39e2f0f,L10 Ryan,ryan_food_dialogue,6,Kobold,我替您期待！
d228097b23b352e6,L10 Ryan,ryan_food_dialogue,7,Ryan,哎呀你。我要脸红了。
d94d7310f7d31a45,L10 Ryan,ryan_food_dialogue,9,Ryan,真的很期待认识新的人。
1121175da09c0008,L10 Ryan,ryan_food_dialogue,10,Ryan,那么，再吃点？
6ebac8131d5267ac,L10 Ryan,ryan_food_dialogue,11,Ryan,唔……
d2c7e6789d89f523,L10 Ryan,ryan_food_dialogue,13,Ryan,我在想。
67c0ce6aff865e1c,L10 Ryan,ryan_food_dialogue,14,Ryan,很难找到我现在圈子之外的人。
d7f23a9907b74860,L10 Ryan,ryan_food_dialogue,15,Ryan,就是，我喜欢身边的人，但那里有太多包袱。
99daac47d7b305f6,L10 Ryan,ryan_food_dialogue,16,Ryan,你懂吗？
1b4b607607b8c988,L10 Ryan,ryan_food_dialogue,17,Kobold,有道理。
dfcb7cbdb552d8f5,L10 Ryan,ryan_food_dialogue,18,Kobold,分手之后有这种感觉，我能理解。
f574c59b56179de8,L10 Ryan,ryan_food_dialogue,19,Ryan,嗯，分手之后我一直在找些新的东西。
0febbd04cce87646,L10 Ryan,ryan_food_dialogue,20,Ryan,也许是某个人？
b7fca6004f2d5325,L10 Ryan,ryan_food_dialogue,22,Ryan,嗯。经历那种事之后，很难理清圈子里的关系。
8da113ef266e587f,L10 Ryan,ryan_food_dialogue,23,Ryan,我愿意去做。但我想要点新的。
baf0df26ea4f2e81,L10 Ryan,ryan_food_dialogue,24,Ryan,也许是某个新的人……
03ccd297eb346729,L10 Ryan,ryan_food_dialogue,25,Ryan,……关于我刚才说的。
1032684d93c794bf,L10 Ryan,ryan_food_dialogue,26,Kobold,嗯？
ace8c62e60ec2197,L10 Ryan,ryan_food_dialogue,27,Ryan,你认识什么人可以聊聊吗？就是……感情方面的事？
0a7119cfe1246546,L10 Ryan,ryan_food_dialogue,28,Kobold,"<gradient=""gold""><b>我认识一条红龙。我觉得您会喜欢他！ </b></gradient><size=70%>（让莱恩和康拉德认识！）"
4a3b65400e54f8ff,L10 Ryan,ryan_food_dialogue,29,Kobold,"<gradient=""gold""><b>哦。呃。<size=70%> 我不介意……如果那个人是我的话。 </b></gradient><size=70%>（锁定莱恩恋爱线！）"
bb7a6be711206298,L10 Ryan,ryan_food_dialogue,30,Kobold,"<gradient=""gold""><b>我一时想不到谁。</b></gradient><size=70%>（锁定康拉德恋爱线！）"
a6a744d6d60ec400,L10 Ryan,ryan_food_dialogue,31,Ryan/Alexander/Kobold,哦？
cbe8e4adc9ca52df,L10 Ryan,ryan_food_dialogue,32,Ryan,他是谁？
ca545deecbd9950d,L10 Ryan,ryan_food_dialogue,33,Kobold,是一条来我们店洗澡的、超级可爱的红龙！
4a94ef80ae21582a,L10 Ryan,ryan_food_dialogue,34,Kobold,他是一条红龙。我觉得你们会喜欢彼此的！
0ea02ee3f0c5673d,L10 Ryan,ryan_food_dialogue,35,Ryan,哦！我好像见过他。那个小小的，对吧？
58b69c47fed8b38f,L10 Ryan,ryan_food_dialogue,36,Kobold,他更喜欢“垂直方向有挑战”这个说法……不过是的。
3ae2d547c997ca01,L10 Ryan,ryan_food_dialogue,37,Kobold,嗯！他也在努力认识新的人。
474246952e0d1e50,L10 Ryan,ryan_food_dialogue,38,Ryan,哦……
ed2ece6040ec8b40,L10 Ryan,ryan_food_dialogue,39,Ryan,真可爱。
c0fb8d4f93270198,L10 Ryan,ryan_food_dialogue,40,Ryan,哦，太好了。看来我们很像。
82767de7e3e22a4a,L10 Ryan,ryan_food_dialogue,41,Ryan,我想见见他！
b423c91f4f75add4,L10 Ryan,ryan_food_dialogue,42,Kobold,那我来介绍你们认识。
80c500f9c426d4cc,L10 Ryan,ryan_food_dialogue,43,Kobold,我好期待。我来介绍你们认识！
ec786c9a7656b0f9,L10 Ryan,ryan_food_dialogue,45,Ryan,我也是，谢谢！
028dbc8d077c611f,L10 Ryan,ryan_food_dialogue,47,Ryan,<i>哦……
ae590830c4c03fd1,L10 Ryan,ryan_food_dialogue,48,Ryan,我想让你也成为那个人。
b4066b4e58df8005,L10 Ryan,ryan_food_dialogue,49,Kobold,所以这算是……我们的第一次约会？
8c7e5a49ec8fd685,L10 Ryan,ryan_food_dialogue,50,Kobold,说实话，我暗恋您有一阵子了。
710ea0057247cb51,L10 Ryan,ryan_food_dialogue,51,Ryan,应该是吧！
de4d091acdb6059c,L10 Ryan,ryan_food_dialogue,52,Ryan,真的？哎呀，太甜了。
35e3561cd36f36d6,L10 Ryan,ryan_food_dialogue,53,Ryan,我不知道有人能这么轻易地这么喜欢我。
f05160456925af3f,L10 Ryan,ryan_food_dialogue,54,Ryan,对了，你很可爱。
a01d64fcb9d7d3a5,L10 Ryan,ryan_food_dialogue,55,Kobold,嗯。<size=90%>哦——<size=80%>你懂的。我就是……<size=70%>哈哈。嗯。是的！
65691ff38c85e57c,L10 Ryan,ryan_food_dialogue,56,Kobold,您也是！
d323e565ed8ea749,L10 Ryan,ryan_food_dialogue,57,Ryan,我不是故意让你慌张的！
145e6a2d848267cb,L10 Ryan,ryan_food_dialogue,58,Ryan,我只是……很开心。
0cc014df7d89d3e1,L10 Ryan,ryan_food_dialogue,59,Ryan,哎，谢谢。我这么好看都是因为你给我洗澡！
eea7bdf3ab3f251c,L10 Ryan,ryan_food_dialogue,60,Ryan,我……很开心。
d619413abc4a1de1,L10 Ryan,ryan_food_dialogue,61,Ryan,没关系！
c2acc8d962a0c936,L10 Ryan,ryan_food_dialogue,62,Ryan,那你呢？有在和谁交往吗？
2374bdd10aea40ba,L10 Ryan,ryan_food_dialogue,63,Kobold,有一条红龙，康拉德。他……脾气火爆，但很可爱。
58a5e5a5a9482e96,L10 Ryan,ryan_food_dialogue,64,Kobold,有！康拉德，他很可爱。不过他肯定讨厌我这么说。
3d14bcafbc3f21c6,L10 Ryan,ryan_food_dialogue,65,Ryan,哦，是我之前看到进来的那条小龙吧？
882d8b921688234c,L10 Ryan,ryan_food_dialogue,66,Kobold,嘿！他只是……“垂直方向有挑战”。
1ce76f0141c9f53b,L10 Ryan,ryan_food_dialogue,67,Kobold,嗯！就是他。
eeedcdd5eaa13110,L10 Ryan,ryan_food_dialogue,68,Ryan,哦，抱歉。
dcfc67b1e58c5a49,L10 Ryan,ryan_food_dialogue,69,Ryan,他看起来很可爱！
94ff2c4b836f0aef,L10 Ryan,ryan_food_dialogue,70,Ryan,太好了，他很可爱！
abe281ce74304803,L10 Ryan,ryan_food_dialogue,71,Ryan,嘿，那个，再次谢谢你。
9144d5ad20e5a9e8,L10 Ryan,ryan_food_dialogue,72,Kobold,不客气！等不及您见康拉德了。
e39b086d1bff71b1,L10 Ryan,ryan_food_dialogue,73,Kobold,不，该谢谢您。我……真的很期待。
1f50e1361eaeacbf,L10 Ryan,ryan_food_dialogue,74,Kobold,当然！谢谢您带的食物。
489184ee3c2573f9,L10 Ryan,ryan_food_dialogue,75,Ryan,哈，是啊。他听起来很有趣。
28f3547a6af39629,L10 Ryan,ryan_food_dialogue,76,Ryan,我一定告诉你进展，好吗？
fcd75c87b326482c,L10 Ryan,ryan_food_dialogue,77,Kobold,我很期待听到！
a66a9f98f63d5aaf,L10 Ryan,ryan_food_dialogue,78,Kobold,嗯。你们俩会很配的。
39619dc71b15dfde,L10 Ryan,ryan_food_dialogue,79,Ryan,真开心……
b2d03d0e5222d95c,L10 Ryan,ryan_food_dialogue,80,Ryan,很快再见，好吗？
17c800776b082018,L10 Ryan,ryan_food_dialogue,81,Kobold,希望如此！我去开门。
56372773e401e131,L10 Ryan,ryan_food_dialogue,82,Kobold,好！谢谢您带的食物。我去开门。
97cffb9a377004b2,L10 Ryan,ryan_food_dialogue,83,Ryan,嗯……我从没和狗头人约会过。
50ce0561192b6b01,L10 Ryan,ryan_food_dialogue,84,Ryan,但我已经知道我很喜欢了。
e823adcc22fd50c2,L10 Ryan,ryan_food_dialogue,85,Kobold,我很喜欢您。
62e851c911a254bb,L10 Ryan,ryan_food_dialogue,86,Kobold,嗯，真的非常开心。
773c0ce37ffbb546,L10 Ryan,ryan_food_dialogue,87,Ryan,嘿。嗯。我也喜欢你。
1c6058ce1c7242cf,L10 Ryan,ryan_food_dialogue,88,Ryan,确实很开心。你真好。
32e4e8851f8ac398,L10 Ryan,ryan_food_dialogue,89,Ryan,谢谢你和我一起吃……
0a94f0c3b65c425c,L10 Ryan,ryan_food_dialogue,90,Ryan,期待再见到你
8c39f31ac476e20e,L10 Ryan,ryan_food_dialogue,91,Kobold,我一直期待见到您。我去开门。
db8848bda5df285f,L10 Ryan,ryan_food_dialogue,92,Kobold,您也是！我去开门。
f0394a2181ae8df6,L10 Ryan,ryan_food_dialogue,93,Ryan,好！很快见。
d48a9423f250312c,L10 Ryan,ryan_food_dialogue,94,Ryan,所以这个康拉德，看来你喜欢他？
6eb520b95e8c6388,L10 Ryan,ryan_food_dialogue,95,Kobold,嘿嘿，是的。
c97f0b6b1b436f26,L10 Ryan,ryan_food_dialogue,96,Kobold,他很难搞。但是，我喜欢。
6525ecb4cd0f0eea,L10 Ryan,ryan_food_dialogue,97,Ryan,真可爱！
6943d0645de48850,L10 Ryan,ryan_food_dialogue,98,Ryan,你最喜欢他哪一点？
a695d517f16d1719,L10 Ryan,ryan_food_dialogue,99,Kobold,他，那个，超级雄伟。
dbeb304df456a424,L10 Ryan,ryan_food_dialogue,100,Kobold,他脾气急，但也很温柔！
3c29c25f0a23d26a,L10 Ryan,ryan_food_dialogue,101,Kobold,他很小，我喜欢和他平视。
0911d52bc2d9f70b,L10 Ryan,ryan_food_dialogue,102,Kobold,我喜欢……他这个人。
4aa9ae5f4bbb8541,L10 Ryan,ryan_food_dialogue,103,Ryan,哦……嗯，小一点的龙往往……会在别处补偿。
7859d5c981752171,L10 Ryan,ryan_food_dialogue,104,Ryan,嗯，我了解这种类型。
d8c70d62d0457935,L10 Ryan,ryan_food_dialogue,105,Ryan,有道理！小龙很好玩。
97a18e09f3f990c5,L10 Ryan,ryan_food_dialogue,106,Ryan,哎……真甜
fac3f85c3c835445,L10 Ryan,ryan_food_dialogue,107,Ryan,你们俩怎么样了一定要告诉我！
37e125daa86112bd,L10 Ryan,ryan_food_dialogue,108,Ryan,谢谢你和我一起吃，你是很好的朋友。
120807e0d30c65d5,L10 Ryan,ryan_food_dialogue,109,Kobold,谢谢您带的食物！我去开门。
94ddf87d22b36d07,L10 Ryan,ryan_food_dialogue,110,Kobold,您也是很好的朋友，我去开门。
02ca8c073be8669d,L10 Ryan,ryan_food_dialogue,111,Ryan,好，回头见！
# --- picnic: Ryan_grab_basket ---
3276ca6f923e3a2e,L10 Ryan,Ryan_grab_basket,1,Ryan,呸。谢谢你帮我拿。
1790d1bc285d158f,L10 Ryan,Ryan_grab_basket,2,Kobold,您带了吃的？
fab7cff668586c9b,L10 Ryan,Ryan_grab_basket,3,Kobold,莱恩！您太贴心了。
3f519f6990d85e4d,L10 Ryan,Ryan_grab_basket,4,Ryan,对！里面的东西我们俩应该都能吃。
38953523aa1d8dc9,L10 Ryan,Ryan_grab_basket,5,Ryan,嘿嘿，谢谢。里面的东西我们俩应该都能吃。
f44e62ce0d92a9c3,L10 Ryan,Ryan_grab_basket,6,Ryan,不过，分量可能有点……龙的尺寸。
dbe7ccbf37aed06a,L10 Ryan,Ryan_grab_basket,7,Kobold,您怎么带了这么多来？
96082d9f598cc1db,L10 Ryan,Ryan_grab_basket,8,Kobold,您到底需不需要洗澡呀？
5be9d07e2e19a321,L10 Ryan,Ryan_grab_basket,9,Ryan,给你的！
eea2772cf2ab51f9,L10 Ryan,Ryan_grab_basket,10,Ryan,<size=70%> 也给我自己的。
5da686787e870bc2,L10 Ryan,Ryan_grab_basket,11,Ryan,不，我觉得不需要。
dfdd49c96bf70312,L10 Ryan,Ryan_grab_basket,12,Ryan,我就是来给你送吃的！
7efd9697b321d608,L10 Ryan,Ryan_grab_basket,13,Ryan,你帮了我这么多，我想带点好东西来。
414c0f3bb81740f3,L10 Ryan,Ryan_grab_basket,14,Ryan,希望没打扰到你？
097832ea20a37b63,L10 Ryan,Ryan_grab_basket,15,Kobold,当然不介意！
460dbc14c8f22914,L10 Ryan,Ryan_grab_basket,17,Ryan,太好了，我很开心。
6e1aac9408968a3c,L10 Ryan,Ryan_grab_basket,18,Ryan,那就是没问题啦！我很开心。
fe3e5d4e4925ddb6,L10 Ryan,Ryan_grab_basket,19,Ryan,那么……吃东西？
# --- picnic: Ryan_grapes_dialog | if $food_number ---
46ca5d912bed1dcc,L10 Ryan,Ryan_grapes_dialog,1,Kobold,那些葡萄看起来很不错。
33f099ac348159d4,L10 Ryan,Ryan_grapes_dialog,2,Kobold,莱恩，梗是不能吃的——
174343e1e975e68b,L10 Ryan,Ryan_grapes_dialog,3,Ryan,确实不错！不过梗是我最喜欢的部分。
976fdc62e4cbffcf,L10 Ryan,Ryan_grapes_dialog,4,Kobold,那不是……木头吗？
8e4f1f66ab3b3860,L10 Ryan,Ryan_grapes_dialog,5,Kobold,没试过。
d053df82397c2f86,L10 Ryan,Ryan_grapes_dialog,6,Ryan,对，很好吃！
c994875a9f5c8520,L10 Ryan,Ryan_grapes_dialog,7,Ryan,不过你最好别吃。
025e9c74601a1a65,L10 Ryan,Ryan_grapes_dialog,8,Ryan,龙的胃比你的……结实一点。
b689b40a79b968df,L10 Ryan,Ryan_grapes_dialog,9,Ryan,你还是别吃了。
8d834797bd163119,L10 Ryan,Ryan_grapes_dialog,10,Ryan,你得先有个龙的胃！
27935fd7477eba77,L10 Ryan,Ryan_grapes_dialog,11,Ryan,谁说的？
0b71d27200d13a33,L10 Ryan,Ryan_grapes_dialog,12,Kobold,我？
47252f2c75dea9ef,L10 Ryan,Ryan_grapes_dialog,13,Kobold,生物学……？<size=70%> <i>大概吧？
5af35db6f8fe39ad,L10 Ryan,Ryan_grapes_dialog,14,Ryan,呃……
79436a008466d243,L10 Ryan,Ryan_grapes_dialog,15,Ryan,我可是不守规矩的！
49e7a64aec55ff2a,L10 Ryan,Ryan_grapes_dialog,16,Ryan,别担心，龙天生就什么都能吃。
5f82b968ccbb4aaa,L10 Ryan,Ryan_grapes_dialog,17,Ryan,我几乎什么都能消化。
f9a3f85545840310,L10 Ryan,Ryan_grapes_dialog,18,Ryan,梗就是多出来的食物。
53494acb38981cff,L10 Ryan,Ryan_grapes_dialog,19,Ryan,不过葡萄一直能满足我一种特别的馋。
77e53d1b1d33b9f0,L10 Ryan,Ryan_grapes_dialog,20,Ryan,哦，好像蹭到脸上了。哎呀。
# --- picnic: Ryan_ham_dialog | if $food_number ---
cb2d2f80636d8a49,L10 Ryan,Ryan_ham_dialog,1,Kobold,莱恩，那是骨头！
523a9690a00a7803,L10 Ryan,Ryan_ham_dialog,2,Kobold,您真的整个吃掉了……哇。
618839c9ee1f8a65,L10 Ryan,Ryan_ham_dialog,3,Ryan,唔——嗯？
5b917e0078e6beb0,L10 Ryan,Ryan_ham_dialog,4,Ryan,哦，那是我最喜欢的部分！
7a41a3b5d6e1acf7,L10 Ryan,Ryan_ham_dialog,5,Kobold,您到底是怎么消化的？
846f850b875979d4,L10 Ryan,Ryan_ham_dialog,6,Kobold,<size=60%> 好性感。
f7d4b26ff67eee38,L10 Ryan,Ryan_ham_dialog,7,Ryan,我是龙。
b86257f47d85426e,L10 Ryan,Ryan_ham_dialog,8,Ryan,我应该什么都能消化。
a165524a35a75706,L10 Ryan,Ryan_ham_dialog,9,Ryan,是吗？记住了……
db22d9512845d515,L10 Ryan,Ryan_ham_dialog,10,Ryan,那是享受食物最好的方式。
a5af381d1ec66e2a,L10 Ryan,Ryan_ham_dialog,11,Ryan,很有意思，你们两条腿的总喜欢慢慢品尝。
180983e0a4f4e327,L10 Ryan,Ryan_ham_dialog,12,Ryan,但没什么比一大口吞下去更棒的了！
# --- picnic: Ryan_melon_dialog | if $food_number ---
e1d0d09daa3129d9,L10 Ryan,Ryan_melon_dialog,1,Ryan,那个差点太大了——
8725851a4492f86f,L10 Ryan,Ryan_melon_dialog,2,Kobold,您连西瓜都没切开。
991947f3461b26a7,L10 Ryan,Ryan_melon_dialog,3,Kobold,味道怎么样？
7d20121dc2fa0757,L10 Ryan,Ryan_melon_dialog,4,Ryan,嗯……
41f87d2c55073e29,L10 Ryan,Ryan_melon_dialog,5,Ryan,哎呀。
4fafd5a0c9f29d5f,L10 Ryan,Ryan_melon_dialog,6,Ryan,不过还是很棒！我喜欢它滑下去的感觉。
dc8488830f9d7192,L10 Ryan,Ryan_melon_dialog,7,Ryan,我忘了咬，所以……没味道？
7dedd07a7558afa9,L10 Ryan,Ryan_melon_dialog,8,Ryan,不过滑下去的感觉很好！
8b4a775ae776722a,L10 Ryan,Ryan_melon_dialog,9,Kobold,<size=70%> 哇。
ef03f59f06da8fa4,L10 Ryan,Ryan_melon_dialog,10,Kobold,您的脖子能吞下这么多，真不可思议。
4fc09f2d61d5cc43,L10 Ryan,Ryan_melon_dialog,11,Ryan,狗头人好像总是被我吃东西的样子迷住。
032ea150ccdf88be,L10 Ryan,Ryan_melon_dialog,12,Ryan,真可爱！
aad3715a2f685dc3,L10 Ryan,Ryan_melon_dialog,13,Ryan,它天生就是为了整个吞东西的。
b0a73a78b7d9045b,L10 Ryan,Ryan_melon_dialog,14,Kobold,<size=70%><i>是吗？
30ff5a696a0def56,L10 Ryan,Ryan_melon_dialog,16,Ryan,嗯！
901c77872c53d308,L10 Ryan,Ryan_melon_dialog,18,Ryan,对！很有用的。
# --- jerkoff: Ryan_4_JerkOff_Start ---
2d434662c42f6a6c,L10 Ryan,Ryan_4_JerkOff_Start,1,Ryan,你确定……？在食物前面？
031703a96ac0df8c,L10 Ryan,Ryan_4_JerkOff_Start,2,Ryan,嘿……好吧。
# --- cum: Ryan_4_Cum ---
3b1c48772bd5889e,L10 Ryan,Ryan_4_Cum,1,Ryan,呼……真舒服……不过弄得有点脏。
# --- mount_start: Ryan_4_Mount_Start ---
2f31dcbcaa980550,L10 Ryan,Ryan_4_Mount_Start,1,Ryan,哇……你想让我用那个？还有食物在呢？好吧！
# --- mount_finish: Ryan_4_Mount_Finish ---
833d21b8cd952764,L10 Ryan,Ryan_4_Mount_Finish,1,Ryan,弄得有点脏……不过值了。

# ===== Level 11: Conrad (Sunny) =====
# --- intro: Conrad_Intro_4 ---
a67959dc39353129,L11 Conrad,Conrad_Intro_4,1,Conrad/Ryan/Alexander,旗标状态出错了！
c1a949184675fa92,L11 Conrad,Conrad_Intro_4,2,Conrad/Ryan/Alexander,请帮帮开发者……
60f8f02dd7a80d00,L11 Conrad,Conrad_Intro_4,3,Kobold,（调试）Conrad 和 Ryan 在一起了
6e98155abad655c3,L11 Conrad,Conrad_Intro_4,4,Kobold,（调试）玩家和 Conrad 在一起了
9cf9d4fc71363f68,L11 Conrad,Conrad_Intro_4,5,Kobold,（调试）玩家和 Ryan 在一起了
67beed0c39e205b4,L11 Conrad,Conrad_Intro_4,6,Kobold,嘿，康拉德！
d22e2236304b2ef0,L11 Conrad,Conrad_Intro_4,7,Kobold,什么事让您这么开心？
6183e901a5a22ddc,L11 Conrad,Conrad_Intro_4,8,Kobold,嘿，康拉德！
3c0eb60cca3b1422,L11 Conrad,Conrad_Intro_4,9,Conrad,嘿，大狗头人。
ad13467d89f77645,L11 Conrad,Conrad_Intro_4,10,Conrad,你是不是弄了……
25aab860a8266c4c,L11 Conrad,Conrad_Intro_4,11,Conrad,今天鳞片不一样了？<size=70%><i>有这种说法吗……？ </i><size=100%>你今天挺好看的。
42e1b9a73c953f33,L11 Conrad,Conrad_Intro_4,12,Kobold,谢谢！那些……黏糊糊的是什么？
be118711068118d5,L11 Conrad,Conrad_Intro_4,13,Kobold,哈。康拉德，您也很好看。
a4008861bf24c47d,L11 Conrad,Conrad_Intro_4,14,Kobold,没有这种说法……不过谢谢您！
a951e05bf8506af1,L11 Conrad,Conrad_Intro_4,15,Conrad,浆果。
765af85f1bd7eafe,L11 Conrad,Conrad_Intro_4,17,Conrad,总之，
199e91c738a75b4c,L11 Conrad,Conrad_Intro_4,18,Conrad,那当然！
926069483fd35835,L11 Conrad,Conrad_Intro_4,19,Conrad,哈哈……是啊。我不太习惯夸人。
8c9dc9229a7630ce,L11 Conrad,Conrad_Intro_4,20,Conrad,我就想快速洗个澡……能用上坐架就更好了。
3ee865676f6e4c99,L11 Conrad,Conrad_Intro_4,21,Kobold/Ryan,是吗？
5fae46a5c8669c29,L11 Conrad,Conrad_Intro_4,22,Kobold,好的！我去开门。
daa08f627cbbfb9e,L11 Conrad,Conrad_Intro_4,23,Conrad,对——不过你愿意才行！
20ee725c28fb397e,L11 Conrad,Conrad_Intro_4,24,Conrad,我尽量不逼人。
374fe9cc22a15007,L11 Conrad,Conrad_Intro_4,25,Kobold,哎，我去给您开门。
line:34ec4db7,L11 Conrad,Conrad_Intro_4,26,Conrad,谢了。
line:188d4359,L11 Conrad,Conrad_Intro_4,27,Conrad,谢了。
ae53715099e0d53d,L11 Conrad,Conrad_Intro_4,28,Conrad,莱恩！我见到他了。
caefb85b87a51126,L11 Conrad,Conrad_Intro_4,29,Kobold,真好！那些……黏糊糊的是什么？
0452c0f1847f4a72,L11 Conrad,Conrad_Intro_4,30,Kobold,怎么样？
940b2bb279fbfd8a,L11 Conrad,Conrad_Intro_4,33,Conrad,谢谢你让我和莱恩认识。
6c42e3202026a3e8,L11 Conrad,Conrad_Intro_4,34,Conrad,说实话，非常顺利。
91b34251e9ff7711,L11 Conrad,Conrad_Intro_4,35,Conrad,我从没想过他那样的会是我的菜……
abc0fe0ceed24339,L11 Conrad,Conrad_Intro_4,36,Kobold,您得全都告诉我。
ab20df82132f07cc,L11 Conrad,Conrad_Intro_4,37,Conrad,我会的。我就想快速洗个澡，今天也想用用坐架。
17c5f180de5a8348,L11 Conrad,Conrad_Intro_4,38,Conrad,得为莱恩<i>练练</i>，你懂我意思吧。
9912569ea696f8ed,L11 Conrad,Conrad_Intro_4,39,Kobold,康拉德！
106f99c061d35f26,L11 Conrad,Conrad_Intro_4,40,Kobold,好——好。我去开门。
f71200a57e2d1d7a,L11 Conrad,Conrad_Intro_4,41,Conrad,怎么了？热身很重要的！
line:3484ab9d,L11 Conrad,Conrad_Intro_4,42,Conrad,谢了！
65bee50d904e101d,L11 Conrad,Conrad_Intro_4,43,Conrad,嘿嘿。还好你开着门。
4d5dda82efc31458,L11 Conrad,Conrad_Intro_4,44,Conrad,想冲个澡。也想用用坐架。
0ecdd0ec4c0cf66c,L11 Conrad,Conrad_Intro_4,45,Kobold,哦，好的。
3252727dec6314c5,L11 Conrad,Conrad_Intro_4,47,Kobold,那些……黏糊糊的是什么？
91bc8d1d6dc8cdb7,L11 Conrad,Conrad_Intro_4,48,Conrad,嘿。对。
line:bc5d790a,L11 Conrad,Conrad_Intro_4,50,Conrad,谢了！
line:4d868f2f,L11 Conrad,Conrad_Intro_4,51,Conrad,谢了！
1aced2f074444bdc,L11 Conrad,Conrad_Intro_4,54,Kobold,哦。好，我去开门。
# --- progress: Conrad_required_4 ---
a5965f548b64e3cf,L11 Conrad,Conrad_required_4,1,Conrad,嘿，我有个问题想问你。
9ad0664c4ac1572a,L11 Conrad,Conrad_required_4,2,Kobold,什么问题？
d448809fdbbeaf11,L11 Conrad,Conrad_required_4,4,Kobold,哦——是吗？
51dbc8c7be16145b,L11 Conrad,Conrad_required_4,5,Kobold,怎么了，大哥？
# --- progress: Conrad_4_Ryan_Conrad_Romanced | if $ryan_conrad_romanced $conrad_romanced $ryan_romanced ---
e6071cb4e7c448c8,L11 Conrad,Conrad_4_Ryan_Conrad_Romanced,1,Conrad,我和莱恩，今晚八成要去约会了。
9ee7e6a6ebccf907,L11 Conrad,Conrad_4_Ryan_Conrad_Romanced,2,Conrad,你有什么建议吗？
f7af2bd25c827e3d,L11 Conrad,Conrad_4_Ryan_Conrad_Romanced,3,Kobold,做您自己就好！
a58248b820567c49,L11 Conrad,Conrad_4_Ryan_Conrad_Romanced,4,Kobold,一定要洗得干干净净。<size=70%><i>嘿嘿。
528e2755301df89e,L11 Conrad,Conrad_4_Ryan_Conrad_Romanced,5,Conrad,我在尽力了。
71cfcccd17dc37fc,L11 Conrad,Conrad_4_Ryan_Conrad_Romanced,6,Conrad,目前为止还不错，对吧？
93a2ca86985333fe,L11 Conrad,Conrad_4_Ryan_Conrad_Romanced,7,Kobold,我觉得是！
55842427ae2db4e3,L11 Conrad,Conrad_4_Ryan_Conrad_Romanced,8,Kobold,如果莱恩那样的人都对您感兴趣，那您做得很好。
line:c642cb17,L11 Conrad,Conrad_4_Ryan_Conrad_Romanced,9,Conrad,谢了。
162762064c5d0461,L11 Conrad,Conrad_4_Ryan_Conrad_Romanced,10,Conrad,哈。要是有条狗头人能给我洗澡就好了。
4ae6d6619b0245f7,L11 Conrad,Conrad_4_Ryan_Conrad_Romanced,11,Kobold,要是有就好了。
6267e98361c404ca,L11 Conrad,Conrad_4_Ryan_Conrad_Romanced,12,Kobold,<i>我会把您洗得一尘不染。</i>
7c0c5a4da3de6046,L11 Conrad,Conrad_4_Ryan_Conrad_Romanced,13,Conrad,说正经的，你洗得绝对是最好的。
207d91f2342e8d0c,L11 Conrad,Conrad_4_Ryan_Conrad_Romanced,14,Conrad,谢了。人靓心情就好！
# --- progress: Conrad_4_Conrad_Romanced | if $ryan_conrad_romanced $conrad_romanced $ryan_romanced ---
a8ee5e15400fc208,L11 Conrad,Conrad_4_Conrad_Romanced,1,Conrad,那个……约会。我想我快想去约个会了！
f2f6817fb49621c2,L11 Conrad,Conrad_4_Conrad_Romanced,3,Kobold,我很乐意！
82ddb728ff9d18a9,L11 Conrad,Conrad_4_Conrad_Romanced,4,Conrad,我在想，下周找个时间出去？
fc253d9eb67cd473,L11 Conrad,Conrad_4_Conrad_Romanced,5,Kobold,听起来不错。
9a03666243082379,L11 Conrad,Conrad_4_Conrad_Romanced,6,Kobold,我不介意！
67f68a72462bca9b,L11 Conrad,Conrad_4_Conrad_Romanced,7,Conrad/Ryan,太好了！
45ec6449f36fb5b9,L11 Conrad,Conrad_4_Conrad_Romanced,8,Conrad,下次我来洗澡的时候，咱们就去。
ee6194b2fabfafdc,L11 Conrad,Conrad_4_Conrad_Romanced,9,Kobold,我很期待！
38c7fbb586ed7788,L11 Conrad,Conrad_4_Conrad_Romanced,10,Kobold,就这么定了。
de408e85752b4a9e,L11 Conrad,Conrad_4_Conrad_Romanced,11,Conrad/Kobold/Alexander,我很期待。
# --- progress: Conrad_Ryan_Romanced | if $ryan_conrad_romanced $conrad_romanced $ryan_romanced ---
8dc7f14f91542fe7,L11 Conrad,Conrad_Ryan_Romanced,1,Conrad,所以你和莱恩，嗯？
498cb71ee3e20098,L11 Conrad,Conrad_Ryan_Romanced,2,Kobold,哦，对！
37d827f8025ee687,L11 Conrad,Conrad_Ryan_Romanced,3,Kobold,他很帅。
64db0ca49ca9563d,L11 Conrad,Conrad_Ryan_Romanced,4,Kobold,他是我梦中的龙。
bdfc096fee84c4fb,L11 Conrad,Conrad_Ryan_Romanced,5,Conrad,我替你高兴！
cb24c38318e64595,L11 Conrad,Conrad_Ryan_Romanced,6,Conrad,听起来是。
0e5b54a94da4725b,L11 Conrad,Conrad_Ryan_Romanced,8,Kobold,您呢？有让您心动的人吗？
5f9173229e51d947,L11 Conrad,Conrad_Ryan_Romanced,9,Kobold,是的，我也很开心。
68fa6f383249196c,L11 Conrad,Conrad_Ryan_Romanced,10,Conrad,算有吧！我最近出门多了。
e589607da4e2983d,L11 Conrad,Conrad_Ryan_Romanced,11,Conrad,认识了一只狮鹫。跟我差不多大……
d69f5ee422fdf377,L11 Conrad,Conrad_Ryan_Romanced,12,Conrad,我觉得他喜欢我。
9aab87987aca7783,L11 Conrad,Conrad_Ryan_Romanced,13,Conrad,……<i><size=70%>至少我喜欢他。
7b42e92a68e914e0,L11 Conrad,Conrad_Ryan_Romanced,14,Conrad,那就好。
88b86bef7b86a770,L11 Conrad,Conrad_Ryan_Romanced,15,Conrad,对，他看着挺对我胃口的。
# --- jerkoff: Conrad_4_JerkOff_Start ---
395b9d676b6c01c5,L11 Conrad,Conrad_4_JerkOff_Start,1,Conrad,哦——现在？行，我来。
# --- cum: Conrad_4_Cum ---
cf5ea034da108d57,L11 Conrad,Conrad_4_Cum,1,Conrad,嗯……这可比那些浆果强多了。
# --- mount_start: Conrad_4_Mount_Start ---
9c4eeb4a7cc4c1e1,L11 Conrad,Conrad_4_Mount_Start,1,Conrad,嘿！坐架！太爽了。
# --- mount_finish: Conrad_4_Mount_Finish ---
307f6f92f16156e7,L11 Conrad,Conrad_4_Mount_Finish,1,Conrad,哈啊……这他妈是最棒的一次洗澡。
# --- outro: Conrad_Outro_4 ---
4012236175bc195e,L11 Conrad,Conrad_Outro_4,1,Kobold,您应该全干净了！
4a93a020168bbd0d,L11 Conrad,Conrad_Outro_4,2,Kobold,我想就这样了。
2ce654e6ba32ebb8,L11 Conrad,Conrad_Outro_4,3,Kobold,洗干净的您真好看！
d6d9eff64b0d7187,L11 Conrad,Conrad_Outro_4,4,Kobold,<i>我喜欢往您身上喷水。
feda452e0c677f41,L11 Conrad,Conrad_Outro_4,5,Kobold,好了！应该完成了。
e2956ac74f8acb8e,L11 Conrad,Conrad_Outro_4,6,Kobold,我想每个角落都洗到了。
# --- outro: Conrad_Outro_4_Ryan_Conrad_Romanced | if $ryan_conrad_romanced $conrad_romanced $ryan_romanced ---
0fa2abeece5fd3de,L11 Conrad,Conrad_Outro_4_Ryan_Conrad_Romanced,1,Conrad,对！我感觉干净了。
1b5f2f27de868c08,L11 Conrad,Conrad_Outro_4_Ryan_Conrad_Romanced,2,Conrad,嘿，那个，你觉得我和莱恩<i>真的</i>能成吗？
ebc110388e3748fa,L11 Conrad,Conrad_Outro_4_Ryan_Conrad_Romanced,3,Kobold/Alexander,当然！
5bc10e8175dc9422,L11 Conrad,Conrad_Outro_4_Ryan_Conrad_Romanced,4,Kobold,我希望能。
3da3a77980cb9eb9,L11 Conrad,Conrad_Outro_4_Ryan_Conrad_Romanced,5,Conrad,希望你是对的。
43e42fb816f1d2c2,L11 Conrad,Conrad_Outro_4_Ryan_Conrad_Romanced,6,Conrad,对，我也是。他人真的很好。
603a3749013e876b,L11 Conrad,Conrad_Outro_4_Ryan_Conrad_Romanced,7,Conrad,经历了那么多，很难不紧张……
189f4f64972cc1fe,L11 Conrad,Conrad_Outro_4_Ryan_Conrad_Romanced,8,Conrad,不过我可是个狠角色，没问题的。
40b8366766a655d6,L11 Conrad,Conrad_Outro_4_Ryan_Conrad_Romanced,9,Conrad,希望吧。
dde93c3f47e98763,L11 Conrad,Conrad_Outro_4_Ryan_Conrad_Romanced,10,Conrad,不过我们第一次见面很棒！
0a47996c4c389f39,L11 Conrad,Conrad_Outro_4_Ryan_Conrad_Romanced,11,Kobold,是吗？跟我说说！
589c19f0d1fb2d81,L11 Conrad,Conrad_Outro_4_Ryan_Conrad_Romanced,12,Kobold,太好了！第一次约会是什么时候？
56345c46f3840a46,L11 Conrad,Conrad_Outro_4_Ryan_Conrad_Romanced,13,Conrad,他给我打了电话，我们见了面。他真他妈好。
080824870e4c7a15,L11 Conrad,Conrad_Outro_4_Ryan_Conrad_Romanced,14,Conrad,他说我很随和，我们约好了约会……
d98ca4f1aac91861,L11 Conrad,Conrad_Outro_4_Ryan_Conrad_Romanced,15,Conrad,所以我才来这儿！洗完澡就去见他。
35b34afec858433c,L11 Conrad,Conrad_Outro_4_Ryan_Conrad_Romanced,16,Conrad,洗完澡就去！
d925b0f0ac6611e6,L11 Conrad,Conrad_Outro_4_Ryan_Conrad_Romanced,17,Conrad,我们要去一家海鲜店——
5421d19c6a9cd188,L11 Conrad,Conrad_Outro_4_Ryan_Conrad_Romanced,18,Conrad,俱乐部的位子我已经订好了。
6ffd2844813c419e,L11 Conrad,Conrad_Outro_4_Ryan_Conrad_Romanced,19,Kobold,那我得赶紧放您出去！
d547385bcae74ca2,L11 Conrad,Conrad_Outro_4_Ryan_Conrad_Romanced,20,Kobold,我替您高兴。我去开门！
9458fe24a9152c2b,L11 Conrad,Conrad_Outro_4_Ryan_Conrad_Romanced,21,Conrad,哈……是啊，我很期待。
83a4b4bd32149db8,L11 Conrad,Conrad_Outro_4_Ryan_Conrad_Romanced,22,Conrad,谢了，我也很期待。
# --- outro: Conrad_Outro_4_Conrad_Romanced | if $ryan_conrad_romanced $conrad_romanced $ryan_romanced ---
ad0500f8d2500c0f,L11 Conrad,Conrad_Outro_4_Conrad_Romanced,1,Conrad,一如既往地一尘不染。
297d60c9e5c25580,L11 Conrad,Conrad_Outro_4_Conrad_Romanced,2,Conrad,对了，我想好去哪儿了。
f22c7f64f7e136d4,L11 Conrad,Conrad_Outro_4_Conrad_Romanced,5,Conrad,市里有家俱乐部。“翼”。我一直很喜欢那儿。
5dcbc1f451fcc29d,L11 Conrad,Conrad_Outro_4_Conrad_Romanced,6,Conrad,我在那一带算是个人物。
99c9d7ee0966d8d1,L11 Conrad,Conrad_Outro_4_Conrad_Romanced,7,Conrad,我能给咱们弄到看演出<i>最好</i>的位子。
02f6a5560835daa6,L11 Conrad,Conrad_Outro_4_Conrad_Romanced,8,Kobold,哈，好啊。我加入。
7137eb7d65d8f4d8,L11 Conrad,Conrad_Outro_4_Conrad_Romanced,9,Kobold,哦哦，那您肯定是个大人物。
60c5caff4aee58e9,L11 Conrad,Conrad_Outro_4_Conrad_Romanced,10,Conrad,操，哥们儿，我太兴奋了。
d37d98f486ba54c5,L11 Conrad,Conrad_Outro_4_Conrad_Romanced,11,Conrad,我这就开始准备。
bf3d9317290e56b0,L11 Conrad,Conrad_Outro_4_Conrad_Romanced,12,Conrad,下次我来的时候就订好位子了！
f11ccc8c0bd5ecbc,L11 Conrad,Conrad_Outro_4_Conrad_Romanced,13,Conrad,能去开个门吗？
ffcc816df16993e6,L11 Conrad,Conrad_Outro_4_Conrad_Romanced,14,Conrad,那当然。
c25790cd739260fd,L11 Conrad,Conrad_Outro_4_Conrad_Romanced,16,Conrad,你才是大人物
b18d301dab41755f,L11 Conrad,Conrad_Outro_4_Conrad_Romanced,17,Conrad,抱歉我不会调情。能开个门吗？
# --- outro: Conrad_Outro_4_Ryan_Romanced | if $ryan_conrad_romanced $conrad_romanced $ryan_romanced ---
6fe24a5cf11acb37,L11 Conrad,Conrad_Outro_4_Ryan_Romanced,1,Conrad,对！一如既往地干净。
8f0378325ead68c7,L11 Conrad,Conrad_Outro_4_Ryan_Romanced,2,Conrad,你和莱恩有什么计划吗？
a12011af4e943fb2,L11 Conrad,Conrad_Outro_4_Ryan_Romanced,3,Kobold,还不确定。
c3393181a97b4208,L11 Conrad,Conrad_Outro_4_Ryan_Romanced,4,Kobold,我在想近期约个会。
5ef95c64f52e6263,L11 Conrad,Conrad_Outro_4_Ryan_Romanced,5,Conrad,好吧。你俩看着确实挺配的。
6d8a46a5e1da81ef,L11 Conrad,Conrad_Outro_4_Ryan_Romanced,6,Conrad,我真心希望一切顺利！
1884386d93b6fccd,L11 Conrad,Conrad_Outro_4_Ryan_Romanced,7,Conrad,对！那就太棒了。
c5cace2191af6925,L11 Conrad,Conrad_Outro_4_Ryan_Romanced,8,Conrad,你俩真的很配……
9e806b93dd0d48fe,L11 Conrad,Conrad_Outro_4_Ryan_Romanced,9,Conrad,希望一切顺利。
83a8afa550485db4,L11 Conrad,Conrad_Outro_4_Ryan_Romanced,10,Conrad,应该就这样了，能去开个门吗？

# ===== Level 12: Alexander (Rainy) =====
# --- intro: Alexander_4_intro ---
0248808ddaa3479e,L12 Alexander,Alexander_4_intro,1,Alexander,晚上好！
d3d306a15d158e29,L12 Alexander,Alexander_4_intro,2,Kobold,嗨——！嗨！
68094c643e49d3c6,L12 Alexander,Alexander_4_intro,3,Kobold,嘿，亚历山大！
e8c921ab9051f110,L12 Alexander,Alexander_4_intro,4,Alexander,哈，一如既往地热情。
3b767556f3eeaa3b,L12 Alexander,Alexander_4_intro,5,Alexander,能回来真是太好了！
96ed1471d1f86a4d,L12 Alexander,Alexander_4_intro,6,Alexander,今日的雨下个不停！
429d93ef0fafbe8a,L12 Alexander,Alexander_4_intro,7,Alexander,氛围倒是不错。
a9945cd0cd165325,L12 Alexander,Alexander_4_intro,8,Kobold,雨挺好的。
7259414f82b0b97a,L12 Alexander,Alexander_4_intro,9,Kobold,我一直讨厌下雨。
bfad19e22f9652cc,L12 Alexander,Alexander_4_intro,10,Alexander,在下同意，不过仍希望方便时尽快让在下进去。
91a5c27ef059ab24,L12 Alexander,Alexander_4_intro,12,Alexander,在下能理解为何不喜它带来的脏乱。
882df59f0a75b295,L12 Alexander,Alexander_4_intro,13,Alexander,但这正是在下来此的原因！
990e43e4f2687cdf,L12 Alexander,Alexander_4_intro,14,Kobold,好的！我去给您开门。
846b613e707ce00d,L12 Alexander,Alexander_4_intro,15,Kobold,汪！<size=70%>（门）
line:e449156d,L12 Alexander,Alexander_4_intro,16,Alexander,多谢阁下！
1ceb64d9cf6889fd,L12 Alexander,Alexander_4_intro,17,Alexander,嗯，在下理解为阁下要去开门？
56deaef9d6b92a31,L12 Alexander,Alexander_4_intro,18,Kobold,汪！<size=70%>（是）
fd0d3e3077aaf4ce,L12 Alexander,Alexander_4_intro,19,Alexander,在下不解，为何突然能听懂阁下的“汪”
7a919cef111fe275,L12 Alexander,Alexander_4_intro,20,Kobold,汪！<size=70%>（那是因为你龙族心智中沉睡的部分，正在忆起你我两族之间根植已久的语言桥梁。其中承载着狗头人“汪”的深层含义与意图。你突然的理解，不过是我们的联系随时间加深，激活了你心智的那一部分。）
6d8c462224bca1b5,L12 Alexander,Alexander_4_intro,21,Kobold,汪！<size=70%>（不知道）
8e7ead434fce5609,L12 Alexander,Alexander_4_intro,24,Alexander,可否请阁下开门……？
19be549c91d82ff3,L12 Alexander,Alexander_4_intro,25,Alexander,好吧。在下等着！
# --- progress: Alexander_4_required ---
c19ca0647cc1a583,L12 Alexander,Alexander_4_required,1,Alexander,在下一直在想……
6d9630067757f781,L12 Alexander,Alexander_4_required,2,Alexander,在下不禁注意到……那边的装置。
7bd6925025a24288,L12 Alexander,Alexander_4_required,3,Alexander,那是坐架，对否？
54b9fbcd575cd0a7,L12 Alexander,Alexander_4_required,4,Kobold,没错！
1f5aad5cbae1a020,L12 Alexander,Alexander_4_required,5,Kobold,您想用吗？
36a85b3430aa6639,L12 Alexander,Alexander_4_required,6,Alexander,在下……在想……
d2b8ae469c604bfb,L12 Alexander,Alexander_4_required,7,Alexander,在下能否，呃……
577e4edfcd4fa53d,L12 Alexander,Alexander_4_required,8,Alexander,也许……
4caa8162834de434,L12 Alexander,Alexander_4_required,9,Alexander,或许……
d89de41838a75fa0,L12 Alexander,Alexander_4_required,10,Kobold,您想用的话完全可以！
68ad27123e1df879,L12 Alexander,Alexander_4_required,11,Kobold,不用紧张，亚历山大！
6dece6f0ec399d4e,L12 Alexander,Alexander_4_required,12,Alexander,在下想，在下想试试？
08ab3092d83ed1d3,L12 Alexander,Alexander_4_required,13,Alexander,在下知道。在下知道。
81a4fcd2541ac990,L12 Alexander,Alexander_4_required,14,Alexander,在下想，在下想用一下？
67c0f2a71f4ff613,L12 Alexander,Alexander_4_required,16,Alexander,呃……嗯……
4640c27322f55d8c,L12 Alexander,Alexander_4_required,17,Alexander,或许……？
9739b879143b91cf,L12 Alexander,Alexander_4_required,18,Alexander,只要阁下不介意——
e2dce2bed173fba0,L12 Alexander,Alexander_4_required,20,Kobold,当然可以。多亏康拉德让我弄了一个。
f12929f0cef567d7,L12 Alexander,Alexander_4_required,21,Alexander,好吧好吧……那在下想用一下？
76ea754cd53f21dc,L12 Alexander,Alexander_4_required,22,Alexander,康拉德……？
18b51cf572e4b49a,L12 Alexander,Alexander_4_required,25,Kobold,我没问题！
334a54e73cf69dc1,L12 Alexander,Alexander_4_required,26,Kobold,我很乐意去给您拿。
7bd62126f382f565,L12 Alexander,Alexander_4_required,27,Alexander,嗯……谢过阁下。
d2c15503eb28631b,L12 Alexander,Alexander_4_required,28,Alexander,好——谢谢。
# --- jerkoff: Alexander_4_JerkOff_Start ---
47122b215cc11a2b,L12 Alexander,Alexander_4_JerkOff_Start,1,Alexander,哦……在下想这也不错～
# --- cum: Alexander_4_Cum ---
ed6a9612f44b19ea,L12 Alexander,Alexander_4_Cum,1,Alexander,呼……谢过阁下。
# --- mount_start: Alexander_4_Mount_Start ---
1db0bf44f69526fc,L12 Alexander,Alexander_4_Mount_Start,1,Alexander,坐架？在下……想是可以的！
# --- mount_finish: Alexander_4_Mount_Finish ---
76527d719ccc95a3,L12 Alexander,Alexander_4_Mount_Finish,1,Alexander,那……比在下预想的更舒服。
# --- outro: Alexander_4_Outro ---
35278dc46019f9b9,L12 Alexander,Alexander_4_Outro,1,Alexander,在下感觉好多了。
5547ec33b10091a2,L12 Alexander,Alexander_4_Outro,2,Alexander,在下……知道此言有些突兀。
3ce3dec2bd740757,L12 Alexander,Alexander_4_Outro,3,Alexander,但在下以为，阁下教会了在下一些东西。
5eca8560307cac86,L12 Alexander,Alexander_4_Outro,5,Kobold,可您才是当老师的龙呀。
419ecbf32abefda1,L12 Alexander,Alexander_4_Outro,6,Alexander,是教授，不过，是的。阁下确实教会了在下。
0b1b8529d2c3c5fc,L12 Alexander,Alexander_4_Outro,7,Alexander,在下想，在下喜欢被照顾？
4df2487e01509478,L12 Alexander,Alexander_4_Outro,8,Kobold,大多数人都喜欢！
c9f8ba59379bb60a,L12 Alexander,Alexander_4_Outro,9,Kobold,我喜欢照顾您。
93786b06bef36348,L12 Alexander,Alexander_4_Outro,10,Alexander,嗯，是的。在下的意思是更……原始的那种？
b868cb066c4b572d,L12 Alexander,Alexander_4_Outro,11,Alexander,听阁下这么说甚好……不过，在下是指更……原始地被照顾？
565a3630f0cfbcc5,L12 Alexander,Alexander_4_Outro,12,Alexander,在下喜欢阁下用手轻拍来指示在下该做什么。
1161a29c118dbaa6,L12 Alexander,Alexander_4_Outro,13,Alexander,在下喜欢阁下的自信。哪怕只是关乎洗浴。
32c31015075eeede,L12 Alexander,Alexander_4_Outro,14,Alexander,哪怕只是片刻，放下掌控也甚是舒心。
1651e2418c22d0c0,L12 Alexander,Alexander_4_Outro,15,Kobold,<size=70%> 一条大龙把控制权交给我。哇。
bd051341e68cc04e,L12 Alexander,Alexander_4_Outro,16,Kobold,很高兴能给您一个放松的地方。
2e1f723e42b149be,L12 Alexander,Alexander_4_Outro,17,Alexander,颇为新奇，不是吗？
8212cbdd05d21f37,L12 Alexander,Alexander_4_Outro,18,Alexander,在下很快会再来，可好？谢过阁下的洗浴。
b5f8ec9a6918d554,L12 Alexander,Alexander_4_Outro,19,Alexander,令人解脱。在下会再来的，可好？

# ===== Level 13: Ryan (Sunny) =====
# --- intro: Ryan_5_intro ---
dcd95465ccb79997,L13 Ryan,Ryan_5_intro,6,Kobold,嘿，大个子。
a4c1cb0899f204fc,L13 Ryan,Ryan_5_intro,8,Ryan,嘿……小个子！
df50afc7f5e2d994,L13 Ryan,Ryan_5_intro,9,Kobold,我没<i>那么</i>小——
8061d3d1aed7c531,L13 Ryan,Ryan_5_intro,10,Kobold,所以，是来洗澡的吗？
1107598aa9bc6c75,L13 Ryan,Ryan_5_intro,11,Ryan,哦，抱歉——
061629ac669e11f8,L13 Ryan,Ryan_5_intro,12,Ryan,我只是想配合一下。见到你真高兴！
cdc7ebc001250566,L13 Ryan,Ryan_5_intro,13,Ryan,对！
f8c3932b65e6bbb0,L13 Ryan,Ryan_5_intro,14,Ryan,嘿，狗头人！
4a5d3b88460afb6b,L13 Ryan,Ryan_5_intro,15,Ryan,我决定试试烘焙。
b483e9c7e323807a,L13 Ryan,Ryan_5_intro,16,Ryan,我最近有很多空闲时间。
afd9ef6045a7191c,L13 Ryan,Ryan_5_intro,17,Ryan,结果发现烘焙好脏呀！
808f38835d1deb53,L13 Ryan,Ryan_5_intro,18,Ryan,我需要洗个澡。
# --- intro: Ryan_5_intro_ryan_romanced | if $ryan_conrad_romanced $conrad_romanced $ryan_romanced ---
efa367904267d1f9,L13 Ryan,Ryan_5_intro_ryan_romanced,1,Ryan,……为今晚的约会洗个澡。
d510da8dc09c7bd7,L13 Ryan,Ryan_5_intro_ryan_romanced,2,Kobold,哦。对哦。
cb4f55dc25088cef,L13 Ryan,Ryan_5_intro_ryan_romanced,3,Kobold,我很期待。
63b5ec8a662e7e8f,L13 Ryan,Ryan_5_intro_ryan_romanced,4,Ryan,那还好我来提醒你了。
60004e58bb12dd3c,L13 Ryan,Ryan_5_intro_ryan_romanced,6,Ryan,我在门口等着！
# --- intro: Ryan_5_intro ---
3ff66f86649ed3f4,L13 Ryan,Ryan_5_intro,19,Kobold,嘿，莱恩！
bab3e0bf3bfcf52e,L13 Ryan,Ryan_5_intro,20,Ryan,嘿！我来洗澡。
747b7932ed2e84f2,L13 Ryan,Ryan_5_intro,24,Kobold,太好了，我去开门。
1fa67d86839c19a3,L13 Ryan,Ryan_5_intro,25,Kobold,好的！我迫不及待想跟您说康拉德的事。
4c5ca3860699fcd3,L13 Ryan,Ryan_5_intro,28,Kobold,是的！我很快要和他约会了。
29301eae6840e128,L13 Ryan,Ryan_5_intro,29,Kobold,嗯嗯，得为和他的约会做准备。
154dbd6d6bdc9f0e,L13 Ryan,Ryan_5_intro,30,Ryan,好激动呀！
e1867b98d8ce23bd,L13 Ryan,Ryan_5_intro,31,Ryan,进去再多跟我说说。
10dc92e80220fe9b,L13 Ryan,Ryan_5_intro,33,Kobold,嘿——莱恩。
b57c370a0fcc7045,L13 Ryan,Ryan_5_intro,34,Ryan,嘿！
cd80a4a851309647,L13 Ryan,Ryan_5_intro,38,Kobold,您和康拉德的约会怎么样？
26eed1b65d0e1370,L13 Ryan,Ryan_5_intro,39,Kobold,快跟我说说您和康拉德的事！
b433dad7fc4cdb18,L13 Ryan,Ryan_5_intro,40,Ryan,很顺利！
cd235c4d7d27fbdb,L13 Ryan,Ryan_5_intro,41,Ryan,哦——好急切呀！
7b1f5d058f2045c5,L13 Ryan,Ryan_5_intro,43,Ryan,我们出去吃了饭。聊得很开心。
4932dbc11ab131d4,L13 Ryan,Ryan_5_intro,44,Ryan,然后一件事接着一件事……
1a86226c86c7138f,L13 Ryan,Ryan_5_intro,45,Ryan,去了酒吧……气氛热了起来。接下来的事你能想象……<size=70%>哈……
# --- progress: Ryan_5_Required_ryan_romanced | if $ryan_romanced ---
e61676df3c022293,L13 Ryan,Ryan_5_Required_ryan_romanced,1,Ryan,那么。今晚的约会……
c022fa54258553ea,L13 Ryan,Ryan_5_Required_ryan_romanced,2,Ryan,你想去哪儿？
6c0884e4717c5d5b,L13 Ryan,Ryan_5_Required_ryan_romanced,3,Kobold,您来定！
bbedb233b6bbe2ea,L13 Ryan,Ryan_5_Required_ryan_romanced,4,Kobold,我想出去吃饭。
fb57b97d646f43c9,L13 Ryan,Ryan_5_Required_ryan_romanced,5,Kobold,您知道什么好酒吧吗？
d2c0f4718541c240,L13 Ryan,Ryan_5_Required_ryan_romanced,6,Kobold,看电影怎么样？
98ef145fb642c5b6,L13 Ryan,Ryan_5_Required_ryan_romanced,7,Ryan,也许我们可以……散散步？
4bad2b5ecfe22c4a,L13 Ryan,Ryan_5_Required_ryan_romanced,8,Ryan,我特别喜欢让人骑在我背上。
6e8c399ff118f405,L13 Ryan,Ryan_5_Required_ryan_romanced,9,Ryan,你有兴趣吗？
7da2aa0d4ef74597,L13 Ryan,Ryan_5_Required_ryan_romanced,10,Kobold,听起来真好！
db39ae73af1cfae5,L13 Ryan,Ryan_5_Required_ryan_romanced,11,Kobold,那不会有失身份吗？
3185b026252747c6,L13 Ryan,Ryan_5_Required_ryan_romanced,13,Ryan,我一直很喜欢驮着两条腿的朋友们……
d2994ff918a23d86,L13 Ryan,Ryan_5_Required_ryan_romanced,14,Ryan,那约会就这么定了，我好期待。
3fdcf71c3e2f7ea0,L13 Ryan,Ryan_5_Required_ryan_romanced,15,Ryan,哦！不会的。很好玩的！
8bacddc318adc2b9,L13 Ryan,Ryan_5_Required_ryan_romanced,16,Ryan,我经常驮着其他两条腿的朋友呢。
638c1801c65c6b0c,L13 Ryan,Ryan_5_Required_ryan_romanced,17,Ryan,我们肯定能想到办法的！到码头找我就行！
25f86d817a092ae1,L13 Ryan,Ryan_5_Required_ryan_romanced,18,Ryan,嗯，听起来不错。
38ae2aec596ab356,L13 Ryan,Ryan_5_Required_ryan_romanced,19,Ryan,你吃海鲜吗？
d7456d9e85366bc9,L13 Ryan,Ryan_5_Required_ryan_romanced,20,Kobold,吃。我喜欢鱼！
925a663e1b23d966,L13 Ryan,Ryan_5_Required_ryan_romanced,21,Kobold,唔，换点别的吧？
14d1fddd0115ee0d,L13 Ryan,Ryan_5_Required_ryan_romanced,22,Ryan,哦，太好了。我超爱三文鱼。
6b59acab736bd349,L13 Ryan,Ryan_5_Required_ryan_romanced,23,Ryan,呃，我是龙——不过……你懂我意思。
334998266afc2476,L13 Ryan,Ryan_5_Required_ryan_romanced,24,Ryan,那约会就这么定了！先吃海鲜，然后看情况。
a02af61e18efb0f0,L13 Ryan,Ryan_5_Required_ryan_romanced,25,Ryan,码头边有家不错的马族餐厅。
cf73a93aa04fdd02,L13 Ryan,Ryan_5_Required_ryan_romanced,26,Ryan,算是马族融合菜……
8771d66a0a1ace3e,L13 Ryan,Ryan_5_Required_ryan_romanced,27,Ryan,我很喜欢！我觉得你也会喜欢的。
8cceef523eb8c739,L13 Ryan,Ryan_5_Required_ryan_romanced,28,Ryan,那约会就这么定了！
5a3b18942c9e3040,L13 Ryan,Ryan_5_Required_ryan_romanced,29,Ryan,对了，市里有家不错的店叫“翼”。
4d1b2eff2bb69d21,L13 Ryan,Ryan_5_Required_ryan_romanced,30,Ryan,我觉得那儿挺合适的！他们每晚都有好演出。
ebbcfde5ce6709d6,L13 Ryan,Ryan_5_Required_ryan_romanced,31,Ryan,可以先去那儿，然后开个房……唔。
435234dd4f3b1033,L13 Ryan,Ryan_5_Required_ryan_romanced,34,Ryan,看电影应该也很好玩！
0ef6ac4a015fbebd,L13 Ryan,Ryan_5_Required_ryan_romanced,35,Ryan,你想看什么电影？
b64ebbe5369b5bbf,L13 Ryan,Ryan_5_Required_ryan_romanced,37,Kobold,汪先生：最后一汪
45afe74b37ed6bb0,L13 Ryan,Ryan_5_Required_ryan_romanced,38,Kobold,银河龙卫队2
a881cd2440d13252,L13 Ryan,Ryan_5_Required_ryan_romanced,39,Ryan,哦，我听说那部评价很好。
00712e7d97f1872a,L13 Ryan,Ryan_5_Required_ryan_romanced,41,Ryan,汪先生系列真的很老套……
037e3c0c446d2b14,L13 Ryan,Ryan_5_Required_ryan_romanced,42,Ryan,不过和你一起看我肯定会喜欢的！
b1ac5509459ca2a4,L13 Ryan,Ryan_5_Required_ryan_romanced,43,Ryan,哦对，第一部我挺喜欢的。
eb547bf48bc9637e,L13 Ryan,Ryan_5_Required_ryan_romanced,45,Ryan,那约会就这么定了。我好期待。
# --- progress: Ryan_5_Required_conrad_romanced | if $ryan_romanced $conrad_romanced ---
1f2c5ed668dc8972,L13 Ryan,Ryan_5_Required_conrad_romanced,1,Ryan,那么，多跟我说说康拉德吧！
522b54ddedc9ae6c,L13 Ryan,Ryan_5_Required_conrad_romanced,2,Kobold,他最近友善多了。
9df47f9485e2d886,L13 Ryan,Ryan_5_Required_conrad_romanced,3,Kobold,他就像……一个被尖刺包着的大软心肠。
2e0446089ab2f237,L13 Ryan,Ryan_5_Required_conrad_romanced,4,Ryan,是吗？听起来他有点火爆呢。
eb926b4bc196ac32,L13 Ryan,Ryan_5_Required_conrad_romanced,5,Ryan,不过我了解这种类型……他们内心往往很柔软。
8ea9e02ddeed61e3,L13 Ryan,Ryan_5_Required_conrad_romanced,6,Kobold,对，他进步了很多。
5085892250461c04,L13 Ryan,Ryan_5_Required_conrad_romanced,7,Kobold,嗯。我喜欢这点。
53011f72775c8ca4,L13 Ryan,Ryan_5_Required_conrad_romanced,8,Ryan,听你这么说真好。
4fbcc070e27c4736,L13 Ryan,Ryan_5_Required_conrad_romanced,9,Ryan,没有什么比一个能进步的男人更有魅力了！
aa8e7dea9ad61538,L13 Ryan,Ryan_5_Required_conrad_romanced,10,Ryan,很高兴你们俩处得好。
390bea406a842664,L13 Ryan,Ryan_5_Required_conrad_romanced,11,Ryan,太棒了。很高兴你们俩处得好。
f147cd900de98aeb,L13 Ryan,Ryan_5_Required_conrad_romanced,12,Ryan,啊，对，那种类型挺可爱的。
883fec192f3d1119,L13 Ryan,Ryan_5_Required_conrad_romanced,13,Ryan,听说他最近进步了很多，对吧？
b5060af9808e8c7c,L13 Ryan,Ryan_5_Required_conrad_romanced,14,Kobold,嗯，他在努力。
702195668cf48039,L13 Ryan,Ryan_5_Required_conrad_romanced,15,Kobold,我觉得他以前的环境不好。现在好多了。
1e681c01b417052f,L13 Ryan,Ryan_5_Required_conrad_romanced,16,Ryan,这就够了，对吧？
9056022b2085d3b7,L13 Ryan,Ryan_5_Required_conrad_romanced,17,Ryan,不过很高兴你们俩处得好。
932d7df9b58f5376,L13 Ryan,Ryan_5_Required_conrad_romanced,18,Ryan,那就好。
# --- progress: Ryan_5_Required_ryan_conrad_romanced | if $ryan_romanced $conrad_romanced $ryan_conrad_romanced ---
e76e544c771880f3,L13 Ryan,Ryan_5_Required_ryan_conrad_romanced,1,Ryan,约会的时候康拉德一直在说你。
2e21aa0b86c092fb,L13 Ryan,Ryan_5_Required_ryan_conrad_romanced,3,Kobold,说什么？
271a662aed24f160,L13 Ryan,Ryan_5_Required_ryan_conrad_romanced,4,Ryan,跟我说了他被打的那次。
1b0b214cb2df69ec,L13 Ryan,Ryan_5_Required_ryan_conrad_romanced,5,Ryan,我觉得你帮他的比你自己以为的多得多。
ad14c398c575824b,L13 Ryan,Ryan_5_Required_ryan_conrad_romanced,7,Kobold,我只是在做我的工作！
daddaa15545566ce,L13 Ryan,Ryan_5_Required_ryan_conrad_romanced,8,Ryan,是啊，但那一刻他需要有人在乎他。
f03747feadc10e71,L13 Ryan,Ryan_5_Required_ryan_conrad_romanced,9,Ryan,据我了解，他已经……很久没被人在乎过了。
2ed3613575959ca6,L13 Ryan,Ryan_5_Required_ryan_conrad_romanced,10,Ryan,就算你只是在做工作……我觉得也帮了他很多。
658add118bb17ed5,L13 Ryan,Ryan_5_Required_ryan_conrad_romanced,11,Ryan,所以，我替他谢谢你的在乎。
8ca78aefdf9d3b44,L13 Ryan,Ryan_5_Required_ryan_conrad_romanced,12,Ryan,我知道他有时候火爆，会忘了跟人道谢。
9176dd2bd815750c,L13 Ryan,Ryan_5_Required_ryan_conrad_romanced,13,Kobold,哎……谢谢。
5a4dcf1ccff086af,L13 Ryan,Ryan_5_Required_ryan_conrad_romanced,14,Kobold,听您这么说我很开心。
6db8bf6280f68edb,L13 Ryan,Ryan_5_Required_ryan_conrad_romanced,15,Ryan,哦。还有一件事。
49e6d82bb7d163af,L13 Ryan,Ryan_5_Required_ryan_conrad_romanced,16,Ryan,约会之后我们还做了。
e06e957ec854ab4c,L13 Ryan,Ryan_5_Required_ryan_conrad_romanced,17,Kobold,<size=70%><i>哇……
9b2ad1c8b149bf00,L13 Ryan,Ryan_5_Required_ryan_conrad_romanced,19,Ryan,哈，是啊。康拉德绝对很有经验……
bc156217e847a8df,L13 Ryan,Ryan_5_Required_ryan_conrad_romanced,20,Ryan,干嘛呀。又没什么不对！我想你会想知道。
# --- jerkoff: Ryan_5_JerkOff_Start ---
9fec39c7cefbaca2,L13 Ryan,Ryan_5_JerkOff_Start,1,Ryan,嘿……今天手挺不老实呀？
# --- cum: Ryan_5_Cum ---
6f8c64dde681ced5,L13 Ryan,Ryan_5_Cum,1,Ryan,呼……我正需要这个。谢谢。
# --- mount_start: Ryan_5_Mount_Start ---
c7f3dbd886d929a7,L13 Ryan,Ryan_5_Mount_Start,1,Ryan,坐架？好呀！
# --- mount_finish: Ryan_5_Mount_Finish ---
48ffbc93e2486713,L13 Ryan,Ryan_5_Mount_Finish,1,Ryan,呼……谢谢。
# --- outro: Ryan_5_Outro_ryan_romanced | if $ryan_romanced ---
6fc39ec69d974bb4,L13 Ryan,Ryan_5_Outro_ryan_romanced,1,Ryan,我想你每个角落都洗到了。
c9e5fbe3317edd3f,L13 Ryan,Ryan_5_Outro_ryan_romanced,2,Ryan,你知道这意味着什么……
f553e58b991e05cc,L13 Ryan,Ryan_5_Outro_ryan_romanced,3,Kobold,约会之夜！
0eb7accf7a8bffc3,L13 Ryan,Ryan_5_Outro_ryan_romanced,6,Ryan,意味着我准备好和某位狗头人约会了。
e7da2124354de72f,L13 Ryan,Ryan_5_Outro_ryan_romanced,7,Ryan,我知道你得关店。我会把地址给你，我们在那儿碰头，好吗？
6b7ea0261a825f1b,L13 Ryan,Ryan_5_Outro_ryan_romanced,8,Kobold,好呀！
7809df3c2e9fa860,L13 Ryan,Ryan_5_Outro_ryan_romanced,10,Ryan,我真的很期待。
dc9e132cf2897c30,L13 Ryan,Ryan_5_Outro_ryan_romanced,12,Ryan,好，你去开门，我先去那儿！
7d5a43fcbb4e03de,L13 Ryan,Ryan_5_Outro_ryan_romanced,13,Ryan,回头见。
# --- outro: Ryan_5_Outro_conrad_romanced | if $ryan_romanced $conrad_romanced ---
b050469dea41d597,L13 Ryan,Ryan_5_Outro_conrad_romanced,2,Ryan,谢谢你帮我。
25ec1c59caa5e66c,L13 Ryan,Ryan_5_Outro_conrad_romanced,3,Kobold,我随时乐意给您洗澡！
2a67fb93196e8722,L13 Ryan,Ryan_5_Outro_conrad_romanced,5,Ryan,哦——不只是洗澡。
2140dcb75dc2d0f9,L13 Ryan,Ryan_5_Outro_conrad_romanced,6,Ryan,就是，所有的事。
a6d4dab5c8699946,L13 Ryan,Ryan_5_Outro_conrad_romanced,7,Ryan,之前那次分手很难熬。
1fd66775cea2eb4b,L13 Ryan,Ryan_5_Outro_conrad_romanced,8,Ryan,这里是个很好的避风港。
8f4dc96f133fa75c,L13 Ryan,Ryan_5_Outro_conrad_romanced,9,Ryan,而且我真的替你和康拉德高兴。
8ed791569d35f02c,L13 Ryan,Ryan_5_Outro_conrad_romanced,10,Ryan,下次来再见，好吗？
d38d6a1844481871,L13 Ryan,Ryan_5_Outro_conrad_romanced,11,Kobold,见到您总是很开心，莱恩。
c88980c837fb6592,L13 Ryan,Ryan_5_Outro_conrad_romanced,12,Kobold,我去给您开门
b1e1c4e40f4aaeec,L13 Ryan,Ryan_5_Outro_conrad_romanced,13,Ryan,你也是。谢谢你给我洗澡。
# --- outro: Ryan_5_Outro_ryan_conrad_romanced | if $ryan_romanced $conrad_romanced $ryan_conrad_romanced ---
c5f14714a1e0439c,L13 Ryan,Ryan_5_Outro_ryan_conrad_romanced,8,Ryan,这真是个美好的避风港……
3eb55bf5de9c718b,L13 Ryan,Ryan_5_Outro_ryan_conrad_romanced,9,Ryan,你还把康拉德介绍给了我。
7aa8987bf569468c,L13 Ryan,Ryan_5_Outro_ryan_conrad_romanced,10,Ryan,他很棒。

# ===== Level 14: Conrad (Night) =====
# --- intro: Conrad_5_intro_ryan_romanced | if $ryan_conrad_romanced $conrad_romanced $ryan_romanced ---
ab4070df9f9d3980,L14 Conrad,Conrad_5_intro_ryan_romanced,1,Conrad,<size=140%>嘿，<size=100%>想洗个澡。
8597b1ea1423580d,L14 Conrad,Conrad_5_intro_ryan_romanced,2,Kobold,嘿，康拉德。
3ed1272125c54574,L14 Conrad,Conrad_5_intro_ryan_romanced,3,Kobold,这么晚了，什么风把您吹来了？
d90de33a2137108a,L14 Conrad,Conrad_5_intro_ryan_romanced,4,Conrad,对，是我。
2ca9d5b1cf89ccc8,L14 Conrad,Conrad_5_intro_ryan_romanced,5,Conrad,今晚要去市里。得洗得一尘不染。对了……
f5ebf2a456433609,L14 Conrad,Conrad_5_intro_ryan_romanced,6,Conrad,听说了你和那个蓝色大块头的事。叫莱恩来着？
061d649bf4c733b7,L14 Conrad,Conrad_5_intro_ryan_romanced,7,Conrad,肯定玩得不错吧。
4193e2b4730c89ad,L14 Conrad,Conrad_5_intro_ryan_romanced,8,Conrad,希望顺利。
63ecf81d4e111712,L14 Conrad,Conrad_5_intro_ryan_romanced,9,Kobold,很顺利！谢谢关心。
0c7c795d2dd5eb76,L14 Conrad,Conrad_5_intro_ryan_romanced,10,Kobold,挺顺利的。
ae61bf1949b59852,L14 Conrad,Conrad_5_intro_ryan_romanced,12,Conrad,好了！
25ba5fd876754270,L14 Conrad,Conrad_5_intro_ryan_romanced,13,Conrad,康拉德要洗澡！
# --- intro: Conrad_5_intro_conrad_romanced | if $ryan_conrad_romanced $conrad_romanced $ryan_romanced ---
76777c9ea422832b,L14 Conrad,Conrad_5_intro_conrad_romanced,1,Conrad,嘿，帅哥
0b7efee62380b6cd,L14 Conrad,Conrad_5_intro_conrad_romanced,2,Conrad,我看着怎么样？
060982be63865e2c,L14 Conrad,Conrad_5_intro_conrad_romanced,3,Kobold,非常酷
b6fff34d007d61c9,L14 Conrad,Conrad_5_intro_conrad_romanced,4,Kobold,呃……
806a4d3418ed236d,L14 Conrad,Conrad_5_intro_conrad_romanced,5,Conrad,对吧！我就是！
4bd075c280186208,L14 Conrad,Conrad_5_intro_conrad_romanced,6,Conrad,不过不适合约会。
777560a71762cf9b,L14 Conrad,Conrad_5_intro_conrad_romanced,7,Conrad,那就为今晚的约会洗干净吧。
364ea49c3b6c9895,L14 Conrad,Conrad_5_intro_conrad_romanced,8,Conrad,哈！
3ef6b1f5eeda632e,L14 Conrad,Conrad_5_intro_conrad_romanced,9,Conrad,开个玩笑。
ec760ba3440257aa,L14 Conrad,Conrad_5_intro_conrad_romanced,10,Conrad,好，那就为今晚的约会洗干净吧。
300d848a1b6703e2,L14 Conrad,Conrad_5_intro_conrad_romanced,12,Kobold,得把您洗得一尘不染！
260d7e3607c0eca1,L14 Conrad,Conrad_5_intro_conrad_romanced,14,Conrad,嘿……那当然。
d875bd1d6febfd53,L14 Conrad,Conrad_5_intro_conrad_romanced,15,Conrad,我劲头十足。
a652a464f67481de,L14 Conrad,Conrad_5_intro_conrad_romanced,16,Conrad,我之前提的那家酒吧，位子已经订好了。
ce3783abd13119b6,L14 Conrad,Conrad_5_intro_conrad_romanced,17,Conrad,晚上那氛围真他妈绝了。
18ed0c57d649df67,L14 Conrad,Conrad_5_intro_conrad_romanced,18,Conrad,你会喜欢的。
# --- intro: Conrad_5_intro_ryan_conrad_romanced | if $ryan_conrad_romanced $conrad_romanced $ryan_romanced ---
9ec8a28e82bf29dd,L14 Conrad,Conrad_5_intro_ryan_conrad_romanced,1,Conrad,嘿——。
ce0517f9b97181e5,L14 Conrad,Conrad_5_intro_ryan_conrad_romanced,2,Kobold,什么事让您心情这么好？
9560e52eac466c54,L14 Conrad,Conrad_5_intro_ryan_conrad_romanced,4,Conrad,我和莱恩的约会……
f1afc0e7b46c4e3f,L14 Conrad,Conrad_5_intro_ryan_conrad_romanced,5,Conrad,真他妈棒！
4b512432c16ce478,L14 Conrad,Conrad_5_intro_ryan_conrad_romanced,9,Conrad,抱歉来晚了。我的睡眠乱套了。
258282b3a0c1182a,L14 Conrad,Conrad_5_intro_ryan_conrad_romanced,10,Conrad,不过我就是来洗个澡的。
b67855af6a6d0c66,L14 Conrad,Conrad_5_intro_ryan_conrad_romanced,11,Kobold,您得赶紧把莱恩的事全都告诉我。
9ab1cc314a249eac,L14 Conrad,Conrad_5_intro_ryan_conrad_romanced,12,Kobold,好的！我去开门。
1d28eb42dcdd879d,L14 Conrad,Conrad_5_intro_ryan_conrad_romanced,13,Conrad,别担心。我会的。
line:5183a6f2,L14 Conrad,Conrad_5_intro_ryan_conrad_romanced,14,Conrad,谢了。
# --- progress: Conrad_5_required_ryan_romanced | if $ryan_romanced ---
189bf8eff795718a,L14 Conrad,Conrad_5_required_ryan_romanced,1,Conrad,嘿，抱歉来晚了。
cf69f255df6f95af,L14 Conrad,Conrad_5_required_ryan_romanced,2,Kobold,没关系。我大概一小时后才关门。
3aa0d9279bff43d9,L14 Conrad,Conrad_5_required_ryan_romanced,3,Kobold,您什么时候来都行！
f135fa715daf4f0c,L14 Conrad,Conrad_5_required_ryan_romanced,4,Conrad,啊。那好，我收回那句抱歉。
b127befdbae1da68,L14 Conrad,Conrad_5_required_ryan_romanced,6,Conrad,你和莱恩的约会。
e00a5000d0f2cd2a,L14 Conrad,Conrad_5_required_ryan_romanced,8,Conrad,那事怎么样。
7bd3b05552e5bd75,L14 Conrad,Conrad_5_required_ryan_romanced,10,Kobold,哦。呃。<size=70%>挺好的。
051b72b94276cf81,L14 Conrad,Conrad_5_required_ryan_romanced,11,Conrad,嘿，问问又没什么！
d5e5e7ee92b23759,L14 Conrad,Conrad_5_required_ryan_romanced,12,Conrad,听起来是挺好的。
83e2bb850a49b35e,L14 Conrad,Conrad_5_required_ryan_romanced,13,Conrad,哈，我猜也是。
9f69f9b215b926ee,L14 Conrad,Conrad_5_required_ryan_romanced,14,Conrad,你确实很会用手。
2c910bcdb2651bf0,L14 Conrad,Conrad_5_required_ryan_romanced,15,Conrad,我嫉妒了！
9e8a396c1742ffde,L14 Conrad,Conrad_5_required_ryan_romanced,16,Conrad,……不是那种怪怪的意思。
# --- progress: Conrad_5_required_conrad_romanced | if $ryan_romanced $conrad_romanced ---
63b786e95b90bc5e,L14 Conrad,Conrad_5_required_conrad_romanced,1,Conrad,那么。今晚。
6a74a80cafdccde8,L14 Conrad,Conrad_5_required_conrad_romanced,6,Conrad,你该期待的。
06318559748ee640,L14 Conrad,Conrad_5_required_conrad_romanced,7,Conrad,你绝对会喜欢。
6c4d5b09c5034364,L14 Conrad,Conrad_5_required_conrad_romanced,8,Conrad,那一带的灯光也很棒。
95e9b7e01259ac1e,L14 Conrad,Conrad_5_required_conrad_romanced,9,Conrad,真的很有气氛。
66e39f6379268a82,L14 Conrad,Conrad_5_required_conrad_romanced,10,Kobold,把气氛留到今晚吧！
f9ae65b8ce359331,L14 Conrad,Conrad_5_required_conrad_romanced,12,Conrad,哈。行吧。
1d1baaa8db27cb04,L14 Conrad,Conrad_5_required_conrad_romanced,13,Conrad,对了。
ff84a4b13b8be2a4,L14 Conrad,Conrad_5_required_conrad_romanced,14,Conrad,等我洗干净，就先出发去把位子准备好。
# --- progress: Conrad_5_required_ryan_conrad_romanced | if $ryan_romanced $conrad_romanced $ryan_conrad_romanced ---
1598446fc49cdf80,L14 Conrad,Conrad_5_required_ryan_conrad_romanced,1,Conrad,莱恩真是条好龙。
e2e3e43114ab1531,L14 Conrad,Conrad_5_required_ryan_conrad_romanced,2,Kobold/Conrad,他确实是。
73f5014bc8782ad4,L14 Conrad,Conrad_5_required_ryan_conrad_romanced,4,Conrad,是啊，他对我特别好。
953a9b287930c86a,L14 Conrad,Conrad_5_required_ryan_conrad_romanced,5,Conrad,他……很体贴。也特别善解人意。
41d3eda9c195fe48,L14 Conrad,Conrad_5_required_ryan_conrad_romanced,6,Conrad,刚认识他的时候，我又犯了老毛病。
42fb7bc16778c0a5,L14 Conrad,Conrad_5_required_ryan_conrad_romanced,7,Conrad,……说实话，有点混蛋。
66ad79997bc62825,L14 Conrad,Conrad_5_required_ryan_conrad_romanced,8,Conrad,他就是……知道该说什么，把我拉了回来。
7f8b591142c62352,L14 Conrad,Conrad_5_required_ryan_conrad_romanced,9,Kobold,真好！
98e27e864ef9bcd4,L14 Conrad,Conrad_5_required_ryan_conrad_romanced,10,Kobold,莱恩是个贴心的人
7d6c8c039970d352,L14 Conrad,Conrad_5_required_ryan_conrad_romanced,11,Conrad,是啊……他真的很棒。
5e25d0f2371f53e0,L14 Conrad,Conrad_5_required_ryan_conrad_romanced,13,Conrad,谢谢你把他介绍给我。
# --- jerkoff: Conrad_5_JerkOff_Start ---
c96d891724f6aacb,L14 Conrad,Conrad_5_JerkOff_Start,1,Conrad,哈……现在要给我撸？行啊。
# --- cum: Conrad_5_Cum ---
51bfc34995242b1a,L14 Conrad,Conrad_5_Cum,1,Conrad,操……你真懂怎么伺候一条龙！
# --- outro: Conrad_5_outro_ryan_romanced | if $ryan_romanced ---
311729708567a9d6,L14 Conrad,Conrad_5_outro_ryan_romanced,1,Kobold,完成了！
84da55b8523dba73,L14 Conrad,Conrad_5_outro_ryan_romanced,2,Kobold,<i>您一尘不染。</i>
2bde145654bd4a8f,L14 Conrad,Conrad_5_outro_ryan_romanced,3,Conrad,看来是。
af144d6cb4daa5e6,L14 Conrad,Conrad_5_outro_ryan_romanced,4,Conrad,太好了。
8c873098ac0042a6,L14 Conrad,Conrad_5_outro_ryan_romanced,5,Conrad,谢谢你这么晚还给我洗澡。
028e30f8adf6e6ad,L14 Conrad,Conrad_5_outro_ryan_romanced,6,Conrad,你和莱恩的事得随时告诉我，行吗？
a398eca1fb8d9924,L14 Conrad,Conrad_5_outro_ryan_romanced,7,Conrad,总之……
234fc4abfc8d8619,L14 Conrad,Conrad_5_outro_ryan_romanced,8,Conrad,让<i>大C</i>出去吧！
a53a782390260e09,L14 Conrad,Conrad_5_outro_ryan_romanced,9,Kobold,大C……？
8e369560d1581070,L14 Conrad,Conrad_5_outro_ryan_romanced,10,Kobold,好的，康拉德。
f6b30f28e561466d,L14 Conrad,Conrad_5_outro_ryan_romanced,12,Conrad,呃……这外号还是算了。
ac2b2c6605839727,L14 Conrad,Conrad_5_outro_ryan_romanced,13,Conrad,哈……是啊……
fc66fcc7fd7d0e4d,L14 Conrad,Conrad_5_outro_ryan_romanced,14,Conrad,行，回见！
# --- outro: Conrad_5_outro_conrad_romanced | if $ryan_romanced $conrad_romanced ---
9333db61bcc08052,L14 Conrad,Conrad_5_outro_conrad_romanced,1,Conrad,全干净了……
8b45593ada7894a3,L14 Conrad,Conrad_5_outro_conrad_romanced,2,Conrad,你知道这意味着什么。
53e54ad7b23e6757,L14 Conrad,Conrad_5_outro_conrad_romanced,3,Kobold,约会之夜！
4f319a155b3e572c,L14 Conrad,Conrad_5_outro_conrad_romanced,4,Kobold,我得先关店——
f3296c9825518630,L14 Conrad,Conrad_5_outro_conrad_romanced,6,Conrad,你关店的时候我去给你占位子。
c215e512d572e96c,L14 Conrad,Conrad_5_outro_conrad_romanced,7,Conrad,我知道，我去给你占位子！
22d803e60de439a9,L14 Conrad,Conrad_5_outro_conrad_romanced,8,Conrad,好了！我准备好了。
092af5ec90bd21c7,L14 Conrad,Conrad_5_outro_conrad_romanced,9,Conrad,今晚我在酒吧等你！
# --- outro: Conrad_5_outro_ryan_conrad_romanced | if $ryan_romanced $conrad_romanced $ryan_conrad_romanced ---
e079ff157877ea28,L14 Conrad,Conrad_5_outro_ryan_conrad_romanced,1,Conrad,我看你每个角落都洗到了！
6749954edebda844,L14 Conrad,Conrad_5_outro_ryan_conrad_romanced,2,Conrad,我这就不碍你事了。
2bc72fd03dd6d9e7,L14 Conrad,Conrad_5_outro_ryan_conrad_romanced,3,Conrad,谢谢你这么晚还让我进来。
f001e3ed4df7e0ee,L14 Conrad,Conrad_5_outro_ryan_conrad_romanced,4,Kobold,不客气！
9d4a6cd35afcc17e,L14 Conrad,Conrad_5_outro_ryan_conrad_romanced,5,Kobold,随时欢迎您，康拉德。
5e4e2c64bc630fa1,L14 Conrad,Conrad_5_outro_ryan_conrad_romanced,6,Conrad,嗯……我会调整一下作息的……
5c58c3e6d4c7dc65,L14 Conrad,Conrad_5_outro_ryan_conrad_romanced,7,Conrad,谢了。我每次来这儿都很开心。
163137d1bff25904,L14 Conrad,Conrad_5_outro_ryan_conrad_romanced,8,Conrad,总之，能去开个门吗？
94d29a68cf0c8c31,L14 Conrad,Conrad_5_outro_ryan_conrad_romanced,9,Conrad,夜生活可不会自己开始！

# ===== Level 15: Alexander (Sunny) =====
# --- intro: Alexander_5_intro ---
bc3d56d7794e4370,L15 Alexander,Alexander_5_intro,6,Kobold,嘿，亚历山大。
1bef44aeb393caf0,L15 Alexander,Alexander_5_intro,7,Kobold,嘿，大个子！
2d8bd7d9bb5f85ba,L15 Alexander,Alexander_5_intro,8,Alexander,阁下好。
b048841add4ee6cf,L15 Alexander,Alexander_5_intro,10,Alexander,在下前来洗浴。
beeee2948bf1c30a,L15 Alexander,Alexander_5_intro,11,Alexander,望阁下一切安好！
906a59351176dc24,L15 Alexander,Alexander_5_intro,12,Kobold,是的！刚和莱恩约会回来。
2a75724b922176cf,L15 Alexander,Alexander_5_intro,13,Alexander,哦？在下见过的那条天蓝色的龙？
1f4da5e1dde7e17c,L15 Alexander,Alexander_5_intro,14,Alexander,得知阁下有了交往对象，甚是欣喜！
50f1967e1e33cecf,L15 Alexander,Alexander_5_intro,15,Kobold,是的！刚和康拉德约会回来。
0738da2a76bc2231,L15 Alexander,Alexander_5_intro,16,Alexander,哦？那条小红龙？
896dc87e931d64eb,L15 Alexander,Alexander_5_intro,18,Kobold,很好！您来了就更好了。
0786859cb08f5ef9,L15 Alexander,Alexander_5_intro,19,Kobold,我很好！
414ed962f4c8a03a,L15 Alexander,Alexander_5_intro,20,Alexander,哦。那……太好了！
10cdda610834ef77,L15 Alexander,Alexander_5_intro,21,Alexander,在下能来此，亦甚欣喜。
346865d8c1dd9693,L15 Alexander,Alexander_5_intro,22,Alexander,甚好。
f9ccb379ac224d71,L15 Alexander,Alexander_5_intro,23,Alexander,总之，在下需要清洗。
4e576daaec5a2d15,L15 Alexander,Alexander_5_intro,24,Kobold,马上！
42dbc75670fc6105,L15 Alexander,Alexander_5_intro,26,Alexander,期待这次洗浴。
line:316bb26e,L15 Alexander,Alexander_5_intro,27,Alexander,多谢。
# --- progress: Alexander_5_romance_route | if $ryan_conrad_romanced ---
067e958be39127d9,L15 Alexander,Alexander_5_romance_route,4,Alexander,在下一直在想……
4dd6f1ad9c86a533,L15 Alexander,Alexander_5_romance_route,5,Alexander,阁下认为在下有魅力吗？
303f7b0a567bfb2b,L15 Alexander,Alexander_5_romance_route,6,Kobold,有。
09141003dee8665c,L15 Alexander,Alexander_5_romance_route,7,Kobold,我觉得有！
43c22d680a102c02,L15 Alexander,Alexander_5_romance_route,8,Kobold,我觉得您很好看。
4d433e9df480be59,L15 Alexander,Alexander_5_romance_route,10,Alexander,甚好！
c2ec019426b864e2,L15 Alexander,Alexander_5_romance_route,11,Alexander,那……在下便自信多了。
2819c10656ee517a,L15 Alexander,Alexander_5_romance_route,12,Alexander,当真？
line:e00c6df5,L15 Alexander,Alexander_5_romance_route,14,Alexander,多谢。
8fa16c7b8108298a,L15 Alexander,Alexander_5_romance_route,15,Alexander,那在下便自信多了。
4f6ee313463724ba,L15 Alexander,Alexander_5_romance_route,16,Alexander,这便引出在下的下一个问题……
96ec8add863c6173,L15 Alexander,Alexander_5_romance_route,17,Alexander,阁下今晚可愿与在下一同前往学院图书馆……？
558dbfba7857e37d,L15 Alexander,Alexander_5_romance_route,18,Alexander,那便是一场……约会。按世人的说法。
76eea215ea7ba450,L15 Alexander,Alexander_5_romance_route,19,Kobold,"<gradient=""gold""><b> 我不介意！ </b></gradient><size=70%>（将进入亚历山大恋爱线！）"
500188b2a2627768,L15 Alexander,Alexander_5_romance_route,20,Kobold,"<gradient=""gold""><b> 我今晚有事。抱歉。 </b></gradient><size=70%>（将不进入任何恋爱线！）"
line:36d49875,L15 Alexander,Alexander_5_romance_route,21,Alexander,妙极了！
96b6a8b07a0781d0,L15 Alexander,Alexander_5_romance_route,22,Alexander,在下考虑向阁下提出此事已有一段时间了。
942b49a7c66fb0bf,L15 Alexander,Alexander_5_romance_route,23,Alexander,啊。不必挂怀。
b1cb9d9c9d3d9661,L15 Alexander,Alexander_5_romance_route,24,Alexander,好吧。那在下便不打扰洗浴了！
# --- progress: Alexander_5_required ---
861a7c80ccb8a4ba,L15 Alexander,Alexander_5_required,1,Alexander,那么，阁下的约会如何？
3481be04c35d76a2,L15 Alexander,Alexander_5_required,2,Kobold,很棒！莱恩是个贴心的人。
d26f0d306552c44a,L15 Alexander,Alexander_5_required,3,Kobold,很棒。康拉德很狂野。好的那种狂野。
cf755b67feb7b6d9,L15 Alexander,Alexander_5_required,4,Kobold,很好。我们做了。
6af3f2040301f8fa,L15 Alexander,Alexander_5_required,5,Alexander,甚好。阁下配得上一个正派的男人。
9b8379de3d387846,L15 Alexander,Alexander_5_required,6,Alexander,在下确信他亦觉得阁下可亲！
add751924d595d89,L15 Alexander,Alexander_5_required,7,Kobold,谢谢，您也很可亲！
line:44701902,L15 Alexander,Alexander_5_required,8,Kobold,谢谢您！
01cb42db52da342d,L15 Alexander,Alexander_5_required,9,Alexander,谢过阁下。此言甚是仁厚。
line:d2401e75,L15 Alexander,Alexander_5_required,10,Alexander,那是自然！
a8ab7e0a75fdc69c,L15 Alexander,Alexander_5_required,11,Alexander,哈，他似乎是狂野的类型。
5bac15668ef9b115,L15 Alexander,Alexander_5_required,12,Alexander,阁下喜欢他，在下甚为欣慰。在下确信他亦觉得阁下可亲。
line:e7e57d9c,L15 Alexander,Alexander_5_required,14,Kobold,谢谢您！
line:76f8c20c,L15 Alexander,Alexander_5_required,16,Alexander,那是自然！
line:ab423ac7,L15 Alexander,Alexander_5_required,19,Alexander,妙极了！
cb8f422bf973d563,L15 Alexander,Alexander_5_required,20,Alexander,想必你们二人甚是相配。
# --- jerkoff: Alexander_5_JerkOff_Start ---
caa4d660ab8d004d,L15 Alexander,Alexander_5_JerkOff_Start,1,Alexander,<i> 甚是舒服……</i>
# --- cum: Alexander_5_Cum ---
3eb65bb3b11e901c,L15 Alexander,Alexander_5_Cum,1,Alexander,哦——抱歉弄脏了……
# --- mount_start: Alexander_5_Mount_Start ---
6df0c2c2617b9905,L15 Alexander,Alexander_5_Mount_Start,1,Alexander,哎呀。在下想在下可以用一下坐架！
# --- mount_finish: Alexander_5_Mount_Finish ---
31ea4258e44c77e4,L15 Alexander,Alexander_5_Mount_Finish,1,Alexander,唔……在下想在下正需要这个。谢过阁下。
# --- outro: Alexander_5_Outro ---
026554f86388b721,L15 Alexander,Alexander_5_Outro,1,Alexander,谢过阁下的清洗。
7f37ff79ee94bd0b,L15 Alexander,Alexander_5_Outro,2,Alexander,今晚——在校园里。图书馆是那座蓝色尖顶的大楼。
f5e9b1cef9c39e89,L15 Alexander,Alexander_5_Outro,3,Alexander,走到龙用入口，在下会放阁下进来。
line:b5d7d26f,L15 Alexander,Alexander_5_Outro,4,Alexander,在下甚是期待。
5832139d604c3ee8,L15 Alexander,Alexander_5_Outro,5,Kobold,我也是！
6ed2300bf162b1de,L15 Alexander,Alexander_5_Outro,6,Kobold,听起来真棒。
line:99b6dc81,L15 Alexander,Alexander_5_Outro,7,Alexander,如此甚好。
ada4e05c4d451f61,L15 Alexander,Alexander_5_Outro,8,Alexander,确实颇为不错。
6068953467a952bf,L15 Alexander,Alexander_5_Outro,9,Alexander,在下这就不碍阁下的事了。谢过阁下的洗浴。
7ca9216de53b82e5,L15 Alexander,Alexander_5_Outro,10,Alexander,今晚见。
4f8eb9eeb14b2f7d,L15 Alexander,Alexander_5_Outro,11,Alexander,应该每个角落都洗到了。
991fa15e47275ce0,L15 Alexander,Alexander_5_Outro,12,Alexander,谢过阁下的清洗！
6d1255dd43802973,L15 Alexander,Alexander_5_Outro,13,Alexander,能结识阁下，在下甚是欣喜。
5d5e0eafc7ef13d6,L15 Alexander,Alexander_5_Outro,14,Kobold,我也是。
63b9a103362edd6c,L15 Alexander,Alexander_5_Outro,15,Kobold,哎呀，谢谢您，亚历山大。
6df8f8008c57cbac,L15 Alexander,Alexander_5_Outro,16,Alexander,总之，在下这就不碍阁下的事了。
1cb7b221b7adda1c,L15 Alexander,Alexander_5_Outro,17,Alexander,再会！

# ===== Cutscenes (started by game code) =====
# --- Alexander_SexScene ---
266f7a45346224eb,Cutscene,Alexander_SexScene,1,Alexander,我们可以就这样躺着……
43b91c684627d3b6,Cutscene,Alexander_SexScene,2,Alexander,一切都交给阁下？
# --- Alexander_SexScene_Loop ---
7d085d9765e3c5d6,Cutscene,Alexander_SexScene_Loop,1,Alexander,哎呀——
f70738ec42aa401d,Cutscene,Alexander_SexScene_Loop,2,Alexander,阁下的手甚是灵巧
328ad033a139998d,Cutscene,Alexander_SexScene_Loop,3,Alexander,嗯……
5ec1f7e700f37c3d,Cutscene,Alexander_SexScene_Loop,4,Alexander/Conrad/Ryan,……
# --- Alexander_SexScene_Cum | if $alexander_sexscene_loops ---
08ab4c0c6ca5fe6f,Cutscene,Alexander_SexScene_Cum,1,Kobold,这样好吗？
069e24aa896ea4cf,Cutscene,Alexander_SexScene_Cum,2,Alexander,好……正是如此。
2c33dcef91e06624,Cutscene,Alexander_SexScene_Cum,3,Kobold,好。
2d731f1625c8064f,Cutscene,Alexander_SexScene_Cum,4,Alexander,在下……已经很近了
4650860eb73dd16f,Cutscene,Alexander_SexScene_Cum,5,Kobold,再为我坚持一会儿？
860ede2808e2507c,Cutscene,Alexander_SexScene_Cum,6,Kobold,来吧！
16c36baab1491eb1,Cutscene,Alexander_SexScene_Cum,7,Alexander,好、好吧。在下尽力。
24537bfd61baf4a0,Cutscene,Alexander_SexScene_Cum,8,Alexander,在下恐怕无法再忍了
a63eed0b6b6a78c7,Cutscene,Alexander_SexScene_Cum,9,Kobold,还不行。再等一会儿。
35f5ee08b67fc0f5,Cutscene,Alexander_SexScene_Cum,10,Kobold,您准备好了就随时释放。
82af5427ecb85c11,Cutscene,Alexander_SexScene_Cum,11,Alexander,是……
847ec7301eab2bde,Cutscene,Alexander_SexScene_Cum,12,Alexander,呼……
c958ed597f3ee7b9,Cutscene,Alexander_SexScene_Cum,13,Alexander,在下甚是享受。
f3be3d62065c0791,Cutscene,Alexander_SexScene_Cum,14,Kobold,听您这么说我很高兴。
6a629fe795ac84d7,Cutscene,Alexander_SexScene_Cum,15,Kobold,接下来呢？
4cc4342b97114697,Cutscene,Alexander_SexScene_Cum,16,Alexander,是的……但在下以为，我们需要清理地板。
ee63118710aa5c5b,Cutscene,Alexander_SexScene_Cum,17,Alexander,我们需要清理地板……
8319d1715d2a4149,Cutscene,Alexander_SexScene_Cum,18,Alexander,<i><size=70%>糟了……还有那些书
# --- Conrad_SexScene ---
b6d2d6ccb52c5166,Cutscene,Conrad_SexScene,1,Conrad,哦，天！你真够大胆的！
e5c48d779d6422b5,Cutscene,Conrad_SexScene,2,Kobold,唔！（对！）
e0ecc38d8bbe3790,Cutscene,Conrad_SexScene,3,Conrad,嘴里有东西别说话
# --- Conrad_SexScene_Loop ---
d7e01674d2776085,Cutscene,Conrad_SexScene_Loop,1,Conrad,我真不知道你是怎么做到的。
9b277d164ba8a630,Cutscene,Conrad_SexScene_Loop,2,Conrad,不过我没意见。
73433af885509f84,Cutscene,Conrad_SexScene_Loop,3,Conrad,太爽了
# --- Conrad_SexScene_Cum | if $conrad_sexscene_loops ---
fcfcfc2c31be11e5,Cutscene,Conrad_SexScene_Cum,1,Conrad,准备好了吗？
6b426873374bb7a4,Cutscene,Conrad_SexScene_Cum,2,Kobold,再等一会儿
91213ceb7548b8dc,Cutscene,Conrad_SexScene_Cum,3,Kobold,准备好了！
72e3cb39cf4a181a,Cutscene,Conrad_SexScene_Cum,4,Conrad,康拉德想撑多久就能撑多久
3f2d1b3f808a4ec7,Cutscene,Conrad_SexScene_Cum,5,Conrad,你准备好了我随时可以放开
46438371960f0974,Cutscene,Conrad_SexScene_Cum,6,Kobold,还没。
d893ccbfc95475bc,Cutscene,Conrad_SexScene_Cum,7,Kobold,来吧！
aa1a7618e29e4482,Cutscene,Conrad_SexScene_Cum,8,Conrad,嘿，我没意见！
aa116a5879e94072,Cutscene,Conrad_SexScene_Cum,9,Conrad,我服了。
45a9ad3bf69b0498,Cutscene,Conrad_SexScene_Cum,10,Conrad,准备好回俱乐部了吗？
4db30f4a0f40d350,Cutscene,Conrad_SexScene_Cum,11,Kobold,我觉得好！
# --- Ryan_Conrad_SexScene ---
e86ce51d1dbf8280,Cutscene,Ryan_Conrad_SexScene,1,Ryan,莱恩：我从没在外面做过
848d254c8d63e6fb,Cutscene,Ryan_Conrad_SexScene,2,Conrad,康拉德：别担心！
3e0325398f9de675,Cutscene,Ryan_Conrad_SexScene,3,Conrad,康拉德：我经常这样
d55845869b2cd946,Cutscene,Ryan_Conrad_SexScene,4,Ryan,莱恩：确实挺刺激的
# --- Ryan_Conrad_SexScene_Loop ---
59a6f968c75b792f,Cutscene,Ryan_Conrad_SexScene_Loop,1,Conrad,康拉德：你玩得开心吗？
836b8c1db049dc01,Cutscene,Ryan_Conrad_SexScene_Loop,2,Ryan,莱恩：当然开心。担心我呀？
dd91f260275b5093,Cutscene,Ryan_Conrad_SexScene_Loop,3,Conrad,康拉德：康拉德只管自己享受
bf095ea55cdeb898,Cutscene,Ryan_Conrad_SexScene_Loop,4,Conrad,康拉德：其实……我是说……
5001d1e4b306b6d9,Cutscene,Ryan_Conrad_SexScene_Loop,5,Conrad,康拉德：我想让这次顺利
4c3de56e34727c37,Cutscene,Ryan_Conrad_SexScene_Loop,6,Ryan,莱恩：我觉得非常顺利
06cb256bd506fa70,Cutscene,Ryan_Conrad_SexScene_Loop,7,Ryan,莱恩：我很喜欢
2e028541c13b150b,Cutscene,Ryan_Conrad_SexScene_Loop,8,Conrad,康拉德：你真舒服
# --- Ryan_Conrad_SexScene_Cum | if $ryan_conrad_sexscene_loops ---
5142dd3610e4cc0c,Cutscene,Ryan_Conrad_SexScene_Cum,1,Conrad,康拉德：我要出来了
357806c023d4c85e,Cutscene,Ryan_Conrad_SexScene_Cum,2,Kobold,让他们继续
4e0f42eaaa70c70d,Cutscene,Ryan_Conrad_SexScene_Cum,3,Kobold,让他们释放
d8e952b1635e3fe5,Cutscene,Ryan_Conrad_SexScene_Cum,4,Ryan,莱恩：我也快了……
50504d8f1c0a5f1c,Cutscene,Ryan_Conrad_SexScene_Cum,7,Ryan,莱恩：哇……你真的只有身高是小的。
e7a686aecb078b9e,Cutscene,Ryan_Conrad_SexScene_Cum,8,Conrad,康拉德：那当然！
98087861fbfaa621,Cutscene,Ryan_Conrad_SexScene_Cum,9,Ryan,莱恩：真舒服
be1dff750703beb9,Cutscene,Ryan_Conrad_SexScene_Cum,10,Conrad,康拉德：嗯
# --- Ryan_SexScene ---
caa123c912750ed2,Cutscene,Ryan_SexScene,1,Ryan,你确定能进去吗？
c8dda0f1b46383bc,Cutscene,Ryan_SexScene,2,Kobold,狗头人很柔韧的。能进去。
849b442f9a88c950,Cutscene,Ryan_SexScene,3,Kobold,汪
88f476f3d6ebac8d,Cutscene,Ryan_SexScene,4,Ryan,好，要是不舒服什么的就告诉我。
# --- Ryan_SexScene_Loop ---
48cf02e6d9e88966,Cutscene,Ryan_SexScene_Loop,1,Ryan,哦哇……
8caf602c6f60f544,Cutscene,Ryan_SexScene_Loop,2,Ryan,这是我第一次和狗头人做。
db7bd45c48fe49a2,Cutscene,Ryan_SexScene_Loop,3,Ryan,真的很舒服……
# --- Ryan_SexScene_Cum | if $ryan_sexscene_loops ---
eff478354f7f1b18,Cutscene,Ryan_SexScene_Cum,1,Ryan,我可能快了……
ddfa0f7133303565,Cutscene,Ryan_SexScene_Cum,2,Kobold,请再坚持一会儿
f76c951c6c97d8cd,Cutscene,Ryan_SexScene_Cum,3,Kobold,来吧！
27cb363532fd0324,Cutscene,Ryan_SexScene_Cum,4,Ryan,好，我可以
685d8bfcf6988796,Cutscene,Ryan_SexScene_Cum,5,Ryan,很难忍住……
8fdcf9b73762886e,Cutscene,Ryan_SexScene_Cum,6,Kobold,我还需要更多！
5128d4e4a722127f,Cutscene,Ryan_SexScene_Cum,7,Kobold,来吧！
eb41a8966fdf7cfd,Cutscene,Ryan_SexScene_Cum,8,Ryan,你这样只会让我更难忍！
9c78a3c6942a7982,Cutscene,Ryan_SexScene_Cum,9,Ryan,好，我可以的……
b9ed3621fb6dfbef,Cutscene,Ryan_SexScene_Cum,10,Ryan,真的很开心。
99955b75e0544165,Cutscene,Ryan_SexScene_Cum,11,Kobold,我也觉得
ee60aadc2fcea44d,Cutscene,Ryan_SexScene_Cum,12,Ryan,你愿意的话可以留下来。
9d29fc6dcfe7c05d,Cutscene,Ryan_SexScene_Cum,13,Ryan,我订了一晚。
3736ec41338c7ad0,Cutscene,Ryan_SexScene_Cum,14,Kobold,我很乐意。

# ===== Dragon reactions (started by game code) =====
# --- DragonAlmostClean ---
bae76fc276bb2030,Reaction,DragonAlmostClean,1,Dragon,哦，好多了，但我还是觉得脏。
ce6aaf93738f317e,Reaction,DragonAlmostClean,2,Dragon,能再检查一下我干净了没吗？
16584052fd337f09,Reaction,DragonAlmostClean,3,Kobold,好的
c54cbee211a25e14,Reaction,DragonAlmostClean,4,Kobold,好的
# --- DragonAnnoyedByBuzzing ---
d139edc8ffdc22b7,Reaction,DragonAnnoyedByBuzzing,1,Dragon,别闹了，我们还没洗完呢。对吧？
631ef624f4506ea7,Reaction,DragonAnnoyedByBuzzing,2,Kobold,嘿嘿
# --- DragonColdBalls ---
e820f3ec0397737f,Reaction,DragonColdBalls,1,Dragon,哦！好冷！
8408ed2f21e73811,Reaction,DragonColdBalls,2,Dragon,哇！冷！
46f3ba9fc7d04fa7,Reaction,DragonColdBalls,3,Dragon,嘶！冷水！
00221b8a2772003a,Reaction,DragonColdBalls,4,Dragon,呀！
# --- DragonConfusedAboutDismissal ---
9b99cd22a6f3f85a,Reaction,DragonConfusedAboutDismissal,1,Dragon,哦，洗完了？
7022570f87a73481,Reaction,DragonConfusedAboutDismissal,2,Dragon,我觉得你还漏了几个地方……
27db29faa5e11bb6,Reaction,DragonConfusedAboutDismissal,3,Kobold,哎呀，抱歉。
4fff64bb7aeed72f,Reaction,DragonConfusedAboutDismissal,4,Kobold,我不知道那个按钮是干什么的。
b0869fc4ea46c5bd,Reaction,DragonConfusedAboutDismissal,5,Dragon,没关系，
cb554196ac99a428,Reaction,DragonConfusedAboutDismissal,6,Dragon,对，它会“哔——”一声，哈哈。
345b04bed8d1a7e0,Reaction,DragonConfusedAboutDismissal,7,Dragon,总之还好你没洗完，继续吧！
# --- DragonSatisfiedAndLeaves ---
7a8942e2613fa23c,Reaction,DragonSatisfiedAndLeaves,1,Dragon,谢谢你帮我洗澡！！
c92c35bb9f44dac4,Reaction,DragonSatisfiedAndLeaves,2,Dragon,以后能一起玩吗？
8aff5108a050bcfa,Reaction,DragonSatisfiedAndLeaves,3,Kobold,是的！
2cb6318b9f4550a8,Reaction,DragonSatisfiedAndLeaves,4,Kobold,好！
28454e931a2d3578,Reaction,DragonSatisfiedAndLeaves,5,Dragon,太好了！那回头见！

# ===== Unused nodes (not reachable in the current game) =====
# --- Alexander_1 ---
31c53bea307f49d0,Unused,Alexander_1,1,Alexander/Ryan,在下当时正协助那位炼金术士够取高处的架子
f00ea25690e17adf,Unused,Alexander_1,2,Alexander,在下听到一声巨响，伊格威克斯恐怕未能幸免。
# --- Alexander_2 ---
07874aa669e5cb8c,Unused,Alexander_2,1,Alexander,若再被发现违反规章，在下的声誉便毁于一旦！
cfe73695b2bdfe19,Unused,Alexander_2,2,Alexander,学院绝不能知道此事，明白否？
27b11f3f6bf12fe9,Unused,Alexander_2,3,Kobold,哪个学院？
2d3935f374b6474e,Unused,Alexander_2,5,Alexander,自然是伯恩斯威克社区奇术学院！
7a5128354d6171d0,Unused,Alexander_2,6,Alexander,乃是拥有在下这般声名显赫的教授的、最负盛名的学院。此人便是：
b34663a53a6541a7,Unused,Alexander_2,9,Alexander,甚好。在下可不能让伯恩斯威克社区奇术学院得知，其最优秀的教授亚历山大又惹出了一起事故。
b39b95373bf40c36,Unused,Alexander_2,11,Alexander,哎呀糟了，就当在下没说过！
# --- Alexander_3 ---
2501ad553fd20454,Unused,Alexander_3,1,Alexander,在下还需复活伊格威克斯，哦，何其难堪！
7b282582fab597eb,Unused,Alexander_3,2,Alexander,药剂师们会玷污在下的名声数月之久。
# --- Alexander_Dirty ---
950b8260a6ca788f,Unused,Alexander_Dirty,1,Alexander,瞧瞧在下！在下会成为学生们的笑柄。
97733f8db49fb168,Unused,Alexander_Dirty,2,Alexander,可否请阁下把伊格威克斯从在下背上刷掉？
# --- Alexander_Idle1 ---
6a4162b247e5aae1,Unused,Alexander_Idle1,1,Alexander,在下不敢相信伊格威克斯会犯下这般错误！
5e971607fa926b31,Unused,Alexander_Idle1,2,Alexander,如今在下落得如此境地，啊！
# --- Alexander_Idle2 ---
2a1b4481e851f727,Unused,Alexander_Idle2,1,Alexander,在下特意绕路来做一次隐秘的洗浴，在下确信没被跟踪。
26974d0189f0d75c,Unused,Alexander_Idle2,2,Alexander,在下确信无人会知道……
# --- Alexander_Idle3 ---
db8cc14accf5dfe9,Unused,Alexander_Idle3,1,Alexander,啊，那些污垢确实有点刺痛，谢过阁下。
# --- Alexander_Soapy ---
e17d9103818204a4,Unused,Alexander_Soapy,1,Alexander,这肥皂不太配得上一位教授，阁下不觉得吗？
03c418e790b340c3,Unused,Alexander_Soapy,2,Alexander,冲洗完毕请告知在下。
# --- Alexander_Intro ---
f82f410ee41cad07,Unused,Alexander_Intro,1,Alexander,嘘……！
fedb00f6c13cec68,Unused,Alexander_Intro,2,Kobold,呃……您好？
4359ca4e5c8fc816,Unused,Alexander_Intro,3,Kobold,谁在那儿？
9e2816aaa10403b6,Unused,Alexander_Intro,4,Alexander,嘘！在下不是本地人……
8275f13b67a6687b,Unused,Alexander_Intro,5,Alexander,贵店现在开着吗？
7409deaefe456a49,Unused,Alexander_Intro,7,Alexander,呼！在下出了点事故，需要处理……隐秘地。
afb82d57a9c1ba48,Unused,Alexander_Intro,8,Alexander,请立即移开这道屏障，好让在下进入。
# --- Alexander_Outro ---
0c2f6e570964b0c1,Unused,Alexander_Outro,1,Alexander,天哪，多亏阁下，在下有机会挽回这一局面。
639110e1c4cc2914,Unused,Alexander_Outro,2,Alexander,说来，阁下可还记得在下任职的学院名称？
e35f2c7dd32a4059,Unused,Alexander_Outro,3,Kobold,伯恩斯威克社区奇术学院
8e3a0c6c1c068e67,Unused,Alexander_Outro,4,Kobold,您在学院工作？
7bf1556708efd0d8,Unused,Alexander_Outro,5,Kobold,不记得
79acad09a68bf670,Unused,Alexander_Outro,6,Alexander,不！在下是说，是的，但为了在下的声誉，还请阁下对在下来此一事守口如瓶。
3730dccb6a6582be,Unused,Alexander_Outro,7,Alexander,什么？在下是教授！阁下看不出在下的纹章吗？
56723edcd935d476,Unused,Alexander_Outro,8,Alexander,哦！
e0723f4408ee3eda,Unused,Alexander_Outro,9,Alexander,在下明白阁下的用意了，谢过阁下。
7973db48113175b5,Unused,Alexander_Outro,10,Alexander,甚好，感谢阁下的谨慎，在下这便前往药剂师处。
677412526f14044a,Unused,Alexander_Outro,14,Alexander,在下对此结果甚为满意……
# --- ConradBeatup_1 ---
72f9c6536242f235,Unused,ConradBeatup_1,2,Kobold,如果您需要有人倾诉，我随时都在。
67410be84ad1b8ac,Unused,ConradBeatup_1,3,Kobold,这里交给我，您别担心。
5b207ccbfd5d5679,Unused,ConradBeatup_1,4,Conrad,不……不用，没事的……谢了。
b2139b5e4dc27f14,Unused,ConradBeatup_1,5,Conrad,……谢了……
# --- ConradBeatup_2 ---
b841443b4a7e3b82,Unused,ConradBeatup_2,1,Conrad,嘿……谢谢你陪着我……
02febaeeb5306c30,Unused,ConradBeatup_2,2,Conrad,有能靠得住的朋友，真好。
# --- ConradBeatup_Idle1 ---
7ff77420c3518210,Unused,ConradBeatup_Idle1,1,Conrad,……我还以为我们是好哥们儿，我们老在一起干那事！
13a3bd02487dab16,Unused,ConradBeatup_Idle1,2,Conrad,我搞不懂……
# --- ConradBeatup_Idle2 ---
861f99e073cd06e2,Unused,ConradBeatup_Idle2,1,Conrad,我装得挺横，其实就是条小龙……
e375cf5dd6f03d34,Unused,ConradBeatup_Idle2,2,Conrad,他们做得太过了。
# --- ConradBeatup_Intro ---
19aa373fb830a05c,Unused,ConradBeatup_Intro,2,Kobold,天哪，您受伤了！
c7e055a695603f2b,Unused,ConradBeatup_Intro,3,Kobold,您还好吗？
e4e0397bea6600f5,Unused,ConradBeatup_Intro,4,Conrad,嘿……那个，我就想洗个澡。
e36f54f748a69d3e,Unused,ConradBeatup_Intro,5,Kobold,……好，请进
# --- ConradBeatup_OutroDirty ---
e17652524a905f18,Unused,ConradBeatup_OutroDirty,1,Conrad,……完事了？我还脏着呢……
# --- ConradBeatup_OutroSoapy ---
d0b060d51bc87feb,Unused,ConradBeatup_OutroSoapy,1,Conrad,……完事了？我还一身泡沫呢……
# --- Conrad_1 ---
5a208b2886d87937,Unused,Conrad_1,1,Conrad,你们这儿也做“特殊收尾”吗？
d61259269b75dec9,Unused,Conrad_1,2,Kobold,那是什么？
1ea442a134b2a184,Unused,Conrad_1,4,Kobold,不
335bcdceb30ec6b8,Unused,Conrad_1,5,Conrad,不不，老兄，这个你必须得做。我给的钱可不少！
2f7cc8c297b8d283,Unused,Conrad_1,6,Conrad,太棒了！等着看你的手艺！
9d1528cc1118e4dd,Unused,Conrad_1,7,Conrad,怎么？好店都做这个！
# --- Conrad_2 ---
d892eb1f696177b4,Unused,Conrad_2,1,Conrad,这地方该翻新一下了，我知道它缺什么！
0eaacb4d2b730370,Unused,Conrad_2,2,Conrad,我认识个人，明天就能送份礼物过来，让这儿焕然一新。
# --- Conrad_5_Mount_Finish ---
28a96495be7701ea,Unused,Conrad_5_Mount_Finish,1,Conrad,该死……每次都这么舒服。
# --- Conrad_5_Mount_Start ---
cda9c08deb782b6e,Unused,Conrad_5_Mount_Start,1,Conrad,<i>哦哦哦。</i>坐架？太好了，哥们儿。
# --- Conrad_Idle1 ---
06b2c581e253753a,Unused,Conrad_Idle1,1,Conrad,人家都说我那玩意儿很粗，是真的吗？
ba07cdd711c7d570,Unused,Conrad_Idle1,2,Kobold,哎呀
f2ea9d36d2c4032f,Unused,Conrad_Idle1,3,Kobold,我见过更大的
25cdc596cd23bedb,Unused,Conrad_Idle1,4,Conrad,你该摸摸帮我确认一下
c3565cd77a3dcba9,Unused,Conrad_Idle1,5,Conrad,但不是这个体型上的吧？？
# --- Conrad_Intro ---
bc1e29287f60b297,Unused,Conrad_Intro,1,Conrad,你好啊，老兄！
f7a29676d9621163,Unused,Conrad_Intro,2,Conrad,康拉德要洗澡，有空位给他吗？
8339b88ae51a85f6,Unused,Conrad_Intro,3,Kobold,有，这边请。
255d982b3d4c772e,Unused,Conrad_Intro,5,Conrad,太棒了！
# --- Mount_Alexander_2_6 ---
dcc524605bec9fd8,Unused,Mount_Alexander_2_6,1,Alexander,这是……
d010c18e5ff478ed,Unused,Mount_Alexander_2_6,2,Alexander,哎呀，不……
f025190cb1adde9c,Unused,Mount_Alexander_2_6,3,Alexander,在下无意失礼，但必须婉拒
eec9d16c87323040,Unused,Mount_Alexander_2_6,4,Alexander,这是常见的做法吗？
929e50391bfd0646,Unused,Mount_Alexander_2_6,5,Kobold,哦，是的
b6547fc9d980c16e,Unused,Mount_Alexander_2_6,6,Kobold,不，其实我刚弄到
40df3c9d9e1d5126,Unused,Mount_Alexander_2_6,7,Alexander,原来如此……
d3acad6a7014a598,Unused,Mount_Alexander_2_6,8,Alexander,这感觉有伤风化
ab5a3375052f41eb,Unused,Mount_Alexander_2_6,9,Alexander,不过在下不能说不好奇
c5ba4f5f1cdff517,Unused,Mount_Alexander_2_6,10,Alexander,即便如此。这次还是算了
# --- RyanDate_1 ---
14ecee0afc63c845,Unused,RyanDate_1,1,Ryan,这次约会我好期待呀！
90ba900c65607127,Unused,RyanDate_1,2,Ryan,我带了西瓜、面包、葡萄，还有些别的。
# --- RyanDate_2 ---
690cf2b49eb95f79,Unused,RyanDate_2,1,Ryan,你有什么心事吗？
1648a912c46f7fec,Unused,RyanDate_2,2,Kobold,昨晚出了点事
b3979a44b5b9376a,Unused,RyanDate_2,3,Ryan,哎呀！想聊聊吗？
02c33e4e3c09bc79,Unused,RyanDate_2,4,Kobold,康拉德出了点事，希望他没事。
7680ca7ff15f1566,Unused,RyanDate_2,5,Ryan,我也希望他没事。
# --- RyanDate_3 ---
7ba9e65f61ca2369,Unused,RyanDate_3,1,Ryan,这个太好吃了！
ff74b82dcb8a11d3,Unused,RyanDate_3,2,Kobold,哇，看您那样吃东西真是一种体验。
5b14f19a86849ff5,Unused,RyanDate_3,3,Ryan,哪样？
42af2c2067728998,Unused,RyanDate_3,4,Ryan,哦，就是整个吞下去那样？
37f99dd7cbcf5b6f,Unused,RyanDate_3,5,Ryan,看情况啦！龙就是这样的。
# --- RyanDate_Idle1 ---
bcda1f48383d915f,Unused,RyanDate_Idle1,1,Ryan,嘿嘿，能重新开始约会我好开心呀。
# --- RyanDate_Intro ---
d5be54b666b3d38f,Unused,RyanDate_Intro,2,Ryan,我一直在想你说的话，
ffcaf369ac8b1a74,Unused,RyanDate_Intro,3,Ryan,就是关于重新开始约会那事……
89f52a0dc3d757c1,Unused,RyanDate_Intro,4,Kobold,嗯
ecab929d37109ab0,Unused,RyanDate_Intro,5,Ryan,我知道你太忙了，所以干脆把约会带过来啦！
92d9da0b0b22fd7a,Unused,RyanDate_Intro,6,Kobold,太好了！请进……
# --- RyanDate_Outro ---
638d7c049f321a6d,Unused,RyanDate_Outro,4,Ryan,太棒了！我对约会有信心多了。
line:bbca8a46,Unused,RyanDate_Outro,5,Ryan,谢谢你！
# --- RyanExploded_Intro ---
8e87e6b28fb697c4,Unused,RyanExploded_Intro,1,Ryan,又来啦……
53ca70e25fc42870,Unused,RyanExploded_Intro,3,Kobold,又是您？
b99d68084de082b6,Unused,RyanExploded_Intro,5,Ryan,嘿嘿……嗯……抱歉……
81f2cb133d548396,Unused,RyanExploded_Intro,6,Ryan,就是，我出了点小事故……
line:e02f464d,Unused,RyanExploded_Intro,7,Ryan,我当时在帮那位炼金术士够高处的架子
d3e25fe68c13c02d,Unused,RyanExploded_Intro,8,Ryan,我听到砰的一声
ce386faf68f3df7e,Unused,RyanExploded_Intro,9,Ryan,不知道那些东西飞哪儿去了，但我感觉又脏了。
60c1424a59a1c912,Unused,RyanExploded_Intro,10,Ryan,能再帮我洗一次吗？
917613bbf36e4b93,Unused,RyanExploded_Intro,11,Kobold,当然！这边请！
# --- RyanExploded_OutroDirty ---
f2bdff14318fd81c,Unused,RyanExploded_OutroDirty,1,Ryan,我感觉身上还有些爆炸的污渍……
6a1900ba2212696d,Unused,RyanExploded_OutroDirty,2,Ryan,能再洗洗吗？
85a39ab345d672ff,Unused,RyanExploded_OutroDirty,3,Kobold,好
1562d2eeb95b795a,Unused,RyanExploded_OutroDirty,4,Kobold,抱歉
3bcf70f39eca74f1,Unused,RyanExploded_OutroDirty,5,Ryan,没事，谢谢！
# --- RyanExploded_OutroSoapy ---
9df62882448c291b,Unused,RyanExploded_OutroSoapy,1,Ryan,呃，我身上还全是泡沫呢！
29d1991e26b1773d,Unused,RyanExploded_OutroSoapy,2,Ryan,能帮我冲掉吗？
# --- RyanExploded_Outro ---
a45ce5a6357ad76f,Unused,RyanExploded_Outro,4,Ryan,呼，我还担心又把事情搞砸了。
ca1dd92cfbe2dcd5,Unused,RyanExploded_Outro,5,Ryan,这下他们永远不会知道啦！
# --- RyanMuddy_Dirty ---
58246ed8cfcdfa19,Unused,RyanMuddy_Dirty,1,Ryan,对，我一身泥，我最爱在公园里撒欢啦。
f27e94e23a2cc6eb,Unused,RyanMuddy_Dirty,2,Ryan,我还是很泥，能帮我打上肥皂就太好了。
# --- RyanMuddy_Idle1 ---
c24aaf031df991a1,Unused,RyanMuddy_Idle1,1,Ryan,那个，需要我动一下就说哦。
8bb630e0c8dc64ac,Unused,RyanMuddy_Idle1,2,Ryan,用手碰我一下，我会尽量配合的。
# --- RyanMuddy_Idle2 ---
bcee068ce8220b8e,Unused,RyanMuddy_Idle2,1,Ryan,谢谢你帮我洗澡！
2c4f3b41240d00cd,Unused,RyanMuddy_Idle2,2,Ryan,我一直很期待呢。
# --- RyanMuddy_Idle3 ---
e304ea7f521df3f2,Unused,RyanMuddy_Idle3,1,Ryan,洗完了就按按钮吧。
ac51ca95656fffdd,Unused,RyanMuddy_Idle3,2,Ryan,我是说墙上那个按钮。
# --- RyanMuddy_Idle4 ---
8fd85e09be693fbf,Unused,RyanMuddy_Idle4,1,Ryan,麦克斯说我是条笨手笨脚的龙，
d2261edb51b885d9,Unused,RyanMuddy_Idle4,2,Ryan,希望你能帮我证明他错了！
# --- RyanMuddy_Idle5 ---
9df1eb0e35a5d36a,Unused,RyanMuddy_Idle5,1,Ryan,先打肥皂，再冲干净！
5e7b1eae20d0fb72,Unused,RyanMuddy_Idle5,2,Ryan,至少我是这么听说的。
# --- RyanMuddy_Soapy ---
73d08af95ae8835e,Unused,RyanMuddy_Soapy,1,Ryan,我喜欢泡泡，痒痒的！
83af94fb3d626970,Unused,RyanMuddy_Soapy,2,Ryan,不过看它们冲进下水道也很好玩呢。
6bc811f815ef9e24,Unused,RyanMuddy_Soapy,3,Ryan,用墙上的喷头把我冲干净吧。
# --- RyanMuddy_Idle7 ---
255bd9c513473506,Unused,RyanMuddy_Idle7,1,Ryan,哇，谢谢，好舒服。
77ff00f75a7c2083,Unused,RyanMuddy_Idle7,2,Ryan,浑身是泥其实挺好玩的，直到它开始变干。
620caab5d90b8d3f,Unused,RyanMuddy_Idle7,3,Ryan,能洗掉真开心。
# --- RyanMuddy_Idle8 ---
afa88441bc4fc8d9,Unused,RyanMuddy_Idle8,1,Ryan,谁能想到一条龙能弄得这么脏呢？
2ea6d5d46861d1bf,Unused,RyanMuddy_Idle8,2,Ryan,我在森林里撒欢来着
c65b5342f0285c16,Unused,RyanMuddy_Idle8,3,Ryan,直到麦克斯吼我，我才发现自己弄得多脏，哈哈。
# --- RyanMuddy_Intro ---
299e9d1e919c3a49,Unused,RyanMuddy_Intro,4,Ryan,听说这儿有狗头人可以帮我洗澡？
05d9cdcce06b0c12,Unused,RyanMuddy_Intro,6,Kobold,我就是那位狗头人。汪！
d12499a3f17512de,Unused,RyanMuddy_Intro,7,Kobold,是的，欢迎来到 Drag'N Wash！
213c112ac748eb9e,Unused,RyanMuddy_Intro,9,Ryan,太好了，那个，
44beadf6316d890e,Unused,RyanMuddy_Intro,12,Ryan,哦我看到那个按钮了，明白！
af8d3a1f26de30ef,Unused,RyanMuddy_Intro,13,Ryan,谢谢，我等着！
# --- RyanMuddy_Nag1 ---
3605a9273b22288b,Unused,RyanMuddy_Nag1,1,Ryan,嘿，能到前面来让我看见你吗？
720febc2a9d251aa,Unused,RyanMuddy_Nag1,2,Ryan,我有话要说！
# --- RyanMuddy_Nag2 ---
6852c864bbd2afef,Unused,RyanMuddy_Nag2,1,Ryan,我想面对面说话！
0918205f97d74d78,Unused,RyanMuddy_Nag2,2,Ryan,你能到前面来，我就能说了。
# --- RyanMuddy_Nag3 ---
c8f453084718c8cc,Unused,RyanMuddy_Nag3,1,Ryan,别人跟我说过，跟小个子的人面对面说话才礼貌。
# --- RyanMuddy_NaughtyTouch ---
4d13604e28159e56,Unused,RyanMuddy_NaughtyTouch,1,Ryan,注意一下你的爪子往哪儿放好吗？
# --- RyanMuddy_Outro ---
a46a0805bb6a5eda,Unused,RyanMuddy_Outro,1,Ryan,谢谢你这么快就洗好了！
168c7d0bb7743dec,Unused,RyanMuddy_Outro,2,Ryan,对了，要是你的伴侣把家里弄得一团糟，你会生气吗？
3ae7f278ef092258,Unused,RyanMuddy_Outro,4,Kobold,看情况
0dfd80e1f981faca,Unused,RyanMuddy_Outro,6,Ryan,哦！嗯，也是……
8f207ab27746c010,Unused,RyanMuddy_Outro,7,Ryan,我想是要看情况的。
86b57f75d4c04b75,Unused,RyanMuddy_Outro,8,Ryan,我就知道你会站在我这边
# --- RyanMuddy_SmallTalk ---
0bf9a145c66c512b,Unused,RyanMuddy_SmallTalk,3,Kobold,其实这是我第一次！
4eb8bdb270c030ae,Unused,RyanMuddy_SmallTalk,5,Ryan,那对我们俩都是新体验啦！
ff152503516900ee,Unused,RyanMuddy_SmallTalk,6,Ryan,对我来说也是新的……
13d1c29ec8784cae,Unused,RyanMuddy_SmallTalk,7,Ryan,没想到这么舒服。
# --- Ryan_3_wont_use_mount ---
9221ab210b374d30,Unused,Ryan_3_wont_use_mount,1,Ryan,哦——我现在不太想用那个。
f3f18c2eea794920,Unused,Ryan_3_wont_use_mount,2,Ryan,也许以后……？

# ===== UI and other text (not part of the dialogue script) =====
bc1b88907d3b748a,UI,,,UI,音频
b3f848c2a09aa9ed,UI,,,UI,音乐音量
de7b57b57b05d020,UI,,,UI,音效
59a4a3f7f7caa060,UI,,,UI,环境音量
31bcb8940fffb7d1,UI,,,UI,游戏玩法
a874fca87cdd5e4e,UI,,,UI,图形
d0db8b5e364b6989,UI,,,UI,设置
28f9044138a54b95,UI,,,UI,新游戏
2a6b24ad28722034,UI,,,UI,制作人员
b3eb37acb66ba4bb,UI,,,UI,退出
76900f1bfd16c8d4,UI,,,UI,返回
6a3041fb3ecba173,UI,,,UI,镜头视角
d4055fafa3794fa8,UI,,,UI,分辨率
41ca171b0cbae01e,UI,,,UI,屏幕亮度
42e7fdbd13ba2a01,UI,,,UI,目标帧率
052810dae19607f5,UI,,,UI,垂直同步
b63e857488f49396,UI,,,UI,窗口模式
c461dbb2bab7d8bc,UI,,,UI,全屏
4571896d8a4d4162,UI,,,UI,鼠标灵敏度
43ff6e9485bf371e,UI,,,UI,蹲下操作
3d03a1dea561d0db,UI,,,UI,切换
91d6e30620d99810,UI,,,UI,点按/长按
8e685d5409b3a543,UI,,,UI,长按
6c359dddb1d4c36e,UI,,,UI,提示图标类型
fd9baf7f335aa154,UI,,,UI,视角上下反转
4d654c19179796ef,UI,,,UI,喷水时减轻晕动
2316810a5de343dd,UI,,,UI,键盘
0286249762f7c943,UI,,,UI,自动
c77c3af22c6429b2,UI,,,UI,抗锯齿
130011756125313c,UI,,,UI,开
ca7981b46ecf2c17,UI,,,UI,关
4883b7dfffb02e36,UI,,,UI,独占全屏
da43a1983d819a4d,UI,,,UI,最大化窗口
3f26603a2748fed3,UI,,,UI,窗口
d640c7421da06661,UI,,,UI,继续
b6dcb96448c66497,UI,,,UI,加载中...
f942d1e183d020b6,UI,,,UI,删除存档
fae07a8540ff237b,UI,,,UI,确定要删除存档吗？
ffb3c5f2edc34373,UI,,,UI,暂停菜单
3e49dd16f3893026,UI,,,UI,清洁
4b36f28b2cf37677,UI,,,UI,泡沫
e4e9ab13fc711176,UI,,,UI,污垢
c9c8bf1eae99e1dc,UI,,,UI,想聊天
b98b0ff714ab5417,UI,,,UI,治疗
dde8c08738fe9e59,UI,,,UI,想要手交
a462b8c590652563,UI,,,UI,输入文本...
bb23ec0586e24df5,UI,,,UI,是西瓜哦！
fa6bb50727553976,UI,,,UI,好。
77b845d22632a9ef,UI,,,UI,很高兴见到你。
ed172a475c84204f,UI,,,UI,我是教授！
43cc9e298a30c3af,UI,,,UI,你们这些两条腿的，总喜欢细细品味食物呢。
b735b39b4eea8b70,UI,,,Ryan,我从没在外面做过
c913913d57c38493,UI,,,Conrad,别担心！
d0ee8dcf7035040c,UI,,,Conrad,我经常这样
b00675617fbac31a,UI,,,Ryan,确实挺刺激的
816c197dfe2ac7e7,UI,,,Conrad,我要出来了
fb490e9880f63f05,UI,,,Ryan,我也快了……
cb9cc6fadcf02cd5,UI,,,Ryan,哇……你真的只有身高是小的。
b77039c811832311,UI,,,Ryan,真舒服
cbc2935aebe3ca1f,UI,,,Conrad,嗯
1b01a1658c9a5adf,UI,,,Conrad,你玩得开心吗？
0d8490d07a321596,UI,,,Ryan,当然开心。担心我呀？
3d42325316477a3a,UI,,,Conrad,康拉德只管自己享受
2fafbe5f3e7ff469,UI,,,Conrad,其实……我是说……
df9b23df54ab5518,UI,,,Conrad,我想让这次顺利
b0bfa8fe9e70154c,UI,,,Ryan,我觉得非常顺利
46fa21135fd9811b,UI,,,Ryan,我很喜欢
b439ffe3e5553ddc,UI,,,Conrad,你真舒服
b92f91849d855b40,UI,,,UI,康拉德
2d1e830624b2572a,UI,,,UI,莱恩
e3becbaee46cc0df,UI,,,UI,语言（Mod）
6e58b577a084052a,UI,,,UI,模组
4850b174b713d88c,UI,,,UI,必需
37fe885f1406e372,UI,,,UI,下次启动时关闭
9cc5c7f026ce0ca7,UI,,,UI,下次启动时开启
fa20beae3754ffb1,UI,,,UI,其他模组需要这个模组。如仍要关闭，请再按一次“关”。
d57274b504a45b33,UI,,,UI,安装在 BepInEx/plugins 之外，无法在此关闭
fd35647f8ecb2f7d,UI,,,UI,需要它的模组
9e6151acb057025d,UI,,,UI,使用的模组
b9d0dd131d07b5ad,UI,,,UI,Drag'n Wash 模组共用的工具，包括这个模组界面。
6b4075522b85ca52,UI,,,UI,让 Drag'n Wash 支持多种语言。翻译对话、选项、界面和设置。
1cd1ca858aaea1d0,UI,,,UI,未加载。需要：
eda662e0b5033180,UI,,,UI,未加载。无法与以下模组同时使用：
a8d12a246b72d98c,UI,,,UI,未加载。原因请查看 BepInEx/LogOutput.log。
7c862b0749e737c4,UI,,,UI,预加载补丁。它在其他模组之前运行，无法在此关闭。
74a883a037bc227f,UI,,,UI,设置
21b111cbfe6e8fca,UI,,,UI,默认值
bc5b45ae7b60692a,UI,,,UI,恢复默认值
67529e7fdc6098a0,UI,,,UI,已立即保存。部分模组需要重新启动后才会应用更改。
3d19e2d0333d7b19,UI,,,UI,请在 BepInEx/config 中该模组的配置文件里修改此项。
dc20b3d5d2cddf82,UI,,,UI,库
e0aaa77caac35ceb,UI,,,UI,让模组在游戏显示文本之前查看并替换文本。
e33072d0f0267e46,UI,,,UI,告知模组即将显示的对话台词或选项，并附带台词 ID 和说话者。
e6af4688a3314648,UI,,,UI,游戏内的共用窗口（F1），模组可以在其中添加开发和调试工具的标签页。支持鼠标、手柄和 Steam Deck。
3839cc8c85e0dab6,UI,,,UI,为游戏自带字体无法显示的文字提供字体，并加载纹理和资源包，避免 Direct3D 12 崩溃。
507e6f82c57c2096,UI,,,UI,读取和修改游戏的存档槽和事件标记，并保留每个存档每个版本的副本，任何修改都可以撤销。
77777bd04fb7c9ae,UI,,,UI,在此游戏版本中不可用：
014659ab9d98c8fe,UI,,,UI,冲突
02e19c617a19bae7,UI,,,UI,修改了相同游戏代码的模组：
61ec4dc622c31ea9,UI,,,UI,修改了相同游戏代码且可能覆盖其效果的模组：
c1c1009d3f37ec05,UI,,,UI,有更新
4168cfb8a090a98c,UI,,,UI,有新版本：
cd6c9851e91ad7b6,UI,,,UI,打开发布页面
22e2bada8f1c65cd,UI,,,UI,更新
f26f3275e735bdf6,UI,,,UI,检查更新
a6a1b13028fd8c9c,UI,,,UI,每天一次向 GitHub 查询指定了 GitHub 仓库的模组是否有更新的版本。不会发送任何关于你或你的游戏的信息。
fe199528850a4e24,UI,,,UI,卸载
63e38bd4b036193a,UI,,,UI,取消
86965245a1d725c1,UI,,,UI,再次按“卸载”，将在下次启动游戏时删除此模组。其设置也会一并删除。
e2b9759e2326caba,UI,,,UI,下次启动时删除
0d21bd52022ca7f7,UI,,,UI,联网
4128f75bc14cb290,UI,,,UI,使用互联网：
df0880be16beba51,UI,,,UI,未声明就连接的主机：
57e8a431deec0d70,UI,,,UI,互联网
08b39d1ef62da47d,UI,,,UI,此模组未声明会使用互联网。
5abdf73450d24379,UI,,,UI,用途：
c1e450770d88b778,UI,,,UI,发送的内容：
3090d827c103d5fb,UI,,,UI,关闭方法：
068109fd3f73fbbb,UI,,,UI,未说明
e21a8c81f7921504,UI,,,UI,本次会话中检测到的连接
da5cbc2185c976ff,UI,,,UI,目前还没有连接。
285202c5ed5c42de,UI,,,UI,模组未声明
a9043748d4bf169d,UI,,,UI,连接监视已关闭（模组 → Drag'n Wash ModFramework → 设置 → 监视连接）。
1c0285d6d7fef2fc,UI,,,UI,框架只做监视：不会阻止任何连接，模组也可以绕过它。
1744b96470b51bf3,UI,,,UI,网络
fa25265454345a35,UI,,,UI,监视连接
4e9ec4e264c704c6,UI,,,UI,记录哪些模组连接了互联网，并在模组画面中标出未声明就联网的模组。只做监视：不会阻止任何连接，模组也可以绕过它。
