key,section,node,order,speaker,translation
# Language: Esperanto (eo)
# Created by TomXV. Provisional translation, not reviewed by a native speaker:
# some lines may read unnaturally. Corrections are welcome as pull requests.
# Only the Japanese (ja) and Simplified Chinese (zh-Hans) files were supervised by the author.

# ===== Level 1: Ryan (Sunny) | sets level_1 | ends level_1_complete =====
# --- intro: Ryan_1_intro ---
0da72197e898ebe1,L01 Ryan,Ryan_1_intro,1,Ryan,Saluton?
334d016f755cd6dc,L01 Ryan,Ryan_1_intro,2,Kobold,Saluton!
dfba3eb46cb5fc14,L01 Ryan,Ryan_1_intro,3,Ryan,"Ho, saluton! Nu..."
30985c07d735bdc3,L01 Ryan,Ryan_1_intro,4,Ryan,"Mi aŭdis, ke ĉi tie malsupre estas koboldoj, kiuj povus lavi min?"
08c8207cff7cb565,L01 Ryan,Ryan_1_intro,5,Ryan,Ĉu ĉi tiu estas la ĝusta loko?
32cfb777c0a1ca30,L01 Ryan,Ryan_1_intro,6,Kobold,Mhm! Mi estas <i>la</i> koboldo!
eec1e26d3338868e,L01 Ryan,Ryan_1_intro,7,Kobold,"Jes, bonvenon al Drag'n wash!"
b8e3a13e8da1caf6,L01 Ryan,Ryan_1_intro,8,Ryan,"Haha, tio vi certe estas!"
84f325bca745e504,L01 Ryan,Ryan_1_intro,9,Ryan/Alexander,Mirinde!
900e8c593033c189,L01 Ryan,Ryan_1_intro,10,Ryan,Mia nomo estas Ryan. Do...
092808653667e9ff,L01 Ryan,Ryan_1_intro,11,Ryan,kiel mi eniras?
0f3f0b7e817061e6,L01 Ryan,Ryan_1_intro,12,Kobold,"Momenton, mi devas malfermi la pordegon."
b8a4a2d6c54c16d8,L01 Ryan,Ryan_1_intro,13,Kobold,Jip!
273533e355fd12cf,L01 Ryan,Ryan_1_intro,14,Ryan,he...?
3faa3f1d46e0e544,L01 Ryan,Ryan_1_intro,15,Kobold,Ho- mi volis diri: mi iros malfermi la pordegon!
ce6db45f1866ad91,L01 Ryan,Ryan_1_intro,16,Ryan,"Ha, mi vidas la butonon tie, komprenite!"
425d9584e840b683,L01 Ryan,Ryan_1_intro,17,Ryan,"Bone, mi atendos. Dankon."
# --- phone: Ryan_1_PhoneTutorial ---
9bb3073cec0eb0c7,L01 Ryan,Ryan_1_PhoneTutorial,1,Phone,"Saluton, <i>'Drag'n wash franĉizo 223'...</i> Ĉu vi jam parolis kun via unua kliento?"
276bc2be4d36787f,L01 Ryan,Ryan_1_PhoneTutorial,2,Kobold,Ĵus faris!
d3c6dd1cf6eefa2a,L01 Ryan,Ryan_1_PhoneTutorial,3,Kobold,"Jes, mi parolis."
38526f3244d3b009,L01 Ryan,Ryan_1_PhoneTutorial,4,Phone,"Ha, bone."
ab5df625bc76dbd4,L01 Ryan,Ryan_1_PhoneTutorial,5,Phone/Ryan/Alexander/Conrad/Kobold,...
4d4a3684433b7f10,L01 Ryan,Ryan_1_PhoneTutorial,6,Phone,Do- Havu produktivan tagon.
07c91bff06f38512,L01 Ryan,Ryan_1_PhoneTutorial,7,Phone,"Saluton, <i>'Drag'n wash franĉizo 223'...</i> Ĉu vi jam eltrovis kiel interagi?"
3d08b37cdf5c2183,L01 Ryan,Ryan_1_PhoneTutorial,8,Kobold,Ne.
01888febaebd67cd,L01 Ryan,Ryan_1_PhoneTutorial,9,Kobold,"Mi kredas, ke mi komprenis!"
085283be600618d2,L01 Ryan,Ryan_1_PhoneTutorial,10,Phone,Ha...
4ad86617a918d8ec,L01 Ryan,Ryan_1_PhoneTutorial,11,Phone,"Nu, iru al la fenestro kaj parolu kun via kliento."
af789b5c60f24630,L01 Ryan,Ryan_1_PhoneTutorial,12,Phone,"Poste vi devos enlasi ilin, kompreneble."
bb645759b5bd99d4,L01 Ryan,Ryan_1_PhoneTutorial,13,Phone,Bonege. Do nepre iru saluti vian klienton ĉe la fenestro.
474ab3afa218a5df,L01 Ryan,Ryan_1_PhoneTutorial,14,Kobold,Bone!
7d869361bdb13d98,L01 Ryan,Ryan_1_PhoneTutorial,15,Phone,Havu produktivan tagon.
# --- progress: Ryan_1_required ---
098ac93ca7999f8c,L01 Ryan,Ryan_1_required,1,Ryan,"Do vi estas atestita drak-lavisto, ĉu?"
7b999e621945fe90,L01 Ryan,Ryan_1_required,2,Kobold,Jes ja!
1cb7709c2b6cdc0b,L01 Ryan,Ryan_1_required,3,Kobold,Mi purigas nur de kelkaj semajnoj!
9b9024cada67653e,L01 Ryan,Ryan_1_required,4,Ryan,"Ho, bonege!"
fbd8fe3b49aed7c5,L01 Ryan,Ryan_1_required,5,Ryan,Kutime mi kontentiĝas per hoztubo hejme...
3f742efbf9edb2ee,L01 Ryan,Ryan_1_required,6,Ryan,"Ho, do ĝi estas nova por ni ambaŭ!"
e6c276d67e994ed5,L01 Ryan,Ryan_1_required,7,Ryan,"Sincere, mi miras kiom agrabla ĉi tio estas."
e99ba1a86146f1aa,L01 Ryan,Ryan_1_required,8,Ryan,Estas bela eskapo de ĉio tie ekstere.
# --- nag: Ryan_1_nag ---
c2aa03c999eb7731,L01 Ryan,Ryan_1_nag,1,Ryan,"He, mi havas ion por diri!"
5b798fca0ab51d6c,L01 Ryan,Ryan_1_nag,2,Ryan,"Se vi povus veni tien, kie mi vidas vin."
# --- jerkoff: ryan_jerk_off_no ---
2e75bb6a3610c11b,L01 Ryan,ryan_jerk_off_no,1,Ryan,He- Eble vi povos 'mane helpi' poste?
# --- mount_start: ryan_mount_no ---
91c3bf04fb99ce8b,L01 Ryan,ryan_mount_no,1,Ryan,"Hm, mi kredas ke mi preterlasos la stablon."
# --- outro: Ryan_1_Outro ---
0d26aa953ca02c41,L01 Ryan,Ryan_1_Outro,1,Ryan,"Mi estas sufiĉe certa, ke mi estas tute pura!"
699cdec6a62f5ff3,L01 Ryan,Ryan_1_Outro,2,Ryan,Tio estis multe pli agrabla ol hoztubo.
c3bbf19f280c6dde,L01 Ryan,Ryan_1_Outro,3,Kobold,Tute ne dankinde.
66984a1e53d3e869,L01 Ryan,Ryan_1_Outro,4,Kobold,Mhm! Revenu iam ajn.
d629b0ed3f97727c,L01 Ryan,Ryan_1_Outro,6,Ryan,Mi nepre rakontos al aliaj pri ĉi tiu loko
e12cf68db48908a3,L01 Ryan,Ryan_1_Outro,7,Ryan,Mi certe memoros ĉi tiun lokon.
29a9062b9b45c6ef,L01 Ryan,Ryan_1_Outro,8,Ryan,Haha. 'Jip' ankaŭ al vi.
0712e97652e51758,L01 Ryan,Ryan_1_Outro,9,Ryan,"Nu, mi bone amuziĝis, do ĝis poste!"
17f93a33eafe382c,L01 Ryan,Ryan_1_Outro,10,Ryan,Ĉu vi bonvolus malfermi la pordegon por ellasi min?
1aa7b1c1d5fb1fd6,L01 Ryan,Ryan_1_Outro,12,Ryan/Conrad/Kobold/Dragon,Dankon!

# ===== Level 2: Conrad (Sunny) =====
# --- intro: Conrad_Intro_1 ---
d391aece578e396f,L02 Conrad,Conrad_Intro_1,1,Conrad,"<gradient=""yellow - orange""><size=140%>HE! </gradient><size=100%>Ĉi tiu estas la lavejo, ĉu?"
e2b71fbe0e3a8220,L02 Conrad,Conrad_Intro_1,2,Conrad,Mi devas esti senmakula. Ŝajnas ke por tio vi ekzistas. <size=70%> Ha.
198e07bd20a7e40b,L02 Conrad,Conrad_Intro_1,3,Kobold,"Mhm, ĉi tien, mi petas."
d474060b980dd4bb,L02 Conrad,Conrad_Intro_1,4,Kobold,Ni povas trovi liberan tempon por vi.
6c70580a9b88273d,L02 Conrad,Conrad_Intro_1,5,Conrad,Bonege. Sed vi devas malfermi la pordegon. Enlasu Conrad!
# --- progress: Conrad_required_1 ---
87e002767e44df8e,L02 Conrad,Conrad_required_1,1,Conrad,Do<size=90%>o<size=80%>o<size=70%>o<size=60%>o... <size=100%>Mi scivolis
2d6d31d664759240,L02 Conrad,Conrad_required_1,2,Conrad,"Vi ankaŭ faras <i>specialajn finaĵojn</i> ĉi tie, ĉu ne?"
906e9b3e20a54dc2,L02 Conrad,Conrad_required_1,3,Kobold,Ĉiu finaĵo ĉi tie estas speciala!
c41cb150dfd261d8,L02 Conrad,Conrad_required_1,4,Kobold,Ĉu... seksaj aferoj?
0c503978e6cd3a78,L02 Conrad,Conrad_required_1,5,Conrad,Ee... Tio ne estas-
c9ce0c4dd28236fa,L02 Conrad,Conrad_required_1,6,Conrad,"Ĉu vi igas grandajn drakojn, <size=60%>kiel min, <size=100%>ĉuri ĉi tie?"
daac14e0bc00f0ad,L02 Conrad,Conrad_required_1,7,Kobold,Va- he- <size=80%>oa. <size=60%>ni ne-
824dda92c5ffbad9,L02 Conrad,Conrad_required_1,8,Kobold,"Ho, ne."
33cb9fb42cd6a080,L02 Conrad,Conrad_required_1,9,Conrad,Kion!? tio estas terura! Vi eĉ ne havas stablon...?
96b0e7561e23fcbb,L02 Conrad,Conrad_required_1,10,Kobold,nu... <size=60%>ne?
175ccc13192756d4,L02 Conrad,Conrad_required_1,11,Conrad,"Nu, do vi prefere akiru unu!"
fcc67c51c62fb4e9,L02 Conrad,Conrad_required_1,12,Conrad,Almenaŭ vi ankoraŭ povas uzi viajn manojn. He.
a29919179016a4e8,L02 Conrad,Conrad_required_1,13,Conrad,Ĉu jes? Mi eĉ ne vidas stablon.
6ec80eb8deb5afd8,L02 Conrad,Conrad_required_1,14,Kobold,"Ho... jes, ni ne havas."
22706d3faee3b165,L02 Conrad,Conrad_required_1,15,Kobold,"Ne, ni ne proponas tiajn aferojn ĉi tie."
4a8d1297fbe8f246,L02 Conrad,Conrad_required_1,16,Conrad,Damne domaĝe do. Prefere ŝanĝu tion.
# --- jerkoff: Conrad_1_JerkOff_Start ---
6d4db2b6b39822b2,L02 Conrad,Conrad_1_JerkOff_Start,1,Conrad,"Ho fek, jes."
8fc6411ffc04a8f3,L02 Conrad,Conrad_1_JerkOff_Start,2,Conrad,Daŭrigu.
# --- cum: Conrad_1_Cum ---
e51f82fb1e4773ad,L02 Conrad,Conrad_1_Cum,1,Conrad,"<size=140%> FEK, JES!"
6d721d6e2ad2ae1c,L02 Conrad,Conrad_1_Cum,2,Conrad,<size=100%> Tio sentiĝis damne bone!
# --- mount_start: conrad_mount_no ---
b902443f60bdba87,L02 Conrad,conrad_mount_no,1,Conrad,Ŭaŭ. Nu.
ccdcfc48472b3533,L02 Conrad,conrad_mount_no,2,Conrad,Normale mi dirus jes al stablo. Sed ne ĝuste nun.
# --- outro: Conrad_Outro_1 ---
2edaf16ee5b742a8,L02 Conrad,Conrad_Outro_1,1,Conrad,La lavado estis bona.
882508b81f97e7cf,L02 Conrad,Conrad_Outro_1,2,Conrad,"Kvankam ĉiu alia lavejo, kiun mi vizitis, almenaŭ havas stablon"
51335374627e92a3,L02 Conrad,Conrad_Outro_1,3,Kobold,Pardonu...
598e348ffe7cc978,L02 Conrad,Conrad_Outro_1,4,Kobold,"Mi mendos unu, mi promesas!"
3eba607f0573bf98,L02 Conrad,Conrad_Outro_1,5,Conrad,Ne pardonpetu! Akiru stablon!
4e52b9a8b0ae1335,L02 Conrad,Conrad_Outro_1,6,Conrad,Ĉiu sinrespekta lavisto scias kiel plezurigi drakon.
25d0b6008550c533,L02 Conrad,Conrad_Outro_1,7,Kobold,Bone. Mi mendos stablon.
2e92d12d86bf03a5,L02 Conrad,Conrad_Outro_1,8,Conrad,"Bone. Nu, ellasu min."
426726c5d08284a8,L02 Conrad,Conrad_Outro_1,9,Conrad,"Bone, prefere jes. Se mi revenos kaj ĝi ne estos tie..."
28c3830dac3b9c5b,L02 Conrad,Conrad_Outro_1,10,Kobold,Ĉu tio estas minaco...?
fac432bdcfb4b753,L02 Conrad,Conrad_Outro_1,11,Conrad,"Nu, ne, mi nur estos VERE ĉagrenita."
ee7433c3dd161b65,L02 Conrad,Conrad_Outro_1,12,Conrad,Ĉiukaze- Ellasu min.

# ===== Level 3: Alexander (Sunny) =====
# --- intro: Alexander_1_intro ---
dbca31128a900488,L03 Alexander,Alexander_1_intro,1,Alexander,"Bonan vesperon. Ĉi tiu establo akceptas senanoncajn klientojn, ĉu ne?"
a6208f4370193b60,L03 Alexander,Alexander_1_intro,2,Kobold,Jes ja! Ĉu vi... venas de la kolegio...?
fdf9d60aca05c19e,L03 Alexander,Alexander_1_intro,4,Alexander,"Efektive, vi certe rekonas mian blazonon! Mi instruas alĥemion."
12456a9c2599222e,L03 Alexander,Alexander_1_intro,5,Alexander,"... Kurson, kiun mi instruos sufiĉe baldaŭ."
cccd2e909950ad59,L03 Alexander,Alexander_1_intro,6,Alexander,Bonege.
f5b90500599eaa0a,L03 Alexander,Alexander_1_intro,7,Alexander,"Mi bezonos, ke tio estu rapida; la studentoj ne instruos sin mem."
26f8788d21d9fd7d,L03 Alexander,Alexander_1_intro,8,Kobold,Mi neniam purigis instruistan drakon... ŭaŭ.
7cc55c8bb6442b93,L03 Alexander,Alexander_1_intro,9,Kobold,"Bone, mi malfermos la pordegon!"
c9b9bda16ee1d468,L03 Alexander,Alexander_1_intro,10,Alexander,"Profesoron- Sed, jes. Kutime mi ne vizitas publikajn lavejojn."
8569efc4ed5a6273,L03 Alexander,Alexander_1_intro,11,Alexander/Ryan,Mi dankas vin.
57c2b1f349d8b9e9,L03 Alexander,Alexander_1_intro,12,Alexander,"Ho, kaj mi pardonpetas pro tio, ke mi estas absolute malpurega."
c44510120d3f5f7e,L03 Alexander,Alexander_1_intro,13,Alexander,"Estas bedaŭrinda stato, en kiu mi troviĝas..."
550840616bc8148d,L03 Alexander,Alexander_1_intro,14,Kobold,Vi... ne estas tiom malpura.
21e1f6bc71429bdb,L03 Alexander,Alexander_1_intro,15,Kobold,Neniu problemo. Mi tuj prizorgos la pordegon por vi!
14ddfac745bc0ec3,L03 Alexander,Alexander_1_intro,16,Alexander,"Ne, mi ja estas."
65b94d53036df4ac,L03 Alexander,Alexander_1_intro,18,Alexander,Ĉu vi bonvolus malfermi la pordegon?
f602395a77ff68c4,L03 Alexander,Alexander_1_intro,19,Kobold,Ho. jes. Pardonu.
# --- progress: Alexander_1_required ---
8bb197f659df9e12,L03 Alexander,Alexander_1_required,1,Alexander,Sciu... Ĉi tiu medio estas sufiĉe agrabla. Tre... proleta.
c3971608b1a13f1b,L03 Alexander,Alexander_1_required,2,Kobold,prole- <i><size=70%>kio?
3afdda2c098fc834,L03 Alexander,Alexander_1_required,3,Kobold/Alexander/Ryan,Dankon!
90d6678c9549b1e0,L03 Alexander,Alexander_1_required,4,Alexander,"Ho, kvazaŭ... laborista klaso?"
55c80016618e1bc5,L03 Alexander,Alexander_1_required,5,Alexander,"Pardonu, mi volis diri, ke mi ĝuas vian lavejon."
02fa2a9691178177,L03 Alexander,Alexander_1_required,6,Alexander,Kompreneble
32e117cdd1f56f3f,L03 Alexander,Alexander_1_required,7,Alexander,"Kiu scius, ke lokoj kiel ĉi tiu ekzistas tiel facile atingeblaj por la publiko!"
# --- jerkoff: alexander_jerk_off_no ---
f33ca08a17779409,L03 Alexander,alexander_jerk_off_no,1,Alexander,"<i>Ho.</i> Mi ne kredas, ke mi jam pretas por tio."
# --- mount_start: alexander_mount_no ---
170ebd10775afd58,L03 Alexander,alexander_mount_no,1,Alexander,"Mi... ne certas, ĉu mi volus uzi la stablon hodiaŭ."
# --- outro: Alexander_1_Outro ---
d202075090a8960b,L03 Alexander,Alexander_1_Outro,1,Alexander,"Mi devas diri, vi faris same bonan laboron kiel privataj lavistoj."
b6069e62e167364f,L03 Alexander,Alexander_1_Outro,3,Kobold,"Mmmhm, mi ĉiam faras mian plejbonon."
981447d1952fe850,L03 Alexander,Alexander_1_Outro,4,Alexander,"Haha, 'Jip' efektive."
5d7279822bcee7dd,L03 Alexander,Alexander_1_Outro,5,Alexander,Miaj studentoj povus lerni ion aŭ du de via laboretiko!
8117291ab8529b4f,L03 Alexander,Alexander_1_Outro,6,Alexander,"Mi tre volonte plu parolus, vere, sed la kurso baldaŭ komenciĝos."
dae0c0aa3ae01c37,L03 Alexander,Alexander_1_Outro,7,Alexander,...Mi dankas vin pro ĉi tio.

# ===== Level 4: Ryan (Sunny) =====
# --- intro: Ryan_2_intro ---
7825d92f67bdcdef,L04 Ryan,Ryan_2_intro,1,Ryan,Saluton denove!
cd26586143766826,L04 Ryan,Ryan_2_intro,2,Kobold,"Saluton, Ryan!"
6a67a8866ec70c09,L04 Ryan,Ryan_2_intro,4,Ryan,"He, mi ĝojas reveni."
921bd4effdaa2a2f,L04 Ryan,Ryan_2_intro,5,Ryan,Ha... vi ja ŝatas tiun sonon.
387d0da740d0826e,L04 Ryan,Ryan_2_intro,6,Ryan,Mi bezonas plian lavadon.
e542b800ecfc350a,L04 Ryan,Ryan_2_intro,7,Ryan,Mi provas eskapi de la domo por iom da tempo.
78b22bcc76942425,L04 Ryan,Ryan_2_intro,8,Ryan,Mi eliris kun kelkaj amikoj.
21abbb56e463a200,L04 Ryan,Ryan_2_intro,9,Ryan,La markiloj estis amuzaj.
da3405e1151a476e,L04 Ryan,Ryan_2_intro,10,Ryan,"Sed mi kredas, ke estas tempo purigi min."
41dc14e2cd744b1b,L04 Ryan,Ryan_2_intro,11,Kobold,"Ho, certe. Envenu."
b231225bfcc08d4c,L04 Ryan,Ryan_2_intro,12,Kobold,Ĉu ĉio en ordo?
056b5511850d7220,L04 Ryan,Ryan_2_intro,13,Ryan,"Bone, dankon."
b4e4d893367947a0,L04 Ryan,Ryan_2_intro,14,Ryan,"Jes, ĉio bone. Pardonu."
c9cdea9d31e53d5b,L04 Ryan,Ryan_2_intro,15,Ryan,"Nur malfacila tago. Mi esperas, ke ĉi tio helpos!"
ab74167fe23c9db5,L04 Ryan,Ryan_2_intro,17,Ryan,"Do, nu, la pordego?"
5cbc0ceea57587db,L04 Ryan,Ryan_2_intro,18,Kobold,Ho- Jes. Mi tuj faras.
08411b780900fb59,L04 Ryan,Ryan_2_intro,19,Kobold,Kompreneble. Momenton!
a386908e3024f35e,L04 Ryan,Ryan_2_intro,20,Ryan,Bonege.
# --- progress: Ryan_2_required ---
580684f8909e025d,L04 Ryan,Ryan_2_required,1,Ryan,He.
b4eff799a0271863,L04 Ryan,Ryan_2_required,2,Kobold,Hm?
fad448038cd06268,L04 Ryan,Ryan_2_required,3,Kobold,Kio okazas?
a1dd2ff2d1ef6beb,L04 Ryan,Ryan_2_required,4,Ryan,Ĉu mi povas demandi vin ion?
2acd4405a7f14ae3,L04 Ryan,Ryan_2_required,5,Kobold,"Vi jam faras tion, kio okazas?"
c10c037156053bfe,L04 Ryan,Ryan_2_required,6,Kobold,Certe.
4f6d869aa239596c,L04 Ryan,Ryan_2_required,7,Ryan,"Ho, ĝuste. Pardonu."
0fa0dff561f86016,L04 Ryan,Ryan_2_required,8,Ryan,"Do, pri... rilatoj."
9a38b89ed035e464,L04 Ryan,Ryan_2_required,9,Ryan,"Se rilato estas <i>tiel</i> malglata kaj vi scias, ke ĝi finiĝos."
9b943020b9ae2658,L04 Ryan,Ryan_2_required,10,Ryan,Kaj vi jam provis ĉion.
954ba66a076849a5,L04 Ryan,Ryan_2_required,12,Ryan,Kiam vi fakte finas la rilaton?
f173e528733bb05a,L04 Ryan,Ryan_2_required,13,Kobold,Aj- Ryan...
7b102f547a549072,L04 Ryan,Ryan_2_required,14,Kobold,"Mi... ne certas, ĉu mi povas respondi tion por vi."
d74bb8fcbf89b62a,L04 Ryan,Ryan_2_required,15,Ryan,"Mi scias. Mi scias, ke mi ne devus ŝarĝi vin per ĉi tio."
64973f6ac9ac08be,L04 Ryan,Ryan_2_required,16,Ryan,Vi simple estas tre komforta persono por esti apud.
93fa9e1a16f34a7d,L04 Ryan,Ryan_2_required,17,Ryan,Vi pravas... Neniel vi povus.
797653f5e081152e,L04 Ryan,Ryan_2_required,18,Ryan,"Mi nur ĝojas, ke mi ne sentas min juĝata ĉi tie."
b11d41e01fefb995,L04 Ryan,Ryan_2_required,20,Kobold,Dankon. Ankaŭ mi ŝatas esti kun vi.
c6df1e087ef5d8e4,L04 Ryan,Ryan_2_required,21,Kobold,"Mi esperas, ke aferoj pliboniĝos."
ebb96171ea7628a0,L04 Ryan,Ryan_2_required,22,Ryan/Kobold/Alexander,Mi ĝojas.
91c0e3e9014024af,L04 Ryan,Ryan_2_required,23,Ryan,ankaŭ mi.
# --- outro: Ryan_2_Outro ---
cb57ee6155ed6ca5,L04 Ryan,Ryan_2_Outro,1,Ryan,Nu bone. Tute pura.
f6d370e531334fab,L04 Ryan,Ryan_2_Outro,2,Ryan,"Pardonu, ke mi ŝarĝis vin per ĉio tio antaŭe."
a402a75e0522e087,L04 Ryan,Ryan_2_Outro,3,Kobold,Ne gravas!
94e0ea6f97e24a81,L04 Ryan,Ryan_2_Outro,4,Kobold,"Mi scias, ke aferoj povas esti malfacilaj."
4f66abc45de7ff53,L04 Ryan,Ryan_2_Outro,5,Ryan/Alexander,Vi estas tre dolĉa.
ee65a6c9748b539c,L04 Ryan,Ryan_2_Outro,6,Ryan,"Mi dezirus, ke estu tiel facile kiel en filmoj."
0e95dd9dae12e50e,L04 Ryan,Ryan_2_Outro,7,Kobold,"Revenu iam ajn, Ryan."
78c778b6ee0575d9,L04 Ryan,Ryan_2_Outro,8,Kobold,"Se vi volas plu paroli pri tio, mi havas momenton."
f204fcc6b711621e,L04 Ryan,Ryan_2_Outro,9,Ryan,"Mi revenos, dankon."
72eaafd8ad3f6b0d,L04 Ryan,Ryan_2_Outro,10,Ryan,Ĉu vi certas? Ĝi ne estas... amuza temo.
fe454a1e25772898,L04 Ryan,Ryan_2_Outro,11,Kobold,Vi pravas. Mi ne devus scivolemi.
513af1a2eeeef9b6,L04 Ryan,Ryan_2_Outro,12,Kobold,"Ne gravas, ŝajnas, ke vi bezonas tion."
f3ff11acd1b54309,L04 Ryan,Ryan_2_Outro,13,Ryan,Vi estas en ordo. Dankon.
0b61ba409dc46906,L04 Ryan,Ryan_2_Outro,14,Ryan,"Jes, vi pravas."
5459b9d74fb7a529,L04 Ryan,Ryan_2_Outro,15,Ryan,Do. Mia koramikino estis hejme antaŭ mi. Ŝi estas hejme-laboranta drako.
2cd54468954ee8c7,L04 Ryan,Ryan_2_Outro,16,Ryan,Mi revenis hejmen iom malpura. Kaj ŝi kriis al mi.
f7e4ec27dd7d6527,L04 Ryan,Ryan_2_Outro,17,Ryan,"Ŝi diris al mi iri al lavejo, kaj kondutis ege ofendite."
2880304176197c02,L04 Ryan,Ryan_2_Outro,18,Ryan,"Ŝi estis... <i>Vere</i> ĉagrenita, ke mi estis kota."
250b97243d1df1f7,L04 Ryan,Ryan_2_Outro,19,Kobold,Ĉu tial vi venis la unuan fojon?
bc78d04f7d5861dc,L04 Ryan,Ryan_2_Outro,20,Kobold,Tio sonas kiel troreago flanke de ŝi.
08a70054f59e703a,L04 Ryan,Ryan_2_Outro,21,Ryan,Jes...
6079131a1c79adef,L04 Ryan,Ryan_2_Outro,22,Ryan,"Sed sincere, vi multe helpis min."
92536deee525f694,L04 Ryan,Ryan_2_Outro,23,Ryan,Donis al mi tempon por pensi.
c3be2f1d3fa4404d,L04 Ryan,Ryan_2_Outro,25,Ryan,Ankaŭ mi tion pensis.
9ebcf8a46cc189b7,L04 Ryan,Ryan_2_Outro,26,Ryan,"Mi kredas, ke ŝi ĉagreniĝas pri io alia..."
8c3115a4e2a9a664,L04 Ryan,Ryan_2_Outro,27,Ryan,"Mi nur ne ŝatas, ke ŝi elverŝas tion sur min."
393d8e5925dc5937,L04 Ryan,Ryan_2_Outro,31,Ryan,Ĉiukaze-
7258b4e037805024,L04 Ryan,Ryan_2_Outro,32,Ryan,Dankon pro la aŭskultado.
951382e00968439d,L04 Ryan,Ryan_2_Outro,33,Kobold,"Iam ajn, Ryan."
c41f39341b6c49ef,L04 Ryan,Ryan_2_Outro,34,Kobold,"Kompreneble. Mi bedaŭras, ke vi travivas ĉion ĉi."
553b3b011e56f6e2,L04 Ryan,Ryan_2_Outro,36,Ryan,Ne gravas. Mi eltrovos ion.
bd7468846a30d095,L04 Ryan,Ryan_2_Outro,37,Kobold,Mi iros malfermi la pordegon por vi.
a7f68522a6e41971,L04 Ryan,Ryan_2_Outro,38,Ryan,"Bone, ĝis!"

# ===== Level 5: Conrad (Rainy) | sets level_5 | ends MedkitCompleted, level_5_complete =====
# --- intro: Conrad_Intro_2 ---
ed1060b120921b51,L05 Conrad,Conrad_Intro_2,1,Conrad,Ĉu vi havas medicinan keston?
33b8a4a45ccc09d4,L05 Conrad,Conrad_Intro_2,2,Kobold,Kio okazis!?
0a1daca6a7ffe060,L05 Conrad,Conrad_Intro_2,3,Kobold,"Ho ne, Conrad. ĉu vi fartas bone?"
20e5d8710e635ec0,L05 Conrad,Conrad_Intro_2,4,Conrad,Mi ne devas diri tion al vi.
20e7bf03f9acda80,L05 Conrad,Conrad_Intro_2,5,Conrad,"Nun, ĉu vi havas medicinan keston aŭ ne?"
b5df9715ed2e91ed,L05 Conrad,Conrad_Intro_2,6,Conrad,Ĉu mi aspektas kvazaŭ mi fartas bone?
b91e8be1b03d1b61,L05 Conrad,Conrad_Intro_2,7,Conrad,Ne. Mi ne fartas bone. Ĉu vi havas medicinan keston aŭ ne?
f974998c16103aa0,L05 Conrad,Conrad_Intro_2,8,Kobold,"Jes, mi havas unu."
8ca82a3bb03f138c,L05 Conrad,Conrad_Intro_2,9,Kobold,Mi havas. Sed kio okazis?
a94b34f629b2029a,L05 Conrad,Conrad_Intro_2,10,Conrad,Nur... malfermu la pordegon.
# --- progress: Conrad_required_2 ---
4356fa179bb80e09,L05 Conrad,Conrad_required_2,1,Conrad,Mi estas tia idioto.
d886f3d923f9c796,L05 Conrad,Conrad_required_2,2,Conrad,Ĝuste tian fekaĵon mi provas eviti!
ea8c1853a7d5966c,L05 Conrad,Conrad_required_2,3,Kobold,"Ĉu vi volas diri, kio okazis...?"
bded00d07cb1e457,L05 Conrad,Conrad_required_2,4,Kobold,"Mi bedaŭras, ke vi vundiĝis..."
02f000041eb5ab82,L05 Conrad,Conrad_required_2,5,Conrad,"Fek, ne! La afero estas hontiga."
58356b98fdf40dc3,L05 Conrad,Conrad_required_2,7,Conrad,Mi ne volas vian kompaton!
cb7847cb63566364,L05 Conrad,Conrad_required_2,9,Conrad,Estas nur ke...
b48f291ebc6b18fe,L05 Conrad,Conrad_required_2,10,Conrad,"Mi malamas, ke mi ĉiam trafas en tiajn situaciojn."
519b07c299436f2a,L05 Conrad,Conrad_required_2,11,Conrad,"Ĝi komencas ŝajni, kvazaŭ estas <i>mia</i> kulpo."
f5ad489eeba50b01,L05 Conrad,Conrad_required_2,12,Kobold,"<i>Ĉi tio</i> ne estas via kulpo, Conrad."
6402f4608ceb7bbb,L05 Conrad,Conrad_required_2,13,Kobold,"Mi vere bedaŭras, ke vi vundiĝis. Kiu faris tion?"
8e59613d6cd60464,L05 Conrad,Conrad_required_2,14,Conrad,"Mi vere kredas, ke ĉi-foje ĝi estis."
7058e362e43623f0,L05 Conrad,Conrad_required_2,15,Conrad,Iu virdrako en la trinkejo... Mi estis stulta. Mi ne povis fermi mian buŝon.
ea289ebcdd7e81ef,L05 Conrad,Conrad_required_2,16,Conrad,Nur iu virdrako en la trinkejo. Mi estis stulta... Mi ne povis fermi mian buŝon.
aff317c06781bc70,L05 Conrad,Conrad_required_2,17,Conrad,Mi ne komprenas! Kial mi devas konduti tiel?
da5eed4c72eb1073,L05 Conrad,Conrad_required_2,18,Kobold,Konduti kiel?
193bb66a944990a8,L05 Conrad,Conrad_required_2,19,Kobold,"Mi opinias vin sufiĉe bonega, Conrad."
c69250ea092a7fcd,L05 Conrad,Conrad_required_2,20,Conrad,"Kiel... fikulo? Mi scias, ke mi estas aĉa kunulo."
c2f21da58e28df4f,L05 Conrad,Conrad_required_2,21,Conrad,Vi estas bonkora. Estas pli ol mi meritas.
9c529e9f79f39a21,L05 Conrad,Conrad_required_2,22,Conrad,"Mi estas fikulo. Mi scias, ke jes."
4b7317a793a0f728,L05 Conrad,Conrad_required_2,23,Conrad,"Pardonu, ke mi bojis al vi antaŭe."
c4c0c9950baa723f,L05 Conrad,Conrad_required_2,24,Conrad,Vi ne meritas tion.
9fa8cd9193124e79,L05 Conrad,Conrad_required_2,25,Kobold,Ne gravas. Evidente vi travivas multon.
249133e0671a807b,L05 Conrad,Conrad_required_2,26,Kobold,Ne gravas.
c61717fe95ec2b9c,L05 Conrad,Conrad_required_2,27,Conrad,"Tio ne signifas, ke mi rajtas krii al vi."
652daa6043287e1b,L05 Conrad,Conrad_required_2,28,Conrad,Neniuj pluaj pretekstoj.
65b4e7b9caad6028,L05 Conrad,Conrad_required_2,29,Conrad,"Ne, ne estas en ordo. Neniuj pluaj pretekstoj."
334ade0356dff453,L05 Conrad,Conrad_required_2,30,Conrad,Mi devas esti pli bona. Mi <i>volas </i>esti pli bona.
1d190e45e1ddc239,L05 Conrad,Conrad_required_2,31,Conrad,"Nur, nu... Ne diru al iu, ke mi diras ĉion ĉi."
3969155d983b9b32,L05 Conrad,Conrad_required_2,32,Kobold,Via sekreto estas sekura ĉe mi.
bd7f2cf961e397ca,L05 Conrad,Conrad_required_2,33,Kobold,Mi ne diros.
0cd12abef67edc64,L05 Conrad,Conrad_required_2,34,Conrad,...Dankon.
bbaef120c3a81475,L05 Conrad,Conrad_required_2,35,Conrad,"Kaj mi ĝojas, ke vi havas medicinan keston... Vi estas tre preta."
# --- jerkoff: conrad_jerk_off_no ---
f81a53c29135dfa5,L05 Conrad,conrad_jerk_off_no,1,Conrad,"He, nu... Ne nun."
# --- outro: Conrad_Outro_2 ---
7f9f3c8d0db46cbf,L05 Conrad,Conrad_Outro_2,1,Conrad,Mi jam sentas min multe pli bone.
d4a62b147d5a622b,L05 Conrad,Conrad_Outro_2,2,Kobold,korpe aŭ emocie?
0d49a74e82a2356a,L05 Conrad,Conrad_Outro_2,4,Conrad,Ambaŭ.
c38c5771c6cf6118,L05 Conrad,Conrad_Outro_2,5,Conrad/Ryan,Ankaŭ mi.
7e30c436a9112ecd,L05 Conrad,Conrad_Outro_2,6,Conrad,Vi estas... bonega.
229bd072e07a3d53,L05 Conrad,Conrad_Outro_2,7,Conrad,Mi serioze. Vere.
ba15304b6e669701,L05 Conrad,Conrad_Outro_2,8,Kobold,"Mi nur faras tion, kion mi opinias ĝusta."
1fb463b57138c081,L05 Conrad,Conrad_Outro_2,9,Kobold,Ankaŭ mi opinias vin bonega. Sinplibonigo estas malfacila.
56c81331bdf0858e,L05 Conrad,Conrad_Outro_2,10,Conrad,"Mi esperas, ke mi povos lerni el tio."
3e2cb05f5d39c6e5,L05 Conrad,Conrad_Outro_2,11,Conrad,"Dankon, sed mi estos pli bona. Mi promesas."
8a3ca437a0d6d164,L05 Conrad,Conrad_Outro_2,12,Conrad,Mi lasos viajn skvamojn trankvilaj...
c90e3d1d20fadd0f,L05 Conrad,Conrad_Outro_2,13,Conrad,Mi nepre revenos.

# ===== Level 6: Alexander (Night) | sets level_6_started =====
# --- intro: Alexander_2_intro ---
44aa15e695b4e0d5,L06 Alexander,Alexander_2_intro,1,Alexander,"Dank' al la steloj, vi estas malfermita."
840851d0f7570dd9,L06 Alexander,Alexander_2_intro,2,Kobold,Alexander...?
d786fe5166ed78b0,L06 Alexander,Alexander_2_intro,3,Kobold,"Nuuu, ne precize."
b5707c134254e827,L06 Alexander,Alexander_2_intro,4,Alexander,Jes. Mi bezonas purigadon. La situacio estas sufiĉe terura!
5962824d5ad2d472,L06 Alexander,Alexander_2_intro,5,Alexander,"Ĉi tio estas tasko, kiun nur vi povas plenumi."
4006d568c80ab534,L06 Alexander,Alexander_2_intro,6,Alexander,"Mi pagos duoble. Trioble- Ĉi tio estas tasko, kiun nur vi povas plenumi!"
a17a2764777e0b60,L06 Alexander,Alexander_2_intro,7,Kobold,"Ho. Do jes, ni estas malfermitaj."
1e5b9c4d7c7853fa,L06 Alexander,Alexander_2_intro,8,Alexander,Bonege!
e36d5a8ffbc61b8c,L06 Alexander,Alexander_2_intro,9,Kobold,kio okazis?
c43599f1e3538c5c,L06 Alexander,Alexander_2_intro,10,Kobold,kial vi estas ĉi tie tiel malfrue?
c63c466c3e28f286,L06 Alexander,Alexander_2_intro,11,Alexander,"Mia kolego, profesoro Igwyx, deziris uzi min kiel platformon."
dfb6e95e4715f76e,L06 Alexander,Alexander_2_intro,12,Alexander,"Mi permesis tion, ĉar mia staturo provizas amplan altecon."
9da4c08f2c9d94f9,L06 Alexander,Alexander_2_intro,13,Alexander,Tamen...
149351e2d565febf,L06 Alexander,Alexander_2_intro,14,Alexander,Estis difekto en lia metodo.
b54a89ba26aaeaa1,L06 Alexander,Alexander_2_intro,15,Kobold,LI MORTIS!?
0ee302086c5ae61a,L06 Alexander,Alexander_2_intro,16,Kobold,Kien li iris...?
2cc9a59ae14e4845,L06 Alexander,Alexander_2_intro,17,Alexander,kion?
3b20ece829b0bd68,L06 Alexander,Alexander_2_intro,18,Alexander,ne.
93f6d587969b0e78,L06 Alexander,Alexander_2_intro,19,Alexander,"Post lia spontanea brulego, mi nepre donis al li privatecon."
1d37ba6f405ce0fd,L06 Alexander,Alexander_2_intro,20,Alexander,Lia fizika formo nuntempe rekonsistiĝas en la personara salono.
27c227129d961114,L06 Alexander,Alexander_2_intro,21,Alexander,Ĉiu sinrespekta magiisto havas fenikso-plumon ĉemane.
9e99fec970b38818,L06 Alexander,Alexander_2_intro,22,Kobold,Ĝuste. Fenikso-plumo. Evidente.
0549826a698aad1c,L06 Alexander,Alexander_2_intro,23,Kobold,Bone. Mi malfermos la butikon. Donu al mi momenton.
9e85e9ab574cfc16,L06 Alexander,Alexander_2_intro,24,Alexander,Mi forgesas la nescion de laiko. Mi pardonpetas.
359439ec513e7e35,L06 Alexander,Alexander_2_intro,25,Kobold,"Mhm, mi iros al la pordego"
28fa9c1bb5161161,L06 Alexander,Alexander_2_intro,26,Alexander,Rapidu! Mia reputacio estas en danĝero.
# --- progress: Alexander_2_required ---
cc99c01887a9b5f1,L06 Alexander,Alexander_2_required,1,Alexander,Mi estas profunde hontigita de ĉi tiu tuta suferado.
e33e953efb157171,L06 Alexander,Alexander_2_required,2,Kobold,"Ne gravas. Ŝajnas, ke ĉiuj fartas bone."
c054502c35602985,L06 Alexander,Alexander_2_required,3,Kobold,Ne necesas honti.
98cbb728e5fb19f2,L06 Alexander,Alexander_2_required,4,Alexander,Tio neniam estis zorgo. Mi estas sufiĉe riskevitema drako.
c1d152bd1a4b22f1,L06 Alexander,Alexander_2_required,5,Alexander,Estas sufiĉe afable de vi diri tion.
0da1bbeb76d9ef60,L06 Alexander,Alexander_2_required,6,Alexander,"Tamen, mia <i>bildo</i> estas multe pli daŭra ol la efemeraj fizikaj formoj de Igwyx."
54021b5f26568c41,L06 Alexander,Alexander_2_required,7,Alexander,Tio estas la fonto de mia zorgo...
3a363409d3ae72f1,L06 Alexander,Alexander_2_required,8,Alexander,Kaj tial vi estas perfekta por ĉi tiu tasko!
# --- outro: Alexander_2_Outro ---
abc1043955962614,L06 Alexander,Alexander_2_Outro,1,Alexander,"Perfekte pura denove. Mi dankas vin, ke vi akceptis min je ĉi tiu horo."
2de23f0bdf3de327,L06 Alexander,Alexander_2_Outro,2,Kobold,Mono... mmm...
082cb158de32f2d9,L06 Alexander,Alexander_2_Outro,3,Kobold,Neniu problemo.
374214d86f810d53,L06 Alexander,Alexander_2_Outro,4,Alexander,"Ha, ĝi ja estas motiviganto."
7ff22bb553842005,L06 Alexander,Alexander_2_Outro,5,Alexander,Almenaŭ ne plu!
01b524bd7165a166,L06 Alexander,Alexander_2_Outro,6,Alexander,"Mi neniam atendis, ke mi konfidus tiajn hontigajn aferojn al iu."
704866fd76bd9fb8,L06 Alexander,Alexander_2_Outro,7,Kobold,Mi ĉiam ĝojas helpi. <i><size=70%> precipe grandan drakon.
dd573253630e8021,L06 Alexander,Alexander_2_Outro,8,Kobold,"Mi ĝojas, ke vi fidas min."
d6b066332b6d8b9a,L06 Alexander,Alexander_2_Outro,9,Alexander,"Mi ĝojas, ke ankaŭ vi ĉerpas plezuron el tio."
762c20b866b7b263,L06 Alexander,Alexander_2_Outro,10,Alexander,Ankaŭ mi.
5fc37d4eda289c06,L06 Alexander,Alexander_2_Outro,11,Alexander,"Mi ne certas, kial paroli kun vi estas tiel facile."
5a2661b79c536b73,L06 Alexander,Alexander_2_Outro,12,Alexander,La rigardo de ĉiuj portas enorman pezon.
0ddbb1a880fb5b54,L06 Alexander,Alexander_2_Outro,13,Alexander,La via ne. Estas agrable.
df9e3e9397757b17,L06 Alexander,Alexander_2_Outro,14,Kobold,Atendoj estas teeedaj.
5b4ce4081cac21b5,L06 Alexander,Alexander_2_Outro,15,Kobold,Mi nur faras mian laboron!
1acd1b8d362287ec,L06 Alexander,Alexander_2_Outro,16,Alexander,Tio ili ja estas...
cbbaf40d803468a2,L06 Alexander,Alexander_2_Outro,17,Alexander,Vi bone faras ĝin.

# ===== Level 7: Ryan (Sunny) =====
# --- intro: Ryan_3_intro ---
49e50c5be7d1583e,L07 Ryan,Ryan_3_intro,2,Kobold,Ryan!
346181d6c9954315,L07 Ryan,Ryan_3_intro,3,Kobold,Bonvenon denove!
c1cff3dbff6bfce2,L07 Ryan,Ryan_3_intro,4,Ryan,Tio estas mi.
03810482331af8e2,L07 Ryan,Ryan_3_intro,5,Ryan,Mi ĝojas esti ĉi tie.
e1a42aae663ccf1f,L07 Ryan,Ryan_3_intro,6,Ryan,Mi venis por plia lavado.
fc7ed7b68999fdae,L07 Ryan,Ryan_3_intro,7,Ryan,Mi...
be0667bb01a8cd65,L07 Ryan,Ryan_3_intro,8,Ryan,Ne gravas. Ĉu vi povus malfermi la pordegon?
20ed966db540aaaf,L07 Ryan,Ryan_3_intro,9,Kobold,"Jes, mi tuj prizorgos tion por vi."
6c0973b0166d3528,L07 Ryan,Ryan_3_intro,10,Kobold,"Ryan? ĉu vi certas, ke ĉio estas en ordo...?"
8dff101cb2298f67,L07 Ryan,Ryan_3_intro,12,Ryan,"Ne, ne vere."
1990b3ec8cd88a48,L07 Ryan,Ryan_3_intro,13,Ryan,Mi rakontos al vi post momento. Ĉu vi povus nur malfermi la pordegon nun?
85fec70372b092bb,L07 Ryan,Ryan_3_intro,14,Kobold/Conrad,Jes.
33e04b2f805d0e1a,L07 Ryan,Ryan_3_intro,15,Kobold,"Bone. Sed mi esperas, ke vi fartas bone."
f51bead488e14b65,L07 Ryan,Ryan_3_intro,16,Ryan/Conrad/Alexander,Dankon.
aac215f048e8ee54,L07 Ryan,Ryan_3_intro,17,Ryan,Mi elturniĝos.
# --- progress: Ryan_3_required ---
eb256f4dcddfee94,L07 Ryan,Ryan_3_required,1,Ryan,Pri tio antaŭe.
1a17d73907f63be1,L07 Ryan,Ryan_3_required,2,Ryan,Antaŭ kelkaj tagoj...
87a781aa9b0c0136,L07 Ryan,Ryan_3_required,3,Ryan,Mi disiĝis de mia partnerino...
f68b8d76138a2a69,L07 Ryan,Ryan_3_required,4,Kobold,Ho... mi tre bedaŭras.
d6077ef6cdb59db1,L07 Ryan,Ryan_3_required,5,Kobold,"Aj, Ryan."
d296154ff317814a,L07 Ryan,Ryan_3_required,6,Ryan,Ne gravas. Mi devis. Ŝi ne feliĉigis min.
8a2e2803c1bc2ea7,L07 Ryan,Ryan_3_required,7,Ryan,Ankaŭ mi ne feliĉigis ŝin.
d9e1edc2e966ec26,L07 Ryan,Ryan_3_required,8,Ryan,Sed neniom da pravigo igas tion sentiĝi bone.
769c31039308d04d,L07 Ryan,Ryan_3_required,9,Kobold,"Mi ĝojas, ke vi povis fari la elekton plej bonan por vi."
460c50191c964260,L07 Ryan,Ryan_3_required,10,Kobold,Neniam estas facile fini aferojn.
8825be71018f7f88,L07 Ryan,Ryan_3_required,11,Ryan,Jes. Almenaŭ pro tio mi povis renkonti vin.
3e43d550d0572c10,L07 Ryan,Ryan_3_required,12,Ryan,Jes... Vere ne estas.
8948d011be56c311,L07 Ryan,Ryan_3_required,13,Ryan,Sed almenaŭ mi povis renkonti vin!
e484863d425a58e8,L07 Ryan,Ryan_3_required,14,Kobold,"Dankon, Ryan. Ankaŭ mi ĝojas, ke mi renkontis vin"
1af4464c602a423a,L07 Ryan,Ryan_3_required,15,Kobold/Conrad,"Aj, dankon."
e39173e934f56c78,L07 Ryan,Ryan_3_required,16,Ryan,Ĉi tiuj lavadoj vere plifaciligas aferojn.
94f45fc9f39121cd,L07 Ryan,Ryan_3_required,17,Ryan,Krome ili sentiĝas vere agrable.
# --- outro: Ryan_3_Outro ---
01e6332ab274c6d3,L07 Ryan,Ryan_3_Outro,1,Ryan,"Mi estas sufiĉe certa, ke tio estis ĉio."
26fef1581467462d,L07 Ryan,Ryan_3_Outro,2,Ryan,Dankon. Vi multe plifaciligas la travivadon de ĉio ĉi.
021d801f68652852,L07 Ryan,Ryan_3_Outro,3,Kobold,"Vi ĉiam estas bonvena ĉi tie, Ryan."
dc18b85912d460dd,L07 Ryan,Ryan_3_Outro,4,Kobold,Vi estas unu el miaj plej ŝatataj klientoj!
7ee443bc5e93fadb,L07 Ryan,Ryan_3_Outro,5,Ryan,Vi ĉiam igas min senti min bonvena.
c851929ab3cd9537,L07 Ryan,Ryan_3_Outro,6,Ryan,"Aj... Dankon. Ĉu estas strange, ke mi konsideras vin..."
e0464d0955af808a,L07 Ryan,Ryan_3_Outro,7,Ryan,Vere bona amiko?
674d9f74349966ca,L07 Ryan,Ryan_3_Outro,8,Kobold,"<size=70%><i>oa-</i> ne, tio estas fakte vere bonega."
e2c8744d410cb6f6,L07 Ryan,Ryan_3_Outro,9,Kobold,Ankaŭ mi konsideras vin bona amiko
29fee2ec355f7967,L07 Ryan,Ryan_3_Outro,10,Ryan,Ho- mi ĝojas!
51200db7892ee7e1,L07 Ryan,Ryan_3_Outro,11,Ryan,Aaj... dankon.
91c56a4e9213a4b0,L07 Ryan,Ryan_3_Outro,12,Ryan,Bone. Mi verŝajne devus lasi viajn skvamojn trankvilaj.
523791f6550c3508,L07 Ryan,Ryan_3_Outro,13,Ryan,"Mi revenos, ĉu ne?"
667cadad21e120f0,L07 Ryan,Ryan_3_Outro,14,Kobold,Bone! Mi iros malfermi la pordegon por vi.
18f0197237db4a52,L07 Ryan,Ryan_3_Outro,15,Kobold,Mi antaŭĝojas revidi vin
952d54adb781ab58,L07 Ryan,Ryan_3_Outro,16,Ryan,Dankon. Ĝis baldaŭ.

# ===== Level 8: Conrad (Sunny) | sets DeliveredMountFrame =====
# --- intro: Conrad_Intro_3 ---
c2ce80cda53b3e12,L08 Conrad,Conrad_Intro_3,1,Conrad,"He, grandulo."
ef92f8b9796dcaad,L08 Conrad,Conrad_Intro_3,2,Kobold,Mi estas... koboldo.
3faf8798d815fbcc,L08 Conrad,Conrad_Intro_3,3,Kobold,"Saluton, Conrad."
fe810d1ef6bbca3f,L08 Conrad,Conrad_Intro_3,4,Conrad,Nu... Jes.
fe59e121f203b436,L08 Conrad,Conrad_Intro_3,5,Conrad,He. Jes. Tio estas mi.
a911f2d8e77038c7,L08 Conrad,Conrad_Intro_3,6,Conrad,"Ŝajnas, ke vi ricevis sendaĵon, ĉu?"
403e617f71fdbd7d,L08 Conrad,Conrad_Intro_3,7,Conrad,Kio estis en tiuj malfermitaj kestoj?
2fa26a557574f06d,L08 Conrad,Conrad_Intro_3,8,Kobold,Mi akiris stablon.
ba689238087b547e,L08 Conrad,Conrad_Intro_3,9,Kobold,"Estas la stablo, kiun vi petis."
a1d3f8d9c7e16f54,L08 Conrad,Conrad_Intro_3,10,Conrad,"<size=160%>DIABLE, JES!"
24f5fb4981989960,L08 Conrad,Conrad_Intro_3,11,Conrad,<size=100%>Mi volas diri- Bonege.
086c8ec178979d9b,L08 Conrad,Conrad_Intro_3,12,Conrad,"Nun, enlasu min! Mi volas elprovi tiun aĵon!"
8b742c36f3da7059,L08 Conrad,Conrad_Intro_3,13,Kobold,Bone...
3a1b28ba58f06ac8,L08 Conrad,Conrad_Intro_3,14,Kobold,Mi iros al la pordego.
c2ac4efff25192d6,L08 Conrad,Conrad_Intro_3,15,Conrad,Ne... diru tion per tia tono.
faa0b4a641d866a4,L08 Conrad,Conrad_Intro_3,17,Conrad,"Ek, ni komencu~!"
f030a371b944e9be,L08 Conrad,Conrad_Intro_3,18,Conrad/Ryan,Damne prave!
# --- phone: Conrad_3_PhoneTutorial ---
eb8e96751da9e008,L08 Conrad,Conrad_3_PhoneTutorial,1,Phone,Ni ricevis vian mendon por la stablo!
4369749a5a3394e9,L08 Conrad,Conrad_3_PhoneTutorial,2,Kobold,Ki..?
339397c0d1c1f21f,L08 Conrad,Conrad_3_PhoneTutorial,3,Phone,"Ĝi alvenis ĉi-matene, ĝi devus esti apud la pordego."
f1968abec4612ffb,L08 Conrad,Conrad_3_PhoneTutorial,4,Phone,"Uzu la levstangon por malfermi ĝin kaj meti ĝin en la deponejon, ĉu bone?"
435c7e974ca94c84,L08 Conrad,Conrad_3_PhoneTutorial,6,Phone,Mirinde. Havu <i>produktivan</i> tagon.
# --- idle: Conrad_idle_3_1 ---
37950c8a8db90865,L08 Conrad,Conrad_idle_3_1,1,Conrad,"Se vi metos la stablon por mi, mi ekuzos ĝin."
8f224115163c0dbe,L08 Conrad,Conrad_idle_3_1,2,Conrad,"He, uzu viajn manojn sur mia kaco- sentiĝas bone!"
785bfdcdb6a67739,L08 Conrad,Conrad_idle_3_1,3,Conrad,"Do, nu, ĉu vi malfermus la pordegon?"
# --- idle: Conrad_idle_3_2 ---
c1dc3477631255b7,L08 Conrad,Conrad_idle_3_2,1,Conrad,"Mi ŝatas la stablon, kiun vi elektis. Ĉu vi prenus ĝin?"
4557c47a615d9810,L08 Conrad,Conrad_idle_3_2,2,Conrad,Dooo. Ĉu vi masturbos min?
7e079188b55eb03d,L08 Conrad,Conrad_idle_3_2,3,Conrad,Dankon pro tio. Sentiĝis damne bone.
# --- jerkoff: Conrad_started_jerkoff_3 ---
ccd88381d07a0b21,L08 Conrad,Conrad_started_jerkoff_3,1,Conrad,"Ha jes, jen la ĝusta afero.. daŭrigu."
# --- cum: Conrad_finished_jerkoff_3 ---
10069c101bcc95c1,L08 Conrad,Conrad_finished_jerkoff_3,1,Conrad,...!
82d37703a9140210,L08 Conrad,Conrad_finished_jerkoff_3,2,Conrad,"Damne, vi scias kiel uzi viajn manojn."
95be71f702fae4a6,L08 Conrad,Conrad_finished_jerkoff_3,5,Kobold,Ha... <size=70%> jes.
b60c2f975eedb833,L08 Conrad,Conrad_finished_jerkoff_3,6,Kobold,Kompreneble jes. Mi estas <i>profesiulo</i>.
f9e0d3cba1f3548e,L08 Conrad,Conrad_finished_jerkoff_3,7,Conrad,"Ĉiam bonas, kiam koboldo scias, kion ĝi ŝatas."
0eb2a1e25a35e85e,L08 Conrad,Conrad_finished_jerkoff_3,8,Conrad,Ankaŭ mi estas.
83d081eadc40b86b,L08 Conrad,Conrad_finished_jerkoff_3,10,Conrad,Pri ricevado de manfikoj.
# --- cum: Conrad_Outro_3 | if $conrad_jerked_off_3 $conrad_used_mount_3 ---
6f64e0cc9b162541,L08 Conrad,Conrad_Outro_3,1,Conrad,"He, do. Mi pensadis"
dd5acacdb6c59489,L08 Conrad,Conrad_Outro_3,2,Conrad,Eble ŝajnas iom strange demandi nun. Seeeed.
7f39f874a107d858,L08 Conrad,Conrad_Outro_3,3,Conrad,"Ĉu vi konas bonajn lokojn, homojn, kun kiuj mi povus pasigi tempon?"
df48dbfe82678dea,L08 Conrad,Conrad_Outro_3,4,Kobold,"<gradient=""gold""><b> Mi konas drakon, Ryan. Mi povus kunigi vin du? </b></gradient><size=70%>(Malŝlosas Conrad/Ryan-amoraĵon AŬ Ryan-romancon)"
7b870878852ee72d,L08 Conrad,Conrad_Outro_3,5,Kobold,"<gradient=""gold""><b> Mi volonte pasigus tempon kune... </b></gradient><size=70%> (Malŝlosas Conrad-romancon)"
ac6820f366b18b44,L08 Conrad,Conrad_Outro_3,6,Conrad,Alia drako? Kutime mi ne vere bone interrilatas...
de6f58682bdaacf9,L08 Conrad,Conrad_Outro_3,7,Kobold,"Ho, ne. Ryan estas dolĉulo."
d4185d9f80a34228,L08 Conrad,Conrad_Outro_3,8,Kobold,"Ne zorgu, li estas vere afabla."
9df619228ba627fc,L08 Conrad,Conrad_Outro_3,9,Conrad,"Bone. Do mi kredas, ke mi volus provi."
d88679eede302f8e,L08 Conrad,Conrad_Outro_3,10,Kobold,"Mi nepre demandos lin la venontan fojon, kiam mi vidos lin."
7984d45df6290f6c,L08 Conrad,Conrad_Outro_3,11,Kobold,"Mi kredas, ke li ŝatus la novan vin!"
bf35fcb679c816dd,L08 Conrad,Conrad_Outro_3,12,Conrad,Dankon. Mi vere dankus tion
d32db8ee98680d0f,L08 Conrad,Conrad_Outro_3,13,Conrad,Mi esperas. Mi vere volas freŝan komencon kun iu.
8623a4b26a9521d8,L08 Conrad,Conrad_Outro_3,14,Conrad,Sed mi verŝajne devas foriri.
30dcd5391100eeba,L08 Conrad,Conrad_Outro_3,15,Conrad,Dankon pro la sugesto!
f1ad7345d30997b4,L08 Conrad,Conrad_Outro_3,16,Kobold,Ne necesas danki. Mi prizorgos la pordegon.
404cba15a4acdcfe,L08 Conrad,Conrad_Outro_3,17,Kobold,Kompreneble.
8bf9f7d2ecce0105,L08 Conrad,Conrad_Outro_3,18,Conrad,Ooooh.
8929fe2569ae7455,L08 Conrad,Conrad_Outro_3,19,Conrad,"Mi kredas, ke tio plaĉus al mi!"
2358a2257260501f,L08 Conrad,Conrad_Outro_3,20,Conrad,Vi estas sufiĉe seksalloga.
c650e0aadadba99c,L08 Conrad,Conrad_Outro_3,21,Conrad,...kaj afabla.
296f2ab03f8676ef,L08 Conrad,Conrad_Outro_3,23,Kobold,Ankaŭ mi opinias vin speciala.
17cf3cc7179b6817,L08 Conrad,Conrad_Outro_3,24,Conrad,"Tio... estas la unua fojo, kiam vi jipis por mi."
c2599750a4dd9247,L08 Conrad,Conrad_Outro_3,25,Kobold,Ĝi signifas 'vi bone laboras' en koboldlingvo.
6f2ff920e860570d,L08 Conrad,Conrad_Outro_3,26,Conrad,Ho... ha. Tio plaĉas al mi.
8b7bdfb88553e72f,L08 Conrad,Conrad_Outro_3,27,Conrad,Bonfaras al mi aŭdi tion.
e8ae0da9edb0a314,L08 Conrad,Conrad_Outro_3,28,Conrad,Do. Kion pri rendevuo?
781cbcfcd7920f3f,L08 Conrad,Conrad_Outro_3,29,Kobold,Tio estas rapida... Sed mi kredas ke jes!
5f9a2b795615ba6a,L08 Conrad,Conrad_Outro_3,30,Kobold,Jes.
508f3cf175389841,L08 Conrad,Conrad_Outro_3,31,Conrad,"Mi kredas, ke mi volus provi!"
c282dd1133ff96d4,L08 Conrad,Conrad_Outro_3,32,Conrad,Bone! Do mi revenos poste.
bfc65061708379d6,L08 Conrad,Conrad_Outro_3,33,Kobold,"<size=70%><i> sankta fek', mi ĵus kaptis rendevuon kun drako."
cf78ef26075ae223,L08 Conrad,Conrad_Outro_3,34,Kobold,Jes ja! Mi prizorgos la pordegon.
6b8aa4fb55221728,L08 Conrad,Conrad_Outro_3,35,Conrad,Hmm?
c395eb5878798c08,L08 Conrad,Conrad_Outro_3,36,Kobold,Ho! nenio. Mi prizorgos la pordegon.
102e28eb7d17c7dd,L08 Conrad,Conrad_Outro_3,37,Conrad,"Ho, bone. Dankon."
ca518354e1f14735,L08 Conrad,Conrad_Outro_3,38,Conrad,"Bone, dankon."
# --- cum: Conrad_finished_jerkoff_3 ---
5dffcc40132f0ec4,L08 Conrad,Conrad_finished_jerkoff_3,11,Conrad,Nun mi okulumas la stablon...
45c2b89acdcfd55d,L08 Conrad,Conrad_finished_jerkoff_3,12,Conrad,Lasu min provi ĝin!
57725c300be82fa5,L08 Conrad,Conrad_finished_jerkoff_3,13,Kobold,"Ho, bone. Mi iros preni ĝin."
1976e7477a26b680,L08 Conrad,Conrad_finished_jerkoff_3,14,Kobold/Ryan,Certe!
9e50b8e48f012f1f,L08 Conrad,Conrad_finished_jerkoff_3,15,Conrad,"Diable, jes"
# --- mount_start: Conrad_placed_mount_3 ---
b9778eb1fe076168,L08 Conrad,Conrad_placed_mount_3,1,Conrad,Ha! Jen la stablo!
86b1b615d536c6c9,L08 Conrad,Conrad_placed_mount_3,2,Conrad,Do<size=90%>o<size=80%>o<size=70%>o<size=60%>o... <size=100%>Mi ne estas malpura. Sed mi ja estas <i>~malĉasta~</i> ĉu vi komprenas?
449244744c8bbd8a,L08 Conrad,Conrad_placed_mount_3,3,Kobold,Do vi venis nur por...
f8c28806b84cad3d,L08 Conrad,Conrad_placed_mount_3,4,Kobold,Jes. Ĝi ne estis tro multekosta.
cd4ecc87775c0780,L08 Conrad,Conrad_placed_mount_3,5,Conrad,Fiki ion kaj poste espereble ricevi manfikon.
01e3f480dfe7930d,L08 Conrad,Conrad_placed_mount_3,6,Conrad,Ricevi manfikon kaj fiki ĉi tiun stablon.
7f9240260973e0ce,L08 Conrad,Conrad_placed_mount_3,7,Kobold,Vi estas... tre senĝena.
e0b48878cb57c01f,L08 Conrad,Conrad_placed_mount_3,8,Conrad,"Kompreneble mi estas! Mi scias, ke mi estas tre..."
1bd882b6a6343777,L08 Conrad,Conrad_placed_mount_3,9,Conrad,Bonega.
557321787688acff,L08 Conrad,Conrad_placed_mount_3,11,Conrad,Ĉiukaze. Mi nun uzos ĉi tiun aĵon!
78e9c032e409d82d,L08 Conrad,Conrad_placed_mount_3,12,Conrad,"Ha, bone. Ni enfunkciigu ĉi tiun aĵon!"
# --- mount_finish: Conrad_finished_mount_3 ---
81b18a3cc2f69ea7,L08 Conrad,Conrad_finished_mount_3,1,Conrad,Uf.
748b06c5c3f0552b,L08 Conrad,Conrad_finished_mount_3,2,Conrad,Tio.
e92da2c203110197,L08 Conrad,Conrad_finished_mount_3,3,Conrad,Tio sentiĝis <i>bone</i>.
bcd00a8f7b94c7f1,L08 Conrad,Conrad_finished_mount_3,4,Kobold,Vi vere fervoris pri tio.
67d7d2492d388d84,L08 Conrad,Conrad_finished_mount_3,5,Kobold,"Ŝajnis, ke vi bone ĝuis vin."
65e7a40050eb4acf,L08 Conrad,Conrad_finished_mount_3,6,Conrad,Mi ĉiam ĝuas~
5c9126f1405a306c,L08 Conrad,Conrad_finished_mount_3,7,Conrad,"Diable, jes, mi ĝuis!"
d45c21a765584d3b,L08 Conrad,Conrad_finished_mount_3,8,Kobold,Tio bonas... Kaj nun?
ae7bb31b012d1f51,L08 Conrad,Conrad_finished_mount_3,9,Conrad,"Nun, dua raŭndo!"
18b0b44df315e792,L08 Conrad,Conrad_finished_mount_3,10,Kobold,Denove...?
f395d053e5dcf326,L08 Conrad,Conrad_finished_mount_3,11,Conrad,"Ne ne, vi estas atestita purigisto, ĉu ne?"
5117686f8d936e47,L08 Conrad,Conrad_finished_mount_3,12,Conrad,"Tio signifas, ke vi scias kiel mane labori!"
a441237f7aea8d53,L08 Conrad,Conrad_finished_mount_3,13,Kobold,oa. <size=70%>bone.
d2e773775c5bf598,L08 Conrad,Conrad_finished_mount_3,14,Kobold,Ĝuste. Mi tuj ekfaros tion.
d126a37255fb8144,L08 Conrad,Conrad_finished_mount_3,15,Conrad,"Ha. Jes. <size=70%><i>Bonege, ke oni lernas masturbi drakojn en la puriga lernejo..."
fba1924f5f79713e,L08 Conrad,Conrad_finished_mount_3,16,Conrad,"Nu, bonŝancon ĉirkaŭpreni min tutan per viaj manoj."
# --- mount_finish: Conrad_OutroDirty ---
9b363afaa9dc8a5f,L08 Conrad,Conrad_OutroDirty,1,Conrad,Mi ankoraŭ estas tute malpura!
44aa54eec876d22e,L08 Conrad,Conrad_OutroDirty,2,Kobold,"Ho, mia kulpo"
85d8ae405abc5722,L08 Conrad,Conrad_OutroDirty,3,Kobold,Ups
# --- mount_finish: Conrad_OutroSoapy ---
d7bb84bfc322967e,L08 Conrad,Conrad_OutroSoapy,1,Conrad,Mi ankoraŭ estas tute sapkovrita!
# --- mount_finish: ErrorHasOccurred ---
9241fa9324783298,L08 Conrad,ErrorHasOccurred,1,ErrorHasOccurred,Ho fke io misfunkciis
fbc99d34c317d087,L08 Conrad,ErrorHasOccurred,2,ErrorHasOccurred,"se vi vidas ĉi tion, bonvolu voki nael-on aŭ sendi cimraporton"
be7e08152c8d1556,L08 Conrad,ErrorHasOccurred,3,ErrorHasOccurred,pardonu!
# --- mount_finish: Conrad_Outro | if $conrad_jerked_off_3 $conrad_used_mount_3 ---
c571db95fc1e4f78,L08 Conrad,Conrad_Outro,4,Conrad,"Ahh, tute purigita kaj kun pli malpeza ŝarĝo."
e374c1b3adfa0cf8,L08 Conrad,Conrad_Outro,5,Conrad,"Dankon, kamarado, do ĝis morgaŭ."

# ===== Level 9: Alexander (Sunny) =====
# --- intro: Alexander_3_intro ---
36cd0d2b83086eeb,L09 Alexander,Alexander_3_intro,1,Alexander/Conrad,Saluton al vi.
bc15783521246457,L09 Alexander,Alexander_3_intro,2,Kobold/Alexander,Alexander!
3cbf350078abb1bf,L09 Alexander,Alexander_3_intro,3,Kobold,"He, bonvenon denove!"
516ad83185e96dfb,L09 Alexander,Alexander_3_intro,4,Alexander,"Haha, jes. Mi ĝojas vidi vin."
f1d9c9797985d9a2,L09 Alexander,Alexander_3_intro,5,Alexander,Mi ĝojas reveni.
9f59b5e841a0d2ad,L09 Alexander,Alexander_3_intro,6,Alexander,"Ŝajnas, ke mi kovris min per inko!"
fda3c419d5174cb2,L09 Alexander,Alexander_3_intro,7,Alexander,"Vere terure, ĉu ne?"
b5d76009b084e709,L09 Alexander,Alexander_3_intro,8,Kobold,"Nu, ĝuste tial mi estas ĉi tie!"
4f921c2b968fe884,L09 Alexander,Alexander_3_intro,9,Kobold,"Ho ve, vi vere estas kovrita per ĝi!"
256ae0739ddd2dbc,L09 Alexander,Alexander_3_intro,10,Alexander,"Efektive! Vi estas la sola koboldo, kiun mi nun deziras lavi min."
f114f26d23d53dc1,L09 Alexander,Alexander_3_intro,11,Kobold,"Aj, dankon, Alexander."
1f01b93ae3777189,L09 Alexander,Alexander_3_intro,12,Kobold,Kio pri viaj privataj lavistoj?
92b7fef7172975fa,L09 Alexander,Alexander_3_intro,13,Alexander,Kompreneble! Vi mastrumas bonegan establon.
df2a4df0381808af,L09 Alexander,Alexander_3_intro,14,Alexander,Vi ne devas zorgi. La lavista sindikato estas... Pli potenca ol mi.
1bdc19a56262fbc5,L09 Alexander,Alexander_3_intro,15,Alexander,<size=70%>Ili ankoraŭ ricevas mian salajron.
b0134babb7e75550,L09 Alexander,Alexander_3_intro,16,Alexander,Sufiĉe bona preteksto por vidi mian plej ŝatatan koboldon.
7d926d6395419270,L09 Alexander,Alexander_3_intro,17,Kobold,Aj... Dankon!
6ad0fe6dcc2efa30,L09 Alexander,Alexander_3_intro,19,Alexander,"Kompreneble, vi mastrumas bonegan establon."
f38b3b8fcf6bf031,L09 Alexander,Alexander_3_intro,20,Alexander,Kion? Neniu damaĝo venas de sincera komplimento!
350955b9410d95a5,L09 Alexander,Alexander_3_intro,21,Kobold,"Mi neniam atendis, ke vi estus tia malordema tipo!"
3cf6fd8e7e50386c,L09 Alexander,Alexander_3_intro,22,Kobold,Kial vi estas kovrita per inko?
5d2cee363540fc7a,L09 Alexander,Alexander_3_intro,23,Alexander,Mi... hm.
26b3089f5ee4a463,L09 Alexander,Alexander_3_intro,24,Alexander,Mi <i>kredas </i> ke mi certe renversis inkujon <i>survoje ĉi tien</i>. Sufiĉe mallerte de mi!
7f1cf0605a577a0a,L09 Alexander,Alexander_3_intro,25,Kobold,"'kredas', 'survoje ĉi tien'? Do vi ne estis kovrita per inko antaŭe..."
b356a126e4318643,L09 Alexander,Alexander_3_intro,26,Alexander/Kobold/Ryan,Ho.
cd5592e5e3140daa,L09 Alexander,Alexander_3_intro,27,Alexander,Ĝuste.
2a0200c46ee1b662,L09 Alexander,Alexander_3_intro,29,Alexander,"Verdire, mi malpurigis min por veni ĉi tien."
b4d680dde83d7847,L09 Alexander,Alexander_3_intro,30,Kobold,Aaaj. Vi ne bezonas esti kovrita per inko por saluti!
42d72aa4b0b39750,L09 Alexander,Alexander_3_intro,31,Kobold,Ho! Do mi prefere enlasu vin. Mi iros al la pordego.
9eb8cd756595cf24,L09 Alexander,Alexander_3_intro,32,Alexander,Ĉu vere?
5f9846717183dcc1,L09 Alexander,Alexander_3_intro,33,Alexander,"Mi memoros tion. Mi kutimas, ke aferoj estas transakciaj."
2ea5b920a0a9a519,L09 Alexander,Alexander_3_intro,34,Kobold,Mi ĉiam ĝojas vidi vin. Mi iros malfermi la pordegon por vi.
# --- progress: Alexander_3_required ---
a59f7f35644dcdbb,L09 Alexander,Alexander_3_required,1,Alexander,"Profesoro Igwyx- Mia kolego, kiu memflamiĝis antaŭe."
10b4110dad07d576,L09 Alexander,Alexander_3_required,2,Alexander,Li jam revenis al la laboro. Dankon pro via helpo pri ĉio tio.
b8baebdff88a847f,L09 Alexander,Alexander_3_required,3,Kobold,"Jes, tio estis timiga komence."
a2aff5b173ae96bb,L09 Alexander,Alexander_3_required,4,Kobold,"Ho, bone. Mi ĝojas, ke li fartas bone."
4b29556a255aea95,L09 Alexander,Alexander_3_required,5,Alexander,"Feliĉe, morto per spontanea bruliĝo estas koncepto, kiun ni funde limigis en la moderna mondo."
ababfd6e7703460e,L09 Alexander,Alexander_3_required,6,Alexander,"Efektive. Mi ĝojas, ke vi povis helpi."
69f278cd5a2eb111,L09 Alexander,Alexander_3_required,7,Alexander,...Estas strange povi paroli tiel libere kun iu.
6221337862dcba2c,L09 Alexander,Alexander_3_required,8,Alexander,"Mi sentas, kvazaŭ mi povus diri ion ajn al vi."
cecec36c55a564ee,L09 Alexander,Alexander_3_required,9,Kobold,Ion ajn?
7dbde0758389bd7b,L09 Alexander,Alexander_3_required,11,Alexander,Jes. Estas vigliga esti tiel sincera.
9bc918ab274337a8,L09 Alexander,Alexander_3_required,12,Alexander,"Iel tio sentiĝas pli honesta ol io ajn, kion iu alia diras."
35af415ffcb7f757,L09 Alexander,Alexander_3_required,13,Alexander,Diru...
c66fb72552f1fa4c,L09 Alexander,Alexander_3_required,14,Alexander,Mi havas demandon.
bbff7b98d6da7061,L09 Alexander,Alexander_3_required,15,Kobold,Kio ĝi estas?
834032dfb827138e,L09 Alexander,Alexander_3_required,16,Kobold,Kio okazas?
71291e2e0c7ce300,L09 Alexander,Alexander_3_required,17,Alexander,Ĉu vi povus demandi <i>min</i> ion?
c8ac7dce03b1b9b7,L09 Alexander,Alexander_3_required,18,Kobold,Kion vi volas diri?
10f232e68c0c0443,L09 Alexander,Alexander_3_required,19,Kobold,Kian demandon?
5956cbc43e2c8c2b,L09 Alexander,Alexander_3_required,20,Alexander,"Mi nur deziras, ke vi demandu min ion. Ian ajn demandon."
7bf3b1fff483809e,L09 Alexander,Alexander_3_required,21,Alexander,Ion ajn. Mi nur scivolas.
# --- progress: Alexander_questions ---
9da08a79c3f86ee0,L09 Alexander,Alexander_questions,1,Kobold,Kia estas instruado?
337d9f85511815eb,L09 Alexander,Alexander_questions,2,Kobold/Alexander,Ĉu vi ŝatas purpuron?
70523c9a506d9676,L09 Alexander,Alexander_questions,3,Kobold,Ĉu vi ŝatas esti granda?
3fbd83d375d6fa05,L09 Alexander,Alexander_questions,4,Kobold,Kian guston havas la numero 7?
767b6d6bdc5b806a,L09 Alexander,Alexander_questions,5,Kobold,Kion vi pensas pri mi?
8ed9fdad93b0f690,L09 Alexander,Alexander_questions,6,Kobold,Ĉu vi estas feliĉa?
e5263ec7185a5166,L09 Alexander,Alexander_questions,7,Kobold,Via blazono estas bonega. Kio ĝi estas?
bc116106c2929c42,L09 Alexander,Alexander_questions,8,Kobold,"Tio estas ĉio, kion mi volas demandi."
a04d5511812a415b,L09 Alexander,Alexander_questions,9,Alexander,Ĝi estas mia revo.
6861f7c274e3de2c,L09 Alexander,Alexander_questions,10,Alexander,Mi ĝuas esti parto de la vivoj de tiom da individuoj en pozitiva maniero.
8743d170a315e668,L09 Alexander,Alexander_questions,11,Alexander,"...Estas timige scii, kiom ili admiras min."
7aebce70febcfb8c,L09 Alexander,Alexander_questions,12,Alexander,Kaj ne nur fizike.
0ad864ff0c0b3f21,L09 Alexander,Alexander_questions,13,Kobold,Kiajn kursojn vi instruas?
24244e96851180ca,L09 Alexander,Alexander_questions,14,Kobold,Vi donas bonan ekzemplon.
f58328ac8301872f,L09 Alexander,Alexander_questions,15,Alexander,Ĉefe alĥemion. Foje mondhistorion.
771e997edf959694,L09 Alexander,Alexander_questions,16,Alexander,Mi ankaŭ provas eniri la sociajn sciencojn.
9986ef8860d34d9e,L09 Alexander,Alexander_questions,17,Alexander,Ĝuste tio estas terura.
e947bbc260ec1dad,L09 Alexander,Alexander_questions,18,Alexander,"Mi ĝuas, ke mi ne timas malsukceson apud vi."
818a4fe04a76ce19,L09 Alexander,Alexander_questions,19,Alexander,"Ĉu vi demandas, ĉar mi estas lavendkolora?"
54a1b0b8e5f6fa32,L09 Alexander,Alexander_questions,20,Kobold,Jes.
046427d028c69e4b,L09 Alexander,Alexander_questions,21,Kobold,Ne.
b849ed1e855cd6f5,L09 Alexander,Alexander_questions,22,Alexander,"Nu, mi ja ĝuas la koloron. Sed mi kredas, ke tio ne rilatas al mia nuanco."
bbb1e1b8cec716b3,L09 Alexander,Alexander_questions,23,Alexander,"Mi ja ĝuas la koloron. Kvankam mi kredas, ke ĝi ne rilatas al mia propra nuanco."
525ba3c4a2511183,L09 Alexander,Alexander_questions,27,Alexander,Ho. bone.
3885f7429496059d,L09 Alexander,Alexander_questions,29,Alexander,Ho. Bone.
8133434681c5d0c2,L09 Alexander,Alexander_questions,31,Alexander,Tio estas malfacile respondebla demando.
a3e6072e41a2ff07,L09 Alexander,Alexander_questions,32,Alexander,Mi ĝuas partojn de ĝi. La respekto estas agrabla...
b1ca0efdea534b71,L09 Alexander,Alexander_questions,33,Alexander,"Tamen, tiu respekto venas kun atendo konduti kiel mi aspektas. Estas nekredeble streĉe."
186edb7d24ea9459,L09 Alexander,Alexander_questions,34,Kobold,Vi povas konduti kiel ajn vi volas apud mi.
1a6be1fd03e5ae6f,L09 Alexander,Alexander_questions,35,Kobold,"Mi ŝatas vin pro tio, kiu vi estas."
08063aff652b7108,L09 Alexander,Alexander_questions,36,Alexander,Estas sufiĉe afable de vi diri tion.
4f9390dd28090827,L09 Alexander,Alexander_questions,37,Alexander,Mi volas esti pli malferma. Tio sentiĝas bone.
b38834ce4594ad5c,L09 Alexander,Alexander_questions,38,Alexander,Flava limeo.
5f6bb166b079c336,L09 Alexander,Alexander_questions,39,Kobold,Neeble.
aac4af2b645cf88e,L09 Alexander,Alexander_questions,40,Kobold,Ĉu... citrono?
0ee250681eda1a08,L09 Alexander,Alexander_questions,41,Alexander,'Ja eble'. Pri nenio mi estas pli certa.
b83a1658171971d7,L09 Alexander,Alexander_questions,42,Alexander,"Ne. Limeo, kiu estas flava."
a87e0094e62cb429,L09 Alexander,Alexander_questions,43,Kobold,Vi estas la profesoro ĉi tie. Do certe prave.
e154199e27c1d4a3,L09 Alexander,Alexander_questions,45,Alexander,"Tio estas apelacio al aŭtoritato, logika eraro. Sed jes. Mi pravas."
0c137b35abd3f637,L09 Alexander,Alexander_questions,47,Alexander,Vi estas...
d4efe0db738b52b5,L09 Alexander,Alexander_questions,48,Alexander,Anomalio.
55c3e5daec20a64d,L09 Alexander,Alexander_questions,49,Kobold,He?
2c291db1ddbe2b9d,L09 Alexander,Alexander_questions,50,Kobold,Ĉu tio estas bona afero...?
df2bc10ba434d57e,L09 Alexander,Alexander_questions,51,Alexander,"En la senco, ke vi estas unika."
019d328b739d99e6,L09 Alexander,Alexander_questions,52,Kobold,Ĉu en bona senco?
c2667b3b3dc54c1a,L09 Alexander,Alexander_questions,53,Kobold,Ĉu en malbona senco?
4f9b4a3cd9b0261a,L09 Alexander,Alexander_questions,54,Alexander,Kompreneble! Vi estas mirinda.
ebb1884c75b23e27,L09 Alexander,Alexander_questions,55,Alexander,Je la steloj! Ne ne. Vi estas bonega.
3b2c32e616b24822,L09 Alexander,Alexander_questions,56,Alexander,Efektive. Vi estas bonega kunulo.
7e6a62b6d8659273,L09 Alexander,Alexander_questions,57,Alexander,"Vi estas la unua persono, kiun mi renkontis, kies sola atendo estas, ke mi estu..."
c48241cd21bb0d91,L09 Alexander,Alexander_questions,58,Alexander,Mi mem.
5a4d28241178ab01,L09 Alexander,Alexander_questions,59,Alexander,Mi estas.
216bb6e650af4cfc,L09 Alexander,Alexander_questions,60,Alexander,"Mi kredas, ke tio estas parte danke al vi."
91ff270d6aaba6a4,L09 Alexander,Alexander_questions,61,Kobold,Sed mi estas nur via lavisto?
f06f453ab3d6251f,L09 Alexander,Alexander_questions,62,Kobold,Tio estas tre dolĉa.
8c2bdfa25fbde4ed,L09 Alexander,Alexander_questions,63,Alexander,"Mi scias. Sed la kapablo malfermiĝi al iu, eĉ nur foje-"
61639ef55caefda4,L09 Alexander,Alexander_questions,64,Alexander,Ĝi faras mirindaĵojn.
22c1ab2eb72e5b44,L09 Alexander,Alexander_questions,66,Alexander,"La kapablo malfermiĝi al iu, eĉ nur foje..."
439d8da114ab9162,L09 Alexander,Alexander_questions,68,Alexander,Mi dankas vin pro tio.
33d3f6495bad4d3c,L09 Alexander,Alexander_questions,69,Alexander,"Ho, la blazono ĉirkaŭ mia kapo?"
91d69b4f1f9739cb,L09 Alexander,Alexander_questions,70,Alexander,"Multaj pensas, ke ĝi estas parto de mia korpo."
dd0f2ff5e303f61a,L09 Alexander,Alexander_questions,71,Alexander,"Tamen, ĝi estas ornama! Mia familia blazono. Vidu..."
7271f9e9b21e5401,L09 Alexander,Alexander_questions,72,Alexander,"Draka historio estas kompleksa. Ornamaj blazonoj <size=85%> estas ofte <size=70%> portataj de drakoj por <size=55%>montri al kiu familio ili apartenas! <size=40%> Estas interesa marko de ilia kultura <size=35%> kaj familia heredaĵo. Mi ofte demandis min, ĉu mi daŭre portu la mian. <size=20%> Sed kulturaj kaj familiaj ligoj estas konsiderataj gravaj ene de la draka tradicio! do mi devas obei tiajn aferojn. <size=10%> Akvo. Tero. Fajro. Aero. Antaŭ longe, la kvar nacioj kunvivis en harmonio. Poste ĉio ŝanĝiĝis, kiam la Fajra Nacio atakis."
0006b6926947b91b,L09 Alexander,Alexander_questions,74,Kobold,Ĉu vi povas ripeti tion?
b6d573339ec0b66b,L09 Alexander,Alexander_questions,75,Alexander,"Ha, pardonu, mi pasiiĝas pri tiaj aferoj."
9909f3ea3dffb93e,L09 Alexander,Alexander_questions,76,Alexander,"Mi ĝojas, ke mia blazono plaĉas al vi."
e5bccc3a053371ce,L09 Alexander,Alexander_questions,77,Alexander,...Ne
# --- progress: Alexander_3_required_end | if $has_asked_question ---
c225b2626bb24d2c,L09 Alexander,Alexander_3_required_end,1,Alexander,"Dankon pro la demandoj. Estas agrable, ke oni demandas al mi personajn aferojn."
# --- jerkoff: Alexander_3_JerkOff_Start ---
8342e51e14980481,L09 Alexander,Alexander_3_JerkOff_Start,1,Alexander,"Ho ve- Mi ne atendis, ke vi estus tiel... mane entreprenema"
ce664ef00487ef78,L09 Alexander,Alexander_3_JerkOff_Start,2,Alexander,<size=70%><i>bonvolu daŭrigi-</i>
# --- cum: Alexander_3_Cum ---
85503a54fcc74839,L09 Alexander,Alexander_3_Cum,1,Alexander,Uunf. T-tio estis... Sufiĉe sendigna.
afa89c59eece65b9,L09 Alexander,Alexander_3_Cum,2,Alexander,<size=70%><i>sed estis agrable... Mi dankas vin.
# --- outro: Alexander_3_Outro ---
d96b34ffac75e750,L09 Alexander,Alexander_3_Outro,1,Alexander,Mi estas <i>senmakula</i>.
6dae153117be9e8a,L09 Alexander,Alexander_3_Outro,2,Kobold,Mi neniam preterlasas makulon.
941f66ab23bc1b9b,L09 Alexander,Alexander_3_Outro,4,Alexander,Mi bone konscias. Profunda purigado havas apartan senton!
4598878b44333749,L09 Alexander,Alexander_3_Outro,5,Alexander,Ĝuste tion mi ŝatas aŭdi.
7ea92f17440d2fae,L09 Alexander,Alexander_3_Outro,6,Alexander,Mi revenos denove. Estas agrable havi vin kiel amikon.
7bbef8475c6cdff7,L09 Alexander,Alexander_3_Outro,7,Kobold,Mi antaŭĝojas revidi vin baldaŭ.
17d54d35bc089567,L09 Alexander,Alexander_3_Outro,8,Kobold,"Mi ĝojas, ke vi sentas vin komforta ĉi tie."

# ===== Level 10: Ryan (Sunny) | ends PicnicCompleted =====
# --- intro: Ryan_4_intro ---
379060351b7eda00,L10 Ryan,Ryan_4_intro,1,Ryan,<b><i><size=130%>Ĉu vi sugestis Ryan al Conrad?
8a798890fe938171,L10 Ryan,Ryan_4_intro,2,Kobold,jes
9390298f3fb0c5b1,L10 Ryan,Ryan_4_intro,3,Kobold,ne
578f5563ae25f1ce,L10 Ryan,Ryan_4_intro,4,Kobold,Ŭaŭ... Kio estas tio en via buŝo?
c03386d6c9efb92a,L10 Ryan,Ryan_4_intro,5,Kobold,"He, Ryan, kion vi havas tie?"
d85dcd17cab55fde,L10 Ryan,Ryan_4_intro,6,Ryan,Piknika korbŝo-
b9c2f8ae41c83ebe,L10 Ryan,Ryan_4_intro,7,Ryan,Ne povaŝ bone paroli.
696058e475fae76a,L10 Ryan,Ryan_4_intro,8,Ryan,enlaŝu min?
1f843189eaccc2b6,L10 Ryan,Ryan_4_intro,9,Kobold,Ho! Bone. Mi malfermos la pordegon!
9cc8b0255238b35e,L10 Ryan,Ryan_4_intro,10,Kobold,"Ĝuste, mi tuj prizorgos tion por vi."
1facde273315d636,L10 Ryan,Ryan_4_intro,11,Ryan,Dankoŝ!
# --- picnic: Ryan_egg_dialog | if $food_number ---
ff7696a47d0cd4ed,L10 Ryan,Ryan_egg_dialog,1,Kobold,"ho mia dio, mi pensis, ke la ovo estis dekoracia."
76dddaed85a8d844,L10 Ryan,Ryan_egg_dialog,2,Kobold,Kia ovo tio estis?
9fe69182b150b8b1,L10 Ryan,Ryan_egg_dialog,3,Ryan,He? kompreneble ne!
f5d2571561dba2b0,L10 Ryan,Ryan_egg_dialog,4,Ryan,HO. Vi ne kutimas manĝi ilin tutaj.
718beb6db0dae659,L10 Ryan,Ryan_egg_dialog,5,Ryan,Tio estas la plej bona maniero manĝi ilin!
c03f60d1d7bd67e5,L10 Ryan,Ryan_egg_dialog,6,Ryan,Nu...
4a7cf2bb1bd01e0b,L10 Ryan,Ryan_egg_dialog,7,Ryan,Blua...?
640cee0646ecb66c,L10 Ryan,Ryan_egg_dialog,8,Ryan,Mi ne tre certas. Ĝi estis rabate ĉe WingCo.
f887a50c6f7d1edc,L10 Ryan,Ryan_egg_dialog,9,Ryan,Sed ĝi vere bongustis!
# --- picnic: ryan_food_dialogue ---
8b555a411ea346ec,L10 Ryan,ryan_food_dialogue,1,Ryan,Do... Mi pensadis pri miaj rilatoj.
03e1d33ec4a7f6e8,L10 Ryan,ryan_food_dialogue,2,Kobold,Kiel do?
f1676448791feef6,L10 Ryan,ryan_food_dialogue,3,Ryan,"Nu, pri la estonteco de miaj rilatoj."
9d2e28c9ae2ed8b4,L10 Ryan,ryan_food_dialogue,4,Ryan,Mi iom ekscitiĝas.
91b32d6180935501,L10 Ryan,ryan_food_dialogue,5,Kobold,"Nu, vi ja estas diable bona kapto."
e5d632fba39e2f0f,L10 Ryan,ryan_food_dialogue,6,Kobold,Mi ĝojas por vi!
d228097b23b352e6,L10 Ryan,ryan_food_dialogue,7,Ryan,"Ho, vi. Vi ruĝigos min."
d94d7310f7d31a45,L10 Ryan,ryan_food_dialogue,9,Ryan,Mi vere antaŭĝojas trovi novajn homojn.
1121175da09c0008,L10 Ryan,ryan_food_dialogue,10,Ryan,"Nun, ĉu pli da manĝaĵo?"
6ebac8131d5267ac,L10 Ryan,ryan_food_dialogue,11,Ryan,Hmm...
d2c7e6789d89f523,L10 Ryan,ryan_food_dialogue,13,Ryan,Mi pensadis.
67c0ce6aff865e1c,L10 Ryan,ryan_food_dialogue,14,Ryan,Estas malfacile trovi homojn ekster mia nuna rondo.
d7f23a9907b74860,L10 Ryan,ryan_food_dialogue,15,Ryan,"Nu, mi amas tiujn ĉirkaŭ mi, sed estas multe da pasinta ŝarĝo tie."
99daac47d7b305f6,L10 Ryan,ryan_food_dialogue,16,Ryan,Ĉu vi komprenas?
1b4b607607b8c988,L10 Ryan,ryan_food_dialogue,17,Kobold,Tio havas sencon.
dfcb7cbdb552d8f5,L10 Ryan,ryan_food_dialogue,18,Kobold,"Mi komprenas, kial vi sentus tiel post disiĝo, jes."
f574c59b56179de8,L10 Ryan,ryan_food_dialogue,19,Ryan,"Jes, ekde la disiĝo mi serĉas ion novan."
0febbd04cce87646,L10 Ryan,ryan_food_dialogue,20,Ryan,Eble iun?
b7fca6004f2d5325,L10 Ryan,ryan_food_dialogue,22,Ryan,Jes. Estas malfacile malimpliki grupojn post io tia.
8da113ef266e587f,L10 Ryan,ryan_food_dialogue,23,Ryan,Mi pretas fari tion. Sed mi ŝatus ion novan.
baf0df26ea4f2e81,L10 Ryan,ryan_food_dialogue,24,Ryan,Eble iun novan...
03ccd297eb346729,L10 Ryan,ryan_food_dialogue,25,Ryan,"...Pri tio, kion mi diris antaŭe."
1032684d93c794bf,L10 Ryan,ryan_food_dialogue,26,Kobold,Ĉu?
ace8c62e60ec2197,L10 Ryan,ryan_food_dialogue,27,Ryan,"Ĉu vi konas iun, kun kiu mi povus paroli? Nu... pri rilat-aferoj?"
0a7119cfe1246546,L10 Ryan,ryan_food_dialogue,28,Kobold,"<gradient=""gold""><b>Mi konas iun ruĝan drakon. Mi kredas, ke li plaĉus al vi! </b></gradient><size=70%> (Kunigas Ryan kun Conrad!)"
4a3b65400e54f8ff,L10 Ryan,ryan_food_dialogue,29,Kobold,"<gradient=""gold""><b>Ho. Nu. <size=70%> Mi ne kontraŭus... se tiu iu estus mi. </b></gradient><size=70%> (Fiksas la Ryan-romancon!)"
bb7a6be711206298,L10 Ryan,ryan_food_dialogue,30,Kobold,"<gradient=""gold""><b>Mi tuj ne pensas pri iu ajn.</b></gradient><size=70%> (Fiksas la Conrad-romancon!)"
a6a744d6d60ec400,L10 Ryan,ryan_food_dialogue,31,Ryan/Alexander/Kobold,Ĉu?
cbe8e4adc9ca52df,L10 Ryan,ryan_food_dialogue,32,Ryan,Kiu estas tiu?
ca545deecbd9950d,L10 Ryan,ryan_food_dialogue,33,Kobold,"Li estas VERE ĉarma ruĝa virdrako, kiu vizitas la lavejon!"
4a94ef80ae21582a,L10 Ryan,ryan_food_dialogue,34,Kobold,"Li estas ruĝa drako. Mi kredas, ke vi du plaĉus unu al la alia!"
0ea02ee3f0c5673d,L10 Ryan,ryan_food_dialogue,35,Ryan,"Ho! Mi kredas, ke mi vidis lin. La eta, ĉu ne?"
58b69c47fed8b38f,L10 Ryan,ryan_food_dialogue,36,Kobold,Li preferas 'vertikale defiata'... Sed jes.
3ae2d547c997ca01,L10 Ryan,ryan_food_dialogue,37,Kobold,Mhm! li provas renkonti novajn homojn.
474246952e0d1e50,L10 Ryan,ryan_food_dialogue,38,Ryan,Ho...
ed2ece6040ec8b40,L10 Ryan,ryan_food_dialogue,39,Ryan,Tio estas vere ĉarma.
c0fb8d4f93270198,L10 Ryan,ryan_food_dialogue,40,Ryan,"Ho, mirinde. Ŝajnas, ke ni similas."
82767de7e3e22a4a,L10 Ryan,ryan_food_dialogue,41,Ryan,"Mi kredas, ke mi volus renkonti lin!"
b423c91f4f75add4,L10 Ryan,ryan_food_dialogue,42,Kobold,Do mi kunigos vin du.
80c500f9c426d4cc,L10 Ryan,ryan_food_dialogue,43,Kobold,Mi tiel ĝojas. Mi kunigos vin du!
ec786c9a7656b0f9,L10 Ryan,ryan_food_dialogue,45,Ryan,"Ankaŭ mi, dankon!"
028dbc8d077c611f,L10 Ryan,ryan_food_dialogue,47,Ryan,<i>Ho...
ae590830c4c03fd1,L10 Ryan,ryan_food_dialogue,48,Ryan,"Mi kredas, ke mi ankaŭ volus, ke vi estu tiu iu."
b4066b4e58df8005,L10 Ryan,ryan_food_dialogue,49,Kobold,Do ĉu ĉi tio estas kvazaŭ... nia unua rendevuo?
8c7e5a49ec8fd685,L10 Ryan,ryan_food_dialogue,50,Kobold,Se mi estu honesta. Mi enamiĝetis al vi jam de iom da tempo.
710ea0057247cb51,L10 Ryan,ryan_food_dialogue,51,Ryan,"Mi supozas, ke jes!"
de4d091acdb6059c,L10 Ryan,ryan_food_dialogue,52,Ryan,"Ĉu vere? Aj, tio estas vere dolĉa."
35e3561cd36f36d6,L10 Ryan,ryan_food_dialogue,53,Ryan,"Mi ne sciis, ke iu povus tiom ŝati min tiel facile."
f05160456925af3f,L10 Ryan,ryan_food_dialogue,54,Ryan,"Vi estas ĉarma, cetere."
a01d64fcb9d7d3a5,L10 Ryan,ryan_food_dialogue,55,Kobold,Jes. <size=90%>Ho- <size=80%>vi scias. Mi estas kvazaŭ... <size=70%>Haha. Jes. Mhm!
65691ff38c85e57c,L10 Ryan,ryan_food_dialogue,56,Kobold,Ankaŭ vi estas!
d323e565ed8ea749,L10 Ryan,ryan_food_dialogue,57,Ryan,Mi ne intencis konfuzi vin!
145e6a2d848267cb,L10 Ryan,ryan_food_dialogue,58,Ryan,Mi nur... feliĉas.
0cc014df7d89d3e1,L10 Ryan,ryan_food_dialogue,59,Ryan,"Aj, dankon. Mi aspektas tiel bone nur pro viaj lavadoj!"
eea7bdf3ab3f251c,L10 Ryan,ryan_food_dialogue,60,Ryan,Mi... feliĉas.
d619413abc4a1de1,L10 Ryan,ryan_food_dialogue,61,Ryan,Ne gravas!
c2acc8d962a0c936,L10 Ryan,ryan_food_dialogue,62,Ryan,Sed kio pri vi? ĉu vi renkontadas iun?
2374bdd10aea40ba,L10 Ryan,ryan_food_dialogue,63,Kobold,"Estas iu ruĝa drako, Conrad. Li estas... flamiĝema, sed ĉarma."
58a5e5a5a9482e96,L10 Ryan,ryan_food_dialogue,64,Kobold,"Jes! Conrad, li estas adorinda. Kvankam li malamus, ke mi diris tion."
3d14bcafbc3f21c6,L10 Ryan,ryan_food_dialogue,65,Ryan,"Ho, jen la eta virdrako, kiun mi vidis enveni antaŭ iom, ĉu ne?"
882d8b921688234c,L10 Ryan,ryan_food_dialogue,66,Kobold,He! Li estas nur... 'vertikale defiata'.
1ce76f0141c9f53b,L10 Ryan,ryan_food_dialogue,67,Kobold,Mhm! jen li.
eeedcdd5eaa13110,L10 Ryan,ryan_food_dialogue,68,Ryan,"Ho, pardonu."
dcfc67b1e58c5a49,L10 Ryan,ryan_food_dialogue,69,Ryan,Li ŝajnas ĉarma!
94ff2c4b836f0aef,L10 Ryan,ryan_food_dialogue,70,Ryan,"Tio estas mirinda, li estas ĉarma!"
abe281ce74304803,L10 Ryan,ryan_food_dialogue,71,Ryan,"He, nu, dankon denove."
9144d5ad20e5a9e8,L10 Ryan,ryan_food_dialogue,72,Kobold,"Neniu problemo! Mi apenaŭ povas atendi, ke vi renkontu Conrad."
e39b086d1bff71b1,L10 Ryan,ryan_food_dialogue,73,Kobold,"Ne, mi dankas vin. Mi... vere ĝojas."
1f50e1361eaeacbf,L10 Ryan,ryan_food_dialogue,74,Kobold,Kompreneble! Dankon pro la manĝaĵo.
489184ee3c2573f9,L10 Ryan,ryan_food_dialogue,75,Ryan,"Ha, jes. Li sonas amuza."
28f3547a6af39629,L10 Ryan,ryan_food_dialogue,76,Ryan,"Mi nepre rakontos al vi, kiel ĝi iras, ĉu bone?"
fcd75c87b326482c,L10 Ryan,ryan_food_dialogue,77,Kobold,Mi ĝojas aŭdi pri tio!
a66a9f98f63d5aaf,L10 Ryan,ryan_food_dialogue,78,Kobold,Jes. Vi du estos ĉarmaj.
39619dc71b15dfde,L10 Ryan,ryan_food_dialogue,79,Ryan,Ĉi tio estis agrabla...
b2d03d0e5222d95c,L10 Ryan,ryan_food_dialogue,80,Ryan,"Ĝis baldaŭ, ĉu ne?"
17c800776b082018,L10 Ryan,ryan_food_dialogue,81,Kobold,Espereble! Mi iros al la pordego.
56372773e401e131,L10 Ryan,ryan_food_dialogue,82,Kobold,Jes! Dankon pro la manĝaĵo. Mi iros al la pordego.
97cffb9a377004b2,L10 Ryan,ryan_food_dialogue,83,Ryan,Jes... Mi neniam antaŭe rendevuis kun koboldo.
50ce0561192b6b01,L10 Ryan,ryan_food_dialogue,84,Ryan,"Sed mi jam scias, ke tio ĉi tre plaĉas al mi."
e823adcc22fd50c2,L10 Ryan,ryan_food_dialogue,85,Kobold,Vi tre plaĉas al mi.
62e851c911a254bb,L10 Ryan,ryan_food_dialogue,86,Kobold,"Jes, ĉi tio estis mirinde agrabla."
773c0ce37ffbb546,L10 Ryan,ryan_food_dialogue,87,Ryan,He. Jes. Ankaŭ vi plaĉas al mi.
1c6058ce1c7242cf,L10 Ryan,ryan_food_dialogue,88,Ryan,Ĝi vere estis. Vi estas mirinda.
32e4e8851f8ac398,L10 Ryan,ryan_food_dialogue,89,Ryan,"Dankon, ke vi dividis manĝaĵon kun mi..."
0a94f0c3b65c425c,L10 Ryan,ryan_food_dialogue,90,Ryan,Mi antaŭĝojas revidi vin
8c39f31ac476e20e,L10 Ryan,ryan_food_dialogue,91,Kobold,Mi ĉiam antaŭĝojas vidi vin. Mi iros al la pordego.
db8848bda5df285f,L10 Ryan,ryan_food_dialogue,92,Kobold,Ankaŭ vi! Mi iros al la pordego.
f0394a2181ae8df6,L10 Ryan,ryan_food_dialogue,93,Ryan,Bone! Ĝis baldaŭ.
d48a9423f250312c,L10 Ryan,ryan_food_dialogue,94,Ryan,"Do tiu Conrad, ŝajnas, ke li plaĉas al vi?"
6eb520b95e8c6388,L10 Ryan,ryan_food_dialogue,95,Kobold,Hehe jes.
c97f0b6b1b436f26,L10 Ryan,ryan_food_dialogue,96,Kobold,Li estas iom tro multe. Sed tio plaĉas al mi.
6525ecb4cd0f0eea,L10 Ryan,ryan_food_dialogue,97,Ryan,Tio estas ĉarma!
6943d0645de48850,L10 Ryan,ryan_food_dialogue,98,Ryan,Kio estas via plej ŝatata parto pri li?
a695d517f16d1719,L10 Ryan,ryan_food_dialogue,99,Kobold,"Li havas, nu. ENORMEGAN kacon."
dbeb304df456a424,L10 Ryan,ryan_food_dialogue,100,Kobold,"Li estas akratona, sed ankaŭ tenera!"
3c29c25f0a23d26a,L10 Ryan,ryan_food_dialogue,101,Kobold,"Li estas eta, mi ŝatas esti je lia okulnivelo."
0911d52bc2d9f70b,L10 Ryan,ryan_food_dialogue,102,Kobold,Mi ŝatas... lin.
4aa9ae5f4bbb8541,L10 Ryan,ryan_food_dialogue,103,Ryan,"Ho... Jes, pli etaj drakoj emas... kompensi."
7859d5c981752171,L10 Ryan,ryan_food_dialogue,104,Ryan,"Mmm, jes, mi konas la tipon."
d8c70d62d0457935,L10 Ryan,ryan_food_dialogue,105,Ryan,"Havas sencon! Jes, etaj virdrakoj estas amuzaj."
97a18e09f3f990c5,L10 Ryan,ryan_food_dialogue,106,Ryan,Aj... Tio estas vere dolĉa
fac3f85c3c835445,L10 Ryan,ryan_food_dialogue,107,Ryan,"Vi devos rakonti al mi, kiel vi du sukcesos!"
37e125daa86112bd,L10 Ryan,ryan_food_dialogue,108,Ryan,"Dankon, ke vi dividis manĝaĵon kun mi, vi estas bonega amiko."
120807e0d30c65d5,L10 Ryan,ryan_food_dialogue,109,Kobold,Dankon pro la manĝaĵo! Mi iros al la pordego.
94ddf87d22b36d07,L10 Ryan,ryan_food_dialogue,110,Kobold,"Ankaŭ vi estas bona amiko, mi iros al la pordego."
02ca8c073be8669d,L10 Ryan,ryan_food_dialogue,111,Ryan,"Bone, ĝis poste!"
# --- picnic: Ryan_grab_basket ---
3276ca6f923e3a2e,L10 Ryan,Ryan_grab_basket,1,Ryan,"Bleh. Dankon, ke vi prenis tion."
1790d1bc285d158f,L10 Ryan,Ryan_grab_basket,2,Kobold,Ĉu vi kunportis manĝaĵon?
fab7cff668586c9b,L10 Ryan,Ryan_grab_basket,3,Kobold,Ryan! tio estas tiel dolĉa.
3f519f6990d85e4d,L10 Ryan,Ryan_grab_basket,4,Ryan,"Jes! Ĝi enhavas manĝaĵon, kiu devus bongusti al ni ambaŭ."
38953523aa1d8dc9,L10 Ryan,Ryan_grab_basket,5,Ryan,"Hehe, dankon. Ĝi enhavas aferojn, kiuj devus bongusti al ni ambaŭ."
f44e62ce0d92a9c3,L10 Ryan,Ryan_grab_basket,6,Ryan,Kvankam la porcioj eble estas iom... drak-grandaj.
dbe7ccbf37aed06a,L10 Ryan,Ryan_grab_basket,7,Kobold,Kial vi kunportis ĉion ĉi?
96082d9f598cc1db,L10 Ryan,Ryan_grab_basket,8,Kobold,Ĉu vi eĉ bezonas lavadon?
5be9d07e2e19a321,L10 Ryan,Ryan_grab_basket,9,Ryan,Por vi!
eea2772cf2ab51f9,L10 Ryan,Ryan_grab_basket,10,Ryan,<size=70%> Kaj por mi.
5da686787e870bc2,L10 Ryan,Ryan_grab_basket,11,Ryan,"Ne, mi kredas ke ne."
dfdd49c96bf70312,L10 Ryan,Ryan_grab_basket,12,Ryan,Mi estas ĉi tie nur por alporti al vi manĝaĵon!
7efd9697b321d608,L10 Ryan,Ryan_grab_basket,13,Ryan,"Mi pensis alporti ion agrablan post ĉio, kion vi faris."
414c0f3bb81740f3,L10 Ryan,Ryan_grab_basket,14,Ryan,"Mi esperas, ke tio konvenas?"
097832ea20a37b63,L10 Ryan,Ryan_grab_basket,15,Kobold,Kompreneble jes!
460dbc14c8f22914,L10 Ryan,Ryan_grab_basket,17,Ryan,"Bonege, mi ĝojas."
6e1aac9408968a3c,L10 Ryan,Ryan_grab_basket,18,Ryan,"Tio certe signifas, ke jes! Mi ĝojas."
fe3e5d4e4925ddb6,L10 Ryan,Ryan_grab_basket,19,Ryan,Nun... Ĉu manĝaĵo?
# --- picnic: Ryan_grapes_dialog | if $food_number ---
46ca5d912bed1dcc,L10 Ryan,Ryan_grapes_dialog,1,Kobold,Tiuj vinberoj aspektis bongustaj.
33f099ac348159d4,L10 Ryan,Ryan_grapes_dialog,2,Kobold,"Ryan, oni ne devas manĝi la tigojn-"
174343e1e975e68b,L10 Ryan,Ryan_grapes_dialog,3,Ryan,Ili estis! Sed la tigo estas mia plej ŝatata parto.
976fdc62e4cbffcf,L10 Ryan,Ryan_grapes_dialog,4,Kobold,Ĉu tio ne estas... ligno?
8e4f1f66ab3b3860,L10 Ryan,Ryan_grapes_dialog,5,Kobold,Mi neniam provis ĝin.
d053df82397c2f86,L10 Ryan,Ryan_grapes_dialog,6,Ryan,"Jes, bongustas!"
c994875a9f5c8520,L10 Ryan,Ryan_grapes_dialog,7,Ryan,Kvankam vi verŝajne ne devus manĝi ilin.
025e9c74601a1a65,L10 Ryan,Ryan_grapes_dialog,8,Ryan,Drakaj stomakoj estas iom pli... fortikaj ol la via.
b689b40a79b968df,L10 Ryan,Ryan_grapes_dialog,9,Ryan,Vi verŝajne ne devus.
8d834797bd163119,L10 Ryan,Ryan_grapes_dialog,10,Ryan,Vi unue bezonus drakan stomakon!
27935fd7477eba77,L10 Ryan,Ryan_grapes_dialog,11,Ryan,Laŭ kiu?
0b71d27200d13a33,L10 Ryan,Ryan_grapes_dialog,12,Kobold,Laŭ mi?
47252f2c75dea9ef,L10 Ryan,Ryan_grapes_dialog,13,Kobold,Biologio...? <size=70%> <i>mi kredas?
5af35db6f8fe39ad,L10 Ryan,Ryan_grapes_dialog,14,Ryan,Nu...
79436a008466d243,L10 Ryan,Ryan_grapes_dialog,15,Ryan,Mi estas regul-rompanto!
49e7a64aec55ff2a,L10 Ryan,Ryan_grapes_dialog,16,Ryan,"Ne zorgu, drakoj estas faritaj por manĝi ion ajn."
5f82b968ccbb4aaa,L10 Ryan,Ryan_grapes_dialog,17,Ryan,Mi povas digesti preskaŭ ion ajn.
f9a3f85545840310,L10 Ryan,Ryan_grapes_dialog,18,Ryan,La tigo estas nur kroma manĝaĵo.
53494acb38981cff,L10 Ryan,Ryan_grapes_dialog,19,Ryan,Kvankam vinberoj ĉiam trafis apartan avidon.
77e53d1b1d33b9f0,L10 Ryan,Ryan_grapes_dialog,20,Ryan,"Ho, kaj ŝajnas, ke iom restis sur mia vizaĝo. ups."
# --- picnic: Ryan_ham_dialog | if $food_number ---
cb2d2f80636d8a49,L10 Ryan,Ryan_ham_dialog,1,Kobold,"RYAN, LA OSTO!"
523a9690a00a7803,L10 Ryan,Ryan_ham_dialog,2,Kobold,Vi vere manĝis la tutan aĵon... Ŭaŭ.
618839c9ee1f8a65,L10 Ryan,Ryan_ham_dialog,3,Ryan,Mmf- Hm?
5b917e0078e6beb0,L10 Ryan,Ryan_ham_dialog,4,Ryan,"Ho, tio estas mia plej ŝatata parto!"
7a41a3b5d6e1acf7,L10 Ryan,Ryan_ham_dialog,5,Kobold,Kiel vi eĉ digestas tion?
846f850b875979d4,L10 Ryan,Ryan_ham_dialog,6,Kobold,<size=60%> tio estas seksalloga.
f7d4b26ff67eee38,L10 Ryan,Ryan_ham_dialog,7,Ryan,Mi estas drako.
b86257f47d85426e,L10 Ryan,Ryan_ham_dialog,8,Ryan,"Mi estas sufiĉe certa, ke mi povas digesti ion ajn."
a165524a35a75706,L10 Ryan,Ryan_ham_dialog,9,Ryan,Ĉu jes? Bone scii...
db22d9512845d515,L10 Ryan,Ryan_ham_dialog,10,Ryan,Estas la plej bona maniero ĝui manĝaĵon.
a5af381d1ec66e2a,L10 Ryan,Ryan_ham_dialog,11,Ryan,Estas interese; vi dupieduloj emas malrapide gustumi viajn manĝojn.
180983e0a4f4e327,L10 Ryan,Ryan_ham_dialog,12,Ryan,Sed nenio superas grandan glutegon!
# --- picnic: Ryan_melon_dialog | if $food_number ---
e1d0d09daa3129d9,L10 Ryan,Ryan_melon_dialog,1,Ryan,Tiu estis preskaŭ tro granda-
8725851a4492f86f,L10 Ryan,Ryan_melon_dialog,2,Kobold,Vi eĉ ne malfermis la akvomelonon.
991947f3461b26a7,L10 Ryan,Ryan_melon_dialog,3,Kobold,Kiel ĝi gustis?
7d20121dc2fa0757,L10 Ryan,Ryan_melon_dialog,4,Ryan,Jeees.
41f87d2c55073e29,L10 Ryan,Ryan_melon_dialog,5,Ryan,Ups.
4fafd5a0c9f29d5f,L10 Ryan,Ryan_melon_dialog,6,Ryan,"Sed ĝi tamen bonis! Mi ŝatas, kiel ĝi sentiĝas glitante malsupren."
dc8488830f9d7192,L10 Ryan,Ryan_melon_dialog,7,Ryan,Mi forgesis mordi ĝin do... Nenio?
7dedd07a7558afa9,L10 Ryan,Ryan_melon_dialog,8,Ryan,Sed sentiĝis bone glitante malsupren!
8b4a775ae776722a,L10 Ryan,Ryan_melon_dialog,9,Kobold,<size=70%> ŭaŭ.
ef03f59f06da8fa4,L10 Ryan,Ryan_melon_dialog,10,Kobold,"Estas freneze, kiom via kolo povas elteni."
4fc09f2d61d5cc43,L10 Ryan,Ryan_melon_dialog,11,Ryan,Koboldoj ĉiam ŝajnas ravitaj de mia manĝado.
032ea150ccdf88be,L10 Ryan,Ryan_melon_dialog,12,Ryan,Tio estas ĉarma!
aad3715a2f685dc3,L10 Ryan,Ryan_melon_dialog,13,Ryan,Ĝi estas farita por manĝi aferojn tutaj.
b0a73a78b7d9045b,L10 Ryan,Ryan_melon_dialog,14,Kobold,<size=70%><i>Ĉu?
30ff5a696a0def56,L10 Ryan,Ryan_melon_dialog,16,Ryan,Mhm!
901c77872c53d308,L10 Ryan,Ryan_melon_dialog,18,Ryan,Jes! ĝi estas utila.
# --- jerkoff: Ryan_4_JerkOff_Start ---
2d434662c42f6a6c,L10 Ryan,Ryan_4_JerkOff_Start,1,Ryan,Ĉu vi certas...? Antaŭ la manĝaĵo?
031703a96ac0df8c,L10 Ryan,Ryan_4_JerkOff_Start,2,Ryan,He... bone.
# --- cum: Ryan_4_Cum ---
3b1c48772bd5889e,L10 Ryan,Ryan_4_Cum,1,Ryan,Huf... Tio estis agrabla... Sed mi iom malordigis.
# --- mount_start: Ryan_4_Mount_Start ---
2f31dcbcaa980550,L10 Ryan,Ryan_4_Mount_Start,1,Ryan,"Ŭaŭ... Ĉu vi volas, ke mi uzu tion? Eĉ kun la manĝaĵo? Bone!"
# --- mount_finish: Ryan_4_Mount_Finish ---
833d21b8cd952764,L10 Ryan,Ryan_4_Mount_Finish,1,Ryan,Mi iom malordigis... Tamen indis.

# ===== Level 11: Conrad (Sunny) =====
# --- intro: Conrad_Intro_4 ---
a67959dc39353129,L11 Conrad,Conrad_Intro_4,1,Conrad/Ryan/Alexander,Io misfunkciis kun la flagoj!
c1a949184675fa92,L11 Conrad,Conrad_Intro_4,2,Conrad/Ryan/Alexander,Bonvolu helpi la programistojn..
60f8f02dd7a80d00,L11 Conrad,Conrad_Intro_4,3,Kobold,conrad kuniĝis kun ryan
6e98155abad655c3,L11 Conrad,Conrad_Intro_4,4,Kobold,ludanto kuniĝis kun conrad
9cf9d4fc71363f68,L11 Conrad,Conrad_Intro_4,5,Kobold,ludanto kuniĝis kun ryan
67beed0c39e205b4,L11 Conrad,Conrad_Intro_4,6,Kobold,"He, Conrad!"
d22e2236304b2ef0,L11 Conrad,Conrad_Intro_4,7,Kobold,Kio igas vin aspekti tiel feliĉa?
6183e901a5a22ddc,L11 Conrad,Conrad_Intro_4,8,Kobold,"He, conrad!"
3c0eb60cca3b1422,L11 Conrad,Conrad_Intro_4,9,Conrad,"He, granda koboldo."
ad13467d89f77645,L11 Conrad,Conrad_Intro_4,10,Conrad,"Ĉu vi faris vian, nu..."
25aab860a8266c4c,L11 Conrad,Conrad_Intro_4,11,Conrad,Ĉu viaj skvamoj estas aliaj hodiaŭ? <size=70%><i>ĉu tio eĉ ekzistas...? </i><size=100%>Vi aspektas bone hodiaŭ.
42e1b9a73c953f33,L11 Conrad,Conrad_Intro_4,12,Kobold,Dankon! Kio estas tiu tuta... ŝlimo?
be118711068118d5,L11 Conrad,Conrad_Intro_4,13,Kobold,"Ha. Conrad, ankaŭ vi aspektas bone."
a4008861bf24c47d,L11 Conrad,Conrad_Intro_4,14,Kobold,Tio ne ekzistas... Sed dankon!
a951e05bf8506af1,L11 Conrad,Conrad_Intro_4,15,Conrad,Beroj.
765af85f1bd7eafe,L11 Conrad,Conrad_Intro_4,17,Conrad,"Ĉiukaze,"
199e91c738a75b4c,L11 Conrad,Conrad_Intro_4,18,Conrad,Damne prave jes!
926069483fd35835,L11 Conrad,Conrad_Intro_4,19,Conrad,Haha... Jes. Mi ne vere kutimas komplimenti.
8c9dc9229a7630ce,L11 Conrad,Conrad_Intro_4,20,Conrad,Mi bezonas nur rapidan lavadon... Eble ankaŭ la stablo estus agrabla.
3ee865676f6e4c99,L11 Conrad,Conrad_Intro_4,21,Kobold/Ryan,Ĉu vere?
5fae46a5c8669c29,L11 Conrad,Conrad_Intro_4,22,Kobold,Certe! Mi iros al la pordego.
daa08f627cbbfb9e,L11 Conrad,Conrad_Intro_4,23,Conrad,Jes- Sed nur se vi volas!
20ee725c28fb397e,L11 Conrad,Conrad_Intro_4,24,Conrad,Mi provas ne esti trudema.
374fe9cc22a15007,L11 Conrad,Conrad_Intro_4,25,Kobold,"Aj, mi iros malfermi la pordegon por vi."
ae53715099e0d53d,L11 Conrad,Conrad_Intro_4,28,Conrad,Ryan! Mi renkontis lin.
caefb85b87a51126,L11 Conrad,Conrad_Intro_4,29,Kobold,Bonege! Kio estas tiu tuta... ŝlimo?
0452c0f1847f4a72,L11 Conrad,Conrad_Intro_4,30,Kobold,Kiel ĝi iris?
940b2bb279fbfd8a,L11 Conrad,Conrad_Intro_4,33,Conrad,"Dankon, ke vi kunigis min kaj Ryan."
6c42e3202026a3e8,L11 Conrad,Conrad_Intro_4,34,Conrad,"Vere bone, sincere."
91b34251e9ff7711,L11 Conrad,Conrad_Intro_4,35,Conrad,"Mi neniam pensis, ke iu kiel li estus mia tipo..."
abc0fe0ceed24339,L11 Conrad,Conrad_Intro_4,36,Kobold,Vi devos rakonti al mi ĉion pri tio.
ab20df82132f07cc,L11 Conrad,Conrad_Intro_4,37,Conrad,"Mi rakontos. Mi bezonas nur rapidan lavadon, kaj mi volonte uzus la stablon hodiaŭ."
17c5f180de5a8348,L11 Conrad,Conrad_Intro_4,38,Conrad,"Mi devas <i>ekzerci</i> por Ryan, se vi komprenas, kion mi celas."
9912569ea696f8ed,L11 Conrad,Conrad_Intro_4,39,Kobold,Conrad!
106f99c061d35f26,L11 Conrad,Conrad_Intro_4,40,Kobold,Bone- bone. Mi iros al la pordego.
f71200a57e2d1d7a,L11 Conrad,Conrad_Intro_4,41,Conrad,"Kiooo? Bonas certiĝi, ke oni estas bone varmigita!"
65bee50d904e101d,L11 Conrad,Conrad_Intro_4,43,Conrad,"He he. Mi ĝojas, ke vi estas malfermita."
4d5dda82efc31458,L11 Conrad,Conrad_Intro_4,44,Conrad,Mi serĉas hoztuban lavadon. Mi ankaŭ volonte uzus la stablon.
0ecdd0ec4c0cf66c,L11 Conrad,Conrad_Intro_4,45,Kobold,"Oooh, bone."
3252727dec6314c5,L11 Conrad,Conrad_Intro_4,47,Kobold,Kio estas tiu tuta... ŝlimo?
91bc8d1d6dc8cdb7,L11 Conrad,Conrad_Intro_4,48,Conrad,He. Jes.
1aced2f074444bdc,L11 Conrad,Conrad_Intro_4,54,Kobold,"Ho. Bone, mi iros al la pordego."
# --- progress: Conrad_required_4 ---
a5965f548b64e3cf,L11 Conrad,Conrad_required_4,1,Conrad,"He, mi havas demandon por vi."
9ad0664c4ac1572a,L11 Conrad,Conrad_required_4,2,Kobold,Ĉu vere?
d448809fdbbeaf11,L11 Conrad,Conrad_required_4,4,Kobold,Ĉu veeere?
51dbc8c7be16145b,L11 Conrad,Conrad_required_4,5,Kobold,"Kio okazas, grandulo?"
# --- progress: Conrad_4_Ryan_Conrad_Romanced | if $ryan_conrad_romanced $conrad_romanced $ryan_romanced ---
e6071cb4e7c448c8,L11 Conrad,Conrad_4_Ryan_Conrad_Romanced,1,Conrad,"Kun Ryan, mi estas sufiĉe certa, ke ni rendevuos ĉi-vespere."
9ee7e6a6ebccf907,L11 Conrad,Conrad_4_Ryan_Conrad_Romanced,2,Conrad,Ĉu vi havas konsilon?
f7af2bd25c827e3d,L11 Conrad,Conrad_4_Ryan_Conrad_Romanced,3,Kobold,Estu vi mem!
a58248b820567c49,L11 Conrad,Conrad_4_Ryan_Conrad_Romanced,4,Kobold,"Certiĝu, ke vi estas tre pura. <size=70%><i>hehe."
528e2755301df89e,L11 Conrad,Conrad_4_Ryan_Conrad_Romanced,5,Conrad,Mi faras mian plejeblon.
71cfcccd17dc37fc,L11 Conrad,Conrad_4_Ryan_Conrad_Romanced,6,Conrad,"Ĝis nun bone, ĉu ne?"
93a2ca86985333fe,L11 Conrad,Conrad_4_Ryan_Conrad_Romanced,7,Kobold,Mi kredas ke jes!
55842427ae2db4e3,L11 Conrad,Conrad_4_Ryan_Conrad_Romanced,8,Kobold,"Se iu kiel Ryan interesiĝas, vi bonege sukcesas."
162762064c5d0461,L11 Conrad,Conrad_4_Ryan_Conrad_Romanced,10,Conrad,"Ha. Se nur estus koboldo, kiu povus purigi min."
4ae6d6619b0245f7,L11 Conrad,Conrad_4_Ryan_Conrad_Romanced,11,Kobold,Se nur.
6267e98361c404ca,L11 Conrad,Conrad_4_Ryan_Conrad_Romanced,12,Kobold,"Mi certigos, ke vi estu <i>senmakula."
7c0c5a4da3de6046,L11 Conrad,Conrad_4_Ryan_Conrad_Romanced,13,Conrad,"Ŝercoj flanken, via lavejo estas sendube la plej bona."
207d91f2342e8d0c,L11 Conrad,Conrad_4_Ryan_Conrad_Romanced,14,Conrad,"Dankon. Bone aspekti, bone senti!"
# --- progress: Conrad_4_Conrad_Romanced | if $ryan_conrad_romanced $conrad_romanced $ryan_romanced ---
a8ee5e15400fc208,L11 Conrad,Conrad_4_Conrad_Romanced,1,Conrad,"Do... Rendevuo. Mi kredas, ke mi volus havi unu baldaŭ!"
f2f6817fb49621c2,L11 Conrad,Conrad_4_Conrad_Romanced,3,Kobold,Mi tre volonte!
82ddb728ff9d18a9,L11 Conrad,Conrad_4_Conrad_Romanced,4,Conrad,Mi pensis. Ĉu ni povus eliri iam venontsemajne?
fc253d9eb67cd473,L11 Conrad,Conrad_4_Conrad_Romanced,5,Kobold,Sonas agrable.
9a03666243082379,L11 Conrad,Conrad_4_Conrad_Romanced,6,Kobold,Mi ne kontraŭus!
67f68a72462bca9b,L11 Conrad,Conrad_4_Conrad_Romanced,7,Conrad/Ryan,Bonege!
45ec6449f36fb5b9,L11 Conrad,Conrad_4_Conrad_Romanced,8,Conrad,"La venontan fojon, kiam mi venos por lavado, ni iros."
ee6194b2fabfafdc,L11 Conrad,Conrad_4_Conrad_Romanced,9,Kobold,Tio plaĉus al mi!
38c7fbb586ed7788,L11 Conrad,Conrad_4_Conrad_Romanced,10,Kobold,Jen bona plano.
de408e85752b4a9e,L11 Conrad,Conrad_4_Conrad_Romanced,11,Conrad/Kobold/Alexander,Mi antaŭĝojas.
# --- progress: Conrad_Ryan_Romanced | if $ryan_conrad_romanced $conrad_romanced $ryan_romanced ---
8dc7f14f91542fe7,L11 Conrad,Conrad_Ryan_Romanced,1,Conrad,"Do vi kaj Ryan, ĉu?"
498cb71ee3e20098,L11 Conrad,Conrad_Ryan_Romanced,2,Kobold,"Ho, jes!"
37d827f8025ee687,L11 Conrad,Conrad_Ryan_Romanced,3,Kobold,Li estas seksalloga.
64db0ca49ca9563d,L11 Conrad,Conrad_Ryan_Romanced,4,Kobold,Li estas mia rev-drako.
bdfc096fee84c4fb,L11 Conrad,Conrad_Ryan_Romanced,5,Conrad,Mi ĝojas por vi!
cb24c38318e64595,L11 Conrad,Conrad_Ryan_Romanced,6,Conrad,Tiel ŝajnas.
0e5b54a94da4725b,L11 Conrad,Conrad_Ryan_Romanced,8,Kobold,Kio pri vi? Ĉu iu interesa?
5f9173229e51d947,L11 Conrad,Conrad_Ryan_Romanced,9,Kobold,"Jes, ankaŭ mi ĝojas."
68fa6f383249196c,L11 Conrad,Conrad_Ryan_Romanced,10,Conrad,Iom! Mi pli ofte eliras.
e589607da4e2983d,L11 Conrad,Conrad_Ryan_Romanced,11,Conrad,Mi trovis iun grifon. Proksimume mia grandeco...
d69f5ee422fdf377,L11 Conrad,Conrad_Ryan_Romanced,12,Conrad,"Mi kredas, ke li enamiĝetis al mi."
9aab87987aca7783,L11 Conrad,Conrad_Ryan_Romanced,13,Conrad,...<i><size=70%>Almenaŭ mi enamiĝetis al li.
7b42e92a68e914e0,L11 Conrad,Conrad_Ryan_Romanced,14,Conrad,Bonas aŭdi tion.
88b86bef7b86a770,L11 Conrad,Conrad_Ryan_Romanced,15,Conrad,"Jes, ŝajnas, ke li premus kelkajn butonojn."
# --- jerkoff: Conrad_4_JerkOff_Start ---
395b9d676b6c01c5,L11 Conrad,Conrad_4_JerkOff_Start,1,Conrad,"Ho- Ĝuste nun? Bone, mi konsentas."
# --- cum: Conrad_4_Cum ---
cf5ea034da108d57,L11 Conrad,Conrad_4_Cum,1,Conrad,Nnnf... Tio estis multe pli bona ol tiuj beroj.
# --- mount_start: Conrad_4_Mount_Start ---
9c4eeb4a7cc4c1e1,L11 Conrad,Conrad_4_Mount_Start,1,Conrad,"He! La stablo! Fek, jes."
# --- mount_finish: Conrad_4_Mount_Finish ---
307f6f92f16156e7,L11 Conrad,Conrad_4_Mount_Finish,1,Conrad,Haah. Ĉi tiu estas la plej bona fika lavejo.
# --- outro: Conrad_Outro_4 ---
4012236175bc195e,L11 Conrad,Conrad_Outro_4,1,Kobold,Vi devus esti tute pura!
4a93a020168bbd0d,L11 Conrad,Conrad_Outro_4,2,Kobold,"Mi kredas, ke jen ĉio."
2ce654e6ba32ebb8,L11 Conrad,Conrad_Outro_4,3,Kobold,Vi aspektas bone tiel pura!
d6d9eff64b0d7187,L11 Conrad,Conrad_Outro_4,4,Kobold,<i>Mi ŝatas ŝprucigi akvon sur vin.
feda452e0c677f41,L11 Conrad,Conrad_Outro_4,5,Kobold,Bone! Tio devus esti ĉio.
e2956ac74f8acb8e,L11 Conrad,Conrad_Outro_4,6,Kobold,"Mi kredas, ke jen ĉiu makulo."
# --- outro: Conrad_Outro_4_Ryan_Conrad_Romanced | if $ryan_conrad_romanced $conrad_romanced $ryan_romanced ---
0fa2abeece5fd3de,L11 Conrad,Conrad_Outro_4_Ryan_Conrad_Romanced,1,Conrad,Jes! Mi sentas min pura.
1b5f2f27de868c08,L11 Conrad,Conrad_Outro_4_Ryan_Conrad_Romanced,2,Conrad,"He, nu, ĉu vi pensas, ke Ryan kaj mi <i>vere</i> sukcesos?"
ebc110388e3748fa,L11 Conrad,Conrad_Outro_4_Ryan_Conrad_Romanced,3,Kobold/Alexander,Kompreneble!
5bc10e8175dc9422,L11 Conrad,Conrad_Outro_4_Ryan_Conrad_Romanced,4,Kobold,Mi esperas ke jes.
3da3a77980cb9eb9,L11 Conrad,Conrad_Outro_4_Ryan_Conrad_Romanced,5,Conrad,"Mi esperas, ke vi pravas."
43e42fb816f1d2c2,L11 Conrad,Conrad_Outro_4_Ryan_Conrad_Romanced,6,Conrad,"Jes, ankaŭ mi. Li estas vere afabla."
603a3749013e876b,L11 Conrad,Conrad_Outro_4_Ryan_Conrad_Romanced,7,Conrad,Estas malfacile ne nervoziĝi post ĉio...
189f4f64972cc1fe,L11 Conrad,Conrad_Outro_4_Ryan_Conrad_Romanced,8,Conrad,"Sed mi estas diable bonega, do mi fartos bone."
40b8366766a655d6,L11 Conrad,Conrad_Outro_4_Ryan_Conrad_Romanced,9,Conrad,Espereble.
dde93c3f47e98763,L11 Conrad,Conrad_Outro_4_Ryan_Conrad_Romanced,10,Conrad,Sed nia unua renkontiĝo bonege iris!
0a47996c4c389f39,L11 Conrad,Conrad_Outro_4_Ryan_Conrad_Romanced,11,Kobold,Ĉu? rakontu al mi pri ĝi!
589c19f0d1fb2d81,L11 Conrad,Conrad_Outro_4_Ryan_Conrad_Romanced,12,Kobold,Tio estas bonega! kiam estas via unua rendevuo?
56345c46f3840a46,L11 Conrad,Conrad_Outro_4_Ryan_Conrad_Romanced,13,Conrad,"Li vokis min, ni renkontiĝis. Li estas vere damne afabla."
080824870e4c7a15,L11 Conrad,Conrad_Outro_4_Ryan_Conrad_Romanced,14,Conrad,"Li diris, ke mi estas trankvila, ni planis rendevuon..."
d98ca4f1aac91861,L11 Conrad,Conrad_Outro_4_Ryan_Conrad_Romanced,15,Conrad,Kaj tial mi estas ĉi tie! Post ĉi tiu lavado mi ekiros por vidi lin.
35b34afec858433c,L11 Conrad,Conrad_Outro_4_Ryan_Conrad_Romanced,16,Conrad,Tuj post ĉi tiu lavado!
d925b0f0ac6611e6,L11 Conrad,Conrad_Outro_4_Ryan_Conrad_Romanced,17,Conrad,Ni iros al iu marmanĝaĵa restoracio-
5421d19c6a9cd188,L11 Conrad,Conrad_Outro_4_Ryan_Conrad_Romanced,18,Conrad,Mi jam rezervis lokon ĉe la klubo.
6ffd2844813c419e,L11 Conrad,Conrad_Outro_4_Ryan_Conrad_Romanced,19,Kobold,Do mi prefere ellasu vin!
d547385bcae74ca2,L11 Conrad,Conrad_Outro_4_Ryan_Conrad_Romanced,20,Kobold,Mi ĝojas por vi. Mi prizorgos la pordegon!
9458fe24a9152c2b,L11 Conrad,Conrad_Outro_4_Ryan_Conrad_Romanced,21,Conrad,"Ha... Jes, mi antaŭĝojas."
83a4b4bd32149db8,L11 Conrad,Conrad_Outro_4_Ryan_Conrad_Romanced,22,Conrad,"Dankon, ankaŭ mi antaŭĝojas."
# --- outro: Conrad_Outro_4_Conrad_Romanced | if $ryan_conrad_romanced $conrad_romanced $ryan_romanced ---
ad0500f8d2500c0f,L11 Conrad,Conrad_Outro_4_Conrad_Romanced,1,Conrad,Mi sentas min senmakula kiel ĉiam.
297d60c9e5c25580,L11 Conrad,Conrad_Outro_4_Conrad_Romanced,2,Conrad,"Ho, kaj mi eltrovis, kien iri."
f22c7f64f7e136d4,L11 Conrad,Conrad_Outro_4_Conrad_Romanced,5,Conrad,Estas klubo en la urbocentro. 'Wings'. Ĝi estas mia malnova plej ŝatata.
5dcbc1f451fcc29d,L11 Conrad,Conrad_Outro_4_Conrad_Romanced,6,Conrad,Mi estas iom grava ulo tie.
99c9d7ee0966d8d1,L11 Conrad,Conrad_Outro_4_Conrad_Romanced,7,Conrad,Mi povus akiri por ni la <i>plej bonajn</i> lokojn por ilia spektaklo.
02f6a5560835daa6,L11 Conrad,Conrad_Outro_4_Conrad_Romanced,8,Kobold,"Ha, bone. Mi konsentas."
7137eb7d65d8f4d8,L11 Conrad,Conrad_Outro_4_Conrad_Romanced,9,Kobold,"Ooooh, do vi certe estas grava."
60c5caff4aee58e9,L11 Conrad,Conrad_Outro_4_Conrad_Romanced,10,Conrad,"Fek, ulo, mi tiel entuziasmas."
d37d98f486ba54c5,L11 Conrad,Conrad_Outro_4_Conrad_Romanced,11,Conrad,Mi komencos prepariĝi por ĝi.
bf3d9317290e56b0,L11 Conrad,Conrad_Outro_4_Conrad_Romanced,12,Conrad,"La venontan fojon, kiam mi venos, mi havos rezervojn!"
f11ccc8c0bd5ecbc,L11 Conrad,Conrad_Outro_4_Conrad_Romanced,13,Conrad,Ĉu vi povus malfermi la pordegon?
ffcc816df16993e6,L11 Conrad,Conrad_Outro_4_Conrad_Romanced,14,Conrad,Damne prave.
c25790cd739260fd,L11 Conrad,Conrad_Outro_4_Conrad_Romanced,16,Conrad,Vi estas grava
b18d301dab41755f,L11 Conrad,Conrad_Outro_4_Conrad_Romanced,17,Conrad,"Pardonu, mi malbone flirtas. Ĉu vi povus malfermi la pordegon?"
# --- outro: Conrad_Outro_4_Ryan_Romanced | if $ryan_conrad_romanced $conrad_romanced $ryan_romanced ---
6fe24a5cf11acb37,L11 Conrad,Conrad_Outro_4_Ryan_Romanced,1,Conrad,Jes! pura kiel ĉiam.
8f0378325ead68c7,L11 Conrad,Conrad_Outro_4_Ryan_Romanced,2,Conrad,Ĉu vi havas planojn kun ryan?
a12011af4e943fb2,L11 Conrad,Conrad_Outro_4_Ryan_Romanced,3,Kobold,Ankoraŭ ne certas.
c3393181a97b4208,L11 Conrad,Conrad_Outro_4_Ryan_Romanced,4,Kobold,Mi pensas pri rendevuo baldaŭ.
5ef95c64f52e6263,L11 Conrad,Conrad_Outro_4_Ryan_Romanced,5,Conrad,Sufiĉe juste. Vi du ja ŝajnas ĉarmaj kune.
6d8a46a5e1da81ef,L11 Conrad,Conrad_Outro_4_Ryan_Romanced,6,Conrad,"Mi vere esperas, ke ĉio sukcesos!"
1884386d93b6fccd,L11 Conrad,Conrad_Outro_4_Ryan_Romanced,7,Conrad,Jes! Tio estus mirinda.
c5cace2191af6925,L11 Conrad,Conrad_Outro_4_Ryan_Romanced,8,Conrad,Vi du estas vere ĉarmaj kune...
9e806b93dd0d48fe,L11 Conrad,Conrad_Outro_4_Ryan_Romanced,9,Conrad,"Mi esperas, ke ĉio sukcesos."
83a8afa550485db4,L11 Conrad,Conrad_Outro_4_Ryan_Romanced,10,Conrad,"Sed tio devus esti ĉio, ĉu vi povus malfermi la pordegon?"

# ===== Level 12: Alexander (Rainy) =====
# --- intro: Alexander_4_intro ---
0248808ddaa3479e,L12 Alexander,Alexander_4_intro,1,Alexander,Bonan vesperon!
d3d306a15d158e29,L12 Alexander,Alexander_4_intro,2,Kobold,Saluuuton! Saluuut!
68094c643e49d3c6,L12 Alexander,Alexander_4_intro,3,Kobold,"He, Alexander!"
e8c921ab9051f110,L12 Alexander,Alexander_4_intro,4,Alexander,"Ha, fervora kiel ĉiam."
3b767556f3eeaa3b,L12 Alexander,Alexander_4_intro,5,Alexander,Estas mirinde reveni!
96ed1471d1f86a4d,L12 Alexander,Alexander_4_intro,6,Alexander,La pluvo estis senĉesa hodiaŭ!
429d93ef0fafbe8a,L12 Alexander,Alexander_4_intro,7,Alexander,La etoso estas agrabla.
a9945cd0cd165325,L12 Alexander,Alexander_4_intro,8,Kobold,La pluvo estas agrabla.
7259414f82b0b97a,L12 Alexander,Alexander_4_intro,9,Kobold,Mi ĉiam malamis la pluvon.
bfad19e22f9652cc,L12 Alexander,Alexander_4_intro,10,Alexander,"Konsentite, kvankam mi tamen ŝatus esti enlasita kiam plej konvenas."
91a5c27ef059ab24,L12 Alexander,Alexander_4_intro,12,Alexander,"Mi supozas, ke mi komprenas la malŝaton al la malordo, kiun ĝi povas kaŭzi."
882df59f0a75b295,L12 Alexander,Alexander_4_intro,13,Alexander,Sed ĝuste tial mi estas ĉi tie!
990e43e4f2687cdf,L12 Alexander,Alexander_4_intro,14,Kobold,Bone! Mi iros malfermi la pordegon por vi.
846b613e707ce00d,L12 Alexander,Alexander_4_intro,15,Kobold,Jip! <size=70%>(Pordego)
1ceb64d9cf6889fd,L12 Alexander,Alexander_4_intro,17,Alexander,"Mmm, mi komprenas tion kiel 'mi malfermos la pordegon', ĉu?"
56deaef9d6b92a31,L12 Alexander,Alexander_4_intro,18,Kobold,Jip! <size=70%>(Jes)
fd0d3e3077aaf4ce,L12 Alexander,Alexander_4_intro,19,Alexander,"Mi ne certas, kial mi subite komprenas viajn 'Jipojn'"
7a919cef111fe275,L12 Alexander,Alexander_4_intro,20,Kobold,"Jip! <size=70%>(Estas ĉar la dormanta parto de via draka menso rememoras la profunde enradikiĝintan lingvan ponton inter via speco kaj la mia. Kiu portas en si la profundan signifon kaj intencon de koboldaj 'Jipoj'. Ĉi tiu subita kompreno via venas simple de nia kunligo, kiu kreskis laŭlonge de la tempo kaj aktivigis tiun parton de via menso.)"
6d8c462224bca1b5,L12 Alexander,Alexander_4_intro,21,Kobold,Jip! <size=70%>(mi ne scias)
8e7ead434fce5609,L12 Alexander,Alexander_4_intro,24,Alexander,Ĉu vi povus malfermi la pordegon...?
19be549c91d82ff3,L12 Alexander,Alexander_4_intro,25,Alexander,Sufiĉe juste. Mi atendos!
# --- progress: Alexander_4_required ---
c19ca0647cc1a583,L12 Alexander,Alexander_4_required,1,Alexander,Mi pensadis...
6d9630067757f781,L12 Alexander,Alexander_4_required,2,Alexander,Mi ne povis ne rimarki la... aparaton tie.
7bd6925025a24288,L12 Alexander,Alexander_4_required,3,Alexander,"Tio estas stablo, ĉu ne?"
54b9fbcd575cd0a7,L12 Alexander,Alexander_4_required,4,Kobold,Certe jes!
1f5aad5cbae1a020,L12 Alexander,Alexander_4_required,5,Kobold,Ĉu vi volas uzi ĝin?
36a85b3430aa6639,L12 Alexander,Alexander_4_required,6,Alexander,Mi... scivolas...
d2b8ae469c604bfb,L12 Alexander,Alexander_4_required,7,Alexander,"Ĉu mi povus, nu..."
577e4edfcd4fa53d,L12 Alexander,Alexander_4_required,8,Alexander,Eble kvazaŭ...
4caa8162834de434,L12 Alexander,Alexander_4_required,9,Alexander,Nur eventuale...
d89de41838a75fa0,L12 Alexander,Alexander_4_required,10,Kobold,"Se vi volas uzi ĝin, tio estas tute en ordo!"
68ad27123e1df879,L12 Alexander,Alexander_4_required,11,Kobold,"Ne necesas nervoziĝi, Alexander!"
6dece6f0ec399d4e,L12 Alexander,Alexander_4_required,12,Alexander,"Mi kredas, ke mi ŝatus, ĉu?"
08ab3092d83ed1d3,L12 Alexander,Alexander_4_required,13,Alexander,Mi scias. Mi scias.
81a4fcd2541ac990,L12 Alexander,Alexander_4_required,14,Alexander,"Mi kredas, ke mi ŝatus uzi ĝin?"
67c0f2a71f4ff613,L12 Alexander,Alexander_4_required,16,Alexander,Ee... nu...
4640c27322f55d8c,L12 Alexander,Alexander_4_required,17,Alexander,Eventuale...?
9739b879143b91cf,L12 Alexander,Alexander_4_required,18,Alexander,Nur se tio konvenas-
e2dce2bed173fba0,L12 Alexander,Alexander_4_required,20,Kobold,"Certe jes. Dankon al Conrad, kiu igis min akiri ĝin."
f12929f0cef567d7,L12 Alexander,Alexander_4_required,21,Alexander,"Bone, bone... Do mi kredas, ke mi ŝatus uzi ĝin?"
76ea754cd53f21dc,L12 Alexander,Alexander_4_required,22,Alexander,Conrad...?
18b51cf572e4b49a,L12 Alexander,Alexander_4_required,25,Kobold,Por mi tute bone!
334a54e73cf69dc1,L12 Alexander,Alexander_4_required,26,Kobold,Mi volonte prenos ĝin por vi.
7bd62126f382f565,L12 Alexander,Alexander_4_required,27,Alexander,Mhm... Mi dankas vin.
d2c15503eb28631b,L12 Alexander,Alexander_4_required,28,Alexander,Bone- Dankon.
# --- jerkoff: Alexander_4_JerkOff_Start ---
47122b215cc11a2b,L12 Alexander,Alexander_4_JerkOff_Start,1,Alexander,"Ho... Mi supozas, ke ĉi tio konvenas~"
# --- cum: Alexander_4_Cum ---
ed6a9612f44b19ea,L12 Alexander,Alexander_4_Cum,1,Alexander,huf... Mi dankas vin pro tio.
# --- mount_start: Alexander_4_Mount_Start ---
1db0bf44f69526fc,L12 Alexander,Alexander_4_Mount_Start,1,Alexander,La stablo? Mi... supozas ke jes!
# --- mount_finish: Alexander_4_Mount_Finish ---
76527d719ccc95a3,L12 Alexander,Alexander_4_Mount_Finish,1,Alexander,Tio estis... Pli agrabla ol mi atendis.
# --- outro: Alexander_4_Outro ---
35278dc46019f9b9,L12 Alexander,Alexander_4_Outro,1,Alexander,Mi sentas min multe pli bone.
5547ec33b10091a2,L12 Alexander,Alexander_4_Outro,2,Alexander,"Mi... scias, ke ĉi tio estas neatendita."
3ce3dec2bd740757,L12 Alexander,Alexander_4_Outro,3,Alexander,"Sed mi kredas, ke vi instruis ion al mi."
5eca8560307cac86,L12 Alexander,Alexander_4_Outro,5,Kobold,Sed vi estas la instruista drako.
419ecbf32abefda1,L12 Alexander,Alexander_4_Outro,6,Alexander,"Profesoro, sed jes. Vi ja instruis."
0b1b8529d2c3c5fc,L12 Alexander,Alexander_4_Outro,7,Alexander,"Mi kredas, ke mi ŝatas esti prizorgata?"
4df2487e01509478,L12 Alexander,Alexander_4_Outro,8,Kobold,Plej multaj ŝatas tion!
c9f8ba59379bb60a,L12 Alexander,Alexander_4_Outro,9,Kobold,Mi ŝatas prizorgi vin.
93786b06bef36348,L12 Alexander,Alexander_4_Outro,10,Alexander,"Nu, jes. Mi celas pli... praforte?"
b868cb066c4b572d,L12 Alexander,Alexander_4_Outro,11,Alexander,Agrable aŭdi tion... Sed mi celas esti prizorgata pli... praforte?
565a3630f0cfbcc5,L12 Alexander,Alexander_4_Outro,12,Alexander,"Mi ĝuas, kiam vi diras al mi, kion fari, per frapeto de via mano."
1161a29c118dbaa6,L12 Alexander,Alexander_4_Outro,13,Alexander,"Mi ŝatas, kiom memfida vi estas. Eĉ se temas nur pri lavado."
32c31015075eeede,L12 Alexander,Alexander_4_Outro,14,Alexander,"Estas agrable cedi la regadon, eĉ nur por momento."
1651e2418c22d0c0,L12 Alexander,Alexander_4_Outro,15,Kobold,<size=70%> Granda drako donanta al mi la regadon. Ŭaŭ.
bd051341e68cc04e,L12 Alexander,Alexander_4_Outro,16,Kobold,"Mi ĝojas doni al vi lokon, kie vi povas malstreĉiĝi."
2e1f723e42b149be,L12 Alexander,Alexander_4_Outro,17,Alexander,"Estas sufiĉe nova sperto, ĉu ne?"
8212cbdd05d21f37,L12 Alexander,Alexander_4_Outro,18,Alexander,"Mi revenos baldaŭ, ĉu ne? Dankon pro la lavado."
b5f8ec9a6918d554,L12 Alexander,Alexander_4_Outro,19,Alexander,"Estas liberige. Mi revenos, ĉu ne?"

# ===== Level 13: Ryan (Sunny) =====
# --- intro: Ryan_5_intro ---
dcd95465ccb79997,L13 Ryan,Ryan_5_intro,6,Kobold,"He, grandulo."
a4c1cb0899f204fc,L13 Ryan,Ryan_5_intro,8,Ryan,He... etulo!
df50afc7f5e2d994,L13 Ryan,Ryan_5_intro,9,Kobold,Mi ne estas <i>tiom</i> eta-
8061d3d1aed7c531,L13 Ryan,Ryan_5_intro,10,Kobold,"Do, ĉu vi venas por lavado?"
1107598aa9bc6c75,L13 Ryan,Ryan_5_intro,11,Ryan,"Ho, pardonu-"
061629ac669e11f8,L13 Ryan,Ryan_5_intro,12,Ryan,Mi nur provis kunludi. Mi ĝojas vidi vin!
cdc7ebc001250566,L13 Ryan,Ryan_5_intro,13,Ryan,Jes ja!
f8c3932b65e6bbb0,L13 Ryan,Ryan_5_intro,14,Ryan,"He, koboldo!"
4a5d3b88460afb6b,L13 Ryan,Ryan_5_intro,15,Ryan,Mi decidis provi bakadon.
b483e9c7e323807a,L13 Ryan,Ryan_5_intro,16,Ryan,Mi havis multe da libera tempo lastatempe.
afd9ef6045a7191c,L13 Ryan,Ryan_5_intro,17,Ryan,"Montriĝas, ke bakado estas malorda!"
808f38835d1deb53,L13 Ryan,Ryan_5_intro,18,Ryan,Lavado bone utilus al mi.
# --- intro: Ryan_5_intro_ryan_romanced | if $ryan_conrad_romanced $conrad_romanced $ryan_romanced ---
efa367904267d1f9,L13 Ryan,Ryan_5_intro_ryan_romanced,1,Ryan,...Lavado por nia rendevuo ĉi-vespere.
d510da8dc09c7bd7,L13 Ryan,Ryan_5_intro_ryan_romanced,2,Kobold,HO. ĜUSTE.
cb4f55dc25088cef,L13 Ryan,Ryan_5_intro_ryan_romanced,3,Kobold,Mi tre antaŭĝojas.
63b5ec8a662e7e8f,L13 Ryan,Ryan_5_intro_ryan_romanced,4,Ryan,Do mi ĝojas esti ĉi tie por memorigi vin.
60004e58bb12dd3c,L13 Ryan,Ryan_5_intro_ryan_romanced,6,Ryan,Mi atendos la pordegon!
# --- intro: Ryan_5_intro ---
3ff66f86649ed3f4,L13 Ryan,Ryan_5_intro,19,Kobold,"He, saluton, Ryan!"
bab3e0bf3bfcf52e,L13 Ryan,Ryan_5_intro,20,Ryan,He! Mi venis por lavado.
747b7932ed2e84f2,L13 Ryan,Ryan_5_intro,24,Kobold,"Bonege, mi iros al la pordego."
1fa67d86839c19a3,L13 Ryan,Ryan_5_intro,25,Kobold,Certe! Mi antaŭĝojas rakonti al vi pri Conrad.
4c5ca3860699fcd3,L13 Ryan,Ryan_5_intro,28,Kobold,Jes! Mi baldaŭ rendevuos kun li.
29301eae6840e128,L13 Ryan,Ryan_5_intro,29,Kobold,"Mmmmhm, mi devas prepariĝi por rendevuo kun li."
154dbd6d6bdc9f0e,L13 Ryan,Ryan_5_intro,30,Ryan,Tio estas ekscita!
e1867b98d8ce23bd,L13 Ryan,Ryan_5_intro,31,Ryan,Vi devos rakonti al mi pli interne.
10dc92e80220fe9b,L13 Ryan,Ryan_5_intro,33,Kobold,"Heeeee, Ryan."
b57c370a0fcc7045,L13 Ryan,Ryan_5_intro,34,Ryan,He!
cd80a4a851309647,L13 Ryan,Ryan_5_intro,38,Kobold,Kia estis via rendevuo kun Conrad?
26eed1b65d0e1370,L13 Ryan,Ryan_5_intro,39,Kobold,RAKONTU AL MI PRI VI KAJ CONRAD!
b433dad7fc4cdb18,L13 Ryan,Ryan_5_intro,40,Ryan,Ĝi bonege iris!
cd235c4d7d27fbdb,L13 Ryan,Ryan_5_intro,41,Ryan,Ho- Fervora!
7b1f5d058f2045c5,L13 Ryan,Ryan_5_intro,43,Ryan,Ni eliris por manĝi. Ni havis bonan konversacion.
4932dbc11ab131d4,L13 Ryan,Ryan_5_intro,44,Ryan,Unu afero kondukis al alia...
1a86226c86c7138f,L13 Ryan,Ryan_5_intro,45,Ryan,"Ni iris al la trinkejo... Aferoj pikantiĝis. Vi povas imagi, kio okazis poste... <size=70%>Ha..."
# --- progress: Ryan_5_Required_ryan_romanced | if $ryan_romanced ---
e61676df3c022293,L13 Ryan,Ryan_5_Required_ryan_romanced,1,Ryan,Do. Nia rendevuo ĉi-vespere...
c022fa54258553ea,L13 Ryan,Ryan_5_Required_ryan_romanced,2,Ryan,Kien vi ŝatus iri?
6c0884e4717c5d5b,L13 Ryan,Ryan_5_Required_ryan_romanced,3,Kobold,Vi decidu!
bbedb233b6bbe2ea,L13 Ryan,Ryan_5_Required_ryan_romanced,4,Kobold,Mi ŝatus eliri por manĝi.
fb57b97d646f43c9,L13 Ryan,Ryan_5_Required_ryan_romanced,5,Kobold,Ĉu vi konas bonajn trinkejojn?
d2c0f4718541c240,L13 Ryan,Ryan_5_Required_ryan_romanced,6,Kobold,Kion pri filmo?
98ef145fb642c5b6,L13 Ryan,Ryan_5_Required_ryan_romanced,7,Ryan,Eble ni povus simple... promeni?
4bad2b5ecfe22c4a,L13 Ryan,Ryan_5_Required_ryan_romanced,8,Ryan,Mi vere ŝatas lasi homojn rajdi sur mia dorso.
6e8c399ff118f405,L13 Ryan,Ryan_5_Required_ryan_romanced,9,Ryan,Ĉu tio interesus vin?
7da2aa0d4ef74597,L13 Ryan,Ryan_5_Required_ryan_romanced,10,Kobold,Tio sonas rave!
db39ae73af1cfae5,L13 Ryan,Ryan_5_Required_ryan_romanced,11,Kobold,Ĉu tio ne estus humiliga?
3185b026252747c6,L13 Ryan,Ryan_5_Required_ryan_romanced,13,Ryan,Mi ĉiam amis rajdigi miajn dupiedajn amikojn...
d2994ff918a23d86,L13 Ryan,Ryan_5_Required_ryan_romanced,14,Ryan,"Do jen rendevuo, mi antaŭĝojas."
3fdcf71c3e2f7ea0,L13 Ryan,Ryan_5_Required_ryan_romanced,15,Ryan,"Ho! Ne, tute ne. Estas amuze!"
8bacddc318adc2b9,L13 Ryan,Ryan_5_Required_ryan_romanced,16,Ryan,Mi konstante rajdigas miajn aliajn dupiedajn amikojn.
638c1801c65c6b0c,L13 Ryan,Ryan_5_Required_ryan_romanced,17,Ryan,"Mi certas, ke ni eltrovos ion! nur renkontu min ĉe la kajo!"
25f86d817a092ae1,L13 Ryan,Ryan_5_Required_ryan_romanced,18,Ryan,"Jes, tio sonas sufiĉe bone."
38ae2aec596ab356,L13 Ryan,Ryan_5_Required_ryan_romanced,19,Ryan,Kiel vi rilatas al marmanĝaĵoj?
d7456d9e85366bc9,L13 Ryan,Ryan_5_Required_ryan_romanced,20,Kobold,Jes. Mi ŝatas fiŝon!
925a663e1b23d966,L13 Ryan,Ryan_5_Required_ryan_romanced,21,Kobold,"Hmmm, eble io alia?"
14d1fddd0115ee0d,L13 Ryan,Ryan_5_Required_ryan_romanced,22,Ryan,"Ho, bonege. Mi estas granda salmo-ŝatanto."
6b59acab736bd349,L13 Ryan,Ryan_5_Required_ryan_romanced,23,Ryan,"Nu, mi estas drako- sed... Vi komprenas, kion mi celas."
334998266afc2476,L13 Ryan,Ryan_5_Required_ryan_romanced,24,Ryan,Do jen rendevuo! Marmanĝaĵoj kaj poste ni improvizos.
a02af61e18efb0f0,L13 Ryan,Ryan_5_Required_ryan_romanced,25,Ryan,Mi konas decan ĉevalgentan lokon ĉe la kajo.
cf73a93aa04fdd02,L13 Ryan,Ryan_5_Required_ryan_romanced,26,Ryan,Ĝi estas kvazaŭ ĉevalgenta fuzia afero...
8771d66a0a1ace3e,L13 Ryan,Ryan_5_Required_ryan_romanced,27,Ryan,"Ĝi plaĉas al mi! Mi kredas, ke ankaŭ al vi plaĉus."
8cceef523eb8c739,L13 Ryan,Ryan_5_Required_ryan_romanced,28,Ryan,Do jen rendevuo!
5a3b18942c9e3040,L13 Ryan,Ryan_5_Required_ryan_romanced,29,Ryan,"Ho jes, estas agrabla loko en la urbocentro nomata wings."
4d1b2eff2bb69d21,L13 Ryan,Ryan_5_Required_ryan_romanced,30,Ryan,"Mi kredas, ke tio estus deca loko! Ili prezentas bonajn spektaklojn ĉiuvespere."
ebbcfde5ce6709d6,L13 Ryan,Ryan_5_Required_ryan_romanced,31,Ryan,"Ni povus fari tion, poste preni hotelĉambron... Hmm."
435234dd4f3b1033,L13 Ryan,Ryan_5_Required_ryan_romanced,34,Ryan,"Mi kredas, ke filmo povus esti amuza!"
0ef6ac4a015fbebd,L13 Ryan,Ryan_5_Required_ryan_romanced,35,Ryan,Pri kia filmo vi pensas?
b64ebbe5369b5bbf,L13 Ryan,Ryan_5_Required_ryan_romanced,37,Kobold,Jip-Viro - La Lasta Jip
45afe74b37ed6bb0,L13 Ryan,Ryan_5_Required_ryan_romanced,38,Kobold,Drakoj de la galaksio 2
a881cd2440d13252,L13 Ryan,Ryan_5_Required_ryan_romanced,39,Ryan,"Ho, mi aŭdis bonajn aferojn pri tio."
00712e7d97f1872a,L13 Ryan,Ryan_5_Required_ryan_romanced,41,Ryan,Jip-Viro-filmoj estas vere banalaj...
037e3c0c446d2b14,L13 Ryan,Ryan_5_Required_ryan_romanced,42,Ryan,"Sed mi certas, ke mi ĝuus ĝin kun vi!"
b1ac5509459ca2a4,L13 Ryan,Ryan_5_Required_ryan_romanced,43,Ryan,"Ho jes, la unua plaĉis al mi."
eb547bf48bc9637e,L13 Ryan,Ryan_5_Required_ryan_romanced,45,Ryan,Do jen rendevuo. Mi antaŭĝojas.
# --- progress: Ryan_5_Required_conrad_romanced | if $ryan_romanced $conrad_romanced ---
1f2c5ed668dc8972,L13 Ryan,Ryan_5_Required_conrad_romanced,1,Ryan,"Do, rakontu al mi pli pri conrad!"
522b54ddedc9ae6c,L13 Ryan,Ryan_5_Required_conrad_romanced,2,Kobold,Li estas multe pli afabla lastatempe.
9df47f9485e2d886,L13 Ryan,Ryan_5_Required_conrad_romanced,3,Kobold,Li estas kvazaŭ... granda molulo ĉirkaŭita de akraj pintaj pecoj.
2e0446089ab2f237,L13 Ryan,Ryan_5_Required_conrad_romanced,4,Ryan,Ĉu vere? Li sonas iom flamiĝema.
eb926b4bc196ac32,L13 Ryan,Ryan_5_Required_conrad_romanced,5,Ryan,Sed mi konas la tipon... Ili emas esti grandaj moluloj interne.
8ea9e02ddeed61e3,L13 Ryan,Ryan_5_Required_conrad_romanced,6,Kobold,"Jes, li multe pliboniĝis."
5085892250461c04,L13 Ryan,Ryan_5_Required_conrad_romanced,7,Kobold,Jes ja. Tio plaĉas al mi.
53011f72775c8ca4,L13 Ryan,Ryan_5_Required_conrad_romanced,8,Ryan,Estas vere bone aŭdi tion.
4fbcc070e27c4736,L13 Ryan,Ryan_5_Required_conrad_romanced,9,Ryan,"Nenio pli allogas ol viro, kiu kapablas pliboniĝi!"
aa8e7dea9ad61538,L13 Ryan,Ryan_5_Required_conrad_romanced,10,Ryan,"Mi ĝojas, ke vi du sukcesas kune."
390bea406a842664,L13 Ryan,Ryan_5_Required_conrad_romanced,11,Ryan,"Bonege. Mi ĝojas, ke vi du sukcesas kune."
f147cd900de98aeb,L13 Ryan,Ryan_5_Required_conrad_romanced,12,Ryan,"Ha, jes, tiaj tipoj estas sufiĉe ĉarmaj."
883fec192f3d1119,L13 Ryan,Ryan_5_Required_conrad_romanced,13,Ryan,"Laŭ tio, kion mi aŭdis, li ŝajne multe pliboniĝis lastatempe, ĉu ne?"
b5060af9808e8c7c,L13 Ryan,Ryan_5_Required_conrad_romanced,14,Kobold,"Mhm, li klopodas."
702195668cf48039,L13 Ryan,Ryan_5_Required_conrad_romanced,15,Kobold,"Mi kredas, ke li estis en malbona medio. Nun li fartas pli bone."
1e681c01b417052f,L13 Ryan,Ryan_5_Required_conrad_romanced,16,Ryan,"Pli oni ne povas peti, ĉu ne?"
9056022b2085d3b7,L13 Ryan,Ryan_5_Required_conrad_romanced,17,Ryan,"Tamen mi ĝojas, ke vi du sukcesas kune."
932d7df9b58f5376,L13 Ryan,Ryan_5_Required_conrad_romanced,18,Ryan,Bone aŭdi tion.
# --- progress: Ryan_5_Required_ryan_conrad_romanced | if $ryan_romanced $conrad_romanced $ryan_conrad_romanced ---
e76e544c771880f3,L13 Ryan,Ryan_5_Required_ryan_conrad_romanced,1,Ryan,Conrad parolis pri vi dum nia rendevuo.
2e21aa0b86c092fb,L13 Ryan,Ryan_5_Required_ryan_conrad_romanced,3,Kobold,Pri kio?
271a662aed24f160,L13 Ryan,Ryan_5_Required_ryan_conrad_romanced,4,Ryan,"Li rakontis al mi pri la fojo, kiam li estis batita."
1b0b214cb2df69ec,L13 Ryan,Ryan_5_Required_ryan_conrad_romanced,5,Ryan,"Mi kredas, ke vi helpis lin multe pli ol vi konscias."
ad14c398c575824b,L13 Ryan,Ryan_5_Required_ryan_conrad_romanced,7,Kobold,Mi nur faris mian laboron!
daddaa15545566ce,L13 Ryan,Ryan_5_Required_ryan_conrad_romanced,8,Ryan,"Certe, sed li bezonis iun, kiu zorgis pri li en tiu momento."
f03747feadc10e71,L13 Ryan,Ryan_5_Required_ryan_conrad_romanced,9,Ryan,"Li ne estis... Nu, neniu zorgis pri li jam longe, laŭ tio, kion mi komprenis."
2ed3613575959ca6,L13 Ryan,Ryan_5_Required_ryan_conrad_romanced,10,Ryan,"Eĉ se vi nur faris vian laboron... Mi kredas, ke tio multe helpis lin."
658add118bb17ed5,L13 Ryan,Ryan_5_Required_ryan_conrad_romanced,11,Ryan,"Do, dankon en lia nomo pro via zorgo."
8ca78aefdf9d3b44,L13 Ryan,Ryan_5_Required_ryan_conrad_romanced,12,Ryan,"Mi scias, ke li povas esti iom kolerema kaj forgesi danki homojn."
9176dd2bd815750c,L13 Ryan,Ryan_5_Required_ryan_conrad_romanced,13,Kobold,Aj... Dankon.
5a4dcf1ccff086af,L13 Ryan,Ryan_5_Required_ryan_conrad_romanced,14,Kobold,Tio vere feliĉigas min.
6db8bf6280f68edb,L13 Ryan,Ryan_5_Required_ryan_conrad_romanced,15,Ryan,Ho. Kaj ankoraŭ unu afero.
49e6d82bb7d163af,L13 Ryan,Ryan_5_Required_ryan_conrad_romanced,16,Ryan,Ni ankaŭ seksumis post nia rendevuo.
e06e957ec854ab4c,L13 Ryan,Ryan_5_Required_ryan_conrad_romanced,17,Kobold,<size=70%><i>Ŭaŭ...
9b2ad1c8b149bf00,L13 Ryan,Ryan_5_Required_ryan_conrad_romanced,19,Ryan,"Ha, jes. Conrad certe estas sperta..."
bc156217e847a8df,L13 Ryan,Ryan_5_Required_ryan_conrad_romanced,20,Ryan,"Kiooo. Estas nenio malbona en tio! Mi supozis, ke vi volus scii."
# --- jerkoff: Ryan_5_JerkOff_Start ---
9fec39c7cefbaca2,L13 Ryan,Ryan_5_JerkOff_Start,1,Ryan,"Hehe... Viaj manoj estas tre aktivaj hodiaŭ, ĉu?"
# --- cum: Ryan_5_Cum ---
6f8c64dde681ced5,L13 Ryan,Ryan_5_Cum,1,Ryan,Uf... Mi bezonis tion. Dankon.
# --- mount_start: Ryan_5_Mount_Start ---
c7f3dbd886d929a7,L13 Ryan,Ryan_5_Mount_Start,1,Ryan,La stablo? Certe!
# --- mount_finish: Ryan_5_Mount_Finish ---
48ffbc93e2486713,L13 Ryan,Ryan_5_Mount_Finish,1,Ryan,Huf... Dankon pro tio.
# --- outro: Ryan_5_Outro_ryan_romanced | if $ryan_romanced ---
6fc39ec69d974bb4,L13 Ryan,Ryan_5_Outro_ryan_romanced,1,Ryan,"Mi kredas, ke vi atingis ĉiun lokon."
c9e5fbe3317edd3f,L13 Ryan,Ryan_5_Outro_ryan_romanced,2,Ryan,"Vi scias, kion tio signifas..."
f553e58b991e05cc,L13 Ryan,Ryan_5_Outro_ryan_romanced,3,Kobold,RENDEVUA VESPERO!
line:95aa0bf4,L13 Ryan,Ryan_5_Outro_ryan_romanced,5,Ryan,Tute prave!
0eb7accf7a8bffc3,L13 Ryan,Ryan_5_Outro_ryan_romanced,6,Ryan,"Tio signifas, ke mi pretas iri al rendevuo kun certa koboldo."
e7da2124354de72f,L13 Ryan,Ryan_5_Outro_ryan_romanced,7,Ryan,"Mi scias, ke vi devas fermi la butikon. Mi certigos, ke vi ricevu la adreson, kaj ni renkontiĝos tie, ĉu bone?"
6b7ea0261a825f1b,L13 Ryan,Ryan_5_Outro_ryan_romanced,8,Kobold,Sonas bone!
7809df3c2e9fa860,L13 Ryan,Ryan_5_Outro_ryan_romanced,10,Ryan,Mi vere antaŭĝojas pri tio.
dc9e132cf2897c30,L13 Ryan,Ryan_5_Outro_ryan_romanced,12,Ryan,"Bone, iru malfermi la pordegon, kaj mi ekiros al la loko!"
7d5a43fcbb4e03de,L13 Ryan,Ryan_5_Outro_ryan_romanced,13,Ryan,Ĝis baldaŭ.
# --- outro: Ryan_5_Outro_conrad_romanced | if $ryan_romanced $conrad_romanced ---
b050469dea41d597,L13 Ryan,Ryan_5_Outro_conrad_romanced,2,Ryan,"Dankon, ke vi helpis min."
25ec1c59caa5e66c,L13 Ryan,Ryan_5_Outro_conrad_romanced,3,Kobold,Mi ĉiam ĝojas lavi vin!
2a67fb93196e8722,L13 Ryan,Ryan_5_Outro_conrad_romanced,5,Ryan,Ho- Ne nur la lavado.
2140dcb75dc2d0f9,L13 Ryan,Ryan_5_Outro_conrad_romanced,6,Ryan,"Mi celas, ĝenerale."
a6d4dab5c8699946,L13 Ryan,Ryan_5_Outro_conrad_romanced,7,Ryan,"La disiĝo, kiun mi travivis antaŭe, estis malfacila."
1fd66775cea2eb4b,L13 Ryan,Ryan_5_Outro_conrad_romanced,8,Ryan,Ĉi tio estis agrabla eskapo.
8f4dc96f133fa75c,L13 Ryan,Ryan_5_Outro_conrad_romanced,9,Ryan,Kaj mi vere ĝojas por vi kaj Conrad.
8ed791569d35f02c,L13 Ryan,Ryan_5_Outro_conrad_romanced,10,Ryan,"Ni revidos nin la venontan fojon, kiam mi venos, ĉu ne?"
d38d6a1844481871,L13 Ryan,Ryan_5_Outro_conrad_romanced,11,Kobold,"Mi ĉiam ĝojas vidi vin, Ryan."
c88980c837fb6592,L13 Ryan,Ryan_5_Outro_conrad_romanced,12,Kobold,Mi iros malfermi la pordegon por vi
b1e1c4e40f4aaeec,L13 Ryan,Ryan_5_Outro_conrad_romanced,13,Ryan,Same al vi. Dankon pro la lavado.
# --- outro: Ryan_5_Outro_ryan_conrad_romanced | if $ryan_romanced $conrad_romanced $ryan_conrad_romanced ---
c5f14714a1e0439c,L13 Ryan,Ryan_5_Outro_ryan_conrad_romanced,8,Ryan,Ĉi tio estis mirinda eskapo...
3eb55bf5de9c718b,L13 Ryan,Ryan_5_Outro_ryan_conrad_romanced,9,Ryan,Vi ankaŭ konatigis min kun Conrad.
7aa8987bf569468c,L13 Ryan,Ryan_5_Outro_ryan_conrad_romanced,10,Ryan,Li estas bonega.

# ===== Level 14: Conrad (Night) =====
# --- intro: Conrad_5_intro_ryan_romanced | if $ryan_conrad_romanced $conrad_romanced $ryan_romanced ---
ab4070df9f9d3980,L14 Conrad,Conrad_5_intro_ryan_romanced,1,Conrad,"<size=140%>HE, <size=100%>mi serĉas lavadon."
8597b1ea1423580d,L14 Conrad,Conrad_5_intro_ryan_romanced,2,Kobold,"He, Conrad."
3ed1272125c54574,L14 Conrad,Conrad_5_intro_ryan_romanced,3,Kobold,Kio venigas vin tiel malfrue?
d90de33a2137108a,L14 Conrad,Conrad_5_intro_ryan_romanced,4,Conrad,"Jes, tio estas mi."
2ca9d5b1cf89ccc8,L14 Conrad,Conrad_5_intro_ryan_romanced,5,Conrad,Iros en la urbocentron ĉi-vespere. Devis esti senmakula. Diru...
f5ebf2a456433609,L14 Conrad,Conrad_5_intro_ryan_romanced,6,Conrad,"Aŭdis pri vi kaj la granda blua ulo. Ryan, ĉu?"
061d649bf4c733b7,L14 Conrad,Conrad_5_intro_ryan_romanced,7,Conrad,"Vetas, ke vi amuziĝis."
4193e2b4730c89ad,L14 Conrad,Conrad_5_intro_ryan_romanced,8,Conrad,"Esperas, ke ĝi iris bone."
63ecf81d4e111712,L14 Conrad,Conrad_5_intro_ryan_romanced,9,Kobold,"Jes ja! Dankon, ke vi demandis."
0c7c795d2dd5eb76,L14 Conrad,Conrad_5_intro_ryan_romanced,10,Kobold,Ĝi iris bone.
ae61bf1949b59852,L14 Conrad,Conrad_5_intro_ryan_romanced,12,Conrad,Nun!
25ba5fd876754270,L14 Conrad,Conrad_5_intro_ryan_romanced,13,Conrad,Conrad bezonas lavadon!
# --- intro: Conrad_5_intro_conrad_romanced | if $ryan_conrad_romanced $conrad_romanced $ryan_romanced ---
76777c9ea422832b,L14 Conrad,Conrad_5_intro_conrad_romanced,1,Conrad,"He, belulo"
0b7efee62380b6cd,L14 Conrad,Conrad_5_intro_conrad_romanced,2,Conrad,Kiel mi aspektas?
060982be63865e2c,L14 Conrad,Conrad_5_intro_conrad_romanced,3,Kobold,Tre mojose
b6fff34d007d61c9,L14 Conrad,Conrad_5_intro_conrad_romanced,4,Kobold,Ee..
806a4d3418ed236d,L14 Conrad,Conrad_5_intro_conrad_romanced,5,Conrad,Jes! Ja!
4bd075c280186208,L14 Conrad,Conrad_5_intro_conrad_romanced,6,Conrad,Sed ne por rendevuo.
777560a71762cf9b,L14 Conrad,Conrad_5_intro_conrad_romanced,7,Conrad,Do ni forlavu ĝin por nia rendevuo ĉi-vespere.
364ea49c3b6c9895,L14 Conrad,Conrad_5_intro_conrad_romanced,8,Conrad,Ha!
3ef6b1f5eeda632e,L14 Conrad,Conrad_5_intro_conrad_romanced,9,Conrad,Mi nur ŝercas.
ec760ba3440257aa,L14 Conrad,Conrad_5_intro_conrad_romanced,10,Conrad,"Bone, do ni forlavu ĝin por nia rendevuo ĉi-vespere."
300d848a1b6703e2,L14 Conrad,Conrad_5_intro_conrad_romanced,12,Kobold,Vi nepre devas esti senmakula!
260d7e3607c0eca1,L14 Conrad,Conrad_5_intro_conrad_romanced,14,Conrad,He... Diable prave.
d875bd1d6febfd53,L14 Conrad,Conrad_5_intro_conrad_romanced,15,Conrad,Mi bruliĝas de entuziasmo.
a652a464f67481de,L14 Conrad,Conrad_5_intro_conrad_romanced,16,Conrad,"Jam havas sidlokojn en tiu trinkejo, kiun mi menciis antaŭe."
ce3783abd13119b6,L14 Conrad,Conrad_5_intro_conrad_romanced,17,Conrad,La etoso nokte estas fek' bonega.
18ed0c57d649df67,L14 Conrad,Conrad_5_intro_conrad_romanced,18,Conrad,Ĝi plaĉos al vi.
# --- intro: Conrad_5_intro_ryan_conrad_romanced | if $ryan_conrad_romanced $conrad_romanced $ryan_romanced ---
9ec8a28e82bf29dd,L14 Conrad,Conrad_5_intro_ryan_conrad_romanced,1,Conrad,Heeeee.
ce0517f9b97181e5,L14 Conrad,Conrad_5_intro_ryan_conrad_romanced,2,Kobold,Kio metis vin en tiel bonan humoron?
9560e52eac466c54,L14 Conrad,Conrad_5_intro_ryan_conrad_romanced,4,Conrad,Mia rendevuo kun Ryan estis...
f1afc0e7b46c4e3f,L14 Conrad,Conrad_5_intro_ryan_conrad_romanced,5,Conrad,Diable bonega!
4b512432c16ce478,L14 Conrad,Conrad_5_intro_ryan_conrad_romanced,9,Conrad,"Pardonu, ke mi venas malfrue. Mia dormo estas fuŝita."
258282b3a0c1182a,L14 Conrad,Conrad_5_intro_ryan_conrad_romanced,10,Conrad,Sed mi estas ĉi tie nur por lavado.
b67855af6a6d0c66,L14 Conrad,Conrad_5_intro_ryan_conrad_romanced,11,Kobold,Vi baldaŭ devos rakonti al mi ĉiujn detalojn pri Ryan.
9ab1cc314a249eac,L14 Conrad,Conrad_5_intro_ryan_conrad_romanced,12,Kobold,Bone! Mi iros malfermi la pordegon.
1d28eb42dcdd879d,L14 Conrad,Conrad_5_intro_ryan_conrad_romanced,13,Conrad,Ne zorgu. Mi ja rakontos.
# --- progress: Conrad_5_required_ryan_romanced | if $ryan_romanced ---
189bf8eff795718a,L14 Conrad,Conrad_5_required_ryan_romanced,1,Conrad,"He, pardonu, ke mi venas malfrue."
cf69f255df6f95af,L14 Conrad,Conrad_5_required_ryan_romanced,2,Kobold,Ne gravas. Mi fermos post ĉirkaŭ unu horo.
3aa0d9279bff43d9,L14 Conrad,Conrad_5_required_ryan_romanced,3,Kobold,Vi povas veni iam ajn!
f135fa715daf4f0c,L14 Conrad,Conrad_5_required_ryan_romanced,4,Conrad,"Ha. Bone, forgesu, do mi ne bedaŭras."
b127befdbae1da68,L14 Conrad,Conrad_5_required_ryan_romanced,6,Conrad,Via rendevuo kun Ryan.
e00a5000d0f2cd2a,L14 Conrad,Conrad_5_required_ryan_romanced,8,Conrad,Kiel estis la seksumado.
7bd3b05552e5bd75,L14 Conrad,Conrad_5_required_ryan_romanced,10,Kobold,Ho. Nu. <size=70%>Bona.
051b72b94276cf81,L14 Conrad,Conrad_5_required_ryan_romanced,11,Conrad,"He, nenio malbona en demandi!"
d5e5e7ee92b23759,L14 Conrad,Conrad_5_required_ryan_romanced,12,Conrad,"Ŝajnas, ke ĝi do estis bona."
83e2bb850a49b35e,L14 Conrad,Conrad_5_required_ryan_romanced,13,Conrad,"Ha, mi tion imagis."
9f69f9b215b926ee,L14 Conrad,Conrad_5_required_ryan_romanced,14,Conrad,Vi ja scias sufiĉe bone uzi viajn manojn.
2c910bcdb2651bf0,L14 Conrad,Conrad_5_required_ryan_romanced,15,Conrad,Mi ĵaluzas!
9e8a396c1742ffde,L14 Conrad,Conrad_5_required_ryan_romanced,16,Conrad,"...Sed ne en ia malbona, stranga maniero."
# --- progress: Conrad_5_required_conrad_romanced | if $ryan_romanced $conrad_romanced ---
63b786e95b90bc5e,L14 Conrad,Conrad_5_required_conrad_romanced,1,Conrad,Do. Ĉi-vespere.
6a74a80cafdccde8,L14 Conrad,Conrad_5_required_conrad_romanced,6,Conrad,Tion vi devus esti.
06318559748ee640,L14 Conrad,Conrad_5_required_conrad_romanced,7,Conrad,Vi ege ŝatos ĝin.
6c4d5b09c5034364,L14 Conrad,Conrad_5_required_conrad_romanced,8,Conrad,La lumoj en tiu kvartalo ankaŭ estas bonegaj.
95e9b7e01259ac1e,L14 Conrad,Conrad_5_required_conrad_romanced,9,Conrad,Vere kreas la etoson.
66e39f6379268a82,L14 Conrad,Conrad_5_required_conrad_romanced,10,Kobold,Konservu vian etos-kreadon por ĉi-vespere!
f9ae65b8ce359331,L14 Conrad,Conrad_5_required_conrad_romanced,12,Conrad,Ha. Bone.
1d1baaa8db27cb04,L14 Conrad,Conrad_5_required_conrad_romanced,13,Conrad,Ho jes.
ff84a4b13b8be2a4,L14 Conrad,Conrad_5_required_conrad_romanced,14,Conrad,"Tuj kiam mi estos pura, mi ekiros kaj pretigos nian lokon."
# --- progress: Conrad_5_required_ryan_conrad_romanced | if $ryan_romanced $conrad_romanced $ryan_conrad_romanced ---
1598446fc49cdf80,L14 Conrad,Conrad_5_required_ryan_conrad_romanced,1,Conrad,Ryan estas tiel afabla drako.
e2e3e43114ab1531,L14 Conrad,Conrad_5_required_ryan_conrad_romanced,2,Kobold/Conrad,Li vere estas.
73f5014bc8782ad4,L14 Conrad,Conrad_5_required_ryan_conrad_romanced,4,Conrad,"Jes, li estas tiel bonkora al mi."
953a9b287930c86a,L14 Conrad,Conrad_5_required_ryan_conrad_romanced,5,Conrad,Li estas... Atentema. Kaj vere komprenema.
41d3eda9c195fe48,L14 Conrad,Conrad_5_required_ryan_conrad_romanced,6,Conrad,"Kiam mi unue renkontis lin, mi refalis en mian malnovan rolon."
42fb7bc16778c0a5,L14 Conrad,Conrad_5_required_ryan_conrad_romanced,7,Conrad,"... Estis iom aĉulo, sincere."
66ad79997bc62825,L14 Conrad,Conrad_5_required_ryan_conrad_romanced,8,Conrad,"Li simple... Sciis, kion diri por elskui min el ĉio tio."
7f8b591142c62352,L14 Conrad,Conrad_5_required_ryan_conrad_romanced,9,Kobold,Tio estas vere bela!
98e27e864ef9bcd4,L14 Conrad,Conrad_5_required_ryan_conrad_romanced,10,Kobold,Ryan estas dolĉulo
7d6c8c039970d352,L14 Conrad,Conrad_5_required_ryan_conrad_romanced,11,Conrad,Jes... Li estas vere bonega.
5e25d0f2371f53e0,L14 Conrad,Conrad_5_required_ryan_conrad_romanced,13,Conrad,"Dankon, ke vi konatigis min kun li."
# --- jerkoff: Conrad_5_JerkOff_Start ---
c96d891724f6aacb,L14 Conrad,Conrad_5_JerkOff_Start,1,Conrad,Ha... Nun vi skuos mian kacon? Bone por mi.
# --- cum: Conrad_5_Cum ---
51bfc34995242b1a,L14 Conrad,Conrad_5_Cum,1,Conrad,"Feeeek. Vi vere scias, kiel prilabori drakon!"
# --- outro: Conrad_5_outro_ryan_romanced | if $ryan_romanced ---
311729708567a9d6,L14 Conrad,Conrad_5_outro_ryan_romanced,1,Kobold,Ĉio farita!
84da55b8523dba73,L14 Conrad,Conrad_5_outro_ryan_romanced,2,Kobold,Vi estas <i>senmakula.
2bde145654bd4a8f,L14 Conrad,Conrad_5_outro_ryan_romanced,3,Conrad,Ŝajnas tiel.
af144d6cb4daa5e6,L14 Conrad,Conrad_5_outro_ryan_romanced,4,Conrad,Diable jes.
8c873098ac0042a6,L14 Conrad,Conrad_5_outro_ryan_romanced,5,Conrad,Dankon pro la lavado tiel malfrue en la nokto.
028e30f8adf6e6ad,L14 Conrad,Conrad_5_outro_ryan_romanced,6,Conrad,"Vi devas informadi min pri vi kaj Ryan, ĉu?"
a398eca1fb8d9924,L14 Conrad,Conrad_5_outro_ryan_romanced,7,Conrad,Ĉiukaze...
234fc4abfc8d8619,L14 Conrad,Conrad_5_outro_ryan_romanced,8,Conrad,Ellasu la <i>grandan C</i> el ĉi tiu loko!
a53a782390260e09,L14 Conrad,Conrad_5_outro_ryan_romanced,9,Kobold,granda C...?
8e369560d1581070,L14 Conrad,Conrad_5_outro_ryan_romanced,10,Kobold,"Bone, Conrad."
f6b30f28e561466d,L14 Conrad,Conrad_5_outro_ryan_romanced,12,Conrad,"Jeeees, mi ne tenos tiun."
ac2b2c6605839727,L14 Conrad,Conrad_5_outro_ryan_romanced,13,Conrad,Ha... Jes...
fc66fcc7fd7d0e4d,L14 Conrad,Conrad_5_outro_ryan_romanced,14,Conrad,"Bone, ĝis!"
# --- outro: Conrad_5_outro_conrad_romanced | if $ryan_romanced $conrad_romanced ---
9333db61bcc08052,L14 Conrad,Conrad_5_outro_conrad_romanced,1,Conrad,Tute pura...
8b45593ada7894a3,L14 Conrad,Conrad_5_outro_conrad_romanced,2,Conrad,"Vi scias, kion tio signifas."
53e54ad7b23e6757,L14 Conrad,Conrad_5_outro_conrad_romanced,3,Kobold,Rendevua vespero!
4f319a155b3e572c,L14 Conrad,Conrad_5_outro_conrad_romanced,4,Kobold,Unue mi devos fermi la butikon-
f3296c9825518630,L14 Conrad,Conrad_5_outro_conrad_romanced,6,Conrad,Mi devos rezervi vian lokon dum vi fermas.
c215e512d572e96c,L14 Conrad,Conrad_5_outro_conrad_romanced,7,Conrad,"Mi scias, mi rezervos vian lokon!"
22d803e60de439a9,L14 Conrad,Conrad_5_outro_conrad_romanced,8,Conrad,Bone! Mi pretas ekiri.
092af5ec90bd21c7,L14 Conrad,Conrad_5_outro_conrad_romanced,9,Conrad,Mi atendos vin ĉe la trinkejo ĉi-vespere!
# --- outro: Conrad_5_outro_ryan_conrad_romanced | if $ryan_romanced $conrad_romanced $ryan_conrad_romanced ---
e079ff157877ea28,L14 Conrad,Conrad_5_outro_ryan_conrad_romanced,1,Conrad,"Mi kredas, ke vi atingis ĉiun lokon!"
6749954edebda844,L14 Conrad,Conrad_5_outro_ryan_conrad_romanced,2,Conrad,Mi nepre lasos viajn skvamojn trankvilaj.
2bc72fd03dd6d9e7,L14 Conrad,Conrad_5_outro_ryan_conrad_romanced,3,Conrad,"Dankon, ke vi enlasis min tiel malfrue."
f001e3ed4df7e0ee,L14 Conrad,Conrad_5_outro_ryan_conrad_romanced,4,Kobold,Neniu problemo!
9d4a6cd35afcc17e,L14 Conrad,Conrad_5_outro_ryan_conrad_romanced,5,Kobold,"Mi ĉiam ĝojas havi vin ĉi tie, Conrad."
5e4e2c64bc630fa1,L14 Conrad,Conrad_5_outro_ryan_conrad_romanced,6,Conrad,Mmmhm. Mi laboros pri mia dorm-horaro...
5c58c3e6d4c7dc65,L14 Conrad,Conrad_5_outro_ryan_conrad_romanced,7,Conrad,Dankon. Mi ĉiam ĝojas esti ĉi tie.
163137d1bff25904,L14 Conrad,Conrad_5_outro_ryan_conrad_romanced,8,Conrad,Ĉiukaze. Ĉu vi povus malfermi la pordegon?
94d29a68cf0c8c31,L14 Conrad,Conrad_5_outro_ryan_conrad_romanced,9,Conrad,La nokto ne komenciĝos per si mem!

# ===== Level 15: Alexander (Sunny) =====
# --- intro: Alexander_5_intro ---
bc3d56d7794e4370,L15 Alexander,Alexander_5_intro,6,Kobold,"Saluton, Alexander."
1bef44aeb393caf0,L15 Alexander,Alexander_5_intro,7,Kobold,"He, grandulo!"
2d8bd7d9bb5f85ba,L15 Alexander,Alexander_5_intro,8,Alexander,Bonan tagon.
b048841add4ee6cf,L15 Alexander,Alexander_5_intro,10,Alexander,Mi venis por lavado.
beeee2948bf1c30a,L15 Alexander,Alexander_5_intro,11,Alexander,"Mi esperas, ke vi bonfartas!"
906a59351176dc24,L15 Alexander,Alexander_5_intro,12,Kobold,Jes! Mi ĵus rendevuis kun Ryan.
2a75724b922176cf,L15 Alexander,Alexander_5_intro,13,Alexander,"Ĉu vere? La ĉielblua drako, kiun mi vidis ĉi-ĉirkaŭe?"
1f4da5e1dde7e17c,L15 Alexander,Alexander_5_intro,14,Alexander,"Estas mirinde aŭdi, ke vi havas iun!"
50f1967e1e33cecf,L15 Alexander,Alexander_5_intro,15,Kobold,Jes! Mi ĵus rendevuis kun Conrad.
0738da2a76bc2231,L15 Alexander,Alexander_5_intro,16,Alexander,Ĉu vere? La malgranda ruĝa drako?
896dc87e931d64eb,L15 Alexander,Alexander_5_intro,18,Kobold,"Jes ja! Eĉ pli bone nun, kiam vi estas ĉi tie."
0786859cb08f5ef9,L15 Alexander,Alexander_5_intro,19,Kobold,Mi fartas bone!
414ed962f4c8a03a,L15 Alexander,Alexander_5_intro,20,Alexander,Ho. Tio estas... Mirinda!
10cdda610834ef77,L15 Alexander,Alexander_5_intro,21,Alexander,Ankaŭ mi ĝojas esti ĉi tie.
346865d8c1dd9693,L15 Alexander,Alexander_5_intro,22,Alexander,Estas mirinde aŭdi tion.
f9ccb379ac224d71,L15 Alexander,Alexander_5_intro,23,Alexander,"Nu do, mi bezonas purigon."
4e576daaec5a2d15,L15 Alexander,Alexander_5_intro,24,Kobold,Tuj!
42dbc75670fc6105,L15 Alexander,Alexander_5_intro,26,Alexander,Mi antaŭĝojas pri la lavado.
# --- progress: Alexander_5_romance_route | if $ryan_conrad_romanced ---
067e958be39127d9,L15 Alexander,Alexander_5_romance_route,4,Alexander,Mi pensadis...
4dd6f1ad9c86a533,L15 Alexander,Alexander_5_romance_route,5,Alexander,"Ĉu vi opinias, ke mi estas alloga?"
303f7b0a567bfb2b,L15 Alexander,Alexander_5_romance_route,6,Kobold,JES.
09141003dee8665c,L15 Alexander,Alexander_5_romance_route,7,Kobold,"Jes, mi opinias!"
43c22d680a102c02,L15 Alexander,Alexander_5_romance_route,8,Kobold,"Mi opinias, ke vi estas bela."
4d433e9df480be59,L15 Alexander,Alexander_5_romance_route,10,Alexander,Tio ĝojigas min!
c2ec019426b864e2,L15 Alexander,Alexander_5_romance_route,11,Alexander,Tio... do igas min multe pli memfida.
2819c10656ee517a,L15 Alexander,Alexander_5_romance_route,12,Alexander,Ĉu vere?
8fa16c7b8108298a,L15 Alexander,Alexander_5_romance_route,15,Alexander,Tio do igas min multe pli memfida.
4f6ee313463724ba,L15 Alexander,Alexander_5_romance_route,16,Alexander,Tio kondukas min al mia sekva demando...
96ec8add863c6173,L15 Alexander,Alexander_5_romance_route,17,Alexander,Ĉu vi afable akompanus min en la kolegia biblioteko ĉi-vespere...?
558dbfba7857e37d,L15 Alexander,Alexander_5_romance_route,18,Alexander,Ĝi estus... rendevuo. Kiel plej multaj dirus.
76eea215ea7ba450,L15 Alexander,Alexander_5_romance_route,19,Kobold,"<gradient=""gold""><b> Volonte! </b></gradient><size=70%> (Kondukos al Alexander-romanco!)"
500188b2a2627768,L15 Alexander,Alexander_5_romance_route,20,Kobold,"<gradient=""gold""><b> Mi estos okupita ĉi-vespere. Pardonu. </b></gradient><size=70%> (Kondukos al neniu romanco!)"
96b6a8b07a0781d0,L15 Alexander,Alexander_5_romance_route,22,Alexander,Jam de kelka tempo mi pripensadis demandi vin pri tio.
942b49a7c66fb0bf,L15 Alexander,Alexander_5_romance_route,23,Alexander,Ha. Ne maltrankviliĝu.
b1cb9d9c9d3d9661,L15 Alexander,Alexander_5_romance_route,24,Alexander,Tre bone. Do mi ne plu interrompu la lavadon!
# --- progress: Alexander_5_required ---
861a7c80ccb8a4ba,L15 Alexander,Alexander_5_required,1,Alexander,"Do, kiel pasis via rendevuo?"
3481be04c35d76a2,L15 Alexander,Alexander_5_required,2,Kobold,Estis bonege! Ryan estas dolĉulo.
d26f0d306552c44a,L15 Alexander,Alexander_5_required,3,Kobold,Estis bonege. Conrad estas sovaĝa. Bone sovaĝa.
cf755b67feb7b6d9,L15 Alexander,Alexander_5_required,4,Kobold,Estis bone. Ni seksumis.
6af3f2040301f8fa,L15 Alexander,Alexander_5_required,5,Alexander,Tio estas bona. Vi meritas decan viron.
9b8379de3d387846,L15 Alexander,Alexander_5_required,6,Alexander,"Mi certas, ke ankaŭ li trovas vin agrabla!"
add751924d595d89,L15 Alexander,Alexander_5_required,7,Kobold,"Dankon, ankaŭ vi estas agrabla!"
01cb42db52da342d,L15 Alexander,Alexander_5_required,9,Alexander,Dankon. Estas afable de vi diri tion.
a8ab7e0a75fdc69c,L15 Alexander,Alexander_5_required,11,Alexander,"Ha, li ŝajnas esti de la sovaĝa speco."
5bac15668ef9b115,L15 Alexander,Alexander_5_required,12,Alexander,"Mi ĝojas, ke vi ĝuas lian kompanion. Mi certas, ke li trovas vin agrabla."
cb8f422bf973d563,L15 Alexander,Alexander_5_required,20,Alexander,"Tio certe signifas, ke vi du bone kongruas."
# --- jerkoff: Alexander_5_JerkOff_Start ---
caa4d660ab8d004d,L15 Alexander,Alexander_5_JerkOff_Start,1,Alexander,<i> tio estas agrabla...</i>
# --- cum: Alexander_5_Cum ---
3eb65bb3b11e901c,L15 Alexander,Alexander_5_Cum,1,Alexander,Ho- Pardonu min pro la malpuraĵo...
# --- mount_start: Alexander_5_Mount_Start ---
6df0c2c2617b9905,L15 Alexander,Alexander_5_Mount_Start,1,Alexander,"Ho ve. Mi supozas, ke mi povus uzi la stablon!"
# --- mount_finish: Alexander_5_Mount_Finish ---
31ea4258e44c77e4,L15 Alexander,Alexander_5_Mount_Finish,1,Alexander,"Nnf... Mi kredas, ke mi bezonis tion. Mi dankas vin."
# --- outro: Alexander_5_Outro ---
026554f86388b721,L15 Alexander,Alexander_5_Outro,1,Alexander,Mi dankas vin pro la purigo.
7f37ff79ee94bd0b,L15 Alexander,Alexander_5_Outro,2,Alexander,Ĉi-vespere- sur la kampuso. La biblioteko estas la granda konstruaĵo kun blua spajro.
f5e9b1cef9c39e89,L15 Alexander,Alexander_5_Outro,3,Alexander,"Alproksimiĝu al la draka enirejo, kaj mi enlasos vin."
5832139d604c3ee8,L15 Alexander,Alexander_5_Outro,5,Kobold,Ankaŭ mi!
6ed2300bf162b1de,L15 Alexander,Alexander_5_Outro,6,Kobold,Sonas vere mojose.
ada4e05c4d451f61,L15 Alexander,Alexander_5_Outro,8,Alexander,Ĝi ja estas sufiĉe mojosa.
6068953467a952bf,L15 Alexander,Alexander_5_Outro,9,Alexander,Nun mi lasos viajn skvamojn trankvilaj. Mi dankas vin pro la lavado.
7ca9216de53b82e5,L15 Alexander,Alexander_5_Outro,10,Alexander,Ĝis ĉi-vespere.
4f8eb9eeb14b2f7d,L15 Alexander,Alexander_5_Outro,11,Alexander,Tio devus esti ĉiu loko.
991fa15e47275ce0,L15 Alexander,Alexander_5_Outro,12,Alexander,Mi dankas vin pro la purigo!
6d1255dd43802973,L15 Alexander,Alexander_5_Outro,13,Alexander,"Mi feliĉas, ke mi konatiĝis kun vi."
5d5e0eafc7ef13d6,L15 Alexander,Alexander_5_Outro,14,Kobold,Ankaŭ mi.
63b9a103362edd6c,L15 Alexander,Alexander_5_Outro,15,Kobold,"Aj, dankon, Alexander."
6df8f8008c57cbac,L15 Alexander,Alexander_5_Outro,16,Alexander,"Nu do, nun mi lasos viajn skvamojn trankvilaj."
1cb7b221b7adda1c,L15 Alexander,Alexander_5_Outro,17,Alexander,Adiaŭ!

# ===== Cutscenes (started by game code) =====
# --- Alexander_SexScene ---
266f7a45346224eb,Cutscene,Alexander_SexScene,1,Alexander,Ni povas simple kuŝi ĉi tie...
43b91c684627d3b6,Cutscene,Alexander_SexScene,2,Alexander,Ĉu vi prizorgos ĉion?
# --- Alexander_SexScene_Loop ---
7d085d9765e3c5d6,Cutscene,Alexander_SexScene_Loop,1,Alexander,Ho ve-
f70738ec42aa401d,Cutscene,Alexander_SexScene_Loop,2,Alexander,Viaj manoj estas tre lertaj
328ad033a139998d,Cutscene,Alexander_SexScene_Loop,3,Alexander,mmm..
5ec1f7e700f37c3d,Cutscene,Alexander_SexScene_Loop,4,Alexander/Conrad/Ryan,..
# --- Alexander_SexScene_Cum | if $alexander_sexscene_loops ---
08ab4c0c6ca5fe6f,Cutscene,Alexander_SexScene_Cum,1,Kobold,Ĉu tio estas bona?
069e24aa896ea4cf,Cutscene,Alexander_SexScene_Cum,2,Alexander,Bona... Tio estus ĝusta vorto.
2c33dcef91e06624,Cutscene,Alexander_SexScene_Cum,3,Kobold,Bone.
2d731f1625c8064f,Cutscene,Alexander_SexScene_Cum,4,Alexander,Mi estas... Jam sufiĉe proksima
4650860eb73dd16f,Cutscene,Alexander_SexScene_Cum,5,Kobold,Ĉu vi eltenos iom pli longe por mi?
860ede2808e2507c,Cutscene,Alexander_SexScene_Cum,6,Kobold,Lasu vin iri!
16c36baab1491eb1,Cutscene,Alexander_SexScene_Cum,7,Alexander,T-tre bone. Mi provos.
24537bfd61baf4a0,Cutscene,Alexander_SexScene_Cum,8,Alexander,"Mi ne kredas, ke mi povas plu reteni min"
a63eed0b6b6a78c7,Cutscene,Alexander_SexScene_Cum,9,Kobold,Ankoraŭ ne. iom pli longe.
35f5ee08b67fc0f5,Cutscene,Alexander_SexScene_Cum,10,Kobold,"Lasu vin iri, kiam ajn vi pretas."
82af5427ecb85c11,Cutscene,Alexander_SexScene_Cum,11,Alexander,Jes..
847ec7301eab2bde,Cutscene,Alexander_SexScene_Cum,12,Alexander,Huf...
c958ed597f3ee7b9,Cutscene,Alexander_SexScene_Cum,13,Alexander,Mi ĝuis ĉi tion tre multe.
f3be3d62065c0791,Cutscene,Alexander_SexScene_Cum,14,Kobold,Mi ĝojas aŭdi tion.
6a629fe795ac84d7,Cutscene,Alexander_SexScene_Cum,15,Kobold,Kaj nun?
4cc4342b97114697,Cutscene,Alexander_SexScene_Cum,16,Alexander,"Jes... Sed mi kredas, ke ni devos purigi la plankon."
ee63118710aa5c5b,Cutscene,Alexander_SexScene_Cum,17,Alexander,Ni devos purigi la plankon...
8319d1715d2a4149,Cutscene,Alexander_SexScene_Cum,18,Alexander,<i><size=70%>ho ve.. kaj la librojn
# --- Conrad_SexScene ---
b6d2d6ccb52c5166,Cutscene,Conrad_SexScene,1,Conrad,Ho diable! Vi vere estas aventurema!
e5c48d779d6422b5,Cutscene,Conrad_SexScene,2,Kobold,mmmf! (Jes!)
e0ecc38d8bbe3790,Cutscene,Conrad_SexScene,3,Conrad,Ne parolu kun plena buŝo
# --- Conrad_SexScene_Loop ---
d7e01674d2776085,Cutscene,Conrad_SexScene_Loop,1,Conrad,"Sincere, mi ne scias, kiel vi faras tion."
9b277d164ba8a630,Cutscene,Conrad_SexScene_Loop,2,Conrad,Sed mi ne plendas.
73433af885509f84,Cutscene,Conrad_SexScene_Loop,3,Conrad,Diable jes
# --- Conrad_SexScene_Cum | if $conrad_sexscene_loops ---
fcfcfc2c31be11e5,Cutscene,Conrad_SexScene_Cum,1,Conrad,Ĉu vi pretas por ĉi tio?
6b426873374bb7a4,Cutscene,Conrad_SexScene_Cum,2,Kobold,Donu al mi momenton
91213ceb7548b8dc,Cutscene,Conrad_SexScene_Cum,3,Kobold,Preta!
72e3cb39cf4a181a,Cutscene,Conrad_SexScene_Cum,4,Conrad,"Conrad povas daŭri tiel longe, kiel necesas"
3f2d1b3f808a4ec7,Cutscene,Conrad_SexScene_Cum,5,Conrad,"Mi povas elŝpruci, kiam ajn vi pretas"
46438371960f0974,Cutscene,Conrad_SexScene_Cum,6,Kobold,Ankoraŭ ne.
d893ccbfc95475bc,Cutscene,Conrad_SexScene_Cum,7,Kobold,Donu ĝin al mi!
aa1a7618e29e4482,Cutscene,Conrad_SexScene_Cum,8,Conrad,"He, bone por mi!"
aa116a5879e94072,Cutscene,Conrad_SexScene_Cum,9,Conrad,Mi estas impresita.
45a9ad3bf69b0498,Cutscene,Conrad_SexScene_Cum,10,Conrad,Ĉu vi pretas reiri en la klubon?
4db30f4a0f40d350,Cutscene,Conrad_SexScene_Cum,11,Kobold,Sonas bone al mi!
# --- Ryan_Conrad_SexScene ---
e86ce51d1dbf8280,Cutscene,Ryan_Conrad_SexScene,1,Ryan,Ryan: Mi neniam faris tion ekstere antaŭe
848d254c8d63e6fb,Cutscene,Ryan_Conrad_SexScene,2,Conrad,Conrad: Ne zorgu pri tio!
3e0325398f9de675,Cutscene,Ryan_Conrad_SexScene,3,Conrad,Conrad: Mi faras tion konstante
d55845869b2cd946,Cutscene,Ryan_Conrad_SexScene,4,Ryan,"Ryan: Mi supozas, ke tio ja estas sufiĉe ekscita"
# --- Ryan_Conrad_SexScene_Loop ---
59a6f968c75b792f,Cutscene,Ryan_Conrad_SexScene_Loop,1,Conrad,Conrad: Ĉu vi bone amuziĝas?
836b8c1db049dc01,Cutscene,Ryan_Conrad_SexScene_Loop,2,Ryan,"Ryan: Jes, certe. Ĉu vi zorgas pri mi?"
dd91f260275b5093,Cutscene,Ryan_Conrad_SexScene_Loop,3,Conrad,Conrad: Conrad simple ĝuas sin
bf095ea55cdeb898,Cutscene,Ryan_Conrad_SexScene_Loop,4,Conrad,Conrad: Fakte.. mi celas..
5001d1e4b306b6d9,Cutscene,Ryan_Conrad_SexScene_Loop,5,Conrad,"Conrad: Mi volas, ke ĉi tio iru bone"
4c3de56e34727c37,Cutscene,Ryan_Conrad_SexScene_Loop,6,Ryan,"Ryan: Mi dirus, ke ĝi iras bonege"
06cb256bd506fa70,Cutscene,Ryan_Conrad_SexScene_Loop,7,Ryan,Ryan: Tio multe plaĉas al mi
2e028541c13b150b,Cutscene,Ryan_Conrad_SexScene_Loop,8,Conrad,Conrad: Vi estas agrabla
# --- Ryan_Conrad_SexScene_Cum | if $ryan_conrad_sexscene_loops ---
5142dd3610e4cc0c,Cutscene,Ryan_Conrad_SexScene_Cum,1,Conrad,Conrad: Mi estas preta elŝpruci
357806c023d4c85e,Cutscene,Ryan_Conrad_SexScene_Cum,2,Kobold,Ili daŭrigas
4e0f42eaaa70c70d,Cutscene,Ryan_Conrad_SexScene_Cum,3,Kobold,Ili orgasmas
d8e952b1635e3fe5,Cutscene,Ryan_Conrad_SexScene_Cum,4,Ryan,"Ryan: Mi kredas, ke ankaŭ mi estas proksima.."
50504d8f1c0a5f1c,Cutscene,Ryan_Conrad_SexScene_Cum,7,Ryan,Ryan: Ŭaŭ.. Via staturo vere estas la sola malgranda afero ĉe vi.
e7a686aecb078b9e,Cutscene,Ryan_Conrad_SexScene_Cum,8,Conrad,Conrad: Diable prave!
98087861fbfaa621,Cutscene,Ryan_Conrad_SexScene_Cum,9,Ryan,Ryan: Tio estis agrabla
be1dff750703beb9,Cutscene,Ryan_Conrad_SexScene_Cum,10,Conrad,Conrad: Jes
# --- Ryan_SexScene ---
caa123c912750ed2,Cutscene,Ryan_SexScene,1,Ryan,"Ĉu vi certas, ke ĝi eniros?"
c8dda0f1b46383bc,Cutscene,Ryan_SexScene,2,Kobold,Koboldoj estas tre flekseblaj. Ĝi eniros.
849b442f9a88c950,Cutscene,Ryan_SexScene,3,Kobold,Jip
88f476f3d6ebac8d,Cutscene,Ryan_SexScene,4,Ryan,"Bone, nur diru al mi, se vi sentas vin malkomforte aŭ io ajn."
# --- Ryan_SexScene_Loop ---
48cf02e6d9e88966,Cutscene,Ryan_SexScene_Loop,1,Ryan,Ho ŭaŭ..
8caf602c6f60f544,Cutscene,Ryan_SexScene_Loop,2,Ryan,Ĉi tio estas mia unua fojo kun koboldo.
db7bd45c48fe49a2,Cutscene,Ryan_SexScene_Loop,3,Ryan,Ĉi tio estas vere agrabla..
# --- Ryan_SexScene_Cum | if $ryan_sexscene_loops ---
eff478354f7f1b18,Cutscene,Ryan_SexScene_Cum,1,Ryan,"Mi kredas, ke mi eble estas proksima.."
ddfa0f7133303565,Cutscene,Ryan_SexScene_Cum,2,Kobold,"Daŭrigu iom pli longe, mi petas"
f76c951c6c97d8cd,Cutscene,Ryan_SexScene_Cum,3,Kobold,Donu ĝin al mi!
27cb363532fd0324,Cutscene,Ryan_SexScene_Cum,4,Ryan,"Bone, mi povas fari tion"
685d8bfcf6988796,Cutscene,Ryan_SexScene_Cum,5,Ryan,Estas malfacile reteni min..
8fdcf9b73762886e,Cutscene,Ryan_SexScene_Cum,6,Kobold,Mi ankoraŭ bezonas pli!
5128d4e4a722127f,Cutscene,Ryan_SexScene_Cum,7,Kobold,Faru ĝin!
eb41a8966fdf7cfd,Cutscene,Ryan_SexScene_Cum,8,Ryan,Tio nur igas ĝin pli malfacila!
9c78a3c6942a7982,Cutscene,Ryan_SexScene_Cum,9,Ryan,"Bone, mi sukcesos.."
b9ed3621fb6dfbef,Cutscene,Ryan_SexScene_Cum,10,Ryan,Tio estis vere amuza.
99955b75e0544165,Cutscene,Ryan_SexScene_Cum,11,Kobold,Mi konsentas
ee60aadc2fcea44d,Cutscene,Ryan_SexScene_Cum,12,Ryan,"Vi povas resti ĉi tie, se vi volas."
9d29fc6dcfe7c05d,Cutscene,Ryan_SexScene_Cum,13,Ryan,Mi rezervis por la tuta nokto.
3736ec41338c7ad0,Cutscene,Ryan_SexScene_Cum,14,Kobold,Mi tre volonte restos.

# ===== Dragon reactions (started by game code) =====
# --- DragonAlmostClean ---
bae76fc276bb2030,Reaction,DragonAlmostClean,1,Dragon,"Ho, tio estas pli bona, sed mi ankoraŭ sentas min malpura."
ce6aaf93738f317e,Reaction,DragonAlmostClean,2,Dragon,"Ĉu vi bonvolus rekontroli, ĉu mi estas pura?"
16584052fd337f09,Reaction,DragonAlmostClean,3,Kobold,Bone
c54cbee211a25e14,Reaction,DragonAlmostClean,4,Kobold,Certe
# --- DragonAnnoyedByBuzzing ---
d139edc8ffdc22b7,Reaction,DragonAnnoyedByBuzzing,1,Dragon,"Ĉesigu tion, ni ankoraŭ ne finis. Ĉu ne?"
631ef624f4506ea7,Reaction,DragonAnnoyedByBuzzing,2,Kobold,Hehe
# --- DragonColdBalls ---
e820f3ec0397737f,Reaction,DragonColdBalls,1,Dragon,Ho! Tio estas malvarma!
8408ed2f21e73811,Reaction,DragonColdBalls,2,Dragon,Ŭa! Malvarme!
46f3ba9fc7d04fa7,Reaction,DragonColdBalls,3,Dragon,Brrr! Malvarma akvo!
00221b8a2772003a,Reaction,DragonColdBalls,4,Dragon,Ip!
# --- DragonConfusedAboutDismissal ---
9b99cd22a6f3f85a,Reaction,DragonConfusedAboutDismissal,1,Dragon,"Ho, ĉu ni finis?"
7022570f87a73481,Reaction,DragonConfusedAboutDismissal,2,Dragon,"Mi kredas, ke vi ankoraŭ preterlasis kelkajn lokojn..."
27db29faa5e11bb6,Reaction,DragonConfusedAboutDismissal,3,Kobold,"Ups, mia kulpo."
4fff64bb7aeed72f,Reaction,DragonConfusedAboutDismissal,4,Kobold,"Mi ne sciis, kion la butono faras."
b0869fc4ea46c5bd,Reaction,DragonConfusedAboutDismissal,5,Dragon,"Ne gravas,"
cb554196ac99a428,Reaction,DragonConfusedAboutDismissal,6,Dragon,"Jes, ĝi faras BRRT haha."
345b04bed8d1a7e0,Reaction,DragonConfusedAboutDismissal,7,Dragon,"Ĉiukaze, mi ĝojas, ke vi ne finis, ni daŭrigu!"
# --- DragonSatisfiedAndLeaves ---
7a8942e2613fa23c,Reaction,DragonSatisfiedAndLeaves,1,Dragon,"Dankon, ke vi lavis min!!"
c92c35bb9f44dac4,Reaction,DragonSatisfiedAndLeaves,2,Dragon,Eble ni povus kunesti poste?
8aff5108a050bcfa,Reaction,DragonSatisfiedAndLeaves,3,Kobold,Jes!
2cb6318b9f4550a8,Reaction,DragonSatisfiedAndLeaves,4,Kobold,JES!
28454e931a2d3578,Reaction,DragonSatisfiedAndLeaves,5,Dragon,Bonege! Do ĝis poste!

# ===== Unused nodes (not reachable in the current game) =====
# --- Alexander_1 ---
31c53bea307f49d0,Unused,Alexander_1,1,Alexander/Ryan,Mi helpis la alĥemiiston atingi altan breton
f00ea25690e17adf,Unused,Alexander_1,2,Alexander,"Mi aŭdis laŭtan eksplodon, mi ne kredas, ke Igwix travivis."
# --- Alexander_2 ---
07874aa669e5cb8c,Unused,Alexander_2,1,Alexander,"Se oni kaptos nin malobservi plian regulon, mia reputacio estus ruinigita!"
cfe73695b2bdfe19,Unused,Alexander_2,2,Alexander,"La kolegio ne rajtas ekscii pri tio, ĉu bone?"
27b11f3f6bf12fe9,Unused,Alexander_2,3,Kobold,Kiu kolegio?
2d3935f374b6474e,Unused,Alexander_2,5,Alexander,"La Komunuma Kolegio de Taŭmaturgio de Burnswick, kompreneble!"
7a5128354d6171d0,Unused,Alexander_2,6,Alexander,"La plej prestiĝa kolegio, gastiganta prestiĝajn profesorojn kiel min:"
b34663a53a6541a7,Unused,Alexander_2,9,Alexander,"Bone, mi ne povas permesi, ke la Komunuma Kolegio de Taŭmaturgio de Burnswick eksciu, ke ilia plej bona profesoro Alexander kaŭzis plian incidenton."
b39b95373bf40c36,Unused,Alexander_2,11,Alexander,"Ho, fulmotondro, forgesu, ke mi diris tion!"
# --- Alexander_3 ---
2501ad553fd20454,Unused,Alexander_3,1,Alexander,"Mi devos revivigi Igwix, ho kia honto!"
7b282582fab597eb,Unused,Alexander_3,2,Alexander,La apoteko makulos mian nomon dum monatoj.
# --- Alexander_Dirty ---
950b8260a6ca788f,Unused,Alexander_Dirty,1,Alexander,Rigardu min! Mi fariĝos la mokataĵo de miaj studentoj.
97733f8db49fb168,Unused,Alexander_Dirty,2,Alexander,"Bonvolu frotforigi Igwix de mia dorso, ĉu vi bonvolus?"
# --- Alexander_Idle1 ---
6a4162b247e5aae1,Unused,Alexander_Idle1,1,Alexander,"Mi ne povas kredi, ke Igwix farus tian eraron!"
5e971607fa926b31,Unused,Alexander_Idle1,2,Alexander,"Kaj nun mi estas ĉi tie, aĥ!"
# --- Alexander_Idle2 ---
2a1b4481e851f727,Unused,Alexander_Idle2,1,Alexander,"Mi multe klopodis por diskreta lavado, mi estis certa, ke neniu sekvis min."
26974d0189f0d75c,Unused,Alexander_Idle2,2,Alexander,"Mi certas, ke neniu ekscios..."
# --- Alexander_Idle3 ---
db8cc14accf5dfe9,Unused,Alexander_Idle3,1,Alexander,"Ha, la malpuraĵo ja iom pikis, mi dankas vin."
# --- Alexander_Soapy ---
e17d9103818204a4,Unused,Alexander_Soapy,1,Alexander,"Ĉi tiu sapo ne konvenas al profesoro, ĉu vi ne opinias?"
03c418e790b340c3,Unused,Alexander_Soapy,2,Alexander,"Bonvolu sciigi min, kiam vi finos la ellavadon."
# --- Alexander_Intro ---
f82f410ee41cad07,Unused,Alexander_Intro,1,Alexander,Pst..!
fedb00f6c13cec68,Unused,Alexander_Intro,2,Kobold,Ee... Saluton?
4359ca4e5c8fc816,Unused,Alexander_Intro,3,Kobold,Kiu estas tie?
9e2816aaa10403b6,Unused,Alexander_Intro,4,Alexander,Ŝŝ! Mi ne estas de ĉi tiu regiono...
8275f13b67a6687b,Unused,Alexander_Intro,5,Alexander,Ĉu vi estas malfermita nun?
7409deaefe456a49,Unused,Alexander_Intro,7,Alexander,"Fiu! Okazis al mi akcidento, kiu devas esti prizorgata... diskrete."
afb82d57a9c1ba48,Unused,Alexander_Intro,8,Alexander,"Forigu ĉi tiun baron tuj, por ke mi povu eniri."
# --- Alexander_Outro ---
0c2f6e570964b0c1,Unused,Alexander_Outro,1,Alexander,"Ho bonvolu, danke al vi mi havas ŝancon savi ĉi tiun situacion."
639110e1c4cc2914,Unused,Alexander_Outro,2,Alexander,"Diru, ĉu vi memoras la nomon de la kolegio, kie mi laboras?"
e35f2c7dd32a4059,Unused,Alexander_Outro,3,Kobold,Komunuma Kolegio de Taŭmaturgio de Burnswick
8e3a0c6c1c068e67,Unused,Alexander_Outro,4,Kobold,Ĉu vi laboras en kolegio?
7bf1556708efd0d8,Unused,Alexander_Outro,5,Kobold,Ne
79acad09a68bf670,Unused,Alexander_Outro,6,Alexander,"Ne! Mi volas diri, jes, sed pro mia reputacio, ĉu vi bonvolus teni mian ĉi-tiean viziton sekreta."
3730dccb6a6582be,Unused,Alexander_Outro,7,Alexander,Kio? Mi estas profesoro! Ĉu vi ne rekonas tion laŭ mia blazono?
56723edcd935d476,Unused,Alexander_Outro,8,Alexander,Ho!
e0723f4408ee3eda,Unused,Alexander_Outro,9,Alexander,"Mi komprenas, kion vi faras, mi dankas vin."
7973db48113175b5,Unused,Alexander_Outro,10,Alexander,"Nu bonege, mi tre estimas vian diskretecon, nun mi iros al la apoteko."
677412526f14044a,Unused,Alexander_Outro,14,Alexander,Mi estas tre kontenta pri ĉi tiuj rezultoj..
# --- ConradBeatup_1 ---
72f9c6536242f235,Unused,ConradBeatup_1,2,Kobold,"Mi estas ĉi tie, se vi bezonas iun por paroli."
67410be84ad1b8ac,Unused,ConradBeatup_1,3,Kobold,"Mi prizorgos ĉi tion, ne zorgu."
5b207ccbfd5d5679,Unused,ConradBeatup_1,4,Conrad,"Ne.. Ne, ne gravas... dankon."
b2139b5e4dc27f14,Unused,ConradBeatup_1,5,Conrad,... Dankon..
# --- ConradBeatup_2 ---
b841443b4a7e3b82,Unused,ConradBeatup_2,1,Conrad,"He, dankon, ke vi estas ĉi tie por mi..."
02febaeeb5306c30,Unused,ConradBeatup_2,2,Conrad,"Estas bone havi amikojn, sur kiuj oni povas fidi."
# --- ConradBeatup_Idle1 ---
7ff77420c3518210,Unused,ConradBeatup_Idle1,1,Conrad,"... Mi pensis, ke ni estas bonaj amikoj, ni fikas konstante!"
13a3bd02487dab16,Unused,ConradBeatup_Idle1,2,Conrad,Mi ne komprenas..
# --- ConradBeatup_Idle2 ---
861f99e073cd06e2,Unused,ConradBeatup_Idle2,1,Conrad,"Mi ŝajnigas min fortulo, sed mi estas malgranda drako..."
e375cf5dd6f03d34,Unused,ConradBeatup_Idle2,2,Conrad,Ili iris tro malproksimen.
# --- ConradBeatup_Intro ---
19aa373fb830a05c,Unused,ConradBeatup_Intro,2,Kobold,"Ho dio, vi estas vundita!"
c7e055a695603f2b,Unused,ConradBeatup_Intro,3,Kobold,Ĉu vi fartas bone?
e4e0397bea6600f5,Unused,ConradBeatup_Intro,4,Conrad,"He, nu, mi nur bezonas purigon."
e36f54f748a69d3e,Unused,ConradBeatup_Intro,5,Kobold,"...Bone, envenu"
# --- ConradBeatup_OutroDirty ---
e17652524a905f18,Unused,ConradBeatup_OutroDirty,1,Conrad,... ĉu vi finis? Mi ankoraŭ estas malpura..
# --- ConradBeatup_OutroSoapy ---
d0b060d51bc87feb,Unused,ConradBeatup_OutroSoapy,1,Conrad,... ĉu vi finis? Mi ankoraŭ estas plena de sapo..
# --- Conrad_1 ---
5a208b2886d87937,Unused,Conrad_1,1,Conrad,"Ĉu vi ankaŭ faras ""specialajn finaĵojn"" ĉi tie?"
d61259269b75dec9,Unused,Conrad_1,2,Kobold,Kio estas tio?
1ea442a134b2a184,Unused,Conrad_1,4,Kobold,Ne
335bcdceb30ec6b8,Unused,Conrad_1,5,Conrad,"Nu, ne. Kamarado, vi devas eniri en tiun negocon. Mi pagos bone!"
2f7cc8c297b8d283,Unused,Conrad_1,6,Conrad,Bonege! Mi antaŭĝojas vidi vin labori!
9d1528cc1118e4dd,Unused,Conrad_1,7,Conrad,Kio? Ĉiuj plej bonaj lokoj faras tion!
# --- Conrad_2 ---
d892eb1f696177b4,Unused,Conrad_2,1,Conrad,"Ĉi tiu loko bezonus renovigon, mi scias, kion ĝi bezonus!"
0eaacb4d2b730370,Unused,Conrad_2,2,Conrad,"Mi konas ulon, kiu povas liveri donacon ĝis morgaŭ, kiu plibeligus la lokon."
# --- Conrad_5_Mount_Finish ---
28a96495be7701ea,Unused,Conrad_5_Mount_Finish,1,Conrad,Diable... Ĉiam sentiĝas bone.
# --- Conrad_5_Mount_Start ---
cda9c08deb782b6e,Unused,Conrad_5_Mount_Start,1,Conrad,"<i>Ooooh. </i>La stablo? Diable jes, ulo."
# --- Conrad_Idle1 ---
06b2c581e253753a,Unused,Conrad_Idle1,1,Conrad,"Oni diras al mi, ke mi havas dikan kacon, ĉu tio veras?"
ba07cdd711c7d570,Unused,Conrad_Idle1,2,Kobold,Ho ve
f2ea9d36d2c4032f,Unused,Conrad_Idle1,3,Kobold,Mi vidis pli grandajn
25cdc596cd23bedb,Unused,Conrad_Idle1,4,Conrad,Vi devus palpi ĝin kaj kontroli por mi
c3565cd77a3dcba9,Unused,Conrad_Idle1,5,Conrad,"Sed ne en tiel malgranda pakaĵo, ĉu??"
# --- Conrad_Intro ---
bc1e29287f60b297,Unused,Conrad_Intro,1,Conrad,"Saluton, kamarado!"
f7a29676d9621163,Unused,Conrad_Intro,2,Conrad,"Conrad bezonas purigon, ĉu vi havas lokon por li?"
8339b88ae51a85f6,Unused,Conrad_Intro,3,Kobold,"Jes, bonvolu veni ĉi tien."
255d982b3d4c772e,Unused,Conrad_Intro,5,Conrad,Perfekte!
# --- Mount_Alexander_2_6 ---
dcc524605bec9fd8,Unused,Mount_Alexander_2_6,1,Alexander,Kio estas..
d010c18e5ff478ed,Unused,Mount_Alexander_2_6,2,Alexander,"Ho ve, ne.."
f025190cb1adde9c,Unused,Mount_Alexander_2_6,3,Alexander,"Mi ne volas esti malĝentila, sed mi devas rifuzi"
eec9d16c87323040,Unused,Mount_Alexander_2_6,4,Alexander,Ĉu tio estas kutima praktiko?
929e50391bfd0646,Unused,Mount_Alexander_2_6,5,Kobold,Ho jes
b6547fc9d980c16e,Unused,Mount_Alexander_2_6,6,Kobold,"Ne, mi fakte ĵus akiris ĝin"
40df3c9d9e1d5126,Unused,Mount_Alexander_2_6,7,Alexander,Mi komprenas..
d3acad6a7014a598,Unused,Mount_Alexander_2_6,8,Alexander,Ĉi tio ŝajnas skandala
ab5a3375052f41eb,Unused,Mount_Alexander_2_6,9,Alexander,"Kvankam mi ne povas aserti, ke mi ne estas scivola"
c5ba4f5f1cdff517,Unused,Mount_Alexander_2_6,10,Alexander,Eĉ tiel. Ne ĉi-foje
# --- RyanDate_1 ---
14ecee0afc63c845,Unused,RyanDate_1,1,Ryan,Mi tiel entuziasmas pri ĉi tiu rendevuo!
90ba900c65607127,Unused,RyanDate_1,2,Ryan,"Mi alportis akvomelonon, panon, vinberojn kaj iujn aliajn aferojn."
# --- RyanDate_2 ---
690cf2b49eb95f79,Unused,RyanDate_2,1,Ryan,Ĉu io okupas vian menson?
1648a912c46f7fec,Unused,RyanDate_2,2,Kobold,Io okazis hieraŭ nokte
b3979a44b5b9376a,Unused,RyanDate_2,3,Ryan,Ho ne! Ĉu vi volas paroli pri tio?
02c33e4e3c09bc79,Unused,RyanDate_2,4,Kobold,"Nur io okazis al Conrad, mi esperas, ke li fartas bone."
7680ca7ff15f1566,Unused,RyanDate_2,5,Ryan,"Ankaŭ mi esperas, ke li fartas bone."
# --- RyanDate_3 ---
7ba9e65f61ca2369,Unused,RyanDate_3,1,Ryan,Ĉi tio estas bongusta!
ff74b82dcb8a11d3,Unused,RyanDate_3,2,Kobold,"Ŭaŭ, estas vera sperto vidi vin manĝi tiel."
5b14f19a86849ff5,Unused,RyanDate_3,3,Ryan,Kiel?
42af2c2067728998,Unused,RyanDate_3,4,Ryan,"Ho, ĉu vi celas, gluti aferojn tutajn?"
37f99dd7cbcf5b6f,Unused,RyanDate_3,5,Ryan,Dependas! Draka afero.
# --- RyanDate_Idle1 ---
bcda1f48383d915f,Unused,RyanDate_Idle1,1,Ryan,"Hehe, mi antaŭĝojas reeniri la rendevuan vivon."
# --- RyanDate_Intro ---
d5be54b666b3d38f,Unused,RyanDate_Intro,2,Ryan,"Mi pensis pri tio, kion vi diris,"
ffcaf369ac8b1a74,Unused,RyanDate_Intro,3,Ryan,"vi scias, pri reeniro en la rendevuan vivon..."
89f52a0dc3d757c1,Unused,RyanDate_Intro,4,Kobold,Jes
ecab929d37109ab0,Unused,RyanDate_Intro,5,Ryan,"Mi sciis, ke vi estas tro okupita, do mi decidis alporti la rendevuon al vi!"
92d9da0b0b22fd7a,Unused,RyanDate_Intro,6,Kobold,Bonege! Envenu..
# --- RyanDate_Outro ---
638d7c049f321a6d,Unused,RyanDate_Outro,4,Ryan,Tio estis mirinda! Mi sentas min multe pli certa pri rendevuoj.
# --- RyanExploded_Intro ---
8e87e6b28fb697c4,Unused,RyanExploded_Intro,1,Ryan,Saluton denove..
53ca70e25fc42870,Unused,RyanExploded_Intro,3,Kobold,Vi denove?
b99d68084de082b6,Unused,RyanExploded_Intro,5,Ryan,he.. jes.. pardonu..
81f2cb133d548396,Unused,RyanExploded_Intro,6,Ryan,"Do jes, okazis al mi malfeliĉaĵo.."
d3e25fe68c13c02d,Unused,RyanExploded_Intro,8,Ryan,Mi aŭdis laŭtan eksplodon
ce386faf68f3df7e,Unused,RyanExploded_Intro,9,Ryan,"Mi ne scias, kien ili iris, sed mi denove sentas min malpura."
60c1424a59a1c912,Unused,RyanExploded_Intro,10,Ryan,"Ĉu eblas, ke vi denove purigu min?"
917613bbf36e4b93,Unused,RyanExploded_Intro,11,Kobold,Kompreneble! Bonvolu veni ĉi tien!
# --- RyanExploded_OutroDirty ---
f2bdff14318fd81c,Unused,RyanExploded_OutroDirty,1,Ryan,"Mi kredas, ke mi ankoraŭ sentas iom da eksplodaĵa malpuraĵo sur mi..."
6a1900ba2212696d,Unused,RyanExploded_OutroDirty,2,Ryan,Ĉu vi bonvolus lavi pli?
85a39ab345d672ff,Unused,RyanExploded_OutroDirty,3,Kobold,Jes
1562d2eeb95b795a,Unused,RyanExploded_OutroDirty,4,Kobold,Mia kulpo
3bcf70f39eca74f1,Unused,RyanExploded_OutroDirty,5,Ryan,"Neniu problemo, dankon!"
# --- RyanExploded_OutroSoapy ---
9df62882448c291b,Unused,RyanExploded_OutroSoapy,1,Ryan,"Ee, mi ankoraŭ estas tre plena de sapo!"
29d1991e26b1773d,Unused,RyanExploded_OutroSoapy,2,Ryan,Ĉu vi povus forlavi ĝin?
# --- RyanExploded_Outro ---
a45ce5a6357ad76f,Unused,RyanExploded_Outro,4,Ryan,"Fiu, mi timis, ke mi denove fuŝos ĉion."
ca1dd92cfbe2dcd5,Unused,RyanExploded_Outro,5,Ryan,Nun ili neniam bezonos ekscii!
# --- RyanMuddy_Dirty ---
58246ed8cfcdfa19,Unused,RyanMuddy_Dirty,1,Ryan,"Jes, do mi estas tute kota kaj tiel plu, mi amas petoli en la publika parko."
f27e94e23a2cc6eb,Unused,RyanMuddy_Dirty,2,Ryan,"Mi ankoraŭ estas tre kota, se vi povus sapumi min, tio estus bonega."
# --- RyanMuddy_Idle1 ---
c24aaf031df991a1,Unused,RyanMuddy_Idle1,1,Ryan,"Do, ee, sciigu min, se vi bezonas, ke mi moviĝu."
8bb630e0c8dc64ac,Unused,RyanMuddy_Idle1,2,Ryan,"Nur tuŝu min per via mano, kaj mi provos helpi."
# --- RyanMuddy_Idle2 ---
bcee068ce8220b8e,Unused,RyanMuddy_Idle2,1,Ryan,"Dankon, ke vi purigas min!"
2c4f3b41240d00cd,Unused,RyanMuddy_Idle2,2,Ryan,Mi antaŭĝojis pri ĉi tio.
# --- RyanMuddy_Idle3 ---
e304ea7f521df3f2,Unused,RyanMuddy_Idle3,1,Ryan,"Kiam vi finos, simple premu la butonon."
ac51ca95656fffdd,Unused,RyanMuddy_Idle3,2,Ryan,"La butonon sur la muro, mi celas."
# --- RyanMuddy_Idle4 ---
8fd85e09be693fbf,Unused,RyanMuddy_Idle4,1,Ryan,"Max diras, ke mi estas mallerta drako,"
d2261edb51b885d9,Unused,RyanMuddy_Idle4,2,Ryan,"mi esperas, ke vi helpos min pruvi, ke ili eraras!"
# --- RyanMuddy_Idle5 ---
9df1eb0e35a5d36a,Unused,RyanMuddy_Idle5,1,Ryan,"Sapumi, poste ellavi!"
5e7b1eae20d0fb72,Unused,RyanMuddy_Idle5,2,Ryan,"Almenaŭ tion mi aŭdis, ĉiukaze."
# --- RyanMuddy_Soapy ---
73d08af95ae8835e,Unused,RyanMuddy_Soapy,1,Ryan,"Mi amas vezikojn, ili tiklas!"
83af94fb3d626970,Unused,RyanMuddy_Soapy,2,Ryan,Tamen mi antaŭĝojas vidi ilin forflui en la defluilon.
6bc811f815ef9e24,Unused,RyanMuddy_Soapy,3,Ryan,Uzu la ŝprucilon sur la muro por forlavi min.
# --- RyanMuddy_Idle7 ---
255bd9c513473506,Unused,RyanMuddy_Idle7,1,Ryan,"Ŭaŭ, dankon, tio estas agrabla."
77ff00f75a7c2083,Unused,RyanMuddy_Idle7,2,Ryan,"Esti kota estas vere amuze, ĝis ĝi komencas sekiĝi."
620caab5d90b8d3f,Unused,RyanMuddy_Idle7,3,Ryan,Mi ĝojas forigi ĝin.
# --- RyanMuddy_Idle8 ---
afa88441bc4fc8d9,Unused,RyanMuddy_Idle8,1,Ryan,"Kiu sciis, ke drako povas iĝi tiel malpura, ĉu?"
2ea6d5d46861d1bf,Unused,RyanMuddy_Idle8,2,Ryan,Mi petoladis tra la arbaro
c65b5342f0285c16,Unused,RyanMuddy_Idle8,3,Ryan,"Mi nur konsciis, kian malordon mi faris, post kiam Max kriis al mi, haha."
# --- RyanMuddy_Intro ---
299e9d1e919c3a49,Unused,RyanMuddy_Intro,4,Ryan,"Mi aŭdis, ke ĉi tie estas koboldoj, kiuj povas lavi min?"
05d9cdcce06b0c12,Unused,RyanMuddy_Intro,6,Kobold,Mi estas LA koboldo. Jip!
d12499a3f17512de,Unused,RyanMuddy_Intro,7,Kobold,"Jes, bonvenon al Drag'N Wash!"
213c112ac748eb9e,Unused,RyanMuddy_Intro,9,Ryan,"Bonege, do, ee,"
44beadf6316d890e,Unused,RyanMuddy_Intro,12,Ryan,"Ho, mi vidas la butonon tie, komprenite!"
af8d3a1f26de30ef,Unused,RyanMuddy_Intro,13,Ryan,"Dankon, mi atendos!"
# --- RyanMuddy_Nag1 ---
3605a9273b22288b,Unused,RyanMuddy_Nag1,1,Ryan,"He, ĉu vi povus veni antaŭen, kie mi povas vidi vin?"
720febc2a9d251aa,Unused,RyanMuddy_Nag1,2,Ryan,Mi havas ion por diri!
# --- RyanMuddy_Nag2 ---
6852c864bbd2afef,Unused,RyanMuddy_Nag2,1,Ryan,Mi volas paroli vizaĝ-al-vizaĝe!
0918205f97d74d78,Unused,RyanMuddy_Nag2,2,Ryan,"Se vi povus veni antaŭen, por ke mi povu paroli."
# --- RyanMuddy_Nag3 ---
c8f453084718c8cc,Unused,RyanMuddy_Nag3,1,Ryan,"Oni diris al mi, ke estas ĝentile paroli kun malgranduloj vizaĝ-al-vizaĝe."
# --- RyanMuddy_NaughtyTouch ---
4d13604e28159e56,Unused,RyanMuddy_NaughtyTouch,1,Ryan,"Atentu, kien iras tiuj piedetoj, ĉu?"
# --- RyanMuddy_Outro ---
a46a0805bb6a5eda,Unused,RyanMuddy_Outro,1,Ryan,Dankon pro la rapida purigo!
168c7d0bb7743dec,Unused,RyanMuddy_Outro,2,Ryan,"Cetere, ĉu vi kolerus, se via partnero farus malordon hejme?"
3ae7f278ef092258,Unused,RyanMuddy_Outro,4,Kobold,Dependas
0dfd80e1f981faca,Unused,RyanMuddy_Outro,6,Ryan,"Ho! Jes, tio havas sencon..."
8f207ab27746c010,Unused,RyanMuddy_Outro,7,Ryan,"Mi supozas, ke tio dependas de la cirkonstancoj."
86b57f75d4c04b75,Unused,RyanMuddy_Outro,8,Ryan,"Mi sciis, ke vi subtenus min"
# --- RyanMuddy_SmallTalk ---
0bf9a145c66c512b,Unused,RyanMuddy_SmallTalk,3,Kobold,"Fakte, ĉi tio estas mia unua fojo!"
4eb8bdb270c030ae,Unused,RyanMuddy_SmallTalk,5,Ryan,"Ho, do ĝi estas nova por ni ambaŭ!"
ff152503516900ee,Unused,RyanMuddy_SmallTalk,6,Ryan,Ankaŭ por mi ĝi estas nova...
13d1c29ec8784cae,Unused,RyanMuddy_SmallTalk,7,Ryan,"Mi surpriziĝas, kiel agrable ĝi estas."
# --- Ryan_3_wont_use_mount ---
9221ab210b374d30,Unused,Ryan_3_wont_use_mount,1,Ryan,Ho- Mi ne tre interesiĝas uzi tion nun.
f3f18c2eea794920,Unused,Ryan_3_wont_use_mount,2,Ryan,Eble poste...?

# ===== UI and other text (not part of the dialogue script) =====
bc1b88907d3b748a,UI,,,UI,Sono
b3f848c2a09aa9ed,UI,,,UI,Muzika laŭteco
de7b57b57b05d020,UI,,,UI,Sonefektoj
59a4a3f7f7caa060,UI,,,UI,Etosa laŭteco
31bcb8940fffb7d1,UI,,,UI,Ludado
a874fca87cdd5e4e,UI,,,UI,Grafiko
d0db8b5e364b6989,UI,,,UI,Agordoj
28f9044138a54b95,UI,,,UI,Nova ludo
2a6b24ad28722034,UI,,,UI,Kreditoj
b3eb37acb66ba4bb,UI,,,UI,Eliri
76900f1bfd16c8d4,UI,,,UI,Reen
6a3041fb3ecba173,UI,,,UI,Kamera vidangulo
d4055fafa3794fa8,UI,,,UI,Distingivo
41ca171b0cbae01e,UI,,,UI,Ekrana heleco
42e7fdbd13ba2a01,UI,,,UI,Cela kadrorapido
052810dae19607f5,UI,,,UI,VSync
b63e857488f49396,UI,,,UI,Fenestra reĝimo
c461dbb2bab7d8bc,UI,,,UI,Tutekrane
4571896d8a4d4162,UI,,,UI,Musa sentemo
43ff6e9485bf371e,UI,,,UI,Kaŭrado
3d03a1dea561d0db,UI,,,UI,Baskuli
91d6e30620d99810,UI,,,UI,Tuŝeti/Teni
8e685d5409b3a543,UI,,,UI,Teni
6c359dddb1d4c36e,UI,,,UI,Konsilaj simboloj
fd9baf7f335aa154,UI,,,UI,Inversigi vertikalan rigardon
4d654c19179796ef,UI,,,UI,Ŝprucilo: malpli da movo
2316810a5de343dd,UI,,,UI,Klavaro
0286249762f7c943,UI,,,UI,Aŭtomate
c77c3af22c6429b2,UI,,,UI,Glatigo
130011756125313c,UI,,,UI,Ŝaltita
ca7981b46ecf2c17,UI,,,UI,Malŝaltita
4883b7dfffb02e36,UI,,,UI,Ekskluziva
da43a1983d819a4d,UI,,,UI,Maksimumigita fenestro
3f26603a2748fed3,UI,,,UI,En fenestro
d640c7421da06661,UI,,,UI,Daŭrigi
b6dcb96448c66497,UI,,,UI,ŜARGANTE...
f942d1e183d020b6,UI,,,UI,FORIGI KONSERVON
fae07a8540ff237b,UI,,,UI,Ĉu vere forigi la konservon?
ffb3c5f2edc34373,UI,,,UI,Paŭza menuo
3e49dd16f3893026,UI,,,UI,PURA
4b36f28b2cf37677,UI,,,UI,SAPUMITA
e4e9ab13fc711176,UI,,,UI,RUBAĴOJ
c9c8bf1eae99e1dc,UI,,,UI,BEZONAS PAROLON
b98b0ff714ab5417,UI,,,UI,BEZONAS BANDAĜOJN
dde8c08738fe9e59,UI,,,UI,BEZONAS MANFIKON
a462b8c590652563,UI,,,UI,Enigu tekston...
bb23ec0586e24df5,UI,,,UI,Jen akvomelono!
fa6bb50727553976,UI,,,UI,Bone.
77b845d22632a9ef,UI,,,UI,Mi ĝojas revidi vin.
ed172a475c84204f,UI,,,UI,Mi estas profesoro!
43cc9e298a30c3af,UI,,,UI,"Vi dupieduloj emas ĝui vian manĝaĵon, ĉu ne?"
b735b39b4eea8b70,UI,,,Ryan,Mi neniam faris tion ekstere antaŭe
c913913d57c38493,UI,,,Conrad,Ne zorgu pri tio!
d0ee8dcf7035040c,UI,,,Conrad,Mi faras tion konstante
b00675617fbac31a,UI,,,Ryan,"Mi supozas, ke tio ja estas sufiĉe ekscita"
816c197dfe2ac7e7,UI,,,Conrad,Mi estas preta elŝpruci
fb490e9880f63f05,UI,,,Ryan,Ankaŭ mi estas preskaŭ venonta...
cb9cc6fadcf02cd5,UI,,,Ryan,Ŭaŭ... Via staturo vere estas la sola malgranda afero ĉe vi.
b77039c811832311,UI,,,Ryan,Tio estis agrabla
cbc2935aebe3ca1f,UI,,,Conrad,Jes
1b01a1658c9a5adf,UI,,,Conrad,Ĉu vi bone amuziĝas?
0d8490d07a321596,UI,,,Ryan,"Jes, ege. Ĉu vi zorgas pri mi?"
3d42325316477a3a,UI,,,Conrad,Conrad simple ĝuas sin
2fafbe5f3e7ff469,UI,,,Conrad,Fakte... mi celas...
df9b23df54ab5518,UI,,,Conrad,"Mi volas, ke ĉi tio iru bone"
b0bfa8fe9e70154c,UI,,,Ryan,"Mi dirus, ke ĝi iras bonege"
46fa21135fd9811b,UI,,,Ryan,Tio multe plaĉas al mi
b439ffe3e5553ddc,UI,,,Conrad,Vi estas fek' agrabla
b92f91849d855b40,UI,,,UI,Conrad
2d1e830624b2572a,UI,,,UI,Ryan
e3becbaee46cc0df,UI,,,UI,Lingvo (Mod)
