key,section,node,order,speaker,translation
# Language: 한국어 (ko)
# Created by TomXV. Proofread by a native speaker, Hotcake (lines the game does not use were left as they were).
# Corrections are welcome as pull requests.

# ===== Level 1: Ryan (Sunny) | sets level_1 | ends level_1_complete =====
# --- intro: Ryan_1_intro ---
0da72197e898ebe1,L01 Ryan,Ryan_1_intro,1,Ryan,저기요?
334d016f755cd6dc,L01 Ryan,Ryan_1_intro,2,Kobold,안녕하세요!
dfba3eb46cb5fc14,L01 Ryan,Ryan_1_intro,3,Ryan,"아, 안녕! 음..."
30985c07d735bdc3,L01 Ryan,Ryan_1_intro,4,Ryan,근처에 씻겨 줄 코볼트가 있다고 들었는데.
08c8207cff7cb565,L01 Ryan,Ryan_1_intro,5,Ryan,여기가 맞니?
32cfb777c0a1ca30,L01 Ryan,Ryan_1_intro,6,Kobold,네! 제가 바로 <i>그</i> 코볼트예요!
eec1e26d3338868e,L01 Ryan,Ryan_1_intro,7,Kobold,"네, Drag'n Wash에 오신 걸 환영해요!"
b8e3a13e8da1caf6,L01 Ryan,Ryan_1_intro,8,Ryan,"하하, 그래보이네!"
84f325bca745e504,L01 Ryan,Ryan_1_intro,9,Ryan/Alexander,훌륭하군요!
line:6046bedf,L01 Ryan,Ryan_1_intro,9,Ryan,잘됐다!
900e8c593033c189,L01 Ryan,Ryan_1_intro,10,Ryan,난 라이언이야. 그래서...
092808653667e9ff,L01 Ryan,Ryan_1_intro,11,Ryan,어떻게 들어가면 돼?
0f3f0b7e817061e6,L01 Ryan,Ryan_1_intro,12,Kobold,"잠깐만요, 문 열어 드릴게요."
b8a4a2d6c54c16d8,L01 Ryan,Ryan_1_intro,13,Kobold,삐익!!
273533e355fd12cf,L01 Ryan,Ryan_1_intro,14,Ryan,응...?
3faa3f1d46e0e544,L01 Ryan,Ryan_1_intro,15,Kobold,그러니까... 문 열어 드릴게요!
ce6db45f1866ad91,L01 Ryan,Ryan_1_intro,16,Ryan,"아, 저기 버튼이 보이네. 알겠어!"
425d9584e840b683,L01 Ryan,Ryan_1_intro,17,Ryan,"그래, 기다리고 있을게. 고마워."
# --- phone: Ryan_1_PhoneTutorial ---
9bb3073cec0eb0c7,L01 Ryan,Ryan_1_PhoneTutorial,1,Phone,"여보세요, <i>'Drag'n Wash 223호점'...</i> 첫 손님과는 이야기를 나누셨습니까?"
276bc2be4d36787f,L01 Ryan,Ryan_1_PhoneTutorial,2,Kobold,방금 했어요!
d3c6dd1cf6eefa2a,L01 Ryan,Ryan_1_PhoneTutorial,3,Kobold,"네, 했어요."
38526f3244d3b009,L01 Ryan,Ryan_1_PhoneTutorial,4,Phone,좋습니다.
ab5df625bc76dbd4,L01 Ryan,Ryan_1_PhoneTutorial,5,Phone/Ryan/Alexander/Conrad/Kobold,...
4d4a3684433b7f10,L01 Ryan,Ryan_1_PhoneTutorial,6,Phone,그럼- 생산적인 하루 되십시오.
07c91bff06f38512,L01 Ryan,Ryan_1_PhoneTutorial,7,Phone,"여보세요, <i>'Drag'n Wash 223호점'...</i> 상호작용하는 방법은 파악하셨습니까?"
3d08b37cdf5c2183,L01 Ryan,Ryan_1_PhoneTutorial,8,Kobold,아니요.
01888febaebd67cd,L01 Ryan,Ryan_1_PhoneTutorial,9,Kobold,알 것 같아요!
085283be600618d2,L01 Ryan,Ryan_1_PhoneTutorial,10,Phone,알겠습니다.
4ad86617a918d8ec,L01 Ryan,Ryan_1_PhoneTutorial,11,Phone,그럼 창구에서 손님과 이야기를 나누십시오.
af789b5c60f24630,L01 Ryan,Ryan_1_PhoneTutorial,12,Phone,"그 후, 손님을 안으로 들여보내시면 됩니다."
bb645759b5bd99d4,L01 Ryan,Ryan_1_PhoneTutorial,13,Phone,훌륭합니다. 그럼 창구에서 손님을 맞이하십시오.
474ab3afa218a5df,L01 Ryan,Ryan_1_PhoneTutorial,14,Kobold,네!
7d869361bdb13d98,L01 Ryan,Ryan_1_PhoneTutorial,15,Phone,생산적인 하루 되십시오.
# --- progress: Ryan_1_required ---
098ac93ca7999f8c,L01 Ryan,Ryan_1_required,1,Ryan,그러니까 넌 공인 드래곤 세신사인 거지?
7b999e621945fe90,L01 Ryan,Ryan_1_required,2,Kobold,네!
1cb7709c2b6cdc0b,L01 Ryan,Ryan_1_required,3,Kobold,시작한 지 몇 주밖에 안 됐어요!
9b9024cada67653e,L01 Ryan,Ryan_1_required,4,Ryan,"오, 멋진데!"
fbd8fe3b49aed7c5,L01 Ryan,Ryan_1_required,5,Ryan,난 보통 집에서 호스로 대충 씻거든...
3f742efbf9edb2ee,L01 Ryan,Ryan_1_required,6,Ryan,그럼 우리 둘 다 처음이네!
e6c276d67e994ed5,L01 Ryan,Ryan_1_required,7,Ryan,"솔직히, 이렇게 좋을 줄 몰랐어."
e99ba1a86146f1aa,L01 Ryan,Ryan_1_required,8,Ryan,모든 근심걱정을 내려놓고 쉴 수 있는 좋은 곳이야.
# --- nag: Ryan_1_nag ---
c2aa03c999eb7731,L01 Ryan,Ryan_1_nag,1,Ryan,"저기, 할 말이 있어!"
5b798fca0ab51d6c,L01 Ryan,Ryan_1_nag,2,Ryan,내쪽으로 와 줄래?
# --- jerkoff: ryan_jerk_off_no ---
2e75bb6a3610c11b,L01 Ryan,ryan_jerk_off_no,1,Ryan,저... '손으로'는 나중에 해 줄 수 있을까?
# --- mount_start: ryan_mount_no ---
91c3bf04fb99ce8b,L01 Ryan,ryan_mount_no,1,Ryan,"음, 지금은 괜찮아."
# --- outro: Ryan_1_Outro ---
0d26aa953ca02c41,L01 Ryan,Ryan_1_Outro,1,Ryan,이제 완전히 깨끗해진 것 같아!
699cdec6a62f5ff3,L01 Ryan,Ryan_1_Outro,2,Ryan,호스로 씻는것보다 훨씬 좋았어.
c3bbf19f280c6dde,L01 Ryan,Ryan_1_Outro,3,Kobold,별말씀을요.
66984a1e53d3e869,L01 Ryan,Ryan_1_Outro,4,Kobold,네! 언제든 또 오세요.
d629b0ed3f97727c,L01 Ryan,Ryan_1_Outro,6,Ryan,여기 얘기 주변에도 꼭 전해줄게.
e12cf68db48908a3,L01 Ryan,Ryan_1_Outro,7,Ryan,여기 꼭 기억해 둘게.
29a9062b9b45c6ef,L01 Ryan,Ryan_1_Outro,8,Ryan,하하. 너도 '삐익'!
0712e97652e51758,L01 Ryan,Ryan_1_Outro,9,Ryan,즐거웠어. 다음에 또 봐!
17f93a33eafe382c,L01 Ryan,Ryan_1_Outro,10,Ryan,나갈 수 있게 문 좀 열어 줄래?
1aa7b1c1d5fb1fd6,L01 Ryan,Ryan_1_Outro,12,Ryan/Conrad/Kobold/Dragon,고마워!

# ===== Level 2: Conrad (Sunny) =====
# --- intro: Conrad_Intro_1 ---
d391aece578e396f,L02 Conrad,Conrad_Intro_1,1,Conrad,"<gradient=""yellow - orange""><size=140%>어이! </gradient><size=100%>여기가 그 세신샵이지, 응?"
e2b71fbe0e3a8220,L02 Conrad,Conrad_Intro_1,2,Conrad,번쩍번쩍하게 해줘. 그게 너가 할 일이니까. <size=70%> 하.
198e07bd20a7e40b,L02 Conrad,Conrad_Intro_1,3,Kobold,"네, 이쪽으로 오세요."
d474060b980dd4bb,L02 Conrad,Conrad_Intro_1,4,Kobold,자리 마련해드릴게요.
6c70580a9b88273d,L02 Conrad,Conrad_Intro_1,5,Conrad,좋아. 근데 문은 열어야지. 콘래드 님 들어가신다!
# --- progress: Conrad_required_1 ---
87e002767e44df8e,L02 Conrad,Conrad_required_1,1,Conrad,뭐<size=90%>냐<size=80%>아<size=70%>아<size=60%>아... <size=100%>궁금한 게 있는데
2d6d31d664759240,L02 Conrad,Conrad_required_1,2,Conrad,"여기 <i>특별 서비스</i>도 해 주지, 응?"
906e9b3e20a54dc2,L02 Conrad,Conrad_required_1,3,Kobold,여기선 모든게 특별해요!
c41cb150dfd261d8,L02 Conrad,Conrad_required_1,4,Kobold,그러니까... 야한 거요?
0c503978e6cd3a78,L02 Conrad,Conrad_required_1,5,Conrad,어... 그게 아니라
c9ce0c4dd28236fa,L02 Conrad,Conrad_required_1,6,Conrad,여기는 <size=60%>나같은 <size=100%>덩치 큰 드래곤을 만족시켜 줄 수 있냐고.
daac14e0bc00f0ad,L02 Conrad,Conrad_required_1,7,Kobold,"어, 음... <size=80%>어어... <size=60%>저희는 그런..."
824dda92c5ffbad9,L02 Conrad,Conrad_required_1,8,Kobold,"아, 아니요."
33cb9fb42cd6a080,L02 Conrad,Conrad_required_1,9,Conrad,뭐!? 말도 안돼! 교미대도 없단 말이야...?
96b0e7561e23fcbb,L02 Conrad,Conrad_required_1,10,Kobold,어... <size=60%>없는데요?
175ccc13192756d4,L02 Conrad,Conrad_required_1,11,Conrad,그럼 빨리 하나 들여놔야지!
fcc67c51c62fb4e9,L02 Conrad,Conrad_required_1,12,Conrad,그래도 손은 쓸 수 있겠네. 헤.
a29919179016a4e8,L02 Conrad,Conrad_required_1,13,Conrad,그래? 교미대도 안 보이는데.
6ec80eb8deb5afd8,L02 Conrad,Conrad_required_1,14,Kobold,"아... 네, 그건 없어요."
22706d3faee3b165,L02 Conrad,Conrad_required_1,15,Kobold,"아니요, 저희는 그런 건 안 해요."
4a8d1297fbe8f246,L02 Conrad,Conrad_required_1,16,Conrad,거참 아쉽네. 그딴 방침은 바꾸는 게 좋을 거야.
# --- jerkoff: Conrad_1_JerkOff_Start ---
6d4db2b6b39822b2,L02 Conrad,Conrad_1_JerkOff_Start,1,Conrad,"아 씨발, 좋다."
8fc6411ffc04a8f3,L02 Conrad,Conrad_1_JerkOff_Start,2,Conrad,계속해.
# --- cum: Conrad_1_Cum ---
e51f82fb1e4773ad,L02 Conrad,Conrad_1_Cum,1,Conrad,"<size=140%> 아, 싼다!"
6d721d6e2ad2ae1c,L02 Conrad,Conrad_1_Cum,2,Conrad,<size=100%> 존나 끝내줬어!
# --- mount_start: conrad_mount_no ---
b902443f60bdba87,L02 Conrad,conrad_mount_no,1,Conrad,워. 음.
ccdcfc48472b3533,L02 Conrad,conrad_mount_no,2,Conrad,평소라면 교미대는 무조건 콜인데. 지금은 좀 아니야.
# --- outro: Conrad_Outro_1 ---
2edaf16ee5b742a8,L02 Conrad,Conrad_Outro_1,1,Conrad,괜찮네.
882508b81f97e7cf,L02 Conrad,Conrad_Outro_1,2,Conrad,그치만 내가 가 본 다른 세신샵엔 최소한 교미대는 있었다고.
51335374627e92a3,L02 Conrad,Conrad_Outro_1,3,Kobold,죄송해요...
598e348ffe7cc978,L02 Conrad,Conrad_Outro_1,4,Kobold,"꼭 주문할게요, 약속해요!"
3eba607f0573bf98,L02 Conrad,Conrad_Outro_1,5,Conrad,미안해하지 말고! 교미대를 들여놔!
4e52b9a8b0ae1335,L02 Conrad,Conrad_Outro_1,6,Conrad,훌륭한 세신사라면 드래곤 만족시키는 법쯤은 알아야지.
25d0b6008550c533,L02 Conrad,Conrad_Outro_1,7,Kobold,알겠어요. 꼭 주문할게요.
2e92d12d86bf03a5,L02 Conrad,Conrad_Outro_1,8,Conrad,"좋아. 자, 내보내 줘."
426726c5d08284a8,L02 Conrad,Conrad_Outro_1,9,Conrad,"좋아, 꼭 준비해둬. 다음에 왔는데 없으면..."
28c3830dac3b9c5b,L02 Conrad,Conrad_Outro_1,10,Kobold,그거 협박이에요...?
fac432bdcfb4b753,L02 Conrad,Conrad_Outro_1,11,Conrad,"음, 아니, 그냥 무진장 빡칠 거란 얘기지."
ee7433c3dd161b65,L02 Conrad,Conrad_Outro_1,12,Conrad,어쨌든... 내보내 줘.

# ===== Level 3: Alexander (Sunny) =====
# --- intro: Alexander_1_intro ---
dbca31128a900488,L03 Alexander,Alexander_1_intro,1,Alexander,"반가워요. 이곳은 예약 없이도 이용할 수 있다고 들었는데, 맞나요?"
a6208f4370193b60,L03 Alexander,Alexander_1_intro,2,Kobold,맞아요! 그런데 혹시... 대학에서 오셨나요...?
fdf9d60aca05c19e,L03 Alexander,Alexander_1_intro,4,Alexander,그렇습니다. 제 두관을 알아보셨군요! 연금술을 가르치고 있어요.
12456a9c2599222e,L03 Alexander,Alexander_1_intro,5,Alexander,...곧 수업이 있는 과목이기도 하지요.
cccd2e909950ad59,L03 Alexander,Alexander_1_intro,6,Alexander,좋네요.
f5b90500599eaa0a,L03 Alexander,Alexander_1_intro,7,Alexander,빠르게 부탁드려요. 학생들이 서로를 가르치진 않으니까요.
26f8788d21d9fd7d,L03 Alexander,Alexander_1_intro,8,Kobold,드래곤 선생님은 씻겨 본 적이 없는데... 와.
7cc55c8bb6442b93,L03 Alexander,Alexander_1_intro,9,Kobold,"알겠어요, 문 열어 드릴게요!"
c9b9bda16ee1d468,L03 Alexander,Alexander_1_intro,10,Alexander,"교수입니다만... 뭐, 그렇죠. 평소엔 공공 세신장을 잘 이용하지 않기 때문에."
8569efc4ed5a6273,L03 Alexander,Alexander_1_intro,11,Alexander/Ryan,고마워요.
57c2b1f349d8b9e9,L03 Alexander,Alexander_1_intro,12,Alexander,"아, 그리고 이렇게 형편없이 더러운 꼴로 와서 죄송해요."
c44510120d3f5f7e,L03 Alexander,Alexander_1_intro,13,Alexander,참으로 볼썽사나운 꼴이 되어버렸네요...
550840616bc8148d,L03 Alexander,Alexander_1_intro,14,Kobold,그렇게... 지저분 하진 않으신데요.
21e1f6bc71429bdb,L03 Alexander,Alexander_1_intro,15,Kobold,괜찮아요. 금방 문 열어 드릴게요!
14ddfac745bc0ec3,L03 Alexander,Alexander_1_intro,16,Alexander,"아니요, 그렇지 않아요."
65b94d53036df4ac,L03 Alexander,Alexander_1_intro,18,Alexander,문을 열어 주시겠나요?
f602395a77ff68c4,L03 Alexander,Alexander_1_intro,19,Kobold,아. 네. 죄송해요.
# --- progress: Alexander_1_required ---
8bb197f659df9e12,L03 Alexander,Alexander_1_required,1,Alexander,그러고 보니... 이곳 분위기가 꽤 쾌적하군요. 아주... 프롤레타리아적입니다.
c3971608b1a13f1b,L03 Alexander,Alexander_1_required,2,Kobold,프롤레... <i><size=70%>뭐요?
3afdda2c098fc834,L03 Alexander,Alexander_1_required,3,Kobold/Alexander/Ryan,감사해요!
90d6678c9549b1e0,L03 Alexander,Alexander_1_required,4,Alexander,"아, 그러니까... 노동 계급이라고 할까요?"
55c80016618e1bc5,L03 Alexander,Alexander_1_required,5,Alexander,"실례, 이곳의 세척이 마음에 든다는 뜻이었어요."
02fa2a9691178177,L03 Alexander,Alexander_1_required,6,Alexander,별말씀을.
32e117cdd1f56f3f,L03 Alexander,Alexander_1_required,7,Alexander,이런 곳이 누구에게나 열려 있을 줄이야!
# --- jerkoff: alexander_jerk_off_no ---
f33ca08a17779409,L03 Alexander,alexander_jerk_off_no,1,Alexander,<i>이런.</i> 그러기엔 아직 이른 것 같습니다.
# --- mount_start: alexander_mount_no ---
170ebd10775afd58,L03 Alexander,alexander_mount_no,1,Alexander,오늘은... 이것을 사용하고 싶은지 잘 모르겠습니다. 
# --- outro: Alexander_1_Outro ---
d202075090a8960b,L03 Alexander,Alexander_1_Outro,1,Alexander,"한 말씀 드리자면, 전속 세신사 못지않게 훌륭하게 해 주셨어요."
b6069e62e167364f,L03 Alexander,Alexander_1_Outro,3,Kobold,그럼요. 저는 항상 최선을 다해요.
981447d1952fe850,L03 Alexander,Alexander_1_Outro,4,Alexander,"하하, 과연 '삐익'이군요."
5d7279822bcee7dd,L03 Alexander,Alexander_1_Outro,5,Alexander,제 학생들도 당신의 근면함을 본받았으면 좋겠네요!
8117291ab8529b4f,L03 Alexander,Alexander_1_Outro,6,Alexander,"더 이야기 나누고 싶습니다만, 정말이지, 곧 수업이라서요."
dae0c0aa3ae01c37,L03 Alexander,Alexander_1_Outro,7,Alexander,...신세를 졌군요.

# ===== Level 4: Ryan (Sunny) =====
# --- intro: Ryan_2_intro ---
7825d92f67bdcdef,L04 Ryan,Ryan_2_intro,1,Ryan,또 왔어!
cd26586143766826,L04 Ryan,Ryan_2_intro,2,Kobold,"안녕하세요, 라이언!"
6a67a8866ec70c09,L04 Ryan,Ryan_2_intro,4,Ryan,"반가워, 다시 오니까 좋다."
921bd4effdaa2a2f,L04 Ryan,Ryan_2_intro,5,Ryan,하하... 그 소리 진짜 좋아하는구나.
387d0da740d0826e,L04 Ryan,Ryan_2_intro,6,Ryan,또 씻어줬으면 해.
e542b800ecfc350a,L04 Ryan,Ryan_2_intro,7,Ryan,집에서 잠깐 벗어나 있고 싶거든.
78b22bcc76942425,L04 Ryan,Ryan_2_intro,8,Ryan,그래서 친구들이랑 놀러 나갔어.
21abbb56e463a200,L04 Ryan,Ryan_2_intro,9,Ryan,마커로 장난치는 건 재밌었지.
da3405e1151a476e,L04 Ryan,Ryan_2_intro,10,Ryan,하지만 이제 씻을 때가 된 것 같아.
41dc14e2cd744b1b,L04 Ryan,Ryan_2_intro,11,Kobold,물론이죠. 들어오세요.
b231225bfcc08d4c,L04 Ryan,Ryan_2_intro,12,Kobold,무슨 일 있으세요?
056b5511850d7220,L04 Ryan,Ryan_2_intro,13,Ryan,"응, 고마워."
b4e4d893367947a0,L04 Ryan,Ryan_2_intro,14,Ryan,"응, 괜찮아. 미안."
c9cdea9d31e53d5b,L04 Ryan,Ryan_2_intro,15,Ryan,그냥 힘든 하루였어. 이거로 기운좀 내려고!
ab74167fe23c9db5,L04 Ryan,Ryan_2_intro,17,Ryan,"그래서, 어, 문 좀 열어줄래?"
5cbc0ceea57587db,L04 Ryan,Ryan_2_intro,18,Kobold,"아, 네. 지금 열게요."
08411b780900fb59,L04 Ryan,Ryan_2_intro,19,Kobold,물론이죠. 잠시만요!
a386908e3024f35e,L04 Ryan,Ryan_2_intro,20,Ryan,고마워.
# --- progress: Ryan_2_required ---
580684f8909e025d,L04 Ryan,Ryan_2_required,1,Ryan,저기.
b4eff799a0271863,L04 Ryan,Ryan_2_required,2,Kobold,네?
fad448038cd06268,L04 Ryan,Ryan_2_required,3,Kobold,무슨 일이신가요?
a1dd2ff2d1ef6beb,L04 Ryan,Ryan_2_required,4,Ryan,뭐 하나 물어봐도 돼?
2acd4405a7f14ae3,L04 Ryan,Ryan_2_required,5,Kobold,이미 물어보고 계신걸요. 어떤건가요?
c10c037156053bfe,L04 Ryan,Ryan_2_required,6,Kobold,그럼요.
4f6d869aa239596c,L04 Ryan,Ryan_2_required,7,Ryan,"아, 그러네. 미안."
0fa0dff561f86016,L04 Ryan,Ryan_2_required,8,Ryan,그러니까... 연애 말인데.
9a38b89ed035e464,L04 Ryan,Ryan_2_required,9,Ryan,만약 사이가 <i>너무</i> 삐걱거리고 끝날 게 뻔히 보인다면.
9b943020b9ae2658,L04 Ryan,Ryan_2_required,10,Ryan,할 수 있는 것도 전부 다 해 봤다면.
954ba66a076849a5,L04 Ryan,Ryan_2_required,12,Ryan,대체 언제쯤 헤어져야 할까?
f173e528733bb05a,L04 Ryan,Ryan_2_required,13,Kobold,"이런, 라이언..."
7b102f547a549072,L04 Ryan,Ryan_2_required,14,Kobold,그건... 저도 뭐라고 말씀드려야 할지 모르겠어요.
d74bb8fcbf89b62a,L04 Ryan,Ryan_2_required,15,Ryan,알아. 이런 얘기 너한테 쏟아내면 안 되는 거 알아.
64973f6ac9ac08be,L04 Ryan,Ryan_2_required,16,Ryan,"그냥, 너랑 있으면 참 마음이 편해."
93fa9e1a16f34a7d,L04 Ryan,Ryan_2_required,17,Ryan,네 말이 맞아... 네가 답할 수 있는 문제는 아니지.
797653f5e081152e,L04 Ryan,Ryan_2_required,18,Ryan,그래도 여기선 누가 날 재단하지 않는 것 같아서 좋아.
b11d41e01fefb995,L04 Ryan,Ryan_2_required,20,Kobold,고마워요. 저도 라이언이랑 같이 있는 게 좋아요.
c6df1e087ef5d8e4,L04 Ryan,Ryan_2_required,21,Kobold,잘 풀리길 바랄게요.
ebb96171ea7628a0,L04 Ryan,Ryan_2_required,22,Ryan/Kobold/Alexander,다행이에요.
line:286fec49,L04 Ryan,Ryan_2_required,22,Ryan,그리 말해주니 기쁘다.
91c0e3e9014024af,L04 Ryan,Ryan_2_required,23,Ryan,그러면 좋겠다.
# --- outro: Ryan_2_Outro ---
cb57ee6155ed6ca5,L04 Ryan,Ryan_2_Outro,1,Ryan,좋아. 다 깨끗해졌다.
f6d370e531334fab,L04 Ryan,Ryan_2_Outro,2,Ryan,아까 그런 얘기해서 미안해.
a402a75e0522e087,L04 Ryan,Ryan_2_Outro,3,Kobold,괜찮아요!
94e0ea6f97e24a81,L04 Ryan,Ryan_2_Outro,4,Kobold,힘들 때도 있는 거잖아요.
4f66abc45de7ff53,L04 Ryan,Ryan_2_Outro,5,Ryan/Alexander,어쩜 이리 다정한지.
line:15f55959,L04 Ryan,Ryan_2_Outro,5,Ryan,넌 정말 다정한 거 같아.
ee65a6c9748b539c,L04 Ryan,Ryan_2_Outro,6,Ryan,영화처럼 쉽게 해결됐으면 좋을텐데 말야.
0e95dd9dae12e50e,L04 Ryan,Ryan_2_Outro,7,Kobold,"언제든 또 오세요, 라이언."
78c778b6ee0575d9,L04 Ryan,Ryan_2_Outro,8,Kobold,더 얘기하고 싶으시면 얼마든지 들어드릴게요.
f204fcc6b711621e,L04 Ryan,Ryan_2_Outro,9,Ryan,"그럴게, 고마워."
72eaafd8ad3f6b0d,L04 Ryan,Ryan_2_Outro,10,Ryan,정말? 딱히... 재밌는 얘기도 아닌데.
fe454a1e25772898,L04 Ryan,Ryan_2_Outro,11,Kobold,미안해요. 제가 너무 캐물었네요.
513af1a2eeeef9b6,L04 Ryan,Ryan_2_Outro,12,Kobold,"괜찮아요, 털어놓을 상대가 필요하신 것 같아서요."
f3ff11acd1b54309,L04 Ryan,Ryan_2_Outro,13,Ryan,괜찮아. 고마워.
0b61ba409dc46906,L04 Ryan,Ryan_2_Outro,14,Ryan,"응, 그럴지도."
5459b9d74fb7a529,L04 Ryan,Ryan_2_Outro,15,Ryan,그러니까. 여자친구가 나보다 먼저 집에 있었거든. 재택근무하는 드래곤이라.
2cd54468954ee8c7,L04 Ryan,Ryan_2_Outro,16,Ryan,"내가 좀 더러운 채로 집에 왔더니, 소리를 지르더라."
f7e4ec27dd7d6527,L04 Ryan,Ryan_2_Outro,17,Ryan,"좀 씻으러 가라면서, 엄청 기분 나빠하더라고."
2880304176197c02,L04 Ryan,Ryan_2_Outro,18,Ryan,내가 진흙투성이인 게... <i>정말</i> 못마땅했나 봐.
250b97243d1df1f7,L04 Ryan,Ryan_2_Outro,19,Kobold,그래서 처음에 여기 오셨던 거예요?
bc78d04f7d5861dc,L04 Ryan,Ryan_2_Outro,20,Kobold,그건 여자친구분이 좀 과하게 반응한 것 같은데요.
08a70054f59e703a,L04 Ryan,Ryan_2_Outro,21,Ryan,응...
6079131a1c79adef,L04 Ryan,Ryan_2_Outro,22,Ryan,근데 솔직히 네 덕분에 많이 도움됐어.
92536deee525f694,L04 Ryan,Ryan_2_Outro,23,Ryan,생각할 시간을 줬으니까.
c3be2f1d3fa4404d,L04 Ryan,Ryan_2_Outro,25,Ryan,나도 그렇게 생각했어.
9ebcf8a46cc189b7,L04 Ryan,Ryan_2_Outro,26,Ryan,아마 다른 일 때문에 기분이 안 좋았던 것 같은데...
8c3115a4e2a9a664,L04 Ryan,Ryan_2_Outro,27,Ryan,그걸 나한테 푸는 게 싫어.
393d8e5925dc5937,L04 Ryan,Ryan_2_Outro,31,Ryan,아무튼...
7258b4e037805024,L04 Ryan,Ryan_2_Outro,32,Ryan,들어 줘서 고마워.
951382e00968439d,L04 Ryan,Ryan_2_Outro,33,Kobold,"얼마든지요, 라이언."
c41f39341b6c49ef,L04 Ryan,Ryan_2_Outro,34,Kobold,그럼요. 이런 일을 겪고 계셔서 마음이 아프네요.
line:6b245989,L04 Ryan,Ryan_2_Outro,35,Ryan,고마워.
553b3b011e56f6e2,L04 Ryan,Ryan_2_Outro,36,Ryan,괜찮아. 어떻게든 해결해 볼게.
bd7468846a30d095,L04 Ryan,Ryan_2_Outro,37,Kobold,문 열어 드릴게요.
a7f68522a6e41971,L04 Ryan,Ryan_2_Outro,38,Ryan,"그래, 안녕!"

# ===== Level 5: Conrad (Rainy) | sets level_5 | ends MedkitCompleted, level_5_complete =====
# --- intro: Conrad_Intro_2 ---
ed1060b120921b51,L05 Conrad,Conrad_Intro_2,1,Conrad,구급상자 있어?
33b8a4a45ccc09d4,L05 Conrad,Conrad_Intro_2,2,Kobold,무슨 일이에요!?
0a1daca6a7ffe060,L05 Conrad,Conrad_Intro_2,3,Kobold,"이런, 콘래드. 괜찮으세요?"
20e5d8710e635ec0,L05 Conrad,Conrad_Intro_2,4,Conrad,너한테 말할 의무는 없어.
20e7bf03f9acda80,L05 Conrad,Conrad_Intro_2,5,Conrad,"그래서, 구급상자 있어 없어?"
b5df9715ed2e91ed,L05 Conrad,Conrad_Intro_2,6,Conrad,이게 괜찮아 보여?
b91e8be1b03d1b61,L05 Conrad,Conrad_Intro_2,7,Conrad,아니. 안 괜찮아. 구급상자 있어 없어?
f974998c16103aa0,L05 Conrad,Conrad_Intro_2,8,Kobold,하나 있어요.
8ca82a3bb03f138c,L05 Conrad,Conrad_Intro_2,9,Kobold,"있어요. 그치만, 무슨 일이 있던거예요?"
a94b34f629b2029a,L05 Conrad,Conrad_Intro_2,10,Conrad,됐고... 문이나 열어.
# --- progress: Conrad_required_2 ---
4356fa179bb80e09,L05 Conrad,Conrad_required_2,1,Conrad,난 진짜 등신이야.
d886f3d923f9c796,L05 Conrad,Conrad_required_2,2,Conrad,이런 뭣같은 꼴을 피하려고 그렇게 애썼는데!
ea8c1853a7d5966c,L05 Conrad,Conrad_required_2,3,Kobold,무슨 일이 있었는지 말해 주실래요...?
bded00d07cb1e457,L05 Conrad,Conrad_required_2,4,Kobold,너무 아파보여요...
02f000041eb5ab82,L05 Conrad,Conrad_required_2,5,Conrad,씨발 싫어! 쪽팔린단 말이야.
58356b98fdf40dc3,L05 Conrad,Conrad_required_2,7,Conrad,네 동정 따위 필요 없어!
cb7847cb63566364,L05 Conrad,Conrad_required_2,9,Conrad,그러니까 그게...
b48f291ebc6b18fe,L05 Conrad,Conrad_required_2,10,Conrad,맨날 이런 상황에 처하는 내가 싫다고.
519b07c299436f2a,L05 Conrad,Conrad_required_2,11,Conrad,슬슬 <i>내</i> 잘못인 것 같은 생각도 들어.
f5ad489eeba50b01,L05 Conrad,Conrad_required_2,12,Kobold,<i>이건</i> 콘래드 잘못이 아니에요.
6402f4608ceb7bbb,L05 Conrad,Conrad_required_2,13,Kobold,정말 많이 아파 보여요. 누가 이런 거예요?
8e59613d6cd60464,L05 Conrad,Conrad_required_2,14,Conrad,이번엔 진짜 내 탓이야....
7058e362e43623f0,L05 Conrad,Conrad_required_2,15,Conrad,술집에 있던 드레이크 놈이... 내가 멍청했어. 입을 다물었어야 했는데.
ea289ebcdd7e81ef,L05 Conrad,Conrad_required_2,16,Conrad,술집의 어떤 드레이크 놈. 멍청했지... 입을 다물었어야 했는데.
aff317c06781bc70,L05 Conrad,Conrad_required_2,17,Conrad,모르겠어! 왜 난 매번 이딴 식으로 구는 거지?
da5eed4c72eb1073,L05 Conrad,Conrad_required_2,18,Kobold,이딴 식이라뇨?
193bb66a944990a8,L05 Conrad,Conrad_required_2,19,Kobold,전 콘래드가 꽤 멋지다고 생각해요.
c69250ea092a7fcd,L05 Conrad,Conrad_required_2,20,Conrad,그러니까... 개자식처럼? 내가 같이 있기 피곤한 놈인 거 알아.
c2f21da58e28df4f,L05 Conrad,Conrad_required_2,21,Conrad,넌 착하네. 나한텐 과분할 정도로.
9c529e9f79f39a21,L05 Conrad,Conrad_required_2,22,Conrad,난 개자식이야. 나도 알아.
4b7317a793a0f728,L05 Conrad,Conrad_required_2,23,Conrad,아까 쏘아붙여서 미안.
c4c0c9950baa723f,L05 Conrad,Conrad_required_2,24,Conrad,너한테 화풀이하면 안 됐는데.
9fa8cd9193124e79,L05 Conrad,Conrad_required_2,25,Kobold,신경 쓰지 마세요. 요즘 많이 힘드시니까 그럴 수도 있죠.
249133e0671a807b,L05 Conrad,Conrad_required_2,26,Kobold,괜찮아요.
c61717fe95ec2b9c,L05 Conrad,Conrad_required_2,27,Conrad,그렇다고 너한테 고함치면 안 됐어.
652daa6043287e1b,L05 Conrad,Conrad_required_2,28,Conrad,더는 변명 안 해.
65b4e7b9caad6028,L05 Conrad,Conrad_required_2,29,Conrad,"아니, 안 괜찮아. 더는 변명 안 해."
334ade0356dff453,L05 Conrad,Conrad_required_2,30,Conrad,더 나아져야 해. 더 나아지고 <i>싶어</i>.
1d190e45e1ddc239,L05 Conrad,Conrad_required_2,31,Conrad,그냥 음... 내가 이런 말 했다는 거 아무한테도 말하지 마.
3969155d983b9b32,L05 Conrad,Conrad_required_2,32,Kobold,비밀은 꼭 지킬게요.
bd7f2cf961e397ca,L05 Conrad,Conrad_required_2,33,Kobold,안 할게요.
0cd12abef67edc64,L05 Conrad,Conrad_required_2,34,Conrad,...고맙다.
bbaef120c3a81475,L05 Conrad,Conrad_required_2,35,Conrad,그리고 구급상자 있어서 다행이야... 준비성 하나는 철저하네.
# --- jerkoff: conrad_jerk_off_no ---
f81a53c29135dfa5,L05 Conrad,conrad_jerk_off_no,1,Conrad,야 어... 지금은 됐어.
# --- outro: Conrad_Outro_2 ---
7f9f3c8d0db46cbf,L05 Conrad,Conrad_Outro_2,1,Conrad,훨씬 나아졌어.
d4a62b147d5a622b,L05 Conrad,Conrad_Outro_2,2,Kobold,"몸이요, 마음이요?"
0d49a74e82a2356a,L05 Conrad,Conrad_Outro_2,4,Conrad,둘 다.
c38c5771c6cf6118,L05 Conrad,Conrad_Outro_2,5,Conrad/Ryan,나도 그래.
7e30c436a9112ecd,L05 Conrad,Conrad_Outro_2,6,Conrad,너... 멋지다.
229bd072e07a3d53,L05 Conrad,Conrad_Outro_2,7,Conrad,진심이야. 진짜로.
ba15304b6e669701,L05 Conrad,Conrad_Outro_2,8,Kobold,전 제가 옳다고 생각하는 일을 할 뿐이에요.
1fb463b57138c081,L05 Conrad,Conrad_Outro_2,9,Kobold,저도 콘래드가 멋지다고 생각해요. 자기 자신을 바꾸는 건 어려운 일이잖아요.
56c81331bdf0858e,L05 Conrad,Conrad_Outro_2,10,Conrad,나도 그런 점을 배우고 싶다.
3e2cb05f5d39c6e5,L05 Conrad,Conrad_Outro_2,11,Conrad,"고마워, 그래도 난 더 나아질 거야. 약속해."
8a3ca437a0d6d164,L05 Conrad,Conrad_Outro_2,12,Conrad,이제 그만 귀찮게 하고 갈게...
c90e3d1d20fadd0f,L05 Conrad,Conrad_Outro_2,13,Conrad,꼭 다시 올 테니까.

# ===== Level 6: Alexander (Night) | sets level_6_started =====
# --- intro: Alexander_2_intro ---
44aa15e695b4e0d5,L06 Alexander,Alexander_2_intro,1,Alexander,"별이 도우셨군요, 문이 열려 있다니."
840851d0f7570dd9,L06 Alexander,Alexander_2_intro,2,Kobold,알렉산더...?
d786fe5166ed78b0,L06 Alexander,Alexander_2_intro,3,Kobold,"으음, 사실 영업 중은 아닌데요."
b5707c134254e827,L06 Alexander,Alexander_2_intro,4,Alexander,저예요. 씻어야 할 것 같습니다. 제 꼴이 영 말이 아니어서!
5962824d5ad2d472,L06 Alexander,Alexander_2_intro,5,Alexander,이 일을 맡길 수 있는 건 당신뿐이에요.
4006d568c80ab534,L06 Alexander,Alexander_2_intro,6,Alexander,금액을 두 배 지불하지요. 아니 세 배... 이 일을 맡길 수 있는 건 당신뿐이에요!
a17a2764777e0b60,L06 Alexander,Alexander_2_intro,7,Kobold,"오. 그럼 네, 영업 중이에요."
1e5b9c4d7c7853fa,L06 Alexander,Alexander_2_intro,8,Alexander,잘됐군요!
e36d5a8ffbc61b8c,L06 Alexander,Alexander_2_intro,9,Kobold,무슨 일이 있던 거예요?
c43599f1e3538c5c,L06 Alexander,Alexander_2_intro,10,Kobold,왜 이렇게 늦은 시간에 오셨어요?
c63c466c3e28f286,L06 Alexander,Alexander_2_intro,11,Alexander,제 동료인 이그윅스 교수가 저를 발판으로 쓰고자 했습니다.
dfb6e95e4715f76e,L06 Alexander,Alexander_2_intro,12,Alexander,"제 체구라면 높이가 충분하니, 허락해 주었지요."
9da4c08f2c9d94f9,L06 Alexander,Alexander_2_intro,13,Alexander,그런데...
149351e2d565febf,L06 Alexander,Alexander_2_intro,14,Alexander,그의 방법에는 아무래도 문제가 있었던 모양이예요.
b54a89ba26aaeaa1,L06 Alexander,Alexander_2_intro,15,Kobold,죽었어요!?
0ee302086c5ae61a,L06 Alexander,Alexander_2_intro,16,Kobold,어디로 가셨는데요...?
2cc9a59ae14e4845,L06 Alexander,Alexander_2_intro,17,Alexander,예?
3b20ece829b0bd68,L06 Alexander,Alexander_2_intro,18,Alexander,아닙니다.
93f6d587969b0e78,L06 Alexander,Alexander_2_intro,19,Alexander,"그가 갑작스레 불길에 휩싸인 뒤로는, 혼자 있을 수 있도록 해주었지요."
1d37ba6f405ce0fd,L06 Alexander,Alexander_2_intro,20,Alexander,그의 육체는 현재 교직원 휴게실에서 재구성되는 중이예요.
27c227129d961114,L06 Alexander,Alexander_2_intro,21,Alexander,제대로 된 마법사라면 누구나 불사조 깃털 하나쯤은 지니고 다니지요.
9e99fec970b38818,L06 Alexander,Alexander_2_intro,22,Kobold,"아, 네. 불사조 깃털. 당연하죠."
0549826a698aad1c,L06 Alexander,Alexander_2_intro,23,Kobold,알겠어요. 문을 열게요. 잠시만요.
9e85e9ab574cfc16,L06 Alexander,Alexander_2_intro,24,Alexander,제가 비전문가의 입장을 미처 헤아리지 못했군요. 사과드리겠습니다.
359439ec513e7e35,L06 Alexander,Alexander_2_intro,25,Kobold,아니에요. 문 열어 드릴게요.
28fa9c1bb5161161,L06 Alexander,Alexander_2_intro,26,Alexander,서둘러주세요! 제 명성이 걸린 일이란 말입니다.
# --- progress: Alexander_2_required ---
cc99c01887a9b5f1,L06 Alexander,Alexander_2_required,1,Alexander,이번 일 전체가 정말이지 부끄럽기 그지없습니다.
e33e953efb157171,L06 Alexander,Alexander_2_required,2,Kobold,별일 아니에요. 다들 괜찮은 것 같으니까요.
c054502c35602985,L06 Alexander,Alexander_2_required,3,Kobold,부끄러워하실 필요 없어요.
98cbb728e5fb19f2,L06 Alexander,Alexander_2_required,4,Alexander,그런 건 애초에 걱정할 필요도 없었어요. 저는 원래 위험한 일은 기피하는 드래곤이거든요.
c1d152bd1a4b22f1,L06 Alexander,Alexander_2_required,5,Alexander,그렇게 말씀해 주시다니 참 친절하시군요.
0da1bbeb76d9ef60,L06 Alexander,Alexander_2_required,6,Alexander,하지만 제 <i>평판</i>은 이그윅스의 덧없는 육체보다 훨씬 오래 남으니까요.
54021b5f26568c41,L06 Alexander,Alexander_2_required,7,Alexander,그것이 제 걱정의 근원이지요...
3a363409d3ae72f1,L06 Alexander,Alexander_2_required,8,Alexander,그리고 당신이 이 일에 적임자인 이유이기도 합니다!
# --- outro: Alexander_2_Outro ---
abc1043955962614,L06 Alexander,Alexander_2_Outro,1,Alexander,다시 완벽하게 깨끗해졌군요. 이런 시간에 받아 주셔서 감사해요.
2de23f0bdf3de327,L06 Alexander,Alexander_2_Outro,2,Kobold,돈... 흐흐...
082cb158de32f2d9,L06 Alexander,Alexander_2_Outro,3,Kobold,천만에요.
374214d86f810d53,L06 Alexander,Alexander_2_Outro,4,Alexander,"하, 돈이야말로 훌륭한 동기죠."
7ff22bb553842005,L06 Alexander,Alexander_2_Outro,5,Alexander,적어도 이제는 아닙니다만!
01b524bd7165a166,L06 Alexander,Alexander_2_Outro,6,Alexander,이런 부끄러운 이야기를 누군가에게 털어놓게 될 줄은 몰랐습니다.
704866fd76bd9fb8,L06 Alexander,Alexander_2_Outro,7,Kobold,언제나 기쁜 마음으로 도와드릴게요. <i><size=70%> 특히 큰 드래곤이라면요.
dd573253630e8021,L06 Alexander,Alexander_2_Outro,8,Kobold,저를 믿어 주셔서 기뻐요.
d6b066332b6d8b9a,L06 Alexander,Alexander_2_Outro,9,Alexander,당신도 이 일을 즐기신다니 저도 기쁘네요.
762c20b866b7b263,L06 Alexander,Alexander_2_Outro,10,Alexander,저도 그렇습니다.
5fc37d4eda289c06,L06 Alexander,Alexander_2_Outro,11,Alexander,당신과 이야기하는 게 왜 이리 편한지 모르겠군요.
5a2661b79c536b73,L06 Alexander,Alexander_2_Outro,12,Alexander,다른 이들의 시선은 하나같이 너무나 무겁습니다.
0ddbb1a880fb5b54,L06 Alexander,Alexander_2_Outro,13,Alexander,하지만 당신의 시선은 그렇지 않아요. 그게 마음에 드네요.
df9e3e9397757b17,L06 Alexander,Alexander_2_Outro,14,Kobold,기대받는 건 피곤해애애요.
5b4ce4081cac21b5,L06 Alexander,Alexander_2_Outro,15,Kobold,제 일을 할 뿐이에요!
1acd1b8d362287ec,L06 Alexander,Alexander_2_Outro,16,Alexander,그렇긴 하지요...
cbbaf40d803468a2,L06 Alexander,Alexander_2_Outro,17,Alexander,잘하고 계십니다.

# ===== Level 7: Ryan (Sunny) =====
# --- intro: Ryan_3_intro ---
49e50c5be7d1583e,L07 Ryan,Ryan_3_intro,2,Kobold,라이언!
346181d6c9954315,L07 Ryan,Ryan_3_intro,3,Kobold,또 오셨네요!
c1cff3dbff6bfce2,L07 Ryan,Ryan_3_intro,4,Ryan,"맞아, 나야."
03810482331af8e2,L07 Ryan,Ryan_3_intro,5,Ryan,여기 오니까 좋다.
e1a42aae663ccf1f,L07 Ryan,Ryan_3_intro,6,Ryan,또 씻으러 왔어.
fc7ed7b68999fdae,L07 Ryan,Ryan_3_intro,7,Ryan,나...
be0667bb01a8cd65,L07 Ryan,Ryan_3_intro,8,Ryan,아니야. 문 좀 열어 줄래?
20ed966db540aaaf,L07 Ryan,Ryan_3_intro,9,Kobold,"네, 열어 드릴게요."
6c0973b0166d3528,L07 Ryan,Ryan_3_intro,10,Kobold,라이언? 괜찮으신가요...?
8dff101cb2298f67,L07 Ryan,Ryan_3_intro,12,Ryan,"아니, 별로."
1990b3ec8cd88a48,L07 Ryan,Ryan_3_intro,13,Ryan,조금 있다가 말해 줄게. 일단 문 좀 열어 줄래?
85fec70372b092bb,L07 Ryan,Ryan_3_intro,14,Kobold/Conrad,응.
line:7311dc01,L07 Ryan,Ryan_3_intro,14,Kobold,네.
33e04b2f805d0e1a,L07 Ryan,Ryan_3_intro,15,Kobold,알겠어요. 그래도 괜찮으셨으면 좋겠어요.
f51bead488e14b65,L07 Ryan,Ryan_3_intro,16,Ryan/Conrad/Alexander,고마워.
aac215f048e8ee54,L07 Ryan,Ryan_3_intro,17,Ryan,어떻게든 해볼게.
# --- progress: Ryan_3_required ---
eb256f4dcddfee94,L07 Ryan,Ryan_3_required,1,Ryan,아까 그 얘기 말인데.
1a17d73907f63be1,L07 Ryan,Ryan_3_required,2,Ryan,며칠 전에...
87a781aa9b0c0136,L07 Ryan,Ryan_3_required,3,Ryan,여자친구랑 헤어졌어...
f68b8d76138a2a69,L07 Ryan,Ryan_3_required,4,Kobold,아... 많이 힘드셨겠어요.
d6077ef6cdb59db1,L07 Ryan,Ryan_3_required,5,Kobold,"저런, 라이언."
d296154ff317814a,L07 Ryan,Ryan_3_required,6,Ryan,괜찮아. 그래야 했으니까. 그 애랑 함께 있어도 행복하지 않았거든.
8a2e2803c1bc2ea7,L07 Ryan,Ryan_3_required,7,Ryan,나도 그 애를 행복하게 해주지 못했고.
d9e1edc2e966ec26,L07 Ryan,Ryan_3_required,8,Ryan,아무리 이유를 대 봐도 마음이 편해지진 않지만.
769c31039308d04d,L07 Ryan,Ryan_3_required,9,Kobold,그래도 라이언에게 가장 좋은 선택을 할 수 있어서 다행이에요.
460c50191c964260,L07 Ryan,Ryan_3_required,10,Kobold,끝내는 건 언제나 쉽지 않죠.
8825be71018f7f88,L07 Ryan,Ryan_3_required,11,Ryan,응. 적어도 그 덕분에 널 만났으니까.
3e43d550d0572c10,L07 Ryan,Ryan_3_required,12,Ryan,응... 정말 어렵더라.
8948d011be56c311,L07 Ryan,Ryan_3_required,13,Ryan,"그래도, 적어도 널 만났잖아!"
e484863d425a58e8,L07 Ryan,Ryan_3_required,14,Kobold,"고마워요, 라이언. 저도 라이언을 만나서 기뻐요."
1af4464c602a423a,L07 Ryan,Ryan_3_required,15,Kobold/Conrad,"헤헤, 고마워."
line:011f1458,L07 Ryan,Ryan_3_required,15,Kobold,"아, 고마워요."
e39173e934f56c78,L07 Ryan,Ryan_3_required,16,Ryan,여기서 씻으면 정말 마음이 한결 가벼워져.
94f45fc9f39121cd,L07 Ryan,Ryan_3_required,17,Ryan,게다가 기분도 진짜 좋고.
# --- outro: Ryan_3_Outro ---
01e6332ab274c6d3,L07 Ryan,Ryan_3_Outro,1,Ryan,이제 다 된 것 같아.
26fef1581467462d,L07 Ryan,Ryan_3_Outro,2,Ryan,고마워. 네 덕분에 훨씬 덜 힘들다.
021d801f68652852,L07 Ryan,Ryan_3_Outro,3,Kobold,"언제나 환영해요, 라이언."
dc18b85912d460dd,L07 Ryan,Ryan_3_Outro,4,Kobold,라이언은 제가 제일 좋아하는 손님 중 한 분이에요!
7ee443bc5e93fadb,L07 Ryan,Ryan_3_Outro,5,Ryan,넌 항상 날 환영받는 기분으로 만들어 줘.
c851929ab3cd9537,L07 Ryan,Ryan_3_Outro,6,Ryan,아... 고마워. 내가 널 이렇게 생각하면 이상할까...
e0464d0955af808a,L07 Ryan,Ryan_3_Outro,7,Ryan,정말 좋은 친구라고?
674d9f74349966ca,L07 Ryan,Ryan_3_Outro,8,Kobold,"<size=70%><i>헉...</i> 아뇨, 그거 진짜 좋은데요."
e2c8744d410cb6f6,L07 Ryan,Ryan_3_Outro,9,Kobold,저도 라이언을 좋은 친구라고 생각해요.
29fee2ec355f7967,L07 Ryan,Ryan_3_Outro,10,Ryan,"와, 다행이다!"
51200db7892ee7e1,L07 Ryan,Ryan_3_Outro,11,Ryan,헤헤... 고마워.
91c56a4e9213a4b0,L07 Ryan,Ryan_3_Outro,12,Ryan,좋아. 슬슬 돌아가야겠다.
523791f6550c3508,L07 Ryan,Ryan_3_Outro,13,Ryan,"또 올게, 괜찮지?"
667cadad21e120f0,L07 Ryan,Ryan_3_Outro,14,Kobold,네! 문 열어 드릴게요.
18f0197237db4a52,L07 Ryan,Ryan_3_Outro,15,Kobold,또 뵙길 기대할게요.
952d54adb781ab58,L07 Ryan,Ryan_3_Outro,16,Ryan,고마워. 나중에 또 보자.

# ===== Level 8: Conrad (Sunny) | sets DeliveredMountFrame =====
# --- intro: Conrad_Intro_3 ---
c2ce80cda53b3e12,L08 Conrad,Conrad_Intro_3,1,Conrad,"여어, 형씨."
ef92f8b9796dcaad,L08 Conrad,Conrad_Intro_3,2,Kobold,저는... 코볼트인데요.
3faf8798d815fbcc,L08 Conrad,Conrad_Intro_3,3,Kobold,"안녕하세요, 콘래드."
fe810d1ef6bbca3f,L08 Conrad,Conrad_Intro_3,4,Conrad,어... 그렇지.
fe59e121f203b436,L08 Conrad,Conrad_Intro_3,5,Conrad,헤. 그래. 나야.
a911f2d8e77038c7,L08 Conrad,Conrad_Intro_3,6,Conrad,배송 온 게 있나 보지?
403e617f71fdbd7d,L08 Conrad,Conrad_Intro_3,7,Conrad,뭐가 들어 있었어?
2fa26a557574f06d,L08 Conrad,Conrad_Intro_3,8,Kobold,교미대가 도착했어요.
ba689238087b547e,L08 Conrad,Conrad_Intro_3,9,Kobold,콘래드가 부탁했던 그 교미대예요.
a1d3f8d9c7e16f54,L08 Conrad,Conrad_Intro_3,10,Conrad,<size=160%>개쩐다!
24f5fb4981989960,L08 Conrad,Conrad_Intro_3,11,Conrad,"<size=100%>내 말은, 좋다고."
086c8ec178979d9b,L08 Conrad,Conrad_Intro_3,12,Conrad,어서 들여보내 줘! 그거 한번 써 보자!
8b742c36f3da7059,L08 Conrad,Conrad_Intro_3,13,Kobold,알겠어요...
3a1b28ba58f06ac8,L08 Conrad,Conrad_Intro_3,14,Kobold,문 열어 드릴게요.
c2ac4efff25192d6,L08 Conrad,Conrad_Intro_3,15,Conrad,그렇게... 마지못한 것처럼 말하지 마.
faa0b4a641d866a4,L08 Conrad,Conrad_Intro_3,17,Conrad,"자, 가 보자고~!"
f030a371b944e9be,L08 Conrad,Conrad_Intro_3,18,Conrad/Ryan,당연하지!
# --- phone: Conrad_3_PhoneTutorial ---
eb8e96751da9e008,L08 Conrad,Conrad_3_PhoneTutorial,1,Phone,교미대 요청이 접수되었습니다!
4369749a5a3394e9,L08 Conrad,Conrad_3_PhoneTutorial,2,Kobold,네..?
339397c0d1c1f21f,L08 Conrad,Conrad_3_PhoneTutorial,3,Phone,"오늘 아침에 도착했으니, 문 근처에 있을 겁니다."
f1968abec4612ffb,L08 Conrad,Conrad_3_PhoneTutorial,4,Phone,쇠지렛대로 개봉하여 창고에 넣어 주시겠습니까?
435c7e974ca94c84,L08 Conrad,Conrad_3_PhoneTutorial,6,Phone,훌륭합니다. <i>생산적인</i> 하루 되십시오.
# --- idle: Conrad_idle_3_1 ---
37950c8a8db90865,L08 Conrad,Conrad_idle_3_1,1,Conrad,교미대를 놓아 주면 바로 쓸 거야.
8f224115163c0dbe,L08 Conrad,Conrad_idle_3_1,2,Conrad,"어이, 손으로 좀 해 줘. 기분 좋다고!"
785bfdcdb6a67739,L08 Conrad,Conrad_idle_3_1,3,Conrad,"그래서 어, 문 좀 열어 줄래?"
# --- idle: Conrad_idle_3_2 ---
c1dc3477631255b7,L08 Conrad,Conrad_idle_3_2,1,Conrad,네가 고른 교미대 마음에 들어. 가져다줄 수 있냐?
4557c47a615d9810,L08 Conrad,Conrad_idle_3_2,2,Conrad,그으래서. 손으로 해 줄 거야?
7e079188b55eb03d,L08 Conrad,Conrad_idle_3_2,3,Conrad,고맙다. 존나 기분 좋았어.
# --- jerkoff: Conrad_started_jerkoff_3 ---
ccd88381d07a0b21,L08 Conrad,Conrad_started_jerkoff_3,1,Conrad,"아 그래, 바로 그거야... 계속해."
# --- cum: Conrad_finished_jerkoff_3 ---
10069c101bcc95c1,L08 Conrad,Conrad_finished_jerkoff_3,1,Conrad,...!
82d37703a9140210,L08 Conrad,Conrad_finished_jerkoff_3,2,Conrad,"젠장, 손놀림이 예사롭지 않은데."
95be71f702fae4a6,L08 Conrad,Conrad_finished_jerkoff_3,5,Kobold,하하... <size=70%> 그렇죠.
b60c2f975eedb833,L08 Conrad,Conrad_finished_jerkoff_3,6,Kobold,당연하죠. 전 <i>프로</i>니까요.
f9e0d3cba1f3548e,L08 Conrad,Conrad_finished_jerkoff_3,7,Conrad,"자기가 뭘 좋아하는지 아는 코볼트라니, 좋지."
0eb2a1e25a35e85e,L08 Conrad,Conrad_finished_jerkoff_3,8,Conrad,나도 프로야.
83d081eadc40b86b,L08 Conrad,Conrad_finished_jerkoff_3,10,Conrad,받는 쪽으로.
# --- cum: Conrad_Outro_3 | if $conrad_jerked_off_3 $conrad_used_mount_3 ---
6f64e0cc9b162541,L08 Conrad,Conrad_Outro_3,1,Conrad,"어이. 그래서, 생각해 봤는데"
dd5acacdb6c59489,L08 Conrad,Conrad_Outro_3,2,Conrad,지금 물어보긴 좀 이상한 것 같긴 한데. 그으으래도.
7f39f874a107d858,L08 Conrad,Conrad_Outro_3,3,Conrad,"같이 놀만한 괜찮은 곳이나 놈, 없냐?"
df48dbfe82678dea,L08 Conrad,Conrad_Outro_3,4,Kobold,"<gradient=""gold""><b> 라이언이라는 드래곤이 있어요. 연락처 알려드릴까요? </b></gradient><size=70%>(콘래드/라이언 연애 루트 또는 라이언 루트 해금)"
7b870878852ee72d,L08 Conrad,Conrad_Outro_3,5,Kobold,"<gradient=""gold""><b> 저랑 같이 놀아도 재밌을텐데... </b></gradient><size=70%> (콘래드 루트 해금)"
ac6820f366b18b44,L08 Conrad,Conrad_Outro_3,6,Conrad,다른 드래곤? 보통 잘 지내기 힘들던데...
de6f58682bdaacf9,L08 Conrad,Conrad_Outro_3,7,Kobold,아니에요. 라이언은 정말 다정한 분이에요.
d4185d9f80a34228,L08 Conrad,Conrad_Outro_3,8,Kobold,"걱정 마세요, 진짜 착한 분이에요."
9df619228ba627fc,L08 Conrad,Conrad_Outro_3,9,Conrad,네가 그렇다면야. 한 번 만나보고 싶네.
d88679eede302f8e,L08 Conrad,Conrad_Outro_3,10,Kobold,다음에 라이언과 만나면 꼭 물어볼게요.
7984d45df6290f6c,L08 Conrad,Conrad_Outro_3,11,Kobold,새로워진 콘래드를 마음에 들어 할 거예요!
bf35fcb679c816dd,L08 Conrad,Conrad_Outro_3,12,Conrad,고맙다. 진짜 여러모로.
d32db8ee98680d0f,L08 Conrad,Conrad_Outro_3,13,Conrad,그랬으면 좋겠어. 이제는 누군가와 새롭게 시작해보고 싶거든.
8623a4b26a9521d8,L08 Conrad,Conrad_Outro_3,14,Conrad,일단 슬슬 가 봐야겠다.
30dcd5391100eeba,L08 Conrad,Conrad_Outro_3,15,Conrad,알려줘서 고맙다!
f1ad7345d30997b4,L08 Conrad,Conrad_Outro_3,16,Kobold,고마워하실 것 없어요. 문 열어 드릴게요.
404cba15a4acdcfe,L08 Conrad,Conrad_Outro_3,17,Kobold,천만예요.
8bf9f7d2ecce0105,L08 Conrad,Conrad_Outro_3,18,Conrad,오오오.
8929fe2569ae7455,L08 Conrad,Conrad_Outro_3,19,Conrad,그거 좋은데!
2358a2257260501f,L08 Conrad,Conrad_Outro_3,20,Conrad,너 꽤 섹시하잖아.
c650e0aadadba99c,L08 Conrad,Conrad_Outro_3,21,Conrad,...그리고 착하고.
296f2ab03f8676ef,L08 Conrad,Conrad_Outro_3,23,Kobold,저도 콘래드가 특별하다고 생각해요.
17cf3cc7179b6817,L08 Conrad,Conrad_Outro_3,24,Conrad,그게… 네가 나한테 그런 소리를 낸 건 처음이네.
c2599750a4dd9247,L08 Conrad,Conrad_Outro_3,25,Kobold,코볼트어로 잘하고 있다는 뜻이에요.
6f2ff920e860570d,L08 Conrad,Conrad_Outro_3,26,Conrad,오... 핫. 마음에 든다.
8b7bdfb88553e72f,L08 Conrad,Conrad_Outro_3,27,Conrad,그 말 들으니까 기분 좋네.
e8ae0da9edb0a314,L08 Conrad,Conrad_Outro_3,28,Conrad,그래서. 데이트 어때?
781cbcfcd7920f3f,L08 Conrad,Conrad_Outro_3,29,Kobold,너무 빠른데요... 근데 좋아요!
5f9a2b795615ba6a,L08 Conrad,Conrad_Outro_3,30,Kobold,네.
508f3cf175389841,L08 Conrad,Conrad_Outro_3,31,Conrad,한번 해 보고 싶어!
c282dd1133ff96d4,L08 Conrad,Conrad_Outro_3,32,Conrad,좋아! 그럼 나중에 다시 올게.
bfc65061708379d6,L08 Conrad,Conrad_Outro_3,33,Kobold,"<size=70%><i> 미친, 방금 드래곤이랑 데이트 약속 잡았어."
cf78ef26075ae223,L08 Conrad,Conrad_Outro_3,34,Kobold,네! 문 열어 드릴게요.
6b8aa4fb55221728,L08 Conrad,Conrad_Outro_3,35,Conrad,흐음?
c395eb5878798c08,L08 Conrad,Conrad_Outro_3,36,Kobold,아! 아무것도 아니에요. 문 열어 드릴게요.
102e28eb7d17c7dd,L08 Conrad,Conrad_Outro_3,37,Conrad,"아, 그래. 고맙다."
ca518354e1f14735,L08 Conrad,Conrad_Outro_3,38,Conrad,"그래, 고맙다."
# --- cum: Conrad_finished_jerkoff_3 ---
5dffcc40132f0ec4,L08 Conrad,Conrad_finished_jerkoff_3,11,Conrad,이제 교미대가 눈에 들어오는데...
45c2b89acdcfd55d,L08 Conrad,Conrad_finished_jerkoff_3,12,Conrad,한 번 써 보자!
57725c300be82fa5,L08 Conrad,Conrad_finished_jerkoff_3,13,Kobold,좋아요. 가져올게요.
1976e7477a26b680,L08 Conrad,Conrad_finished_jerkoff_3,14,Kobold/Ryan,물론이죠!
9e50b8e48f012f1f,L08 Conrad,Conrad_finished_jerkoff_3,15,Conrad,이거지.
# --- mount_start: Conrad_placed_mount_3 ---
b9778eb1fe076168,L08 Conrad,Conrad_placed_mount_3,1,Conrad,하! 교미대잖아!
86b1b615d536c6c9,L08 Conrad,Conrad_placed_mount_3,2,Conrad,그<size=90%>러<size=80%>어<size=70%>어<size=60%>엄... <size=100%>나 더럽진 않아. 근데 <i>~야한 쪽으로~</i> 더럽긴 하지. 알지?
449244744c8bbd8a,L08 Conrad,Conrad_placed_mount_3,3,Kobold,그럼 오신 이유가 그냥...
f8c28806b84cad3d,L08 Conrad,Conrad_placed_mount_3,4,Kobold,네. 그렇게 비싸진 않았어요.
cd4ecc87775c0780,L08 Conrad,Conrad_placed_mount_3,5,Conrad,"한 발 빼고, 가능하면 손으로 후식까지."
01e3f480dfe7930d,L08 Conrad,Conrad_placed_mount_3,6,Conrad,손으로 받고 이 마운트를 박는 거지.
7f9240260973e0ce,L08 Conrad,Conrad_placed_mount_3,7,Kobold,제법... 직설적이네요.
e0b48878cb57c01f,L08 Conrad,Conrad_placed_mount_3,8,Conrad,당연하지! 내가 엄청...
1bd882b6a6343777,L08 Conrad,Conrad_placed_mount_3,9,Conrad,멋지니까.
557321787688acff,L08 Conrad,Conrad_placed_mount_3,11,Conrad,아무튼. 이제 이거 써 볼 거야!
78e9c032e409d82d,L08 Conrad,Conrad_placed_mount_3,12,Conrad,"하, 좋아. 이녀석의 처음을 즐겨볼까!"
# --- mount_finish: Conrad_finished_mount_3 ---
81b18a3cc2f69ea7,L08 Conrad,Conrad_finished_mount_3,1,Conrad,와 씨.
748b06c5c3f0552b,L08 Conrad,Conrad_finished_mount_3,2,Conrad,이거.
e92da2c203110197,L08 Conrad,Conrad_finished_mount_3,3,Conrad,이거 <i>진짜</i> 쩐다.
bcd00a8f7b94c7f1,L08 Conrad,Conrad_finished_mount_3,4,Kobold,정말 거칠게 하시던데요.
67d7d2492d388d84,L08 Conrad,Conrad_finished_mount_3,5,Kobold,즐기신 것 같네요.
65e7a40050eb4acf,L08 Conrad,Conrad_finished_mount_3,6,Conrad,난 항상 거칠지~
5c9126f1405a306c,L08 Conrad,Conrad_finished_mount_3,7,Conrad,당연히 즐겼지!
d45c21a765584d3b,L08 Conrad,Conrad_finished_mount_3,8,Kobold,다행이네요... 이제 뭘 하죠?
ae7bb31b012d1f51,L08 Conrad,Conrad_finished_mount_3,9,Conrad,"이제, 2라운드!"
18b0b44df315e792,L08 Conrad,Conrad_finished_mount_3,10,Kobold,또요...?
f395d053e5dcf326,L08 Conrad,Conrad_finished_mount_3,11,Conrad,"아니지, 아니지. 넌 공인 세신사잖아, 그치?"
5117686f8d936e47,L08 Conrad,Conrad_finished_mount_3,12,Conrad,그렇담 손으로 하는 법도 안다는 뜻이지!
a441237f7aea8d53,L08 Conrad,Conrad_finished_mount_3,13,Kobold,"어, <size=70%>알겠어요."
d2e773775c5bf598,L08 Conrad,Conrad_finished_mount_3,14,Kobold,맞아요. 바로 할게요.
d126a37255fb8144,L08 Conrad,Conrad_finished_mount_3,15,Conrad,하. 좋아. <size=70%><i>세신사 학원에서 드래곤 딸치는 법도 배운다니 멋지군...
fba1924f5f79713e,L08 Conrad,Conrad_finished_mount_3,16,Conrad,"뭐, 내 걸 전부 감싸려면 애 좀 먹을 거야."
# --- mount_finish: Conrad_OutroDirty ---
9b363afaa9dc8a5f,L08 Conrad,Conrad_OutroDirty,1,Conrad,아직 완전 더러운데!
44aa54eec876d22e,L08 Conrad,Conrad_OutroDirty,2,Kobold,"아, 죄송해요."
85d8ae405abc5722,L08 Conrad,Conrad_OutroDirty,3,Kobold,이런.
# --- mount_finish: Conrad_OutroSoapy ---
d7bb84bfc322967e,L08 Conrad,Conrad_OutroSoapy,1,Conrad,아직 온몸이 비누투성이라고!
# --- mount_finish: ErrorHasOccurred ---
9241fa9324783298,L08 Conrad,ErrorHasOccurred,1,ErrorHasOccurred,아 젠장 뭔가 잘못됐어요.
fbc99d34c317d087,L08 Conrad,ErrorHasOccurred,2,ErrorHasOccurred,이 화면이 보인다면 nael을 찾거나 버그 리포트를 제출해 주세요.
be7e08152c8d1556,L08 Conrad,ErrorHasOccurred,3,ErrorHasOccurred,죄송해요!
# --- mount_finish: Conrad_Outro | if $conrad_jerked_off_3 $conrad_used_mount_3 ---
c571db95fc1e4f78,L08 Conrad,Conrad_Outro,4,Conrad,"후우, 깨끗이 씻고 짐도 좀 덜었네."
e374c1b3adfa0cf8,L08 Conrad,Conrad_Outro,5,Conrad,"고맙다 친구, 그럼 내일 보자."

# ===== Level 9: Alexander (Sunny) =====
# --- intro: Alexander_3_intro ---
36cd0d2b83086eeb,L09 Alexander,Alexander_3_intro,1,Alexander/Conrad,안녕하세요.
bc15783521246457,L09 Alexander,Alexander_3_intro,2,Kobold/Alexander,알렉산더!
3cbf350078abb1bf,L09 Alexander,Alexander_3_intro,3,Kobold,"안녕하세요, 또 오셨네요!"
516ad83185e96dfb,L09 Alexander,Alexander_3_intro,4,Alexander,"하하, 반가워요. 만나 뵈어 기쁘네요."
f1d9c9797985d9a2,L09 Alexander,Alexander_3_intro,5,Alexander,다시 오게 되어 기쁘네요.
9f59b5e841a0d2ad,L09 Alexander,Alexander_3_intro,6,Alexander,어쩌다 보니 온몸이 잉크투성이가 되어버려서요!
fda3c419d5174cb2,L09 Alexander,Alexander_3_intro,7,Alexander,참으로 끔찍하지 않나요?
b5d76009b084e709,L09 Alexander,Alexander_3_intro,8,Kobold,"뭐, 그래서 제가 있는 거니까요!"
4f921c2b968fe884,L09 Alexander,Alexander_3_intro,9,Kobold,"우와, 정말 잔뜩 뒤집어쓰셨네요!"
256ae0739ddd2dbc,L09 Alexander,Alexander_3_intro,10,Alexander,그렇고말고요! 이제 제 몸을 씻겨 주었으면 하는 코볼트는 당신뿐이에요.
f114f26d23d53dc1,L09 Alexander,Alexander_3_intro,11,Kobold,"헤헤, 고마워요 알렉산더."
1f01b93ae3777189,L09 Alexander,Alexander_3_intro,12,Kobold,전속 세신사분들은요?
92b7fef7172975fa,L09 Alexander,Alexander_3_intro,13,Alexander,물론이지요! 훌륭한 가게를 운영하고 계시니까요.
df2a4df0381808af,L09 Alexander,Alexander_3_intro,14,Alexander,걱정하실 것 없습니다. 세신사 조합은... 저보다 훨씬 막강한 권력을 쥐고 있거든요.
1bdc19a56262fbc5,L09 Alexander,Alexander_3_intro,15,Alexander,<size=70%>여전히 저에게서 돈을 받아가고 있지요.
b0134babb7e75550,L09 Alexander,Alexander_3_intro,16,Alexander,제가 가장 아끼는 코볼트를 보러 올 만한 제법 좋은 구실이지요.
7d926d6395419270,L09 Alexander,Alexander_3_intro,17,Kobold,헤헤... 고마워요!
6ad0fe6dcc2efa30,L09 Alexander,Alexander_3_intro,19,Alexander,별말씀을요. 이토록 훌륭한 곳을 운영하고 계시잖아요.
f38b3b8fcf6bf031,L09 Alexander,Alexander_3_intro,20,Alexander,왜 그러세요? 진심 어린 칭찬에 무슨 해가 있다고!
350955b9410d95a5,L09 Alexander,Alexander_3_intro,21,Kobold,알렉산더가 이렇게 지저분한 분일 줄은 몰랐어요!
3cf6fd8e7e50386c,L09 Alexander,Alexander_3_intro,22,Kobold,어쩌다 잉크를 뒤집어쓰셨어요?
5d2cee363540fc7a,L09 Alexander,Alexander_3_intro,23,Alexander,제가... 흠.
26b3089f5ee4a463,L09 Alexander,Alexander_3_intro,24,Alexander,"<i>아마도</i> 제가 <i>여기 오는 길에</i> 잉크병을 엎지른 모양이군요. 이런, 제법 칠칠치 못한 실수를 했네요!"
7f1cf0605a577a0a,L09 Alexander,Alexander_3_intro,25,Kobold,"'아마도', '여기 오는 길에'요? 그럼 그전에는 잉크를 뒤집어쓰지 않으셨다는..."
b356a126e4318643,L09 Alexander,Alexander_3_intro,26,Alexander/Kobold/Ryan,오.
cd5592e5e3140daa,L09 Alexander,Alexander_3_intro,27,Alexander,그렇군요.
2a0200c46ee1b662,L09 Alexander,Alexander_3_intro,29,Alexander,"사실을 고백하자면, 이곳에 오기 위해 일부러 몸을 더럽혔답니다."
b4d680dde83d7847,L09 Alexander,Alexander_3_intro,30,Kobold,아이참. 인사하러 오시는데 굳이 잉크투성이가 되실 필요는 없어요!
42d72aa4b0b39750,L09 Alexander,Alexander_3_intro,31,Kobold,아! 그럼 얼른 들여보내 드려야겠네요. 문 열어 드릴게요.
9eb8cd756595cf24,L09 Alexander,Alexander_3_intro,32,Alexander,정말요?
5f9846717183dcc1,L09 Alexander,Alexander_3_intro,33,Alexander,명심해두지요. 저는 모든 일에는 그에 걸맞은 대가가 따른다고 늘 생각해왔거든요.
2ea5b920a0a9a519,L09 Alexander,Alexander_3_intro,34,Kobold,알렉산더는 언제 봐도 반가워요. 문 열어 드릴게요.
# --- progress: Alexander_3_required ---
a59f7f35644dcdbb,L09 Alexander,Alexander_3_required,1,Alexander,"이그윅스 교수, 저번에 스스로 불타 버린 제 동료 말이지요."
10b4110dad07d576,L09 Alexander,Alexander_3_required,2,Alexander,벌써 업무에 복귀했답니다. 여러모로 도와주셔서 감사해요.
b8baebdff88a847f,L09 Alexander,Alexander_3_required,3,Kobold,"네, 처음엔 정말 무서웠어요."
a2aff5b173ae96bb,L09 Alexander,Alexander_3_required,4,Kobold,다행이네요. 무사하시다니 기뻐요.
4b29556a255aea95,L09 Alexander,Alexander_3_required,5,Alexander,다행히도 현대에 이르러서는 자연 발화로 목숨을 잃는 일은 거의 사라졌답니다.
ababfd6e7703460e,L09 Alexander,Alexander_3_required,6,Alexander,맞아요. 당신이 도와주실 수 있어 참 다행이었지요.
69f278cd5a2eb111,L09 Alexander,Alexander_3_required,7,Alexander,...누군가와 이토록 자유롭게 이야기하는 게 참 낯서네요.
6221337862dcba2c,L09 Alexander,Alexander_3_required,8,Alexander,당신에게는 무슨 말이든 할 수 있을 것 같아요.
cecec36c55a564ee,L09 Alexander,Alexander_3_required,9,Kobold,뭐든지요?
7dbde0758389bd7b,L09 Alexander,Alexander_3_required,11,Alexander,네. 이렇게 거리낌 없이 이야기할 수 있으니 참 좋군요.
9bc918ab274337a8,L09 Alexander,Alexander_3_required,12,Alexander,이상하게 다른 누구의 말보다도 더욱 진솔하게 느껴지는군요.
35af415ffcb7f757,L09 Alexander,Alexander_3_required,13,Alexander,그나저나...
c66fb72552f1fa4c,L09 Alexander,Alexander_3_required,14,Alexander,질문이 하나 있습니다.
bbff7b98d6da7061,L09 Alexander,Alexander_3_required,15,Kobold,뭔데요?
834032dfb827138e,L09 Alexander,Alexander_3_required,16,Kobold,뭔가요?
71291e2e0c7ce300,L09 Alexander,Alexander_3_required,17,Alexander,<i>저에게</i> 질문을 해주실 수 있나요?
c8ac7dce03b1b9b7,L09 Alexander,Alexander_3_required,18,Kobold,무슨 뜻이에요?
10f232e68c0c0443,L09 Alexander,Alexander_3_required,19,Kobold,어떤 질문이요?
5956cbc43e2c8c2b,L09 Alexander,Alexander_3_required,20,Alexander,그저 저에게 질문을 해주셨으면 해요. 어떤 질문 이든요.
7bf3b1fff483809e,L09 Alexander,Alexander_3_required,21,Alexander,무엇이든요. 그저 궁금해서 그렇습니다.
# --- progress: Alexander_questions ---
9da08a79c3f86ee0,L09 Alexander,Alexander_questions,1,Kobold,가르치는 일은 어때요?
337d9f85511815eb,L09 Alexander,Alexander_questions,2,Kobold/Alexander,보라색을 좋아하시나요?
70523c9a506d9676,L09 Alexander,Alexander_questions,3,Kobold,큰 체격이 마음에 드세요?
3fbd83d375d6fa05,L09 Alexander,Alexander_questions,4,Kobold,숫자 7은 무슨 맛이에요?
767b6d6bdc5b806a,L09 Alexander,Alexander_questions,5,Kobold,저를 어떻게 생각하세요?
8ed9fdad93b0f690,L09 Alexander,Alexander_questions,6,Kobold,행복하신가요?
e5263ec7185a5166,L09 Alexander,Alexander_questions,7,Kobold,머리 장식이 멋져요. 그건 뭐예요?
bc116106c2929c42,L09 Alexander,Alexander_questions,8,Kobold,물어볼 건 그게 다예요.
a04d5511812a415b,L09 Alexander,Alexander_questions,9,Alexander,제 꿈이지요.
6861f7c274e3de2c,L09 Alexander,Alexander_questions,10,Alexander,그토록 많은 이들의 삶에 함께하며 좋은 영향을 줄 수 있어 즐거워요.
8743d170a315e668,L09 Alexander,Alexander_questions,11,Alexander,"...다만 그 아이들이 저를 얼마나 우러러보는지 생각하면, 때로는 부담스럽기도 하답니다."
7aebce70febcfb8c,L09 Alexander,Alexander_questions,12,Alexander,그리고 그저 키가 커서 올려다보는 것만도 아니고요.
0ad864ff0c0b3f21,L09 Alexander,Alexander_questions,13,Kobold,주로 어떤 수업을 맡고 계세요?
24244e96851180ca,L09 Alexander,Alexander_questions,14,Kobold,좋은 본보기가 되어 주시네요.
f58328ac8301872f,L09 Alexander,Alexander_questions,15,Alexander,주로 연금술입니다. 가끔은 세계사도 가르치지요.
771e997edf959694,L09 Alexander,Alexander_questions,16,Alexander,사회과학 쪽에도 발을 들여보려 하고 있습니다.
9986ef8860d34d9e,L09 Alexander,Alexander_questions,17,Alexander,바로 그것이 두려운 점이랍니다.
e947bbc260ec1dad,L09 Alexander,Alexander_questions,18,Alexander,당신 곁에서는 실패가 두렵지 않아서 좋네요.
818a4fe04a76ce19,L09 Alexander,Alexander_questions,19,Alexander,제가 라벤더색이라서요?
54a1b0b8e5f6fa32,L09 Alexander,Alexander_questions,20,Kobold,네.
046427d028c69e4b,L09 Alexander,Alexander_questions,21,Kobold,아뇨.
b849ed1e855cd6f5,L09 Alexander,Alexander_questions,22,Alexander,"뭐, 그 색을 선호하긴 합니다. 하지만 제 몸빛과는 별개의 이야기인 것 같아요."
bbb1e1b8cec716b3,L09 Alexander,Alexander_questions,23,Alexander,그 색을 선호하긴 합니다. 하지만 제 몸빛과는 별개의 이야기인 것 같아요.
line:ef052302,L09 Alexander,Alexander_questions,24,Alexander,당신은 보라색을 좋아하시나요?
525ba3c4a2511183,L09 Alexander,Alexander_questions,27,Alexander,아. 다행이군요.
3885f7429496059d,L09 Alexander,Alexander_questions,29,Alexander,아. 그렇군요.
8133434681c5d0c2,L09 Alexander,Alexander_questions,31,Alexander,답하기 까다로운 질문이군요.
a3e6072e41a2ff07,L09 Alexander,Alexander_questions,32,Alexander,어떤 부분은 좋아합니다. 존경받는 건 기분 좋은 일이기에...
b1ca0efdea534b71,L09 Alexander,Alexander_questions,33,Alexander,하지만 그 존경에는 겉모습에 걸맞게 행동하라는 기대가 따라옵니다. 대단히 부담스러운 일이지요.
186edb7d24ea9459,L09 Alexander,Alexander_questions,34,Kobold,저랑 있을 때는 편하게 있으셔도 돼요.
1a6be1fd03e5ae6f,L09 Alexander,Alexander_questions,35,Kobold,전 있는 그대로의 알렉산더가 좋아요.
08063aff652b7108,L09 Alexander,Alexander_questions,36,Alexander,그렇게 말씀해 주시니 참 좋군요.
4f9390dd28090827,L09 Alexander,Alexander_questions,37,Alexander,좀 더 마음을 열고 싶어요. 이렇게 이야기하니 기분이 좋네요.
b38834ce4594ad5c,L09 Alexander,Alexander_questions,38,Alexander,노란 라임 맛입니다.
5f6bb166b079c336,L09 Alexander,Alexander_questions,39,Kobold,말도 안 돼요.
aac4af2b645cf88e,L09 Alexander,Alexander_questions,40,Kobold,그러니까... 레몬 같은 거요?
0ee250681eda1a08,L09 Alexander,Alexander_questions,41,Alexander,말이 되지요. 이보다 확신하는 건 없습니다.
b83a1658171971d7,L09 Alexander,Alexander_questions,42,Alexander,아니요. 노란색인 라임입니다.
a87e0094e62cb429,L09 Alexander,Alexander_questions,43,Kobold,여기선 알렉산더가 교수님이니까요. 맞겠죠.
e154199e27c1d4a3,L09 Alexander,Alexander_questions,45,Alexander,"그건 권위에 호소하는 오류입니다. 하지만, 네. 제가 맞습니다."
0c137b35abd3f637,L09 Alexander,Alexander_questions,47,Alexander,당신은...
d4efe0db738b52b5,L09 Alexander,Alexander_questions,48,Alexander,별난 분이죠.
55c3e5daec20a64d,L09 Alexander,Alexander_questions,49,Kobold,응?
2c291db1ddbe2b9d,L09 Alexander,Alexander_questions,50,Kobold,그거 좋은 뜻이에요...?
df2bc10ba434d57e,L09 Alexander,Alexander_questions,51,Alexander,"그러니까, 당신은 유일무이하다는 뜻이에요."
019d328b739d99e6,L09 Alexander,Alexander_questions,52,Kobold,좋은 쪽으로요?
c2667b3b3dc54c1a,L09 Alexander,Alexander_questions,53,Kobold,나쁜 쪽으로요?
4f9b4a3cd9b0261a,L09 Alexander,Alexander_questions,54,Alexander,물론이지요! 당신은 훌륭한 분입니다.
ebb1884c75b23e27,L09 Alexander,Alexander_questions,55,Alexander,"별들이시여! 아니요, 아닙니다. 당신은 훌륭한 분입니다."
3b2c32e616b24822,L09 Alexander,Alexander_questions,56,Alexander,물론입니다. 곁에 두기에 더없이 좋은 분이지요.
7e6a62b6d8659273,L09 Alexander,Alexander_questions,57,Alexander,당신은 제가 그저... 저답게 있기를 바라는 분입니다.
c48241cd21bb0d91,L09 Alexander,Alexander_questions,58,Alexander,처음이에요.
5a4d28241178ab01,L09 Alexander,Alexander_questions,59,Alexander,행복합니다.
216bb6e650af4cfc,L09 Alexander,Alexander_questions,60,Alexander,그건 어느 정도 당신 덕분이라고 생각해요.
91ff270d6aaba6a4,L09 Alexander,Alexander_questions,61,Kobold,하지만 전 그냥 세신사일 뿐인데요?
f06f453ab3d6251f,L09 Alexander,Alexander_questions,62,Kobold,정말 다정하시네요.
8c2bdfa25fbde4ed,L09 Alexander,Alexander_questions,63,Alexander,압니다. 가끔이라도 누군가에게 마음을 열 수 있다는 건...
61639ef55caefda4,L09 Alexander,Alexander_questions,64,Alexander,놀라운 효과가 있지요.
22c1ab2eb72e5b44,L09 Alexander,Alexander_questions,66,Alexander,가끔이라도 누군가에게 마음을 열 수 있다는 건...
439d8da114ab9162,L09 Alexander,Alexander_questions,68,Alexander,그 점에 대해 고맙습니다.
33d3f6495bad4d3c,L09 Alexander,Alexander_questions,69,Alexander,"오호, 제 머리의 두관 말입니까?"
91d69b4f1f9739cb,L09 Alexander,Alexander_questions,70,Alexander,많은 이들이 제 몸의 일부라고 생각하지요.
dd0f2ff5e303f61a,L09 Alexander,Alexander_questions,71,Alexander,하지만 장식일 뿐이랍니다! 저희 가문의 것이지요. 아시다시피...
7271f9e9b21e5401,L09 Alexander,Alexander_questions,72,Alexander,"드래곤의 역사는 복잡합니다. 장식용 두관은 <size=85%>흔히 <size=70%>드래곤들이 <size=55%>어느 가문에 속해있는지 나타내기 위해 착용합니다! <size=40%>문화 <size=35%>그리고 가문의 유산을 보여 주는 흥미로운 표식이지요. 저는 제 것을 계속 착용해야 하는지 종종 고민해 왔습니다. <size=20%>하지만 문화적, 가문적 유대는 드래곤의 전승 안에서 중요하게 여겨지니까요! 그러니 저도 관습을 따라야만 합니다. <size=10%>물. 흙. 불. 공기. 오래전, 네 부족은 조화롭게 살아갔습니다. 그러나 불의 제국이 침공하면서 모든 것이 바뀌었지요."
0006b6926947b91b,L09 Alexander,Alexander_questions,74,Kobold,다시 한번 말씀해 주실래요?
b6d573339ec0b66b,L09 Alexander,Alexander_questions,75,Alexander,"아, 실례했군요. 제가 이런 이야기만 나오면 좀 열을 올려서요."
9909f3ea3dffb93e,L09 Alexander,Alexander_questions,76,Alexander,제 두관을 마음에 들어 하시니 기쁩니다.
e5bccc3a053371ce,L09 Alexander,Alexander_questions,77,Alexander,...아니요
# --- progress: Alexander_3_required_end | if $has_asked_question ---
c225b2626bb24d2c,L09 Alexander,Alexander_3_required_end,1,Alexander,물어봐 주셔서 고맙습니다. 개인적인 질문을 받는다는 건 즐거운 일이군요.
# --- jerkoff: Alexander_3_JerkOff_Start ---
8342e51e14980481,L09 Alexander,Alexander_3_JerkOff_Start,1,Alexander,"이런, 이렇게... 손수 해 주실 줄은 몰랐습니다."
ce664ef00487ef78,L09 Alexander,Alexander_3_JerkOff_Start,2,Alexander,<size=70%><i>계속해도 좋아요.</i>
# --- cum: Alexander_3_Cum ---
85503a54fcc74839,L09 Alexander,Alexander_3_Cum,1,Alexander,"흐응. 바, 방금 건... 꽤나 체면 없는 모습이었군요."
afa89c59eece65b9,L09 Alexander,Alexander_3_Cum,2,Alexander,<size=70%><i>하지만 좋았어요... 고맙습니다.
# --- outro: Alexander_3_Outro ---
d96b34ffac75e750,L09 Alexander,Alexander_3_Outro,1,Alexander,<i>티끌 하나 없이</i> 깨끗해졌군요.
6dae153117be9e8a,L09 Alexander,Alexander_3_Outro,2,Kobold,전 한 군데도 빼놓지 않아요.
941f66ab23bc1b9b,L09 Alexander,Alexander_3_Outro,4,Alexander,잘 알고 있답니다. 제대로 씻고 나면 느낌부터 확연히 다르거든요!
4598878b44333749,L09 Alexander,Alexander_3_Outro,5,Alexander,그런 말을 듣고 싶었습니다.
7ea92f17440d2fae,L09 Alexander,Alexander_3_Outro,6,Alexander,또 올게요. 당신을 친구로 둘 수 있어 좋군요.
7bbef8475c6cdff7,L09 Alexander,Alexander_3_Outro,7,Kobold,곧 또 뵙길 기대할게요.
17d54d35bc089567,L09 Alexander,Alexander_3_Outro,8,Kobold,이곳을 편안하게 느끼신다니 기뻐요.

# ===== Level 10: Ryan (Sunny) | ends PicnicCompleted =====
# --- intro: Ryan_4_intro ---
379060351b7eda00,L10 Ryan,Ryan_4_intro,1,Ryan,<b><i><size=130%>콘래드에게 라이언을 소개했습니까?
8a798890fe938171,L10 Ryan,Ryan_4_intro,2,Kobold,예
9390298f3fb0c5b1,L10 Ryan,Ryan_4_intro,3,Kobold,아니요
578f5563ae25f1ce,L10 Ryan,Ryan_4_intro,4,Kobold,우와... 입에 그건 뭐예요?
c03386d6c9efb92a,L10 Ryan,Ryan_4_intro,5,Kobold,"안녕하세요 라이언, 그건 뭐예요?"
d85dcd17cab55fde,L10 Ryan,Ryan_4_intro,6,Ryan,피크닉 바꾸니.
b9c2f8ae41c83ebe,L10 Ryan,Ryan_4_intro,7,Ryan,말이 잘 안나아.
696058e475fae76a,L10 Ryan,Ryan_4_intro,8,Ryan,드러가도 대?
1f843189eaccc2b6,L10 Ryan,Ryan_4_intro,9,Kobold,아! 네. 문 열게요!
9cc8b0255238b35e,L10 Ryan,Ryan_4_intro,10,Kobold,"네, 최대한 빨리 열어 드릴게요."
1facde273315d636,L10 Ryan,Ryan_4_intro,11,Ryan,고마어!
# --- picnic: Ryan_egg_dialog | if $food_number ---
ff7696a47d0cd4ed,L10 Ryan,Ryan_egg_dialog,1,Kobold,아세상에 저는 그 알이 장식인 줄 알았어요.
76dddaed85a8d844,L10 Ryan,Ryan_egg_dialog,2,Kobold,그건 무슨 알이에요?
9fe69182b150b8b1,L10 Ryan,Ryan_egg_dialog,3,Ryan,응? 당연히 아니지!
f5d2571561dba2b0,L10 Ryan,Ryan_egg_dialog,4,Ryan,아하. 통째로 먹는 게 익숙하지 않겠구나.
718beb6db0dae659,L10 Ryan,Ryan_egg_dialog,5,Ryan,그게 제일 맛있게 먹는 방법인데!
c03f60d1d7bd67e5,L10 Ryan,Ryan_egg_dialog,6,Ryan,음...
4a7cf2bb1bd01e0b,L10 Ryan,Ryan_egg_dialog,7,Ryan,파란색...?
640cee0646ecb66c,L10 Ryan,Ryan_egg_dialog,8,Ryan,잘 모르겠어. WingCo에서 세일하던 거야.
f887a50c6f7d1edc,L10 Ryan,Ryan_egg_dialog,9,Ryan,그래도 진짜 맛있었어!
# --- picnic: ryan_food_dialogue ---
8b555a411ea346ec,L10 Ryan,ryan_food_dialogue,1,Ryan,그나저나... 내 연애에 대해서 생각해 봤어.
03e1d33ec4a7f6e8,L10 Ryan,ryan_food_dialogue,2,Kobold,어떤 생각을요?
f1676448791feef6,L10 Ryan,ryan_food_dialogue,3,Ryan,"그러니까, 앞으로의 연애 말이야."
9d2e28c9ae2ed8b4,L10 Ryan,ryan_food_dialogue,4,Ryan,조금 기대돼.
91b32d6180935501,L10 Ryan,ryan_food_dialogue,5,Kobold,"뭐, 라이언이라면 누구든 탐낼 만한 드래곤이니까요."
e5d632fba39e2f0f,L10 Ryan,ryan_food_dialogue,6,Kobold,제가 다 설레요!
d228097b23b352e6,L10 Ryan,ryan_food_dialogue,7,Ryan,"너 정말, 낯간지럽게 왜 그래."
d94d7310f7d31a45,L10 Ryan,ryan_food_dialogue,9,Ryan,새로운 인연을 만날 생각에 정말 설렌다.
1121175da09c0008,L10 Ryan,ryan_food_dialogue,10,Ryan,"자, 더 먹을래?"
6ebac8131d5267ac,L10 Ryan,ryan_food_dialogue,11,Ryan,흠...
d2c7e6789d89f523,L10 Ryan,ryan_food_dialogue,13,Ryan,생각해 봤는데.
67c0ce6aff865e1c,L10 Ryan,ryan_food_dialogue,14,Ryan,지금 내 주변을 제외한 다른 인연을 만나기가 쉽지 않은 것 같아.
d7f23a9907b74860,L10 Ryan,ryan_food_dialogue,15,Ryan,주변 모두를 사랑하긴 해. 하지만 그만큼 얽힌 일도 많거든.
99daac47d7b305f6,L10 Ryan,ryan_food_dialogue,16,Ryan,무슨 말인지 알지?
1b4b607607b8c988,L10 Ryan,ryan_food_dialogue,17,Kobold,그렇군요.
dfcb7cbdb552d8f5,L10 Ryan,ryan_food_dialogue,18,Kobold,헤어지고 나면 그렇게 느낄 만하죠. 이해해요.
f574c59b56179de8,L10 Ryan,ryan_food_dialogue,19,Ryan,"응, 헤어진 뒤로 계속 뭔가 새로운 걸 찾고 있어."
0febbd04cce87646,L10 Ryan,ryan_food_dialogue,20,Ryan,어쩌면 새로운 누군가를?
b7fca6004f2d5325,L10 Ryan,ryan_food_dialogue,22,Ryan,맞아. 그런 일이 있고 나니 관계를 정리하기가 쉽지 않더라.
8da113ef266e587f,L10 Ryan,ryan_food_dialogue,23,Ryan,그래도 해 볼 생각이야. 근데 뭔가 새로운 게 있었으면 좋겠어.
baf0df26ea4f2e81,L10 Ryan,ryan_food_dialogue,24,Ryan,어쩌면 새로운 누군가가...
03ccd297eb346729,L10 Ryan,ryan_food_dialogue,25,Ryan,...아까 했던 얘기 말인데.
1032684d93c794bf,L10 Ryan,ryan_food_dialogue,26,Kobold,네?
ace8c62e60ec2197,L10 Ryan,ryan_food_dialogue,27,Ryan,혹시 추천해 줄 수 있어? 그 왜... 연애 같은 거 해볼 만한.
0a7119cfe1246546,L10 Ryan,ryan_food_dialogue,28,Kobold,"<gradient=""gold""><b>붉은 드래곤을 한 분 알아요. 마음에 드실 것 같아요! </b></gradient><size=70%> (라이언과 콘래드를 이어 줍니다!)"
4a3b65400e54f8ff,L10 Ryan,ryan_food_dialogue,29,Kobold,"<gradient=""gold""><b>아. 음. <size=70%> 저는 괜찮은데요... 그 누군가가 저라면요. </b></gradient><size=70%> (라이언 로맨스 확정!)"
bb7a6be711206298,L10 Ryan,ryan_food_dialogue,30,Kobold,"<gradient=""gold""><b>당장 떠오르는 분은 없네요.</b></gradient><size=70%> (콘래드 로맨스 확정!)"
a6a744d6d60ec400,L10 Ryan,ryan_food_dialogue,31,Ryan/Alexander/Kobold,네?
line:1d491283,L10 Ryan,ryan_food_dialogue,31,Ryan,오?
cbe8e4adc9ca52df,L10 Ryan,ryan_food_dialogue,32,Ryan,그게 누군데?
ca545deecbd9950d,L10 Ryan,ryan_food_dialogue,33,Kobold,여기 씻으러 오는 <b>진짜</b> 귀여운 붉은 드래곤이에요!
4a94ef80ae21582a,L10 Ryan,ryan_food_dialogue,34,Kobold,붉은 드래곤이에요. 두 분이 서로 마음에 들어 하실 것 같아요!
0ea02ee3f0c5673d,L10 Ryan,ryan_food_dialogue,35,Ryan,"아! 본 것 같아. 그 조그만 애, 맞지?"
58b69c47fed8b38f,L10 Ryan,ryan_food_dialogue,36,Kobold,본인은 '키가 좀 아담한 편'이라고 하던데요... 그래도 맞아요.
3ae2d547c997ca01,L10 Ryan,ryan_food_dialogue,37,Kobold,네! 새로운 인연을 만나고 싶어 해요.
474246952e0d1e50,L10 Ryan,ryan_food_dialogue,38,Ryan,오...
ed2ece6040ec8b40,L10 Ryan,ryan_food_dialogue,39,Ryan,정말 귀엽네.
c0fb8d4f93270198,L10 Ryan,ryan_food_dialogue,40,Ryan,"아, 잘됐다. 서로 비슷한가 보네."
82767de7e3e22a4a,L10 Ryan,ryan_food_dialogue,41,Ryan,만나 보고 싶어!
b423c91f4f75add4,L10 Ryan,ryan_food_dialogue,42,Kobold,그럼 두 분을 연결해 드릴게요.
80c500f9c426d4cc,L10 Ryan,ryan_food_dialogue,43,Kobold,너무 설레요. 두 분을 연결해 드릴게요!
ec786c9a7656b0f9,L10 Ryan,ryan_food_dialogue,45,Ryan,"나도, 고마워!"
028dbc8d077c611f,L10 Ryan,ryan_food_dialogue,47,Ryan,<i>오...
ae590830c4c03fd1,L10 Ryan,ryan_food_dialogue,48,Ryan,나도 네가 그 누군가였으면 좋겠어.
b4066b4e58df8005,L10 Ryan,ryan_food_dialogue,49,Kobold,그럼 이건 뭐랄까... 우리 첫 데이트인가요?
8c7e5a49ec8fd685,L10 Ryan,ryan_food_dialogue,50,Kobold,솔직히 말하면요. 라이언을 전부터 좋아하고 있었어요.
710ea0057247cb51,L10 Ryan,ryan_food_dialogue,51,Ryan,그런 것 같네!
de4d091acdb6059c,L10 Ryan,ryan_food_dialogue,52,Ryan,"정말? 아, 너무 설렌다."
35e3561cd36f36d6,L10 Ryan,ryan_food_dialogue,53,Ryan,"누군가 날 이렇게 쉽게, 이렇게 많이 좋아해 줄 수 있는 줄 몰랐어."
f05160456925af3f,L10 Ryan,ryan_food_dialogue,54,Ryan,"그리고 말인데, 너 귀여워."
a01d64fcb9d7d3a5,L10 Ryan,ryan_food_dialogue,55,Kobold,"네. <size=90%>아, <size=80%>그러니까요. 저는 뭐... <size=70%>하하. 네. 네!"
65691ff38c85e57c,L10 Ryan,ryan_food_dialogue,56,Kobold,라이언도요!
d323e565ed8ea749,L10 Ryan,ryan_food_dialogue,57,Ryan,부끄럽게 하려던 건 아니었어!
145e6a2d848267cb,L10 Ryan,ryan_food_dialogue,58,Ryan,난 그냥... 행복해.
0cc014df7d89d3e1,L10 Ryan,ryan_food_dialogue,59,Ryan,"헤헤, 고마워. 이렇게 멀끔한 건 다 네 덕분이야!"
eea7bdf3ab3f251c,L10 Ryan,ryan_food_dialogue,60,Ryan,난... 행복해.
d619413abc4a1de1,L10 Ryan,ryan_food_dialogue,61,Ryan,괜찮아!
c2acc8d962a0c936,L10 Ryan,ryan_food_dialogue,62,Ryan,근데 넌 어때? 연인 있어?
2374bdd10aea40ba,L10 Ryan,ryan_food_dialogue,63,Kobold,"콘래드라고, 붉은 드래곤이 한 분 있어요. 성격이 불같긴 한데... 귀여워요."
58a5e5a5a9482e96,L10 Ryan,ryan_food_dialogue,64,Kobold,"네! 콘래드라고, 사랑스러운 분이에요. 본인은 제가 이렇게 말하는 거 싫어하겠지만요."
3d14bcafbc3f21c6,L10 Ryan,ryan_food_dialogue,65,Ryan,"아 그래, 얼마 전에 여기에 온 그 조그만 드래곤 맞지?"
882d8b921688234c,L10 Ryan,ryan_food_dialogue,66,Kobold,저기요! 그분은 그냥... '키가 좀 아담한' 거예요.
1ce76f0141c9f53b,L10 Ryan,ryan_food_dialogue,67,Kobold,네! 그분이에요.
eeedcdd5eaa13110,L10 Ryan,ryan_food_dialogue,68,Ryan,"아, 미안."
dcfc67b1e58c5a49,L10 Ryan,ryan_food_dialogue,69,Ryan,귀여워 보이더라!
94ff2c4b836f0aef,L10 Ryan,ryan_food_dialogue,70,Ryan,"잘됐다, 귀여운 분이잖아!"
abe281ce74304803,L10 Ryan,ryan_food_dialogue,71,Ryan,"저기 음, 다시 한 번 고마워."
9144d5ad20e5a9e8,L10 Ryan,ryan_food_dialogue,72,Kobold,별말씀을요! 콘래드랑 만나실 날이 기다려져요.
e39b086d1bff71b1,L10 Ryan,ryan_food_dialogue,73,Kobold,"아니요, 제가 고맙죠. 저... 정말 설레요."
1f50e1361eaeacbf,L10 Ryan,ryan_food_dialogue,74,Kobold,그럼요! 음식 고마워요.
489184ee3c2573f9,L10 Ryan,ryan_food_dialogue,75,Ryan,"하하, 응. 재밌는 분일 것 같아."
28f3547a6af39629,L10 Ryan,ryan_food_dialogue,76,Ryan,"어떻게 됐는지 꼭 말해 줄게, 그게 좋겠지?"
fcd75c87b326482c,L10 Ryan,ryan_food_dialogue,77,Kobold,얘기 듣는 게 기대돼요!
a66a9f98f63d5aaf,L10 Ryan,ryan_food_dialogue,78,Kobold,네. 두 분 정말 잘 어울리실 거예요.
39619dc71b15dfde,L10 Ryan,ryan_food_dialogue,79,Ryan,좋았어...
b2d03d0e5222d95c,L10 Ryan,ryan_food_dialogue,80,Ryan,"곧 또 보자, 응?"
17c800776b082018,L10 Ryan,ryan_food_dialogue,81,Kobold,그랬으면 좋겠어요! 문 열러 갈게요.
56372773e401e131,L10 Ryan,ryan_food_dialogue,82,Kobold,네! 음식 고마워요. 문 열러 갈게요.
97cffb9a377004b2,L10 Ryan,ryan_food_dialogue,83,Ryan,응... 코볼트랑 사귀는 건 이번이 처음이야.
50ce0561192b6b01,L10 Ryan,ryan_food_dialogue,84,Ryan,그래도 벌써부터 꽤 마음에 들어.
e823adcc22fd50c2,L10 Ryan,ryan_food_dialogue,85,Kobold,저 라이언 정말 좋아해요.
62e851c911a254bb,L10 Ryan,ryan_food_dialogue,86,Kobold,"네, 저도 너무 좋았어요."
773c0ce37ffbb546,L10 Ryan,ryan_food_dialogue,87,Ryan,헤헤. 나도 네가 좋아.
1c6058ce1c7242cf,L10 Ryan,ryan_food_dialogue,88,Ryan,정말 그래. 넌 정말 멋져.
32e4e8851f8ac398,L10 Ryan,ryan_food_dialogue,89,Ryan,음식 같이  먹어 줘서 고마워...
0a94f0c3b65c425c,L10 Ryan,ryan_food_dialogue,90,Ryan,다시 만날 날이 벌써부터 기다려져.
8c39f31ac476e20e,L10 Ryan,ryan_food_dialogue,91,Kobold,저는 언제나 라이언 만나는 게 기대돼요. 문 열러 갈게요.
db8848bda5df285f,L10 Ryan,ryan_food_dialogue,92,Kobold,저도요! 문 열러 갈게요.
f0394a2181ae8df6,L10 Ryan,ryan_food_dialogue,93,Ryan,그래! 곧 또 보자.
d48a9423f250312c,L10 Ryan,ryan_food_dialogue,94,Ryan,그래서 그 콘래드라는 분을 좋아하는 거야?
6eb520b95e8c6388,L10 Ryan,ryan_food_dialogue,95,Kobold,헤헤 네.
c97f0b6b1b436f26,L10 Ryan,ryan_food_dialogue,96,Kobold,좀 과한 분이긴 해요. 근데 그게 좋아요.
6525ecb4cd0f0eea,L10 Ryan,ryan_food_dialogue,97,Ryan,귀엽다!
6943d0645de48850,L10 Ryan,ryan_food_dialogue,98,Ryan,그 애의 어떤 점이 제일 좋아?
a695d517f16d1719,L10 Ryan,ryan_food_dialogue,99,Kobold,그게요. 거기가 엄청 커요.
dbeb304df456a424,L10 Ryan,ryan_food_dialogue,100,Kobold,"성격은 날카롭지만, 다정하기도 해요!"
3c29c25f0a23d26a,L10 Ryan,ryan_food_dialogue,101,Kobold,"조그매서, 눈높이가 맞는 게 좋아요."
0911d52bc2d9f70b,L10 Ryan,ryan_food_dialogue,102,Kobold,전 그냥... 그분이 좋아요.
4aa9ae5f4bbb8541,L10 Ryan,ryan_food_dialogue,103,Ryan,"아... 그래, 작은 드래곤들은 대체로... 다른 곳에서 보상받지."
7859d5c981752171,L10 Ryan,ryan_food_dialogue,104,Ryan,"음, 그래, 그런 타입 알지."
d8c70d62d0457935,L10 Ryan,ryan_food_dialogue,105,Ryan,"이해돼! 그래, 조그만 드래곤은 재밌지."
97a18e09f3f990c5,L10 Ryan,ryan_food_dialogue,106,Ryan,아... 너무 달달하다.
fac3f85c3c835445,L10 Ryan,ryan_food_dialogue,107,Ryan,둘이 어떻게 되는지 꼭 말해 줘야 해!
37e125daa86112bd,L10 Ryan,ryan_food_dialogue,108,Ryan,음식 나눠 먹어 줘서 고마워. 넌 정말 좋은 친구야.
120807e0d30c65d5,L10 Ryan,ryan_food_dialogue,109,Kobold,음식 고마워요! 문 열러 갈게요.
94ddf87d22b36d07,L10 Ryan,ryan_food_dialogue,110,Kobold,"라이언도 좋은 친구예요, 문 열러 갈게요."
02ca8c073be8669d,L10 Ryan,ryan_food_dialogue,111,Ryan,"그래, 다음에 봐!"
# --- picnic: Ryan_grab_basket ---
3276ca6f923e3a2e,L10 Ryan,Ryan_grab_basket,1,Ryan,으엑. 받아 줘서 고마워.
1790d1bc285d158f,L10 Ryan,Ryan_grab_basket,2,Kobold,음식을 가져오신 거예요?
fab7cff668586c9b,L10 Ryan,Ryan_grab_basket,3,Kobold,라이언! 너무 다정하시네요.
3f519f6990d85e4d,L10 Ryan,Ryan_grab_basket,4,Ryan,응! 우리 둘 다 먹을만한 게 들어있어.
38953523aa1d8dc9,L10 Ryan,Ryan_grab_basket,5,Ryan,"헤헤, 고마워. 우리 둘 다 먹을만한 게 들어있어."
f44e62ce0d92a9c3,L10 Ryan,Ryan_grab_basket,6,Ryan,다만 양이 조금... 드래곤 기준이지만.
dbe7ccbf37aed06a,L10 Ryan,Ryan_grab_basket,7,Kobold,왜 이렇게 많이 가져오셨어요?
96082d9f598cc1db,L10 Ryan,Ryan_grab_basket,8,Kobold,세신은 필요 없으신가요?
5be9d07e2e19a321,L10 Ryan,Ryan_grab_basket,9,Ryan,널 위해서!
eea2772cf2ab51f9,L10 Ryan,Ryan_grab_basket,10,Ryan,<size=70%> 그리고 나를 위해서.
5da686787e870bc2,L10 Ryan,Ryan_grab_basket,11,Ryan,"응, 아마도 괜찮아."
dfdd49c96bf70312,L10 Ryan,Ryan_grab_basket,12,Ryan,그냥 너한테 음식을 갖다주러 온 거니까!
7efd9697b321d608,L10 Ryan,Ryan_grab_basket,13,Ryan,네가 해 준 게 많으니까 뭔가 좋은 걸 가져오고 싶었어.
414c0f3bb81740f3,L10 Ryan,Ryan_grab_basket,14,Ryan,괜찮지?
097832ea20a37b63,L10 Ryan,Ryan_grab_basket,15,Kobold,당연하죠!
460dbc14c8f22914,L10 Ryan,Ryan_grab_basket,17,Ryan,"다행이네, 좋아해줘서 기쁘다."
6e1aac9408968a3c,L10 Ryan,Ryan_grab_basket,18,Ryan,그 말은 괜찮다는 거네! 다행이다.
fe3e5d4e4925ddb6,L10 Ryan,Ryan_grab_basket,19,Ryan,자... 먹을까?
# --- picnic: Ryan_grapes_dialog | if $food_number ---
46ca5d912bed1dcc,L10 Ryan,Ryan_grapes_dialog,1,Kobold,그 포도 맛있어 보여요.
33f099ac348159d4,L10 Ryan,Ryan_grapes_dialog,2,Kobold,"라이언, 줄기는 먹는 게 아니에요."
174343e1e975e68b,L10 Ryan,Ryan_grapes_dialog,3,Ryan,맛있었어! 그래도 난 줄기가 제일 좋아.
976fdc62e4cbffcf,L10 Ryan,Ryan_grapes_dialog,4,Kobold,그건... 나무 아니에요?
8e4f1f66ab3b3860,L10 Ryan,Ryan_grapes_dialog,5,Kobold,먹어 본 적 없어요.
d053df82397c2f86,L10 Ryan,Ryan_grapes_dialog,6,Ryan,"응, 맛있어!"
c994875a9f5c8520,L10 Ryan,Ryan_grapes_dialog,7,Ryan,근데 넌 안 먹는 게 좋을 거야.
025e9c74601a1a65,L10 Ryan,Ryan_grapes_dialog,8,Ryan,드래곤 위장은 네 것보다 좀 더... 튼튼하거든.
b689b40a79b968df,L10 Ryan,Ryan_grapes_dialog,9,Ryan,넌 안 먹는 게 좋을걸.
8d834797bd163119,L10 Ryan,Ryan_grapes_dialog,10,Ryan,먼저 드래곤 위장부터 있어야 해!
27935fd7477eba77,L10 Ryan,Ryan_grapes_dialog,11,Ryan,누가 그래?
0b71d27200d13a33,L10 Ryan,Ryan_grapes_dialog,12,Kobold,제가요?
47252f2c75dea9ef,L10 Ryan,Ryan_grapes_dialog,13,Kobold,생물학...? <size=70%> <i>아마도요?
5af35db6f8fe39ad,L10 Ryan,Ryan_grapes_dialog,14,Ryan,글쎄...
79436a008466d243,L10 Ryan,Ryan_grapes_dialog,15,Ryan,난 규칙 파괴자거든!
49e7a64aec55ff2a,L10 Ryan,Ryan_grapes_dialog,16,Ryan,"걱정하지 마, 드래곤은 뭐든 먹을 수 있도록 만들어졌으니까."
5f82b968ccbb4aaa,L10 Ryan,Ryan_grapes_dialog,17,Ryan,난 거의 뭐든 소화할 수 있어.
f9a3f85545840310,L10 Ryan,Ryan_grapes_dialog,18,Ryan,줄기는 그냥 덤이지.
53494acb38981cff,L10 Ryan,Ryan_grapes_dialog,19,Ryan,그래도 포도는 유독 당길 때가 있긴 해.
77e53d1b1d33b9f0,L10 Ryan,Ryan_grapes_dialog,20,Ryan,"아, 얼굴에 좀 묻었나 보네. 이런."
# --- picnic: Ryan_ham_dialog | if $food_number ---
cb2d2f80636d8a49,L10 Ryan,Ryan_ham_dialog,1,Kobold,"라이언, 뼈!"
523a9690a00a7803,L10 Ryan,Ryan_ham_dialog,2,Kobold,그걸 정말 통째로 다 드셨네요... 우와.
618839c9ee1f8a65,L10 Ryan,Ryan_ham_dialog,3,Ryan,음. 응?
5b917e0078e6beb0,L10 Ryan,Ryan_ham_dialog,4,Ryan,"아, 내가 제일 좋아하는 부위야!"
7a41a3b5d6e1acf7,L10 Ryan,Ryan_ham_dialog,5,Kobold,그걸 대체 어떻게 소화하세요?
846f850b875979d4,L10 Ryan,Ryan_ham_dialog,6,Kobold,<size=60%> 그거 좀 섹시한데.
f7d4b26ff67eee38,L10 Ryan,Ryan_ham_dialog,7,Ryan,난 드래곤이니까.
b86257f47d85426e,L10 Ryan,Ryan_ham_dialog,8,Ryan,뭐든 소화할 수 있는걸.
a165524a35a75706,L10 Ryan,Ryan_ham_dialog,9,Ryan,그래? 그럼 알아둬야겠네...
db22d9512845d515,L10 Ryan,Ryan_ham_dialog,10,Ryan,그게 음식을 즐기는 최고의 방법이지.
a5af381d1ec66e2a,L10 Ryan,Ryan_ham_dialog,11,Ryan,너희 두 발 종족은 음식을 천천히 음미하잖아. 그게 참 신기하더라.
180983e0a4f4e327,L10 Ryan,Ryan_ham_dialog,12,Ryan,하지만 역시 한입에 꿀꺽하는 것만큼 좋은 건 없어!
# --- picnic: Ryan_melon_dialog | if $food_number ---
e1d0d09daa3129d9,L10 Ryan,Ryan_melon_dialog,1,Ryan,방금 건 좀 컸다.
8725851a4492f86f,L10 Ryan,Ryan_melon_dialog,2,Kobold,수박을 쪼개지도 않으셨어요.
991947f3461b26a7,L10 Ryan,Ryan_melon_dialog,3,Kobold,맛은 어땠어요?
7d20121dc2fa0757,L10 Ryan,Ryan_melon_dialog,4,Ryan,그으래.
41f87d2c55073e29,L10 Ryan,Ryan_melon_dialog,5,Ryan,이런.
4fafd5a0c9f29d5f,L10 Ryan,Ryan_melon_dialog,6,Ryan,그래도 좋았어! 목으로 미끄러져 내려가는 느낌이 좋아.
dc8488830f9d7192,L10 Ryan,Ryan_melon_dialog,7,Ryan,깨물어 먹는 걸 깜빡해서... 아무 맛도?
7dedd07a7558afa9,L10 Ryan,Ryan_melon_dialog,8,Ryan,그래도 미끄러져 내려가는 느낌은 좋았어!
8b4a775ae776722a,L10 Ryan,Ryan_melon_dialog,9,Kobold,<size=70%> 우와.
ef03f59f06da8fa4,L10 Ryan,Ryan_melon_dialog,10,Kobold,목이 그 정도까지 버틸 수 있다니 놀랍네요.
4fc09f2d61d5cc43,L10 Ryan,Ryan_melon_dialog,11,Ryan,코볼트들은 항상 내가 먹는 걸 보면 홀린 듯하더라.
032ea150ccdf88be,L10 Ryan,Ryan_melon_dialog,12,Ryan,사랑스러워!
aad3715a2f685dc3,L10 Ryan,Ryan_melon_dialog,13,Ryan,통째로 삼키라고 만들어져 있으니까.
b0a73a78b7d9045b,L10 Ryan,Ryan_melon_dialog,14,Kobold,<size=70%><i>그래요?
30ff5a696a0def56,L10 Ryan,Ryan_melon_dialog,16,Ryan,응!
901c77872c53d308,L10 Ryan,Ryan_melon_dialog,18,Ryan,응! 쓸모 있지.
# --- jerkoff: Ryan_4_JerkOff_Start ---
2d434662c42f6a6c,L10 Ryan,Ryan_4_JerkOff_Start,1,Ryan,정말...? 음식 앞에서?
031703a96ac0df8c,L10 Ryan,Ryan_4_JerkOff_Start,2,Ryan,헤에... 알았어.
# --- cum: Ryan_4_Cum ---
3b1c48772bd5889e,L10 Ryan,Ryan_4_Cum,1,Ryan,후우... 좋았어... 근데 좀 어질러졌네.
# --- mount_start: Ryan_4_Mount_Start ---
2f31dcbcaa980550,L10 Ryan,Ryan_4_Mount_Start,1,Ryan,우와... 그걸 쓰라고? 음식이 있는데도? 알았어!
# --- mount_finish: Ryan_4_Mount_Finish ---
833d21b8cd952764,L10 Ryan,Ryan_4_Mount_Finish,1,Ryan,좀 어질러졌지만... 그래도 할 만했어.

# ===== Level 11: Conrad (Sunny) =====
# --- intro: Conrad_Intro_4 ---
a67959dc39353129,L11 Conrad,Conrad_Intro_4,1,Conrad/Ryan/Alexander,플래그에 문제가 생겼습니다!
c1a949184675fa92,L11 Conrad,Conrad_Intro_4,2,Conrad/Ryan/Alexander,개발자를 도와주세요..
60f8f02dd7a80d00,L11 Conrad,Conrad_Intro_4,3,Kobold,콘래드가 라이언과 만남
6e98155abad655c3,L11 Conrad,Conrad_Intro_4,4,Kobold,플레이어가 콘래드와 만남
9cf9d4fc71363f68,L11 Conrad,Conrad_Intro_4,5,Kobold,플레이어가 라이언과 만남
67beed0c39e205b4,L11 Conrad,Conrad_Intro_4,6,Kobold,안녕하세요 콘래드!
d22e2236304b2ef0,L11 Conrad,Conrad_Intro_4,7,Kobold,뭐가 그렇게 기분 좋아 보이세요?
6183e901a5a22ddc,L11 Conrad,Conrad_Intro_4,8,Kobold,안녕하세요 콘래드!
3c0eb60cca3b1422,L11 Conrad,Conrad_Intro_4,9,Conrad,"어이, 코볼트 형씨."
ad13467d89f77645,L11 Conrad,Conrad_Intro_4,10,Conrad,"너 뭐, 어..."
25aab860a8266c4c,L11 Conrad,Conrad_Intro_4,11,Conrad,오늘 비늘 좀 다르네? <size=70%><i>그런 게 있나...? </i><size=100%>오늘 좋아 보인다.
42e1b9a73c953f33,L11 Conrad,Conrad_Intro_4,12,Kobold,고마워요! 근데 그... 끈적한 건 뭐예요?
be118711068118d5,L11 Conrad,Conrad_Intro_4,13,Kobold,하하. 콘래드도 좋아 보여요.
a4008861bf24c47d,L11 Conrad,Conrad_Intro_4,14,Kobold,그런 건 없어요... 그래도 고마워요!
a951e05bf8506af1,L11 Conrad,Conrad_Intro_4,15,Conrad,베리.
765af85f1bd7eafe,L11 Conrad,Conrad_Intro_4,17,Conrad,아무튼.
199e91c738a75b4c,L11 Conrad,Conrad_Intro_4,18,Conrad,당연하지!
926069483fd35835,L11 Conrad,Conrad_Intro_4,19,Conrad,하하... 그래. 칭찬하는 게 익숙하지 않아서.
8c9dc9229a7630ce,L11 Conrad,Conrad_Intro_4,20,Conrad,빨리 씻겨줘... 교미대도 쓸 수 있으면 좋고.
3ee865676f6e4c99,L11 Conrad,Conrad_Intro_4,21,Kobold/Ryan,"아, 그래요?"
5fae46a5c8669c29,L11 Conrad,Conrad_Intro_4,22,Kobold,그럼요! 문 열러 갈게요.
daa08f627cbbfb9e,L11 Conrad,Conrad_Intro_4,23,Conrad,응. 근데 네가 괜찮을 때만!
20ee725c28fb397e,L11 Conrad,Conrad_Intro_4,24,Conrad,너무 밀어붙이지 않으려고 노력 중이거든.
374fe9cc22a15007,L11 Conrad,Conrad_Intro_4,25,Kobold,"아, 문 열어 드릴게요."
ae53715099e0d53d,L11 Conrad,Conrad_Intro_4,28,Conrad,라이언! 만났어.
caefb85b87a51126,L11 Conrad,Conrad_Intro_4,29,Kobold,좋네요! 근데 그... 끈적한 건 뭐예요?
0452c0f1847f4a72,L11 Conrad,Conrad_Intro_4,30,Kobold,어떻게 됐어요?
940b2bb279fbfd8a,L11 Conrad,Conrad_Intro_4,33,Conrad,나랑 라이언을 연결해 줘서 고맙다.
6c42e3202026a3e8,L11 Conrad,Conrad_Intro_4,34,Conrad,솔직히 진짜 잘됐어.
91b34251e9ff7711,L11 Conrad,Conrad_Intro_4,35,Conrad,그런 스타일이 내 취향일 줄은 생각도 못 했는데...
abc0fe0ceed24339,L11 Conrad,Conrad_Intro_4,36,Kobold,전부 다 들려주셔야 해요.
ab20df82132f07cc,L11 Conrad,Conrad_Intro_4,37,Conrad,"그럴게. 일단 빨리 씻고, 오늘은 교미대도 쓰고 싶어."
17c5f180de5a8348,L11 Conrad,Conrad_Intro_4,38,Conrad,라이언을 위해 <i>연습</i>해야 하거든. 무슨 말인지 알지?
9912569ea696f8ed,L11 Conrad,Conrad_Intro_4,39,Kobold,콘래드!
106f99c061d35f26,L11 Conrad,Conrad_Intro_4,40,Kobold,"알았어요, 알았어요. 문 열러 갈게요."
f71200a57e2d1d7a,L11 Conrad,Conrad_Intro_4,41,Conrad,뭐어? 몸 좀 풀어 두는 게 좋잖아!
65bee50d904e101d,L11 Conrad,Conrad_Intro_4,43,Conrad,어 어이. 열려 있어서 다행이네.
4d5dda82efc31458,L11 Conrad,Conrad_Intro_4,44,Conrad,물질 좀 해줘. 교미대도 쓸 수 있으면 좋고.
0ecdd0ec4c0cf66c,L11 Conrad,Conrad_Intro_4,45,Kobold,"오, 알겠어요."
3252727dec6314c5,L11 Conrad,Conrad_Intro_4,47,Kobold,근데 그... 끈적한 건 뭐예요?
91bc8d1d6dc8cdb7,L11 Conrad,Conrad_Intro_4,48,Conrad,헤. 좋아.
1aced2f074444bdc,L11 Conrad,Conrad_Intro_4,54,Kobold,"아하. 알겠어요, 문 열어 드릴게요."
# --- progress: Conrad_required_4 ---
a5965f548b64e3cf,L11 Conrad,Conrad_required_4,1,Conrad,"야, 물어볼 게 있는데."
9ad0664c4ac1572a,L11 Conrad,Conrad_required_4,2,Kobold,"아, 그래요?"
d448809fdbbeaf11,L11 Conrad,Conrad_required_4,4,Kobold,뭔가요?
51dbc8c7be16145b,L11 Conrad,Conrad_required_4,5,Kobold,"무슨 일인가요, 덩치 씨?"
# --- progress: Conrad_4_Ryan_Conrad_Romanced | if $ryan_conrad_romanced $conrad_romanced $ryan_romanced ---
e6071cb4e7c448c8,L11 Conrad,Conrad_4_Ryan_Conrad_Romanced,1,Conrad,오늘 밤에 라이언이랑 거의 확실히 데이트할 거야.
9ee7e6a6ebccf907,L11 Conrad,Conrad_4_Ryan_Conrad_Romanced,2,Conrad,뭐 조언 같은 거 있어?
f7af2bd25c827e3d,L11 Conrad,Conrad_4_Ryan_Conrad_Romanced,3,Kobold,그냥 콘래드답게 하세요!
a58248b820567c49,L11 Conrad,Conrad_4_Ryan_Conrad_Romanced,4,Kobold,아주 깨끗하게 하고 가세요. <size=70%><i>헤헤.
528e2755301df89e,L11 Conrad,Conrad_4_Ryan_Conrad_Romanced,5,Conrad,최선을 다하고 있어.
71cfcccd17dc37fc,L11 Conrad,Conrad_4_Ryan_Conrad_Romanced,6,Conrad,"근데 지금까진 잘되고 있잖아, 그치?"
93a2ca86985333fe,L11 Conrad,Conrad_4_Ryan_Conrad_Romanced,7,Kobold,그런 것 같아요!
55842427ae2db4e3,L11 Conrad,Conrad_4_Ryan_Conrad_Romanced,8,Kobold,라이언 같은 분에게 관심을 받을 정도면 아주 잘하고 계신 거예요.
162762064c5d0461,L11 Conrad,Conrad_4_Ryan_Conrad_Romanced,10,Conrad,하. 날 씻겨 줄 코볼트가 있으면 좋을 텐데.
4ae6d6619b0245f7,L11 Conrad,Conrad_4_Ryan_Conrad_Romanced,11,Kobold,있으면 좋겠네요.
6267e98361c404ca,L11 Conrad,Conrad_4_Ryan_Conrad_Romanced,12,Kobold,<i>티끌 하나 없이</i> 만들어 드릴게요.
7c0c5a4da3de6046,L11 Conrad,Conrad_4_Ryan_Conrad_Romanced,13,Conrad,"농담은 접어 두고, 네 세신은 확실히 최고야."
207d91f2342e8d0c,L11 Conrad,Conrad_4_Ryan_Conrad_Romanced,14,Conrad,고맙다. 잘 보이면 기분도 좋지!
# --- progress: Conrad_4_Conrad_Romanced | if $ryan_conrad_romanced $conrad_romanced $ryan_romanced ---
a8ee5e15400fc208,L11 Conrad,Conrad_4_Conrad_Romanced,1,Conrad,그래서... 데이트. 조만간 한 번 하고 싶은데!
f2f6817fb49621c2,L11 Conrad,Conrad_4_Conrad_Romanced,3,Kobold,저도 좋아요!
82ddb728ff9d18a9,L11 Conrad,Conrad_4_Conrad_Romanced,4,Conrad,생각해 봤는데. 다음 주쯤에 어디 나갈까?
fc253d9eb67cd473,L11 Conrad,Conrad_4_Conrad_Romanced,5,Kobold,좋네요.
9a03666243082379,L11 Conrad,Conrad_4_Conrad_Romanced,6,Kobold,저는 괜찮아요!
67f68a72462bca9b,L11 Conrad,Conrad_4_Conrad_Romanced,7,Conrad/Ryan,좋았어!
45ec6449f36fb5b9,L11 Conrad,Conrad_4_Conrad_Romanced,8,Conrad,다음에 씻으러 올 때 같이 가자.
ee6194b2fabfafdc,L11 Conrad,Conrad_4_Conrad_Romanced,9,Kobold,그럼 좋겠네요!
38c7fbb586ed7788,L11 Conrad,Conrad_4_Conrad_Romanced,10,Kobold,그렇게 해요.
de408e85752b4a9e,L11 Conrad,Conrad_4_Conrad_Romanced,11,Conrad/Kobold/Alexander,기대되는군요.
line:69f406a6,L11 Conrad,Conrad_4_Conrad_Romanced,11,Conrad,기대된다.
# --- progress: Conrad_Ryan_Romanced | if $ryan_conrad_romanced $conrad_romanced $ryan_romanced ---
8dc7f14f91542fe7,L11 Conrad,Conrad_Ryan_Romanced,1,Conrad,"그래서 너랑 라이언, 응?"
498cb71ee3e20098,L11 Conrad,Conrad_Ryan_Romanced,2,Kobold,"아, 네!"
37d827f8025ee687,L11 Conrad,Conrad_Ryan_Romanced,3,Kobold,라이언은 섹시하잖아요.
64db0ca49ca9563d,L11 Conrad,Conrad_Ryan_Romanced,4,Kobold,제 꿈의 드래곤이에요.
bdfc096fee84c4fb,L11 Conrad,Conrad_Ryan_Romanced,5,Conrad,잘됐다!
cb24c38318e64595,L11 Conrad,Conrad_Ryan_Romanced,6,Conrad,그런 것 같아.
0e5b54a94da4725b,L11 Conrad,Conrad_Ryan_Romanced,8,Kobold,콘래드는요? 연인 찾기는 잘 되어가요?
5f9173229e51d947,L11 Conrad,Conrad_Ryan_Romanced,9,Kobold,"네, 저도 행복해요."
68fa6f383249196c,L11 Conrad,Conrad_Ryan_Romanced,10,Conrad,조금! 요즘 적극적으로 돌아다니고 있거든.
e589607da4e2983d,L11 Conrad,Conrad_Ryan_Romanced,11,Conrad,내 덩치만한 그리폰을 만났는데...
d69f5ee422fdf377,L11 Conrad,Conrad_Ryan_Romanced,12,Conrad,걔가 나한테 반한 것 같아.
9aab87987aca7783,L11 Conrad,Conrad_Ryan_Romanced,13,Conrad,...<i><size=70%>적어도 난 걔한테 반했으니까.
7b42e92a68e914e0,L11 Conrad,Conrad_Ryan_Romanced,14,Conrad,잘됐네.
88b86bef7b86a770,L11 Conrad,Conrad_Ryan_Romanced,15,Conrad,맞아. 꽤 자극적인 드래곤 같아.
# --- jerkoff: Conrad_4_JerkOff_Start ---
395b9d676b6c01c5,L11 Conrad,Conrad_4_JerkOff_Start,1,Conrad,"어... 지금? 좋아, 콜."
# --- cum: Conrad_4_Cum ---
cf5ea034da108d57,L11 Conrad,Conrad_4_Cum,1,Conrad,으읏... 그 베리보다 훨씬 좋았어.
# --- mount_start: Conrad_4_Mount_Start ---
9c4eeb4a7cc4c1e1,L11 Conrad,Conrad_4_Mount_Start,1,Conrad,예이! 교미대! 존나 좋아.
# --- mount_finish: Conrad_4_Mount_Finish ---
307f6f92f16156e7,L11 Conrad,Conrad_4_Mount_Finish,1,Conrad,하아. 여기가 존나 최고의 세신장이야.
# --- outro: Conrad_Outro_4 ---
4012236175bc195e,L11 Conrad,Conrad_Outro_4,1,Kobold,이제 완전히 깨끗해졌을 거예요!
4a93a020168bbd0d,L11 Conrad,Conrad_Outro_4,2,Kobold,이걸로 끝인 것 같아요.
2ce654e6ba32ebb8,L11 Conrad,Conrad_Outro_4,3,Kobold,이렇게 깨끗하니까 멋져 보여요!
d6d9eff64b0d7187,L11 Conrad,Conrad_Outro_4,4,Kobold,<i>콘래드한테 물 뿌리는 거 좋아요.
feda452e0c677f41,L11 Conrad,Conrad_Outro_4,5,Kobold,좋아요! 이걸로 끝이에요.
e2956ac74f8acb8e,L11 Conrad,Conrad_Outro_4,6,Kobold,빠진 곳은 없는 것 같아요.
# --- outro: Conrad_Outro_4_Ryan_Conrad_Romanced | if $ryan_conrad_romanced $conrad_romanced $ryan_romanced ---
0fa2abeece5fd3de,L11 Conrad,Conrad_Outro_4_Ryan_Conrad_Romanced,1,Conrad,그래! 깨끗해진 기분이야.
1b5f2f27de868c08,L11 Conrad,Conrad_Outro_4_Ryan_Conrad_Romanced,2,Conrad,"야, 어, 라이언이랑 나랑 <i>진짜로</i> 잘될 것 같아?"
ebc110388e3748fa,L11 Conrad,Conrad_Outro_4_Ryan_Conrad_Romanced,3,Kobold/Alexander,물론이지요!
line:877aced7,L11 Conrad,Conrad_Outro_4_Ryan_Conrad_Romanced,3,Kobold,물론이죠!
5bc10e8175dc9422,L11 Conrad,Conrad_Outro_4_Ryan_Conrad_Romanced,4,Kobold,그러길 바래요.
3da3a77980cb9eb9,L11 Conrad,Conrad_Outro_4_Ryan_Conrad_Romanced,5,Conrad,네 말이 맞으면 좋겠다.
43e42fb816f1d2c2,L11 Conrad,Conrad_Outro_4_Ryan_Conrad_Romanced,6,Conrad,"응, 나도. 걔 진짜 착하거든."
603a3749013e876b,L11 Conrad,Conrad_Outro_4_Ryan_Conrad_Romanced,7,Conrad,이런저런 일들을 겪고 나니 긴장하게 되네...
189f4f64972cc1fe,L11 Conrad,Conrad_Outro_4_Ryan_Conrad_Romanced,8,Conrad,"근데 난 존나 멋지니까, 괜찮을 거야."
40b8366766a655d6,L11 Conrad,Conrad_Outro_4_Ryan_Conrad_Romanced,9,Conrad,아마도.
dde93c3f47e98763,L11 Conrad,Conrad_Outro_4_Ryan_Conrad_Romanced,10,Conrad,근데 첫 만남은 진짜 잘됐어!
0a47996c4c389f39,L11 Conrad,Conrad_Outro_4_Ryan_Conrad_Romanced,11,Kobold,그래요? 얘기해 주세요!
589c19f0d1fb2d81,L11 Conrad,Conrad_Outro_4_Ryan_Conrad_Romanced,12,Kobold,잘됐네요! 첫 데이트는 언제예요?
56345c46f3840a46,L11 Conrad,Conrad_Outro_4_Ryan_Conrad_Romanced,13,Conrad,걔가 전화해서 만났어. 진짜 존나 착하더라.
080824870e4c7a15,L11 Conrad,Conrad_Outro_4_Ryan_Conrad_Romanced,14,Conrad,"걔가 나보고 쿨하대, 데이트 약속도 잡았고..."
d98ca4f1aac91861,L11 Conrad,Conrad_Outro_4_Ryan_Conrad_Romanced,15,Conrad,그래서 여기 온 거야! 씻고 나서 바로 걔 만나러 갈 거거든.
35b34afec858433c,L11 Conrad,Conrad_Outro_4_Ryan_Conrad_Romanced,16,Conrad,씻고 나서 바로!
d925b0f0ac6611e6,L11 Conrad,Conrad_Outro_4_Ryan_Conrad_Romanced,17,Conrad,해산물 집에 가기로 했어.
5421d19c6a9cd188,L11 Conrad,Conrad_Outro_4_Ryan_Conrad_Romanced,18,Conrad,클럽 자리도 이미 예약해 놨고.
6ffd2844813c419e,L11 Conrad,Conrad_Outro_4_Ryan_Conrad_Romanced,19,Kobold,그럼 얼른 보내 드려야겠네요!
d547385bcae74ca2,L11 Conrad,Conrad_Outro_4_Ryan_Conrad_Romanced,20,Kobold,제가 다 설레요. 문 열어 드릴게요!
9458fe24a9152c2b,L11 Conrad,Conrad_Outro_4_Ryan_Conrad_Romanced,21,Conrad,"하하... 그래, 나도 설레."
83a4b4bd32149db8,L11 Conrad,Conrad_Outro_4_Ryan_Conrad_Romanced,22,Conrad,"고맙다, 나도 설레."
# --- outro: Conrad_Outro_4_Conrad_Romanced | if $ryan_conrad_romanced $conrad_romanced $ryan_romanced ---
ad0500f8d2500c0f,L11 Conrad,Conrad_Outro_4_Conrad_Romanced,1,Conrad,언제나처럼 티끌 하나 없네.
297d60c9e5c25580,L11 Conrad,Conrad_Outro_4_Conrad_Romanced,2,Conrad,"아, 그리고 어디 갈지 정했어."
f22c7f64f7e136d4,L11 Conrad,Conrad_Outro_4_Conrad_Romanced,5,Conrad,시내에 클럽이 하나 있어. 'Wings'라고. 내가 예전부터 좋아하던 데야.
5dcbc1f451fcc29d,L11 Conrad,Conrad_Outro_4_Conrad_Romanced,6,Conrad,거기선 내가 좀 알아주는 놈이거든.
99c9d7ee0966d8d1,L11 Conrad,Conrad_Outro_4_Conrad_Romanced,7,Conrad,쇼 볼 때 <i>제일 좋은</i> 자리로 잡아 줄 수 있어.
02f6a5560835daa6,L11 Conrad,Conrad_Outro_4_Conrad_Romanced,8,Kobold,"히히, 좋아요. 저도 콜이에요."
7137eb7d65d8f4d8,L11 Conrad,Conrad_Outro_4_Conrad_Romanced,9,Kobold,"오오, 진짜 대단한 분이셨군요."
60c5caff4aee58e9,L11 Conrad,Conrad_Outro_4_Conrad_Romanced,10,Conrad,"미친, 나 존나 신난다."
d37d98f486ba54c5,L11 Conrad,Conrad_Outro_4_Conrad_Romanced,11,Conrad,준비 시작해야지.
bf3d9317290e56b0,L11 Conrad,Conrad_Outro_4_Conrad_Romanced,12,Conrad,다음에 예약 다 해 놓고 올게!
f11ccc8c0bd5ecbc,L11 Conrad,Conrad_Outro_4_Conrad_Romanced,13,Conrad,문 좀 열어 줄래?
ffcc816df16993e6,L11 Conrad,Conrad_Outro_4_Conrad_Romanced,14,Conrad,당연하지.
c25790cd739260fd,L11 Conrad,Conrad_Outro_4_Conrad_Romanced,16,Conrad,너야말로 대단한 애야.
b18d301dab41755f,L11 Conrad,Conrad_Outro_4_Conrad_Romanced,17,Conrad,"미안, 내가 작업 거는 덴 젬병이라. 문 좀 열어 줄래?"
line:24832f01,L11 Conrad,Conrad_Outro_4_Conrad_Romanced,18,Conrad,기대된다.
# --- outro: Conrad_Outro_4_Ryan_Romanced | if $ryan_conrad_romanced $conrad_romanced $ryan_romanced ---
6fe24a5cf11acb37,L11 Conrad,Conrad_Outro_4_Ryan_Romanced,1,Conrad,그래! 언제나처럼 깨끗하네.
8f0378325ead68c7,L11 Conrad,Conrad_Outro_4_Ryan_Romanced,2,Conrad,라이언이랑 뭐 계획 있어?
a12011af4e943fb2,L11 Conrad,Conrad_Outro_4_Ryan_Romanced,3,Kobold,아직 잘 모르겠어요.
c3393181a97b4208,L11 Conrad,Conrad_Outro_4_Ryan_Romanced,4,Kobold,조만간 데이트할까 생각 중이에요.
5ef95c64f52e6263,L11 Conrad,Conrad_Outro_4_Ryan_Romanced,5,Conrad,그렇구나. 너희 둘 진짜 잘 어울려 보여.
6d8a46a5e1da81ef,L11 Conrad,Conrad_Outro_4_Ryan_Romanced,6,Conrad,다 잘되길 진심으로 바랄게!
1884386d93b6fccd,L11 Conrad,Conrad_Outro_4_Ryan_Romanced,7,Conrad,그래! 그게 좋겠다.
c5cace2191af6925,L11 Conrad,Conrad_Outro_4_Ryan_Romanced,8,Conrad,너희 둘 진짜 귀엽게 잘 어울려...
9e806b93dd0d48fe,L11 Conrad,Conrad_Outro_4_Ryan_Romanced,9,Conrad,잘되길 바랄게.
83a8afa550485db4,L11 Conrad,Conrad_Outro_4_Ryan_Romanced,10,Conrad,"그럼 이걸로 끝인 것 같은데, 문 좀 열어 줄래?"

# ===== Level 12: Alexander (Rainy) =====
# --- intro: Alexander_4_intro ---
0248808ddaa3479e,L12 Alexander,Alexander_4_intro,1,Alexander,좋은 저녁입니다!
d3d306a15d158e29,L12 Alexander,Alexander_4_intro,2,Kobold,안녕하세요오오! 안녕하세요!
68094c643e49d3c6,L12 Alexander,Alexander_4_intro,3,Kobold,"안녕하세요, 알렉산더!"
e8c921ab9051f110,L12 Alexander,Alexander_4_intro,4,Alexander,"하하, 언제나처럼 열정적이시군요."
3b767556f3eeaa3b,L12 Alexander,Alexander_4_intro,5,Alexander,다시 오게 되어 정말 기쁘네요.
96ed1471d1f86a4d,L12 Alexander,Alexander_4_intro,6,Alexander,오늘은 비가 그칠 줄을 모르는군요!
429d93ef0fafbe8a,L12 Alexander,Alexander_4_intro,7,Alexander,분위기는 좋습니다만.
a9945cd0cd165325,L12 Alexander,Alexander_4_intro,8,Kobold,비 오는 거 좋아요.
7259414f82b0b97a,L12 Alexander,Alexander_4_intro,9,Kobold,전 비가 항상 싫었어요.
bfad19e22f9652cc,L12 Alexander,Alexander_4_intro,10,Alexander,"저 역시 그렇습니다. 허나 괜찮으시다면, 가능한 한 속히 안으로 들여보내 주셨으면 하는군요."
line:fd8d786a,L12 Alexander,Alexander_4_intro,11,Alexander,그러신가요?
91a5c27ef059ab24,L12 Alexander,Alexander_4_intro,12,Alexander,비 때문에 꼴이 엉망이 되는 게 싫은 건 이해해요.
882df59f0a75b295,L12 Alexander,Alexander_4_intro,13,Alexander,바로 그렇기에 제가 이곳에 온 것이지요!
990e43e4f2687cdf,L12 Alexander,Alexander_4_intro,14,Kobold,좋아요! 문 열어 드릴게요.
846b613e707ce00d,L12 Alexander,Alexander_4_intro,15,Kobold,삐익! <size=70%>(문)
line:e449156d,L12 Alexander,Alexander_4_intro,16,Alexander,감사합니다!
1ceb64d9cf6889fd,L12 Alexander,Alexander_4_intro,17,Alexander,"음, 문을 열어 주시겠다는 뜻으로 이해하면 될까요?"
56deaef9d6b92a31,L12 Alexander,Alexander_4_intro,18,Kobold,삐익! <size=70%>(네)
fd0d3e3077aaf4ce,L12 Alexander,Alexander_4_intro,19,Alexander,어째서인지 당신의 ‘삐익’ 소리가 무슨 뜻인지 알 것 같군요.
7a919cef111fe275,L12 Alexander,Alexander_4_intro,20,Kobold,삐익! <size=70%>(그건 알렉산더의 용족 정신 속 잠들어 있던 부분이 당신 종족과 제 종족 사이에 깊이 뿌리내린 언어의 다리를 기억해 내고 있기 때문이에요. 그 다리 안에는 코볼트 '삐익'의 깊은 의미와 의도가 담겨 있죠. 갑자기 알아듣게 되신 건 그저 우리의 유대가 시간이 지나며 깊어져서 정신의 그 부분이 깨어난 것뿐이에요.)
6d8c462224bca1b5,L12 Alexander,Alexander_4_intro,21,Kobold,삐익! <size=70%>(몰라요)
8e7ead434fce5609,L12 Alexander,Alexander_4_intro,24,Alexander,문을 열어 주시겠나요...?
19be549c91d82ff3,L12 Alexander,Alexander_4_intro,25,Alexander,그렇군요. 기다리고 있겠습니다!
# --- progress: Alexander_4_required ---
c19ca0647cc1a583,L12 Alexander,Alexander_4_required,1,Alexander,생각해 봤습니다만...
6d9630067757f781,L12 Alexander,Alexander_4_required,2,Alexander,저기 있는... 장치가 눈에 띄는군요.
7bd6925025a24288,L12 Alexander,Alexander_4_required,3,Alexander,저건 교미대지요. 맞나요?
54b9fbcd575cd0a7,L12 Alexander,Alexander_4_required,4,Kobold,맞아요!
1f5aad5cbae1a020,L12 Alexander,Alexander_4_required,5,Kobold,사용해 보시겠어요?
36a85b3430aa6639,L12 Alexander,Alexander_4_required,6,Alexander,저는... 궁금한 게...
d2b8ae469c604bfb,L12 Alexander,Alexander_4_required,7,Alexander,혹시 제가 음...
577e4edfcd4fa53d,L12 Alexander,Alexander_4_required,8,Alexander,어쩌면 그러니까...
4caa8162834de434,L12 Alexander,Alexander_4_required,9,Alexander,그냥 가능하다면...
d89de41838a75fa0,L12 Alexander,Alexander_4_required,10,Kobold,사용하셔도 돼요!
68ad27123e1df879,L12 Alexander,Alexander_4_required,11,Kobold,"긴장하실 것 없어요, 알렉산더!"
6dece6f0ec399d4e,L12 Alexander,Alexander_4_required,12,Alexander,그럼 사용해 볼까요?
08ab3092d83ed1d3,L12 Alexander,Alexander_4_required,13,Alexander,"알았어요, 알았어요."
81a4fcd2541ac990,L12 Alexander,Alexander_4_required,14,Alexander,그럼 사용해 볼까요?
67c0f2a71f4ff613,L12 Alexander,Alexander_4_required,16,Alexander,어... 음...
4640c27322f55d8c,L12 Alexander,Alexander_4_required,17,Alexander,혹시...?
9739b879143b91cf,L12 Alexander,Alexander_4_required,18,Alexander,괜찮으시다면 말입니다만...
e2dce2bed173fba0,L12 Alexander,Alexander_4_required,20,Kobold,당연히 괜찮죠. 들여놓게 해 준 콘래드 덕분이에요.
f12929f0cef567d7,L12 Alexander,Alexander_4_required,21,Alexander,"알았어요, 알았어요... 그럼 사용해 볼까요?"
76ea754cd53f21dc,L12 Alexander,Alexander_4_required,22,Alexander,콘래드...?
18b51cf572e4b49a,L12 Alexander,Alexander_4_required,25,Kobold,물론이죠!
334a54e73cf69dc1,L12 Alexander,Alexander_4_required,26,Kobold,기꺼이 가져다 드릴게요.
7bd62126f382f565,L12 Alexander,Alexander_4_required,27,Alexander,음... 고마워요.
d2c15503eb28631b,L12 Alexander,Alexander_4_required,28,Alexander,알겠어요. 고마워요.
# --- jerkoff: Alexander_4_JerkOff_Start ---
47122b215cc11a2b,L12 Alexander,Alexander_4_JerkOff_Start,1,Alexander,오... 이 정도라면 괜찮겠네요.
# --- cum: Alexander_4_Cum ---
ed6a9612f44b19ea,L12 Alexander,Alexander_4_Cum,1,Alexander,후우... 고맙습니다.
# --- mount_start: Alexander_4_Mount_Start ---
1db0bf44f69526fc,L12 Alexander,Alexander_4_Mount_Start,1,Alexander,교미대를요? 저는... 그러지요!
# --- mount_finish: Alexander_4_Mount_Finish ---
76527d719ccc95a3,L12 Alexander,Alexander_4_Mount_Finish,1,Alexander,이건... 예상보다 좋네요.
# --- outro: Alexander_4_Outro ---
35278dc46019f9b9,L12 Alexander,Alexander_4_Outro,1,Alexander,한결 나아진 기분입니다.
5547ec33b10091a2,L12 Alexander,Alexander_4_Outro,2,Alexander,제가... 뜬금없다는 건 아는데요.
3ce3dec2bd740757,L12 Alexander,Alexander_4_Outro,3,Alexander,"하지만, 당신이 제게 무언가를 가르쳐 주신 것 같습니다."
5eca8560307cac86,L12 Alexander,Alexander_4_Outro,5,Kobold,하지만 알렉산더는 선생님 드래곤이잖아요.
419ecbf32abefda1,L12 Alexander,Alexander_4_Outro,6,Alexander,"교수입니다만, 맞습니다. 당신이 가르쳐 주셨지요."
0b1b8529d2c3c5fc,L12 Alexander,Alexander_4_Outro,7,Alexander,이렇게 보살핌받는 것도 꽤 좋은 것 같네요?
4df2487e01509478,L12 Alexander,Alexander_4_Outro,8,Kobold,대부분 그렇죠!
c9f8ba59379bb60a,L12 Alexander,Alexander_4_Outro,9,Kobold,전 알렉산더를 보살펴 드리는 게 좋아요.
93786b06bef36348,L12 Alexander,Alexander_4_Outro,10,Alexander,"뭐, 그렇지요. 제 말은 좀 더... 본능적으로?"
b868cb066c4b572d,L12 Alexander,Alexander_4_Outro,11,Alexander,"그 말을 들으니 기쁘네요... 하지만 제 말은, 좀 더... 본능적으로?"
565a3630f0cfbcc5,L12 Alexander,Alexander_4_Outro,12,Alexander,손으로 툭툭 두드리며 무엇을 할지 알려 주는 게 좋더군요.
1161a29c118dbaa6,L12 Alexander,Alexander_4_Outro,13,Alexander,당신은 참 확신에 차 있어서 좋아요. 설령 그게 씻기는 일에 한해서라 해도요.
32c31015075eeede,L12 Alexander,Alexander_4_Outro,14,Alexander,잠깐이라도 모든 걸 맡기고 있을 수 있어서 좋아요.
1651e2418c22d0c0,L12 Alexander,Alexander_4_Outro,15,Kobold,<size=70%> 큰 드래곤이 나에게 주도권을 주다니. 우와.
bd051341e68cc04e,L12 Alexander,Alexander_4_Outro,16,Kobold,만족스러운 서비스를 제공해 드릴 수 있어서 기뻐요.
2e1f723e42b149be,L12 Alexander,Alexander_4_Outro,17,Alexander,꽤 신선한 일 아닌가요?
8212cbdd05d21f37,L12 Alexander,Alexander_4_Outro,18,Alexander,"조만간 다시 올게요, 괜찮지요? 씻겨 주셔서 고맙습니다."
b5f8ec9a6918d554,L12 Alexander,Alexander_4_Outro,19,Alexander,"해방되는 기분이에요. 다시 오겠습니다, 괜찮지요?"

# ===== Level 13: Ryan (Sunny) =====
# --- intro: Ryan_5_intro ---
dcd95465ccb79997,L13 Ryan,Ryan_5_intro,6,Kobold,"안녕하세요, 덩치 씨."
a4c1cb0899f204fc,L13 Ryan,Ryan_5_intro,8,Ryan,안녕... 꼬마 씨!
df50afc7f5e2d994,L13 Ryan,Ryan_5_intro,9,Kobold,저 <i>그렇게</i> 작진 않은데요.
8061d3d1aed7c531,L13 Ryan,Ryan_5_intro,10,Kobold,"그래서, 씻으러 오신 거예요?"
1107598aa9bc6c75,L13 Ryan,Ryan_5_intro,11,Ryan,"아, 미안."
061629ac669e11f8,L13 Ryan,Ryan_5_intro,12,Ryan,그냥 장단 맞추려던 거였어. 만나서 반가워!
cdc7ebc001250566,L13 Ryan,Ryan_5_intro,13,Ryan,물론!
f8c3932b65e6bbb0,L13 Ryan,Ryan_5_intro,14,Ryan,안녕 코볼트!
4a5d3b88460afb6b,L13 Ryan,Ryan_5_intro,15,Ryan,베이킹에 도전해보고 있어.
b483e9c7e323807a,L13 Ryan,Ryan_5_intro,16,Ryan,요즘 시간이 많아서.
afd9ef6045a7191c,L13 Ryan,Ryan_5_intro,17,Ryan,근데 이렇게 지저분해질 줄이야!
808f38835d1deb53,L13 Ryan,Ryan_5_intro,18,Ryan,씻어야 할 것 같아.
# --- intro: Ryan_5_intro_ryan_romanced | if $ryan_conrad_romanced $conrad_romanced $ryan_romanced ---
efa367904267d1f9,L13 Ryan,Ryan_5_intro_ryan_romanced,1,Ryan,...오늘 밤 우리의 데이트를 위해서.
d510da8dc09c7bd7,L13 Ryan,Ryan_5_intro_ryan_romanced,2,Kobold,아. 맞다.
cb4f55dc25088cef,L13 Ryan,Ryan_5_intro_ryan_romanced,3,Kobold,저 너무 설레요.
63b5ec8a662e7e8f,L13 Ryan,Ryan_5_intro_ryan_romanced,4,Ryan,여기 온 보람이 있었네.
60004e58bb12dd3c,L13 Ryan,Ryan_5_intro_ryan_romanced,6,Ryan,문 열어 줄 때까지 기다릴게!
# --- intro: Ryan_5_intro ---
3ff66f86649ed3f4,L13 Ryan,Ryan_5_intro,19,Kobold,"안녕하세요, 라이언!"
bab3e0bf3bfcf52e,L13 Ryan,Ryan_5_intro,20,Ryan,안녕! 씻으러 왔어.
747b7932ed2e84f2,L13 Ryan,Ryan_5_intro,24,Kobold,"좋아요, 문 열어 드릴게요."
1fa67d86839c19a3,L13 Ryan,Ryan_5_intro,25,Kobold,그럼요! 콘래드 얘기 빨리 해드리고 싶어요.
line:f103a4a8,L13 Ryan,Ryan_5_intro,27,Ryan,"아, 그래?"
4c5ca3860699fcd3,L13 Ryan,Ryan_5_intro,28,Kobold,네! 조만간 그분이랑 데이트하거든요.
29301eae6840e128,L13 Ryan,Ryan_5_intro,29,Kobold,"네, 그분이랑 데이트 준비를 해야 해서요."
154dbd6d6bdc9f0e,L13 Ryan,Ryan_5_intro,30,Ryan,설레는 일이네!
e1867b98d8ce23bd,L13 Ryan,Ryan_5_intro,31,Ryan,안에서 더 얘기해 줘.
10dc92e80220fe9b,L13 Ryan,Ryan_5_intro,33,Kobold,안녀어엉하세요 라이언.
b57c370a0fcc7045,L13 Ryan,Ryan_5_intro,34,Ryan,안녕!
cd80a4a851309647,L13 Ryan,Ryan_5_intro,38,Kobold,콘래드랑 데이트는 어땠어요?
26eed1b65d0e1370,L13 Ryan,Ryan_5_intro,39,Kobold,<b>라이언이랑 콘래드 얘기해 주세요!</b>
b433dad7fc4cdb18,L13 Ryan,Ryan_5_intro,40,Ryan,아주 잘됐어!
cd235c4d7d27fbdb,L13 Ryan,Ryan_5_intro,41,Ryan,"어우, 급하긴!"
7b1f5d058f2045c5,L13 Ryan,Ryan_5_intro,43,Ryan,같이 밥 먹으러 갔어. 대화도 잘 통했고.
4932dbc11ab131d4,L13 Ryan,Ryan_5_intro,44,Ryan,그러다 이런저런 일이 있었고...
1a86226c86c7138f,L13 Ryan,Ryan_5_intro,45,Ryan,술집에 가선... 분위기가 뜨거워졌지. 다음에 무슨 일이 있었는지는 상상되겠지... <size=70%>하하...
# --- progress: Ryan_5_Required_ryan_romanced | if $ryan_romanced ---
e61676df3c022293,L13 Ryan,Ryan_5_Required_ryan_romanced,1,Ryan,그래서. 오늘 밤 우리 데이트 말인데...
c022fa54258553ea,L13 Ryan,Ryan_5_Required_ryan_romanced,2,Ryan,어디 가고 싶어?
6c0884e4717c5d5b,L13 Ryan,Ryan_5_Required_ryan_romanced,3,Kobold,라이언이 정해요!
bbedb233b6bbe2ea,L13 Ryan,Ryan_5_Required_ryan_romanced,4,Kobold,밥 먹으러 나가고 싶어요.
fb57b97d646f43c9,L13 Ryan,Ryan_5_Required_ryan_romanced,5,Kobold,괜찮은 술집 알아요?
d2c0f4718541c240,L13 Ryan,Ryan_5_Required_ryan_romanced,6,Kobold,영화는 어때요?
98ef145fb642c5b6,L13 Ryan,Ryan_5_Required_ryan_romanced,7,Ryan,그냥... 걷는 건 어때?
4bad2b5ecfe22c4a,L13 Ryan,Ryan_5_Required_ryan_romanced,8,Ryan,난 두 발 친구들을 등에 태우는 걸 정말 좋아하거든.
6e8c399ff118f405,L13 Ryan,Ryan_5_Required_ryan_romanced,9,Ryan,그런 거 관심 있어?
7da2aa0d4ef74597,L13 Ryan,Ryan_5_Required_ryan_romanced,10,Kobold,정말 멋질 것 같아요!
db39ae73af1cfae5,L13 Ryan,Ryan_5_Required_ryan_romanced,11,Kobold,그건 좀 자존심 상하지 않아요?
3185b026252747c6,L13 Ryan,Ryan_5_Required_ryan_romanced,13,Ryan,두 발 친구들 태워 주는 건 언제나 좋아했어...
d2994ff918a23d86,L13 Ryan,Ryan_5_Required_ryan_romanced,14,Ryan,"그럼, 데이트 확정이네. 기대돼."
3fdcf71c3e2f7ea0,L13 Ryan,Ryan_5_Required_ryan_romanced,15,Ryan,"아! 아니, 전혀 안 그래. 재밌다니까!"
8bacddc318adc2b9,L13 Ryan,Ryan_5_Required_ryan_romanced,16,Ryan,다른 두 발 친구들도 맨날 태워 주는걸.
638c1801c65c6b0c,L13 Ryan,Ryan_5_Required_ryan_romanced,17,Ryan,가보면 뭐라도 재밌는 일이 있겠지! 일단 선착장에서 만나자!
25f86d817a092ae1,L13 Ryan,Ryan_5_Required_ryan_romanced,18,Ryan,"응, 그거 괜찮겠다."
38ae2aec596ab356,L13 Ryan,Ryan_5_Required_ryan_romanced,19,Ryan,해산물은 어때?
d7456d9e85366bc9,L13 Ryan,Ryan_5_Required_ryan_romanced,20,Kobold,네. 생선 좋아해요!
925a663e1b23d966,L13 Ryan,Ryan_5_Required_ryan_romanced,21,Kobold,"흐음, 다른 건 어때요?"
14d1fddd0115ee0d,L13 Ryan,Ryan_5_Required_ryan_romanced,22,Ryan,"아, 잘됐다. 나 완전 연어파거든."
6b59acab736bd349,L13 Ryan,Ryan_5_Required_ryan_romanced,23,Ryan,"뭐, 드래곤이긴 하지만... 무슨 말인지 알지."
334998266afc2476,L13 Ryan,Ryan_5_Required_ryan_romanced,24,Ryan,그럼 데이트 확정이네! 해산물 먹고 그 다음은 흘러가는 대로.
a02af61e18efb0f0,L13 Ryan,Ryan_5_Required_ryan_romanced,25,Ryan,부두 근처에 괜찮은 말족 음식점을 알아.
cf73a93aa04fdd02,L13 Ryan,Ryan_5_Required_ryan_romanced,26,Ryan,말족 퓨전 같은 거야...
8771d66a0a1ace3e,L13 Ryan,Ryan_5_Required_ryan_romanced,27,Ryan,난 좋아해! 너도 마음에 들어할 것 같아.
8cceef523eb8c739,L13 Ryan,Ryan_5_Required_ryan_romanced,28,Ryan,그럼 데이트 확정이네!
5a3b18942c9e3040,L13 Ryan,Ryan_5_Required_ryan_romanced,29,Ryan,"좋지, 시내에 'Wings'라는 괜찮은 곳이 있어."
4d1b2eff2bb69d21,L13 Ryan,Ryan_5_Required_ryan_romanced,30,Ryan,거기 정말 괜찮아! 매일 밤 좋은 쇼를 하거든.
ebbcfde5ce6709d6,L13 Ryan,Ryan_5_Required_ryan_romanced,31,Ryan,"그 뒤엔, 호텔 방을 잡는 것도... 흠."
line:2b560f59,L13 Ryan,Ryan_5_Required_ryan_romanced,33,Ryan,"아, 그래?"
435234dd4f3b1033,L13 Ryan,Ryan_5_Required_ryan_romanced,34,Ryan,영화 재밌을 것 같아!
0ef6ac4a015fbebd,L13 Ryan,Ryan_5_Required_ryan_romanced,35,Ryan,어떤 영화 생각하고 있어?
b64ebbe5369b5bbf,L13 Ryan,Ryan_5_Required_ryan_romanced,37,Kobold,삐익맨 - 마지막 삐익
45afe74b37ed6bb0,L13 Ryan,Ryan_5_Required_ryan_romanced,38,Kobold,드래곤즈 오브 갤럭시 2
a881cd2440d13252,L13 Ryan,Ryan_5_Required_ryan_romanced,39,Ryan,"아, 그거 평이 좋더라."
line:67f14802,L13 Ryan,Ryan_5_Required_ryan_romanced,40,Ryan,좋아!
00712e7d97f1872a,L13 Ryan,Ryan_5_Required_ryan_romanced,41,Ryan,삐익맨 영화는 진짜 유치한데...
037e3c0c446d2b14,L13 Ryan,Ryan_5_Required_ryan_romanced,42,Ryan,그래도 너랑 보면 분명 재밌을 거야!
b1ac5509459ca2a4,L13 Ryan,Ryan_5_Required_ryan_romanced,43,Ryan,"아 맞다, 1편 재밌게 봤어."
line:52542beb,L13 Ryan,Ryan_5_Required_ryan_romanced,44,Ryan,좋아!
eb547bf48bc9637e,L13 Ryan,Ryan_5_Required_ryan_romanced,45,Ryan,그럼 데이트 확정이네. 기대돼.
# --- progress: Ryan_5_Required_conrad_romanced | if $ryan_romanced $conrad_romanced ---
1f2c5ed668dc8972,L13 Ryan,Ryan_5_Required_conrad_romanced,1,Ryan,"어서, 콘래드 얘기 더 해 줘!"
522b54ddedc9ae6c,L13 Ryan,Ryan_5_Required_conrad_romanced,2,Kobold,요즘 훨씬 다정해졌어요.
9df47f9485e2d886,L13 Ryan,Ryan_5_Required_conrad_romanced,3,Kobold,그분은 뭐랄까... 뾰족뾰족한 가시로 둘러싸인 커다란 물렁이예요.
2e0446089ab2f237,L13 Ryan,Ryan_5_Required_conrad_romanced,4,Ryan,아 그래? 좀 다혈질인 것 같던데.
eb926b4bc196ac32,L13 Ryan,Ryan_5_Required_conrad_romanced,5,Ryan,근데 그런 타입 알지... 속은 대체로 엄청 물렁하더라고.
8ea9e02ddeed61e3,L13 Ryan,Ryan_5_Required_conrad_romanced,6,Kobold,"네, 많이 나아졌어요."
5085892250461c04,L13 Ryan,Ryan_5_Required_conrad_romanced,7,Kobold,네. 그게 좋아요.
53011f72775c8ca4,L13 Ryan,Ryan_5_Required_conrad_romanced,8,Ryan,그 말 들으니 정말 좋다.
4fbcc070e27c4736,L13 Ryan,Ryan_5_Required_conrad_romanced,9,Ryan,나아질 줄 아는 것만큼 매력적인 건 없지!
aa8e7dea9ad61538,L13 Ryan,Ryan_5_Required_conrad_romanced,10,Ryan,잘되는듯해서 다행이야.
390bea406a842664,L13 Ryan,Ryan_5_Required_conrad_romanced,11,Ryan,멋지다. 잘되는듯해서 다행이야.
f147cd900de98aeb,L13 Ryan,Ryan_5_Required_conrad_romanced,12,Ryan,"아, 그래, 그런 타입들 꽤 귀엽지."
883fec192f3d1119,L13 Ryan,Ryan_5_Required_conrad_romanced,13,Ryan,"듣기로는 요즘 많이 나아졌다던데, 맞지?"
b5060af9808e8c7c,L13 Ryan,Ryan_5_Required_conrad_romanced,14,Kobold,"네, 노력하고 있어요."
702195668cf48039,L13 Ryan,Ryan_5_Required_conrad_romanced,15,Kobold,안 좋은 환경에 있었던 것 같아요. 지금은 훨씬 나아졌어요.
1e681c01b417052f,L13 Ryan,Ryan_5_Required_conrad_romanced,16,Ryan,"그 이상 바랄 게 없지, 그렇지?"
9056022b2085d3b7,L13 Ryan,Ryan_5_Required_conrad_romanced,17,Ryan,아무튼 너희 둘 잘되는듯해서 다행이야.
932d7df9b58f5376,L13 Ryan,Ryan_5_Required_conrad_romanced,18,Ryan,그 말 들으니 좋다.
# --- progress: Ryan_5_Required_ryan_conrad_romanced | if $ryan_romanced $conrad_romanced $ryan_conrad_romanced ---
e76e544c771880f3,L13 Ryan,Ryan_5_Required_ryan_conrad_romanced,1,Ryan,데이트하는 동안 콘래드가 네 얘기를 하더라.
2e21aa0b86c092fb,L13 Ryan,Ryan_5_Required_ryan_conrad_romanced,3,Kobold,무슨 얘기요?
271a662aed24f160,L13 Ryan,Ryan_5_Required_ryan_conrad_romanced,4,Ryan,시비가 붙었을 때 얘기를 해주더라고.
1b0b214cb2df69ec,L13 Ryan,Ryan_5_Required_ryan_conrad_romanced,5,Ryan,넌 너가 생각하는 것보다 훨씬 더 그에게 큰 도움이 됐었나봐.
ad14c398c575824b,L13 Ryan,Ryan_5_Required_ryan_conrad_romanced,7,Kobold,그냥 제 일을 했을 뿐인걸요!
daddaa15545566ce,L13 Ryan,Ryan_5_Required_ryan_conrad_romanced,8,Ryan,"그렇긴 한데, 그 순간 걔한텐 자기를 신경 써 주는 누군가가 필요했던 거야."
f03747feadc10e71,L13 Ryan,Ryan_5_Required_ryan_conrad_romanced,9,Ryan,"걔는 그동안... 그러니까, 내가 보기엔 오랫동안 누구한테도 관심을 못 받았던 것 같아."
2ed3613575959ca6,L13 Ryan,Ryan_5_Required_ryan_conrad_romanced,10,Ryan,그냥 네 일을 한 것뿐이라 해도... 걔한텐 큰 도움이 됐을 거야.
658add118bb17ed5,L13 Ryan,Ryan_5_Required_ryan_conrad_romanced,11,Ryan,"그러니까, 신경 써 줘서 고맙다고. 대신 말할게."
8ca78aefdf9d3b44,L13 Ryan,Ryan_5_Required_ryan_conrad_romanced,12,Ryan,걔가 좀 다혈질이라 고맙단 말도 잘 까먹거든.
9176dd2bd815750c,L13 Ryan,Ryan_5_Required_ryan_conrad_romanced,13,Kobold,헤헤... 고마워요.
5a4dcf1ccff086af,L13 Ryan,Ryan_5_Required_ryan_conrad_romanced,14,Kobold,그 말 들으니 기뻐요.
6db8bf6280f68edb,L13 Ryan,Ryan_5_Required_ryan_conrad_romanced,15,Ryan,아. 그리고 하나 더.
49e6d82bb7d163af,L13 Ryan,Ryan_5_Required_ryan_conrad_romanced,16,Ryan,데이트 끝나고 섹스도 했어.
e06e957ec854ab4c,L13 Ryan,Ryan_5_Required_ryan_conrad_romanced,17,Kobold,<size=70%><i>우와...
9b2ad1c8b149bf00,L13 Ryan,Ryan_5_Required_ryan_conrad_romanced,19,Ryan,"하하, 응. 콘래드는 확실히 경험이 많더라..."
bc156217e847a8df,L13 Ryan,Ryan_5_Required_ryan_conrad_romanced,20,Ryan,왜애. 이상할 것 없잖아! 너도 알고 싶을 것 같아서.
# --- jerkoff: Ryan_5_JerkOff_Start ---
9fec39c7cefbaca2,L13 Ryan,Ryan_5_JerkOff_Start,1,Ryan,헤... 오늘은 손이 좀 짓궂네?
# --- cum: Ryan_5_Cum ---
6f8c64dde681ced5,L13 Ryan,Ryan_5_Cum,1,Ryan,후우... 너무 좋았어. 고마워.
# --- mount_start: Ryan_5_Mount_Start ---
c7f3dbd886d929a7,L13 Ryan,Ryan_5_Mount_Start,1,Ryan,교미대? 좋아!
# --- mount_finish: Ryan_5_Mount_Finish ---
48ffbc93e2486713,L13 Ryan,Ryan_5_Mount_Finish,1,Ryan,하아... 고마워.
# --- outro: Ryan_5_Outro_ryan_romanced | if $ryan_romanced ---
6fc39ec69d974bb4,L13 Ryan,Ryan_5_Outro_ryan_romanced,1,Ryan,빠진 데 없이 깨끗해진 것 같아.
c9e5fbe3317edd3f,L13 Ryan,Ryan_5_Outro_ryan_romanced,2,Ryan,그게 무슨 뜻인지 알겠지.
f553e58b991e05cc,L13 Ryan,Ryan_5_Outro_ryan_romanced,3,Kobold,데이트의 밤이 찾아왔어요!
0eb7accf7a8bffc3,L13 Ryan,Ryan_5_Outro_ryan_romanced,6,Ryan,어떤 코볼트랑 데이트할 준비가 됐다는 뜻이지.
e7da2124354de72f,L13 Ryan,Ryan_5_Outro_ryan_romanced,7,Ryan,"가게 문 닫아야 하는 거 알아. 주소 보내 줄 테니까 거기서 만나자, 알았지?"
6b7ea0261a825f1b,L13 Ryan,Ryan_5_Outro_ryan_romanced,8,Kobold,좋아요!
line:a00f681d,L13 Ryan,Ryan_5_Outro_ryan_romanced,9,Kobold,기대돼요.
7809df3c2e9fa860,L13 Ryan,Ryan_5_Outro_ryan_romanced,10,Ryan,나도 정말 기대돼.
dc9e132cf2897c30,L13 Ryan,Ryan_5_Outro_ryan_romanced,12,Ryan,"좋아, 문 좀 열어 줘. 난 먼저 가 있을게!"
7d5a43fcbb4e03de,L13 Ryan,Ryan_5_Outro_ryan_romanced,13,Ryan,있다가 보자.
# --- outro: Ryan_5_Outro_conrad_romanced | if $ryan_romanced $conrad_romanced ---
b050469dea41d597,L13 Ryan,Ryan_5_Outro_conrad_romanced,2,Ryan,도와줘서 고마워.
25ec1c59caa5e66c,L13 Ryan,Ryan_5_Outro_conrad_romanced,3,Kobold,라이언은 언제든 기꺼이 씻겨 드려야죠!
2a67fb93196e8722,L13 Ryan,Ryan_5_Outro_conrad_romanced,5,Ryan,"음, 씻는 것만이 아니라."
2140dcb75dc2d0f9,L13 Ryan,Ryan_5_Outro_conrad_romanced,6,Ryan,"그러니까, 이것저것."
a6d4dab5c8699946,L13 Ryan,Ryan_5_Outro_conrad_romanced,7,Ryan,"여친과 헤어진거, 무척 힘들었거든."
1fd66775cea2eb4b,L13 Ryan,Ryan_5_Outro_conrad_romanced,8,Ryan,그래도 이 곳 덕분에 잠시나마 모든 걸 잊을 수 있었지...
8f4dc96f133fa75c,L13 Ryan,Ryan_5_Outro_conrad_romanced,9,Ryan,"그리고 너랑 콘래드 일, 정말 잘됐다고 생각해."
8ed791569d35f02c,L13 Ryan,Ryan_5_Outro_conrad_romanced,10,Ryan,"다음에 올 때 또 보자, 그리해 줄 거지?"
d38d6a1844481871,L13 Ryan,Ryan_5_Outro_conrad_romanced,11,Kobold,라이언은 언제든 즐겁게 맞이할 수 있어요.
c88980c837fb6592,L13 Ryan,Ryan_5_Outro_conrad_romanced,12,Kobold,문 열어 드릴게요.
b1e1c4e40f4aaeec,L13 Ryan,Ryan_5_Outro_conrad_romanced,13,Ryan,나도. 씻겨 줘서 고마워.
# --- outro: Ryan_5_Outro_ryan_conrad_romanced | if $ryan_romanced $conrad_romanced $ryan_conrad_romanced ---
c5f14714a1e0439c,L13 Ryan,Ryan_5_Outro_ryan_conrad_romanced,8,Ryan,그래도 이 곳 덕분에 잠시나마 모든 걸 잊을 수 있었지...
3eb55bf5de9c718b,L13 Ryan,Ryan_5_Outro_ryan_conrad_romanced,9,Ryan,심지어 콘래드도 소개해 줬고.
7aa8987bf569468c,L13 Ryan,Ryan_5_Outro_ryan_conrad_romanced,10,Ryan,걔 정말 좋아.

# ===== Level 14: Conrad (Night) =====
# --- intro: Conrad_5_intro_ryan_romanced | if $ryan_conrad_romanced $conrad_romanced $ryan_romanced ---
ab4070df9f9d3980,L14 Conrad,Conrad_5_intro_ryan_romanced,1,Conrad,"<size=140%>어이, <size=100%>씻으러 왔어."
8597b1ea1423580d,L14 Conrad,Conrad_5_intro_ryan_romanced,2,Kobold,안녕하세요 콘래드.
3ed1272125c54574,L14 Conrad,Conrad_5_intro_ryan_romanced,3,Kobold,이렇게 늦게 무슨 일이에요?
d90de33a2137108a,L14 Conrad,Conrad_5_intro_ryan_romanced,4,Conrad,"응, 나야."
2ca9d5b1cf89ccc8,L14 Conrad,Conrad_5_intro_ryan_romanced,5,Conrad,오늘 밤 시내에 나가거든. 티끌 하나 없어야 해서. 그나저나...
f5ebf2a456433609,L14 Conrad,Conrad_5_intro_ryan_romanced,6,Conrad,너랑 그 파란 덩치 얘기 들었어. 라이언이었나?
061d649bf4c733b7,L14 Conrad,Conrad_5_intro_ryan_romanced,7,Conrad,꽤 재밌었겠는데.
4193e2b4730c89ad,L14 Conrad,Conrad_5_intro_ryan_romanced,8,Conrad,잘됐길 바란다.
63ecf81d4e111712,L14 Conrad,Conrad_5_intro_ryan_romanced,9,Kobold,잘됐어요! 물어봐 줘서 고마워요.
0c7c795d2dd5eb76,L14 Conrad,Conrad_5_intro_ryan_romanced,10,Kobold,잘됐어요.
ae61bf1949b59852,L14 Conrad,Conrad_5_intro_ryan_romanced,12,Conrad,자!
25ba5fd876754270,L14 Conrad,Conrad_5_intro_ryan_romanced,13,Conrad,콘래드 님은 씻어야 해!
# --- intro: Conrad_5_intro_conrad_romanced | if $ryan_conrad_romanced $conrad_romanced $ryan_romanced ---
76777c9ea422832b,L14 Conrad,Conrad_5_intro_conrad_romanced,1,Conrad,어이 멋쟁이.
0b7efee62380b6cd,L14 Conrad,Conrad_5_intro_conrad_romanced,2,Conrad,나 어때 보여?
060982be63865e2c,L14 Conrad,Conrad_5_intro_conrad_romanced,3,Kobold,엄청 멋져요.
b6fff34d007d61c9,L14 Conrad,Conrad_5_intro_conrad_romanced,4,Kobold,으음...
806a4d3418ed236d,L14 Conrad,Conrad_5_intro_conrad_romanced,5,Conrad,그렇지! 내가 좀 그렇지!
4bd075c280186208,L14 Conrad,Conrad_5_intro_conrad_romanced,6,Conrad,근데 데이트용은 아니지.
777560a71762cf9b,L14 Conrad,Conrad_5_intro_conrad_romanced,7,Conrad,그럼 오늘 밤 데이트를 위해 씻어 내자고.
364ea49c3b6c9895,L14 Conrad,Conrad_5_intro_conrad_romanced,8,Conrad,하!
3ef6b1f5eeda632e,L14 Conrad,Conrad_5_intro_conrad_romanced,9,Conrad,그냥 장난이야.
ec760ba3440257aa,L14 Conrad,Conrad_5_intro_conrad_romanced,10,Conrad,"좋아, 그럼 오늘 밤 데이트를 위해 씻어 내자고."
line:d66b9155,L14 Conrad,Conrad_5_intro_conrad_romanced,11,Kobold,기대돼요.
300d848a1b6703e2,L14 Conrad,Conrad_5_intro_conrad_romanced,12,Kobold,티끌 하나 없게 만들어야죠!
260d7e3607c0eca1,L14 Conrad,Conrad_5_intro_conrad_romanced,14,Conrad,헤... 당연하지.
d875bd1d6febfd53,L14 Conrad,Conrad_5_intro_conrad_romanced,15,Conrad,나 완전 신났어.
a652a464f67481de,L14 Conrad,Conrad_5_intro_conrad_romanced,16,Conrad,저번에 말한 그 바에 자리도 이미 잡아 놨어.
ce3783abd13119b6,L14 Conrad,Conrad_5_intro_conrad_romanced,17,Conrad,밤 분위기가 존나 죽여.
18ed0c57d649df67,L14 Conrad,Conrad_5_intro_conrad_romanced,18,Conrad,너도 마음에 들 거야.
# --- intro: Conrad_5_intro_ryan_conrad_romanced | if $ryan_conrad_romanced $conrad_romanced $ryan_romanced ---
9ec8a28e82bf29dd,L14 Conrad,Conrad_5_intro_ryan_conrad_romanced,1,Conrad,여어.
ce0517f9b97181e5,L14 Conrad,Conrad_5_intro_ryan_conrad_romanced,2,Kobold,뭐가 그렇게 기분 좋으세요?
9560e52eac466c54,L14 Conrad,Conrad_5_intro_ryan_conrad_romanced,4,Conrad,라이언이랑 데이트가...
f1afc0e7b46c4e3f,L14 Conrad,Conrad_5_intro_ryan_conrad_romanced,5,Conrad,존나 좋았거든!
line:ab3a5d9c,L14 Conrad,Conrad_5_intro_ryan_conrad_romanced,6,Conrad,안녕.
4b512432c16ce478,L14 Conrad,Conrad_5_intro_ryan_conrad_romanced,9,Conrad,늦게 와서 미안. 수면 패턴이 망가져서.
258282b3a0c1182a,L14 Conrad,Conrad_5_intro_ryan_conrad_romanced,10,Conrad,그냥 씻으러 온 게 다야.
b67855af6a6d0c66,L14 Conrad,Conrad_5_intro_ryan_conrad_romanced,11,Kobold,라이언 얘기 전부 다 들려주셔야 해요.
9ab1cc314a249eac,L14 Conrad,Conrad_5_intro_ryan_conrad_romanced,12,Kobold,좋아요! 문 열어 드릴게요.
1d28eb42dcdd879d,L14 Conrad,Conrad_5_intro_ryan_conrad_romanced,13,Conrad,걱정 마. 다 해 줄게.
# --- progress: Conrad_5_required_ryan_romanced | if $ryan_romanced ---
189bf8eff795718a,L14 Conrad,Conrad_5_required_ryan_romanced,1,Conrad,"어이, 늦게 와서 미안."
cf69f255df6f95af,L14 Conrad,Conrad_5_required_ryan_romanced,2,Kobold,괜찮아요. 한 시간쯤 뒤에 닫는걸요.
3aa0d9279bff43d9,L14 Conrad,Conrad_5_required_ryan_romanced,3,Kobold,언제든 오셔도 돼요!
f135fa715daf4f0c,L14 Conrad,Conrad_5_required_ryan_romanced,4,Conrad,"아. 그럼 됐어, 안 미안한 걸로."
b127befdbae1da68,L14 Conrad,Conrad_5_required_ryan_romanced,6,Conrad,라이언이랑 데이트 말인데.
e00a5000d0f2cd2a,L14 Conrad,Conrad_5_required_ryan_romanced,8,Conrad,섹스는 어땠어.
7bd3b05552e5bd75,L14 Conrad,Conrad_5_required_ryan_romanced,10,Kobold,아. 음. <size=70%>좋았어요.
051b72b94276cf81,L14 Conrad,Conrad_5_required_ryan_romanced,11,Conrad,"야, 물어보는 게 뭐 어때서!"
d5e5e7ee92b23759,L14 Conrad,Conrad_5_required_ryan_romanced,12,Conrad,좋았나 보네.
83e2bb850a49b35e,L14 Conrad,Conrad_5_required_ryan_romanced,13,Conrad,"하하, 그랬을 것 같긴 해."
9f69f9b215b926ee,L14 Conrad,Conrad_5_required_ryan_romanced,14,Conrad,넌 손 쓰는 법을 꽤 잘 아니까.
2c910bcdb2651bf0,L14 Conrad,Conrad_5_required_ryan_romanced,15,Conrad,질투 나네!
9e8a396c1742ffde,L14 Conrad,Conrad_5_required_ryan_romanced,16,Conrad,...근데 뭐 나쁜 쪽으로 그런 건 아니고.
# --- progress: Conrad_5_required_conrad_romanced | if $ryan_romanced $conrad_romanced ---
63b786e95b90bc5e,L14 Conrad,Conrad_5_required_conrad_romanced,1,Conrad,그래서. 오늘 밤.
line:a0479425,L14 Conrad,Conrad_5_required_conrad_romanced,3,Kobold,기대돼요.
6a74a80cafdccde8,L14 Conrad,Conrad_5_required_conrad_romanced,6,Conrad,그래야지.
06318559748ee640,L14 Conrad,Conrad_5_required_conrad_romanced,7,Conrad,완전 마음에 들 거야.
6c4d5b09c5034364,L14 Conrad,Conrad_5_required_conrad_romanced,8,Conrad,그 동네 조명도 끝내주고.
95e9b7e01259ac1e,L14 Conrad,Conrad_5_required_conrad_romanced,9,Conrad,분위기 제대로 잡아 준다니까.
66e39f6379268a82,L14 Conrad,Conrad_5_required_conrad_romanced,10,Kobold,분위기 잡는 건 오늘 밤을 위해 아껴 두세요!
f9ae65b8ce359331,L14 Conrad,Conrad_5_required_conrad_romanced,12,Conrad,하하. 알았어.
1d1baaa8db27cb04,L14 Conrad,Conrad_5_required_conrad_romanced,13,Conrad,아 맞다.
ff84a4b13b8be2a4,L14 Conrad,Conrad_5_required_conrad_romanced,14,Conrad,다 씻고 난 뒤 먼저 가서 우리 자리 준비해 놓을게.
# --- progress: Conrad_5_required_ryan_conrad_romanced | if $ryan_romanced $conrad_romanced $ryan_conrad_romanced ---
1598446fc49cdf80,L14 Conrad,Conrad_5_required_ryan_conrad_romanced,1,Conrad,라이언은 진짜 착한 드래곤이야.
e2e3e43114ab1531,L14 Conrad,Conrad_5_required_ryan_conrad_romanced,2,Kobold/Conrad,정말 그래요.
73f5014bc8782ad4,L14 Conrad,Conrad_5_required_ryan_conrad_romanced,4,Conrad,"응, 나한테 엄청 잘해 줘."
953a9b287930c86a,L14 Conrad,Conrad_5_required_ryan_conrad_romanced,5,Conrad,걔는... 배려심이 있어. 이해심도 진짜 깊지.
41d3eda9c195fe48,L14 Conrad,Conrad_5_required_ryan_conrad_romanced,6,Conrad,처음 만났을 땐 내가 예전 버릇대로 굴었어.
42fb7bc16778c0a5,L14 Conrad,Conrad_5_required_ryan_conrad_romanced,7,Conrad,...솔직히 좀 개같았지.
66ad79997bc62825,L14 Conrad,Conrad_5_required_ryan_conrad_romanced,8,Conrad,근데 걔는... 나도 모르게 마음을 풀게 만들더라고.
7f8b591142c62352,L14 Conrad,Conrad_5_required_ryan_conrad_romanced,9,Kobold,정말 멋지네요!
98e27e864ef9bcd4,L14 Conrad,Conrad_5_required_ryan_conrad_romanced,10,Kobold,라이언은 정말 다정해요.
7d6c8c039970d352,L14 Conrad,Conrad_5_required_ryan_conrad_romanced,11,Conrad,응... 걔 진짜 최고야.
line:c7e1b369,L14 Conrad,Conrad_5_required_ryan_conrad_romanced,12,Conrad,정말 그래.
5e25d0f2371f53e0,L14 Conrad,Conrad_5_required_ryan_conrad_romanced,13,Conrad,소개해 줘서 고맙다.
# --- jerkoff: Conrad_5_JerkOff_Start ---
c96d891724f6aacb,L14 Conrad,Conrad_5_JerkOff_Start,1,Conrad,하아... 이제 손으로 해 주려고? 좋지.
# --- cum: Conrad_5_Cum ---
51bfc34995242b1a,L14 Conrad,Conrad_5_Cum,1,Conrad,존나 좋아. 드래곤 다루는 법을 제대로 안다니까!
# --- outro: Conrad_5_outro_ryan_romanced | if $ryan_romanced ---
311729708567a9d6,L14 Conrad,Conrad_5_outro_ryan_romanced,1,Kobold,다 됐어요!
84da55b8523dba73,L14 Conrad,Conrad_5_outro_ryan_romanced,2,Kobold,<i>티끌</i> 하나 없어요.
2bde145654bd4a8f,L14 Conrad,Conrad_5_outro_ryan_romanced,3,Conrad,그런 것 같네.
af144d6cb4daa5e6,L14 Conrad,Conrad_5_outro_ryan_romanced,4,Conrad,개쩐다.
8c873098ac0042a6,L14 Conrad,Conrad_5_outro_ryan_romanced,5,Conrad,이렇게 늦은 밤에 씻겨 줘서 고맙다.
028e30f8adf6e6ad,L14 Conrad,Conrad_5_outro_ryan_romanced,6,Conrad,"너랑 라이언 소식 계속 알려 줘야 해, 알겠냐?"
a398eca1fb8d9924,L14 Conrad,Conrad_5_outro_ryan_romanced,7,Conrad,아무튼...
234fc4abfc8d8619,L14 Conrad,Conrad_5_outro_ryan_romanced,8,Conrad,<i>빅 C</i>를 여기서 내보내라!
a53a782390260e09,L14 Conrad,Conrad_5_outro_ryan_romanced,9,Kobold,빅 C...?
8e369560d1581070,L14 Conrad,Conrad_5_outro_ryan_romanced,10,Kobold,"알겠어요, 콘래드."
f6b30f28e561466d,L14 Conrad,Conrad_5_outro_ryan_romanced,12,Conrad,그으래. 그건 안 쓰는 걸로 할게.
ac2b2c6605839727,L14 Conrad,Conrad_5_outro_ryan_romanced,13,Conrad,하... 그래...
fc66fcc7fd7d0e4d,L14 Conrad,Conrad_5_outro_ryan_romanced,14,Conrad,"좋아, 또 보자고!"
# --- outro: Conrad_5_outro_conrad_romanced | if $ryan_romanced $conrad_romanced ---
9333db61bcc08052,L14 Conrad,Conrad_5_outro_conrad_romanced,1,Conrad,다 깨끗해졌고...
8b45593ada7894a3,L14 Conrad,Conrad_5_outro_conrad_romanced,2,Conrad,그게 무슨 뜻인지 알지.
53e54ad7b23e6757,L14 Conrad,Conrad_5_outro_conrad_romanced,3,Kobold,데이트 밤이요!
4f319a155b3e572c,L14 Conrad,Conrad_5_outro_conrad_romanced,4,Kobold,먼저 가게 문부터 닫아야 해요.
f3296c9825518630,L14 Conrad,Conrad_5_outro_conrad_romanced,6,Conrad,네가 문 닫는 동안 네 자리도 잡아 놔야겠네.
c215e512d572e96c,L14 Conrad,Conrad_5_outro_conrad_romanced,7,Conrad,"알아, 네 자리 잡아 놓을게!"
22d803e60de439a9,L14 Conrad,Conrad_5_outro_conrad_romanced,8,Conrad,좋아! 갈 준비 됐어.
092af5ec90bd21c7,L14 Conrad,Conrad_5_outro_conrad_romanced,9,Conrad,오늘 밤 바에서 기다리고 있을게!
# --- outro: Conrad_5_outro_ryan_conrad_romanced | if $ryan_romanced $conrad_romanced $ryan_conrad_romanced ---
e079ff157877ea28,L14 Conrad,Conrad_5_outro_ryan_conrad_romanced,1,Conrad,빠진 데 없이 깨끗해진 것 같다!
6749954edebda844,L14 Conrad,Conrad_5_outro_ryan_conrad_romanced,2,Conrad,이제 그만 귀찮게 하고 갈게.
2bc72fd03dd6d9e7,L14 Conrad,Conrad_5_outro_ryan_conrad_romanced,3,Conrad,이렇게 늦은 시간에 받아줘서 고맙다.
f001e3ed4df7e0ee,L14 Conrad,Conrad_5_outro_ryan_conrad_romanced,4,Kobold,별말씀을요!
9d4a6cd35afcc17e,L14 Conrad,Conrad_5_outro_ryan_conrad_romanced,5,Kobold,콘래드는 언제나 환영이에요.
5e4e2c64bc630fa1,L14 Conrad,Conrad_5_outro_ryan_conrad_romanced,6,Conrad,으음. 수면 패턴 좀 고쳐 볼게...
5c58c3e6d4c7dc65,L14 Conrad,Conrad_5_outro_ryan_conrad_romanced,7,Conrad,고맙다. 나도 여기 오면 항상 좋아.
163137d1bff25904,L14 Conrad,Conrad_5_outro_ryan_conrad_romanced,8,Conrad,아무튼. 문 좀 열어 줄래?
94d29a68cf0c8c31,L14 Conrad,Conrad_5_outro_ryan_conrad_romanced,9,Conrad,밤이 저절로 시작되진 않으니까!

# ===== Level 15: Alexander (Sunny) =====
# --- intro: Alexander_5_intro ---
bc3d56d7794e4370,L15 Alexander,Alexander_5_intro,6,Kobold,"안녕하세요, 알렉산더."
1bef44aeb393caf0,L15 Alexander,Alexander_5_intro,7,Kobold,"안녕하세요, 덩치 씨!"
2d8bd7d9bb5f85ba,L15 Alexander,Alexander_5_intro,8,Alexander,안녕하세요.
b048841add4ee6cf,L15 Alexander,Alexander_5_intro,10,Alexander,씻으러 왔습니다.
beeee2948bf1c30a,L15 Alexander,Alexander_5_intro,11,Alexander,잘 지내고 계셨길 바래요!
906a59351176dc24,L15 Alexander,Alexander_5_intro,12,Kobold,네! 방금 라이언이랑 데이트하고 왔어요.
2a75724b922176cf,L15 Alexander,Alexander_5_intro,13,Alexander,"아, 그렇습니까? 근처에서 본 그 하늘색 드래곤 말인가요?"
1f4da5e1dde7e17c,L15 Alexander,Alexander_5_intro,14,Alexander,좋은 분을 만나고 있다니 정말 기쁘네요!
50f1967e1e33cecf,L15 Alexander,Alexander_5_intro,15,Kobold,네! 방금 콘래드랑 데이트하고 왔어요.
0738da2a76bc2231,L15 Alexander,Alexander_5_intro,16,Alexander,"아, 그렇습니까? 그 작은 붉은 드래곤 말인가요?"
896dc87e931d64eb,L15 Alexander,Alexander_5_intro,18,Kobold,네! 알렉산더가 오셔서 더 좋아졌어요.
0786859cb08f5ef9,L15 Alexander,Alexander_5_intro,19,Kobold,잘 지내요!
414ed962f4c8a03a,L15 Alexander,Alexander_5_intro,20,Alexander,오. 그건... 정말 기쁘군요!
10cdda610834ef77,L15 Alexander,Alexander_5_intro,21,Alexander,저도 여기 오게 되어 기쁩니다.
346865d8c1dd9693,L15 Alexander,Alexander_5_intro,22,Alexander,듣던 중 반가운 소식이군요.
f9ccb379ac224d71,L15 Alexander,Alexander_5_intro,23,Alexander,"아무튼, 저도 씻어야겠군요."
4e576daaec5a2d15,L15 Alexander,Alexander_5_intro,24,Kobold,바로 해드릴게요! 
42dbc75670fc6105,L15 Alexander,Alexander_5_intro,26,Alexander,오늘도 기대되는군요.
line:316bb26e,L15 Alexander,Alexander_5_intro,27,Alexander,고마워요.
# --- progress: Alexander_5_romance_route | if $ryan_conrad_romanced ---
067e958be39127d9,L15 Alexander,Alexander_5_romance_route,4,Alexander,생각해 봤습니다만...
4dd6f1ad9c86a533,L15 Alexander,Alexander_5_romance_route,5,Alexander,제가 매력적이라고 생각하시나요?
303f7b0a567bfb2b,L15 Alexander,Alexander_5_romance_route,6,Kobold,네!
09141003dee8665c,L15 Alexander,Alexander_5_romance_route,7,Kobold,그럼요!
43c22d680a102c02,L15 Alexander,Alexander_5_romance_route,8,Kobold,멋있으시다고 생각해요.
4d433e9df480be59,L15 Alexander,Alexander_5_romance_route,10,Alexander,기쁘군요!
c2ec019426b864e2,L15 Alexander,Alexander_5_romance_route,11,Alexander,그렇다면... 훨씬 더 자신이 생기네요.
2819c10656ee517a,L15 Alexander,Alexander_5_romance_route,12,Alexander,정말인가요?
line:e00c6df5,L15 Alexander,Alexander_5_romance_route,14,Alexander,고맙습니다.
8fa16c7b8108298a,L15 Alexander,Alexander_5_romance_route,15,Alexander,그렇다면 훨씬 더 자신이 생기네요.
4f6ee313463724ba,L15 Alexander,Alexander_5_romance_route,16,Alexander,그렇다면 다음 질문으로 넘어가서...
96ec8add863c6173,L15 Alexander,Alexander_5_romance_route,17,Alexander,"오늘 저녁, 저와 함께 대학 도서관에 가주시겠나요...?"
558dbfba7857e37d,L15 Alexander,Alexander_5_romance_route,18,Alexander,뭐... 흔히들 데이트라고 부르는 거겠죠.
76eea215ea7ba450,L15 Alexander,Alexander_5_romance_route,19,Kobold,"<gradient=""gold""><b> 저는 좋아요! </b></gradient><size=70%> (알렉산더 로맨스 확정!)"
500188b2a2627768,L15 Alexander,Alexander_5_romance_route,20,Kobold,"<gradient=""gold""><b> 오늘 밤은 바쁠 것 같아요. 죄송해요. </b></gradient><size=70%> (로맨스 없음으로 이어집니다!)"
96b6a8b07a0781d0,L15 Alexander,Alexander_5_romance_route,22,Alexander,꽤 오래전부터 이 말을 꺼내고 싶었습니다.
942b49a7c66fb0bf,L15 Alexander,Alexander_5_romance_route,23,Alexander,아. 신경 쓰지 마세요.
b1cb9d9c9d3d9661,L15 Alexander,Alexander_5_romance_route,24,Alexander,알겠습니다. 그럼 세척을 방해하지 않을게요!
# --- progress: Alexander_5_required ---
861a7c80ccb8a4ba,L15 Alexander,Alexander_5_required,1,Alexander,"그래서, 데이트는 어땠나요?"
3481be04c35d76a2,L15 Alexander,Alexander_5_required,2,Kobold,정말 좋았어요! 라이언은 정말 사랑스러운 드래곤이에요.
d26f0d306552c44a,L15 Alexander,Alexander_5_required,3,Kobold,정말 좋았어요. 콘래드는 거칠어요. 좋은 쪽으로요.
cf755b67feb7b6d9,L15 Alexander,Alexander_5_required,4,Kobold,좋았어요. 섹스도 했어요.
6af3f2040301f8fa,L15 Alexander,Alexander_5_required,5,Alexander,잘됐군요. 당신에겐 좋은 분이 어울려요.
9b8379de3d387846,L15 Alexander,Alexander_5_required,6,Alexander,그분도 분명 당신을 마음에 들어 할 거예요!
add751924d595d89,L15 Alexander,Alexander_5_required,7,Kobold,"고마워요, 알렉산더도 좋은 분이에요!"
line:44701902,L15 Alexander,Alexander_5_required,8,Kobold,감사해요!
01cb42db52da342d,L15 Alexander,Alexander_5_required,9,Alexander,고맙습니다. 그렇게 말해주다니 다정하시네요.
line:d2401e75,L15 Alexander,Alexander_5_required,10,Alexander,물론입니다!
a8ab7e0a75fdc69c,L15 Alexander,Alexander_5_required,11,Alexander,"하, 거친 타입으로 보이긴 하더군요."
5bac15668ef9b115,L15 Alexander,Alexander_5_required,12,Alexander,그를 마음에 들어 하시니 다행입니다. 그도 분명 당신을 좋게 여기고 있을 겁니다.
line:e7e57d9c,L15 Alexander,Alexander_5_required,14,Kobold,감사해요!
line:76f8c20c,L15 Alexander,Alexander_5_required,16,Alexander,물론입니다!
cb8f422bf973d563,L15 Alexander,Alexander_5_required,20,Alexander,두 분이 잘 맞는다는 뜻이겠지요.
# --- jerkoff: Alexander_5_JerkOff_Start ---
caa4d660ab8d004d,L15 Alexander,Alexander_5_JerkOff_Start,1,Alexander,<i> 기분이 좋군요...</i>
# --- cum: Alexander_5_Cum ---
3eb65bb3b11e901c,L15 Alexander,Alexander_5_Cum,1,Alexander,오... 어질러서 죄송합니다.
# --- mount_start: Alexander_5_Mount_Start ---
6df0c2c2617b9905,L15 Alexander,Alexander_5_Mount_Start,1,Alexander,이런. 교미대를 사용해 봐도 좋겠군요!
# --- mount_finish: Alexander_5_Mount_Finish ---
31ea4258e44c77e4,L15 Alexander,Alexander_5_Mount_Finish,1,Alexander,으응... 제게 필요했던 것 같습니다. 고마워요.
# --- outro: Alexander_5_Outro ---
026554f86388b721,L15 Alexander,Alexander_5_Outro,1,Alexander,씻겨 주셔서 고맙습니다.
7f37ff79ee94bd0b,L15 Alexander,Alexander_5_Outro,2,Alexander,오늘 밤... 캠퍼스에서 봬요. 도서관은 커다란 푸른 첨탑이 있는 건물이에요.
f5e9b1cef9c39e89,L15 Alexander,Alexander_5_Outro,3,Alexander,드래곤 전용 입구로 오시면 들여보내 드릴게요.
line:b5d7d26f,L15 Alexander,Alexander_5_Outro,4,Alexander,기대되네요.
5832139d604c3ee8,L15 Alexander,Alexander_5_Outro,5,Kobold,저도요!
6ed2300bf162b1de,L15 Alexander,Alexander_5_Outro,6,Kobold,정말 멋질 것 같아요.
line:99b6dc81,L15 Alexander,Alexander_5_Outro,7,Alexander,다행입니다.
ada4e05c4d451f61,L15 Alexander,Alexander_5_Outro,8,Alexander,실제로 꽤 멋진 곳입니다.
6068953467a952bf,L15 Alexander,Alexander_5_Outro,9,Alexander,이제 그만 방해 말고 가볼게요. 씻겨 주셔서 고맙습니다.
7ca9216de53b82e5,L15 Alexander,Alexander_5_Outro,10,Alexander,오늘 밤에 뵙지요.
4f8eb9eeb14b2f7d,L15 Alexander,Alexander_5_Outro,11,Alexander,빠진 곳 없이 깨끗해진 것 같군요.
991fa15e47275ce0,L15 Alexander,Alexander_5_Outro,12,Alexander,씻겨 주셔서 고맙습니다!
6d1255dd43802973,L15 Alexander,Alexander_5_Outro,13,Alexander,당신을 만나게 되어 기쁘네요.
5d5e0eafc7ef13d6,L15 Alexander,Alexander_5_Outro,14,Kobold,저도요.
63b9a103362edd6c,L15 Alexander,Alexander_5_Outro,15,Kobold,"헤헤, 고마워요 알렉산더."
6df8f8008c57cbac,L15 Alexander,Alexander_5_Outro,16,Alexander,"아무튼, 이제 그만 방해 말고 가볼게요."
1cb7b221b7adda1c,L15 Alexander,Alexander_5_Outro,17,Alexander,안녕히계세요!

# ===== Cutscenes (started by game code) =====
# --- Alexander_SexScene ---
266f7a45346224eb,Cutscene,Alexander_SexScene,1,Alexander,여기에 누우면 되겠군요...
43b91c684627d3b6,Cutscene,Alexander_SexScene,2,Alexander,나머지는 모두 당신에게 맡기면 될까요?
# --- Alexander_SexScene_Loop ---
7d085d9765e3c5d6,Cutscene,Alexander_SexScene_Loop,1,Alexander,"이런,"
f70738ec42aa401d,Cutscene,Alexander_SexScene_Loop,2,Alexander,손재주가 참으로 뛰어나시군요...
328ad033a139998d,Cutscene,Alexander_SexScene_Loop,3,Alexander,으음...
5ec1f7e700f37c3d,Cutscene,Alexander_SexScene_Loop,4,Alexander/Conrad/Ryan,...
# --- Alexander_SexScene_Cum | if $alexander_sexscene_loops ---
08ab4c0c6ca5fe6f,Cutscene,Alexander_SexScene_Cum,1,Kobold,기분 좋으세요?
069e24aa896ea4cf,Cutscene,Alexander_SexScene_Cum,2,Alexander,좋네요... 그 말이 딱 맞겠어요.
2c33dcef91e06624,Cutscene,Alexander_SexScene_Cum,3,Kobold,다행이에요.
2d731f1625c8064f,Cutscene,Alexander_SexScene_Cum,4,Alexander,저는... 슬슬 한계에요.
4650860eb73dd16f,Cutscene,Alexander_SexScene_Cum,5,Kobold,조금만 더 참아 주실래요?
860ede2808e2507c,Cutscene,Alexander_SexScene_Cum,6,Kobold,저지르세요!
16c36baab1491eb1,Cutscene,Alexander_SexScene_Cum,7,Alexander,"아, 알겠습니다. 해 보지요."
24537bfd61baf4a0,Cutscene,Alexander_SexScene_Cum,8,Alexander,더는 참을 수 없을 것 같아요.
a63eed0b6b6a78c7,Cutscene,Alexander_SexScene_Cum,9,Kobold,아직이요. 조금만 더요.
35f5ee08b67fc0f5,Cutscene,Alexander_SexScene_Cum,10,Kobold,준비가 되셨다면 얼마든지.
82af5427ecb85c11,Cutscene,Alexander_SexScene_Cum,11,Alexander,네...
847ec7301eab2bde,Cutscene,Alexander_SexScene_Cum,12,Alexander,후우...
c958ed597f3ee7b9,Cutscene,Alexander_SexScene_Cum,13,Alexander,무척 즐거웠습니다.
f3be3d62065c0791,Cutscene,Alexander_SexScene_Cum,14,Kobold,그렇다니 기뻐요.
6a629fe795ac84d7,Cutscene,Alexander_SexScene_Cum,15,Kobold,이제 뭘 할까요?
4cc4342b97114697,Cutscene,Alexander_SexScene_Cum,16,Alexander,네... 다만 바닥을 좀 정리해야겠군요.
ee63118710aa5c5b,Cutscene,Alexander_SexScene_Cum,17,Alexander,바닥을 좀 정리해야겠군요...
8319d1715d2a4149,Cutscene,Alexander_SexScene_Cum,18,Alexander,<i><size=70%>이런... 책들도.
# --- Conrad_SexScene ---
b6d2d6ccb52c5166,Cutscene,Conrad_SexScene,1,Conrad,"미친, 너 진짜 모험심 넘치는구나!"
e5c48d779d6422b5,Cutscene,Conrad_SexScene,2,Kobold,으읍! (네!)
e0ecc38d8bbe3790,Cutscene,Conrad_SexScene,3,Conrad,입에 가득 문 채로 말하지 마.
# --- Conrad_SexScene_Loop ---
d7e01674d2776085,Cutscene,Conrad_SexScene_Loop,1,Conrad,솔직히 내걸 어떻게 넣고 있는 건지 모르겠다.
9b277d164ba8a630,Cutscene,Conrad_SexScene_Loop,2,Conrad,불만은 아니고.
73433af885509f84,Cutscene,Conrad_SexScene_Loop,3,Conrad,개쩔어.
# --- Conrad_SexScene_Cum | if $conrad_sexscene_loops ---
fcfcfc2c31be11e5,Cutscene,Conrad_SexScene_Cum,1,Conrad,준비됐어?
6b426873374bb7a4,Cutscene,Conrad_SexScene_Cum,2,Kobold,조금만 더요.
91213ceb7548b8dc,Cutscene,Conrad_SexScene_Cum,3,Kobold,준비됐어요!
72e3cb39cf4a181a,Cutscene,Conrad_SexScene_Cum,4,Conrad,콘래드 님은 얼마든지 버틸 수 있지.
3f2d1b3f808a4ec7,Cutscene,Conrad_SexScene_Cum,5,Conrad,네가 준비되면 언제든 싸 줄게.
46438371960f0974,Cutscene,Conrad_SexScene_Cum,6,Kobold,아직이요.
d893ccbfc95475bc,Cutscene,Conrad_SexScene_Cum,7,Kobold,싸주세요!
aa1a7618e29e4482,Cutscene,Conrad_SexScene_Cum,8,Conrad,나야 좋지!
aa116a5879e94072,Cutscene,Conrad_SexScene_Cum,9,Conrad,최고였어.
45a9ad3bf69b0498,Cutscene,Conrad_SexScene_Cum,10,Conrad,클럽으로 돌아갈 준비 됐어?
4db30f4a0f40d350,Cutscene,Conrad_SexScene_Cum,11,Kobold,좋아요!
# --- Ryan_Conrad_SexScene ---
e86ce51d1dbf8280,Cutscene,Ryan_Conrad_SexScene,1,Ryan,라이언: 밖에서 하는 건 처음이야.
848d254c8d63e6fb,Cutscene,Ryan_Conrad_SexScene,2,Conrad,콘래드: 걱정하지 마!
3e0325398f9de675,Cutscene,Ryan_Conrad_SexScene,3,Conrad,콘래드: 난 매번 하는데 괜찮아.
d55845869b2cd946,Cutscene,Ryan_Conrad_SexScene,4,Ryan,"라이언: 확실히, 꽤 짜릿하다."
# --- Ryan_Conrad_SexScene_Loop ---
59a6f968c75b792f,Cutscene,Ryan_Conrad_SexScene_Loop,1,Conrad,콘래드: 기분 좋아?
836b8c1db049dc01,Cutscene,Ryan_Conrad_SexScene_Loop,2,Ryan,"라이언: 응, 완전. 내 걱정하는 거야?"
dd91f260275b5093,Cutscene,Ryan_Conrad_SexScene_Loop,3,Conrad,콘래드: 콘래드 님은 그냥 즐길 뿐이야.
bf095ea55cdeb898,Cutscene,Ryan_Conrad_SexScene_Loop,4,Conrad,콘래드: 아니... 그러니까...
5001d1e4b306b6d9,Cutscene,Ryan_Conrad_SexScene_Loop,5,Conrad,콘래드: 좋아해 줬으면 해서.
4c3de56e34727c37,Cutscene,Ryan_Conrad_SexScene_Loop,6,Ryan,라이언: 걱정할 필요 없을 정도로 좋아.
06cb256bd506fa70,Cutscene,Ryan_Conrad_SexScene_Loop,7,Ryan,라이언: 완전 기분 좋아.
2e028541c13b150b,Cutscene,Ryan_Conrad_SexScene_Loop,8,Conrad,콘래드: 넌 정말 최고야.
# --- Ryan_Conrad_SexScene_Cum | if $ryan_conrad_sexscene_loops ---
5142dd3610e4cc0c,Cutscene,Ryan_Conrad_SexScene_Cum,1,Conrad,콘래드: 나 곧 싼다.
357806c023d4c85e,Cutscene,Ryan_Conrad_SexScene_Cum,2,Kobold,둘은 계속한다
4e0f42eaaa70c70d,Cutscene,Ryan_Conrad_SexScene_Cum,3,Kobold,둘은 사정한다
d8e952b1635e3fe5,Cutscene,Ryan_Conrad_SexScene_Cum,4,Ryan,라이언: 나도 곧 쌀 것 같아...
50504d8f1c0a5f1c,Cutscene,Ryan_Conrad_SexScene_Cum,7,Ryan,라이언: 와... 너 작은 건 진짜 키뿐이구나.
e7a686aecb078b9e,Cutscene,Ryan_Conrad_SexScene_Cum,8,Conrad,콘래드: 당연하지!
98087861fbfaa621,Cutscene,Ryan_Conrad_SexScene_Cum,9,Ryan,라이언: 좋았어.
be1dff750703beb9,Cutscene,Ryan_Conrad_SexScene_Cum,10,Conrad,콘래드: 그래.
# --- Ryan_SexScene ---
caa123c912750ed2,Cutscene,Ryan_SexScene,1,Ryan,정말 들어갈까?
c8dda0f1b46383bc,Cutscene,Ryan_SexScene,2,Kobold,코볼트는 엄청 유연하거든요. 들어갈 거예요.
849b442f9a88c950,Cutscene,Ryan_SexScene,3,Kobold,삐익.
88f476f3d6ebac8d,Cutscene,Ryan_SexScene,4,Ryan,"알았어, 불편하거나 하면 꼭 말해 줘."
# --- Ryan_SexScene_Loop ---
48cf02e6d9e88966,Cutscene,Ryan_SexScene_Loop,1,Ryan,우와...
8caf602c6f60f544,Cutscene,Ryan_SexScene_Loop,2,Ryan,코볼트랑은 처음이야.
db7bd45c48fe49a2,Cutscene,Ryan_SexScene_Loop,3,Ryan,이거 진짜 좋다...
# --- Ryan_SexScene_Cum | if $ryan_sexscene_loops ---
eff478354f7f1b18,Cutscene,Ryan_SexScene_Cum,1,Ryan,나 곧 쌀 것 같아...
ddfa0f7133303565,Cutscene,Ryan_SexScene_Cum,2,Kobold,조금만 더 해주세요.
f76c951c6c97d8cd,Cutscene,Ryan_SexScene_Cum,3,Kobold,좋아요!
27cb363532fd0324,Cutscene,Ryan_SexScene_Cum,4,Ryan,"알았어, 그 정도는 할 수 있어."
685d8bfcf6988796,Cutscene,Ryan_SexScene_Cum,5,Ryan,참기가 힘들어...
8fdcf9b73762886e,Cutscene,Ryan_SexScene_Cum,6,Kobold,조금만 더!
5128d4e4a722127f,Cutscene,Ryan_SexScene_Cum,7,Kobold,싸버려요!
eb41a8966fdf7cfd,Cutscene,Ryan_SexScene_Cum,8,Ryan,그렇게 말하면 더 참기 힘들잖아!
9c78a3c6942a7982,Cutscene,Ryan_SexScene_Cum,9,Ryan,"알았어, 참아볼게..."
b9ed3621fb6dfbef,Cutscene,Ryan_SexScene_Cum,10,Ryan,완전 좋았어.
99955b75e0544165,Cutscene,Ryan_SexScene_Cum,11,Kobold,저도요.
ee60aadc2fcea44d,Cutscene,Ryan_SexScene_Cum,12,Ryan,원하면 여기 있어도 돼.
9d29fc6dcfe7c05d,Cutscene,Ryan_SexScene_Cum,13,Ryan,하룻밤 잡아 뒀거든.
3736ec41338c7ad0,Cutscene,Ryan_SexScene_Cum,14,Kobold,저야 좋지요.

# ===== Dragon reactions (started by game code) =====
# --- DragonAlmostClean ---
bae76fc276bb2030,Reaction,DragonAlmostClean,1,Dragon,"음, 훨씬 낫긴 한데 아직 좀 더러운 느낌이야."
ce6aaf93738f317e,Reaction,DragonAlmostClean,2,Dragon,깨끗한지 한 번 더 확인해 줄 수 있어?
16584052fd337f09,Reaction,DragonAlmostClean,3,Kobold,알겠어요.
c54cbee211a25e14,Reaction,DragonAlmostClean,4,Kobold,물론이죠.
# --- DragonAnnoyedByBuzzing ---
d139edc8ffdc22b7,Reaction,DragonAnnoyedByBuzzing,1,Dragon,"그거 좀 그만해, 아직 안 끝났잖아. 그렇지?"
631ef624f4506ea7,Reaction,DragonAnnoyedByBuzzing,2,Kobold,헤헤.
# --- DragonColdBalls ---
e820f3ec0397737f,Reaction,DragonColdBalls,1,Dragon,오! 차가워!
8408ed2f21e73811,Reaction,DragonColdBalls,2,Dragon,으악! 차가워!
46f3ba9fc7d04fa7,Reaction,DragonColdBalls,3,Dragon,으으! 찬물이야!
00221b8a2772003a,Reaction,DragonColdBalls,4,Dragon,꺅!
# --- DragonConfusedAboutDismissal ---
9b99cd22a6f3f85a,Reaction,DragonConfusedAboutDismissal,1,Dragon,"어, 끝난 거야?"
7022570f87a73481,Reaction,DragonConfusedAboutDismissal,2,Dragon,아직 몇 군데 빠뜨린 것 같은데...
27db29faa5e11bb6,Reaction,DragonConfusedAboutDismissal,3,Kobold,"앗, 죄송해요."
4fff64bb7aeed72f,Reaction,DragonConfusedAboutDismissal,4,Kobold,그 버튼이 뭐 하는 건지 몰랐어요.
b0869fc4ea46c5bd,Reaction,DragonConfusedAboutDismissal,5,Dragon,괜찮아.
cb554196ac99a428,Reaction,DragonConfusedAboutDismissal,6,Dragon,"응, 그거 누르면 부르릉 하잖아. 하하."
345b04bed8d1a7e0,Reaction,DragonConfusedAboutDismissal,7,Dragon,"아무튼 아직 안 끝나서 다행이야, 계속하자!"
# --- DragonSatisfiedAndLeaves ---
7a8942e2613fa23c,Reaction,DragonSatisfiedAndLeaves,1,Dragon,씻겨 줘서 고마워!!
c92c35bb9f44dac4,Reaction,DragonSatisfiedAndLeaves,2,Dragon,나중에 같이 놀래?
8aff5108a050bcfa,Reaction,DragonSatisfiedAndLeaves,3,Kobold,네!
2cb6318b9f4550a8,Reaction,DragonSatisfiedAndLeaves,4,Kobold,네!!
28454e931a2d3578,Reaction,DragonSatisfiedAndLeaves,5,Dragon,좋아! 그럼 나중에 봐!

# ===== Unused nodes (not reachable in the current game) =====
# --- Alexander_1 ---
31c53bea307f49d0,Unused,Alexander_1,1,Alexander/Ryan,연금술사가 높은 선반에 손이 닿도록 돕고 있었습니다
f00ea25690e17adf,Unused,Alexander_1,2,Alexander,큰 폭발음이 들렸지요. 이그윅스는 무사하지 못한 것 같습니다.
# --- Alexander_2 ---
07874aa669e5cb8c,Unused,Alexander_2,1,Alexander,또 규정 위반으로 걸리면 제 명성은 완전히 무너지고 말 겁니다!
cfe73695b2bdfe19,Unused,Alexander_2,2,Alexander,"대학에서 이 일을 알아서는 안 됩니다, 아시겠지요?"
27b11f3f6bf12fe9,Unused,Alexander_2,3,Kobold,어느 대학이요?
2d3935f374b6474e,Unused,Alexander_2,5,Alexander,"번즈윅 마술학 커뮤니티 대학이지요, 당연히!"
7a5128354d6171d0,Unused,Alexander_2,6,Alexander,저 같은 명망 있는 교수들이 몸담은 가장 명망 있는 대학이랍니다:
b34663a53a6541a7,Unused,Alexander_2,9,Alexander,다행입니다. 번즈윅 마술학 커뮤니티 대학이 최고의 교수 알렉산더가 또 사고를 쳤다는 걸 알게 놔둘 수는 없으니까요.
b39b95373bf40c36,Unused,Alexander_2,11,Alexander,"아이고 이런, 방금 한 말은 잊어 주십시오!"
# --- Alexander_3 ---
2501ad553fd20454,Unused,Alexander_3,1,Alexander,"이그윅스를 되살려야 하겠군요. 아, 이 무슨 망신입니까!"
7b282582fab597eb,Unused,Alexander_3,2,Alexander,약방에서 몇 달은 제 이름에 먹칠을 하겠지요.
# --- Alexander_Dirty ---
950b8260a6ca788f,Unused,Alexander_Dirty,1,Alexander,이 꼴 좀 보십시오! 학생들의 웃음거리가 되고 말 겁니다.
97733f8db49fb168,Unused,Alexander_Dirty,2,Alexander,제 등에서 이그윅스를 좀 씻어 내 주시겠습니까?
# --- Alexander_Idle1 ---
6a4162b247e5aae1,Unused,Alexander_Idle1,1,Alexander,이그윅스가 이런 실수를 하다니 믿기지 않습니다!
5e971607fa926b31,Unused,Alexander_Idle1,2,Alexander,"그 때문에 제가 이렇게 밖에 나와 있으니, 으윽!"
# --- Alexander_Idle2 ---
2a1b4481e851f727,Unused,Alexander_Idle2,1,Alexander,남몰래 씻으려고 일부러 먼 길을 왔습니다. 미행은 분명 없었을 텐데요.
26974d0189f0d75c,Unused,Alexander_Idle2,2,Alexander,분명 아무도 모를 겁니다...
# --- Alexander_Idle3 ---
db8cc14accf5dfe9,Unused,Alexander_Idle3,1,Alexander,"아, 때가 조금 따끔하긴 했습니다. 고맙습니다."
# --- Alexander_Soapy ---
e17d9103818204a4,Unused,Alexander_Soapy,1,Alexander,이 비누는 교수에게는 어울리지 않는 것 같지 않습니까?
03c418e790b340c3,Unused,Alexander_Soapy,2,Alexander,헹구기가 끝나면 알려 주십시오.
# --- Alexander_Intro ---
f82f410ee41cad07,Unused,Alexander_Intro,1,Alexander,저기..!
fedb00f6c13cec68,Unused,Alexander_Intro,2,Kobold,어... 안녕하세요?
4359ca4e5c8fc816,Unused,Alexander_Intro,3,Kobold,거기 누구세요?
9e2816aaa10403b6,Unused,Alexander_Intro,4,Alexander,쉿! 저는 이 근방 사람이 아닙니다...
8275f13b67a6687b,Unused,Alexander_Intro,5,Alexander,지금 영업 중이십니까?
line:642255fc,Unused,Alexander_Intro,6,Kobold,물론이죠!
7409deaefe456a49,Unused,Alexander_Intro,7,Alexander,휴우! 사고가 있어서 처리해야 합니다... 남몰래 말이지요.
afb82d57a9c1ba48,Unused,Alexander_Intro,8,Alexander,들어갈 수 있게 이 차단봉을 당장 치워 주십시오.
# --- Alexander_Outro ---
0c2f6e570964b0c1,Unused,Alexander_Outro,1,Alexander,"세상에, 덕분에 이 상황을 만회할 기회가 생겼습니다."
639110e1c4cc2914,Unused,Alexander_Outro,2,Alexander,그런데 제가 일하는 대학 이름을 기억하십니까?
e35f2c7dd32a4059,Unused,Alexander_Outro,3,Kobold,번즈윅 마술학 커뮤니티 대학
8e3a0c6c1c068e67,Unused,Alexander_Outro,4,Kobold,대학에서 일하세요?
7bf1556708efd0d8,Unused,Alexander_Outro,5,Kobold,아뇨
79acad09a68bf670,Unused,Alexander_Outro,6,Alexander,"안 됩니다! 아니, 맞습니다만, 제 명성을 위해서 제가 여기 왔던 일은 부디 비밀로 해 주시겠습니까."
3730dccb6a6582be,Unused,Alexander_Outro,7,Alexander,뭐라고요? 저는 교수입니다! 제 문장을 보면 모르시겠습니까?
56723edcd935d476,Unused,Alexander_Outro,8,Alexander,오!
e0723f4408ee3eda,Unused,Alexander_Outro,9,Alexander,"무슨 뜻인지 알겠습니다, 고맙습니다."
7973db48113175b5,Unused,Alexander_Outro,10,Alexander,잘됐군요. 입을 다물어 주셔서 감사합니다. 저는 약방으로 가 보겠습니다.
677412526f14044a,Unused,Alexander_Outro,14,Alexander,결과가 매우 만족스럽습니다..
# --- ConradBeatup_1 ---
72f9c6536242f235,Unused,ConradBeatup_1,2,Kobold,이야기할 상대가 필요하면 제가 여기 있어요.
67410be84ad1b8ac,Unused,ConradBeatup_1,3,Kobold,이건 제가 처리할 테니 걱정 마세요.
5b207ccbfd5d5679,Unused,ConradBeatup_1,4,Conrad,"아니... 아니, 괜찮아... 고맙다."
b2139b5e4dc27f14,Unused,ConradBeatup_1,5,Conrad,... 고마워..
# --- ConradBeatup_2 ---
b841443b4a7e3b82,Unused,ConradBeatup_2,1,Conrad,"야, 곁에 있어 줘서 고맙다..."
02febaeeb5306c30,Unused,ConradBeatup_2,2,Conrad,기댈 친구가 있다는 게 좋네.
# --- ConradBeatup_Idle1 ---
7ff77420c3518210,Unused,ConradBeatup_Idle1,1,Conrad,"... 좋은 친구인 줄 알았는데, 맨날 같이 섹스도 했잖아!"
13a3bd02487dab16,Unused,ConradBeatup_Idle1,2,Conrad,이해가 안 돼..
# --- ConradBeatup_Idle2 ---
861f99e073cd06e2,Unused,ConradBeatup_Idle2,1,Conrad,센 척은 해도 난 작은 드래곤이라...
e375cf5dd6f03d34,Unused,ConradBeatup_Idle2,2,Conrad,걔들이 너무 심했어.
# --- ConradBeatup_Intro ---
19aa373fb830a05c,Unused,ConradBeatup_Intro,2,Kobold,"세상에, 다쳤잖아요!"
c7e055a695603f2b,Unused,ConradBeatup_Intro,3,Kobold,괜찮아요?
e4e0397bea6600f5,Unused,ConradBeatup_Intro,4,Conrad,"야, 어, 그냥 씻기만 하면 돼."
e36f54f748a69d3e,Unused,ConradBeatup_Intro,5,Kobold,"...알겠어요, 들어오세요"
# --- ConradBeatup_OutroDirty ---
e17652524a905f18,Unused,ConradBeatup_OutroDirty,1,Conrad,... 끝났다고? 아직 더러운데..
# --- ConradBeatup_OutroSoapy ---
d0b060d51bc87feb,Unused,ConradBeatup_OutroSoapy,1,Conrad,... 끝났다고? 아직 비누투성이인데..
# --- Conrad_1 ---
5a208b2886d87937,Unused,Conrad_1,1,Conrad,"여기 ""스페셜 엔딩""도 해 주냐?"
d61259269b75dec9,Unused,Conrad_1,2,Kobold,그게 뭐예요?
1ea442a134b2a184,Unused,Conrad_1,4,Kobold,아뇨
335bcdceb30ec6b8,Unused,Conrad_1,5,Conrad,"아, 아니지. 야, 너 이거 꼭 해야 돼. 돈은 두둑이 줄게!"
2f7cc8c297b8d283,Unused,Conrad_1,6,Conrad,개좋네! 네 솜씨 기대된다!
9d1528cc1118e4dd,Unused,Conrad_1,7,Conrad,뭐? 잘나가는 데는 다 해 준다고!
# --- Conrad_2 ---
d892eb1f696177b4,Unused,Conrad_2,1,Conrad,"이 가게 좀 싹 손봐야겠는데, 뭐가 필요한지 내가 딱 알지!"
0eaacb4d2b730370,Unused,Conrad_2,2,Conrad,"내일까지 선물 하나 갖다줄 애가 있는데, 그거면 여기 확 살아날 거야."
# --- Conrad_5_Mount_Finish ---
28a96495be7701ea,Unused,Conrad_5_Mount_Finish,1,Conrad,젠장... 이건 언제 해도 좋다니까.
# --- Conrad_5_Mount_Start ---
cda9c08deb782b6e,Unused,Conrad_5_Mount_Start,1,Conrad,"<i>오오오. </i>마운트? 씨발 좋지, 야."
# --- Conrad_Idle1 ---
06b2c581e253753a,Unused,Conrad_Idle1,1,Conrad,"다들 나더러 자지가 굵다는데, 진짜냐?"
ba07cdd711c7d570,Unused,Conrad_Idle1,2,Kobold,어머나.
f2ea9d36d2c4032f,Unused,Conrad_Idle1,3,Kobold,더 큰 것도 봤어요.
25cdc596cd23bedb,Unused,Conrad_Idle1,4,Conrad,직접 만져서 확인해 봐.
c3565cd77a3dcba9,Unused,Conrad_Idle1,5,Conrad,"근데 이 덩치에서 나온 건 아니었잖아, 응?"
# --- Conrad_Intro ---
bc1e29287f60b297,Unused,Conrad_Intro,1,Conrad,"어이, 안녕!"
f7a29676d9621163,Unused,Conrad_Intro,2,Conrad,"콘래드 님 좀 씻어야 되는데, 자리 있냐?"
8339b88ae51a85f6,Unused,Conrad_Intro,3,Kobold,"네, 이쪽으로 오세요."
255d982b3d4c772e,Unused,Conrad_Intro,5,Conrad,좋았어!
# --- Mount_Alexander_2_6 ---
dcc524605bec9fd8,Unused,Mount_Alexander_2_6,1,Alexander,저게 무슨...
d010c18e5ff478ed,Unused,Mount_Alexander_2_6,2,Alexander,"오, 세상에, 이럴수가."
f025190cb1adde9c,Unused,Mount_Alexander_2_6,3,Alexander,"무례하게 굴 생각은 없지만, 사양할게요."
eec9d16c87323040,Unused,Mount_Alexander_2_6,4,Alexander,이게 흔히 있는 일인가요?
929e50391bfd0646,Unused,Mount_Alexander_2_6,5,Kobold,"아, 네."
b6547fc9d980c16e,Unused,Mount_Alexander_2_6,6,Kobold,"아뇨, 사실 방금 들여왔어요."
40df3c9d9e1d5126,Unused,Mount_Alexander_2_6,7,Alexander,그렇군요...
d3acad6a7014a598,Unused,Mount_Alexander_2_6,8,Alexander,참으로 망측한 느낌입니다.
ab5a3375052f41eb,Unused,Mount_Alexander_2_6,9,Alexander,호기심이 없다고는 못 하겠습니다만...
c5ba4f5f1cdff517,Unused,Mount_Alexander_2_6,10,Alexander,그래도. 오늘은 괜찮아요.
# --- RyanDate_1 ---
14ecee0afc63c845,Unused,RyanDate_1,1,Ryan,이번 데이트 진짜 기대돼!
90ba900c65607127,Unused,RyanDate_1,2,Ryan,"수박이랑 빵이랑 포도랑, 이것저것 좀 가져왔어."
# --- RyanDate_2 ---
690cf2b49eb95f79,Unused,RyanDate_2,1,Ryan,무슨 고민 있어?
1648a912c46f7fec,Unused,RyanDate_2,2,Kobold,어젯밤에 일이 좀 있었어요
b3979a44b5b9376a,Unused,RyanDate_2,3,Ryan,저런! 얘기해 볼래?
02c33e4e3c09bc79,Unused,RyanDate_2,4,Kobold,그냥 콘래드한테 무슨 일이 생겨서요. 괜찮았으면 좋겠어요.
7680ca7ff15f1566,Unused,RyanDate_2,5,Ryan,나도 걔가 괜찮았으면 좋겠어.
# --- RyanDate_3 ---
7ba9e65f61ca2369,Unused,RyanDate_3,1,Ryan,이거 맛있다!
ff74b82dcb8a11d3,Unused,RyanDate_3,2,Kobold,"와, 그렇게 드시는 거 보니까 신기하네요."
5b14f19a86849ff5,Unused,RyanDate_3,3,Ryan,그렇게라니?
42af2c2067728998,Unused,RyanDate_3,4,Ryan,"아, 통째로 삼키는 거 말이야?"
37f99dd7cbcf5b6f,Unused,RyanDate_3,5,Ryan,그때그때 달라! 드래곤이라 그래.
# --- RyanDate_Idle1 ---
bcda1f48383d915f,Unused,RyanDate_Idle1,1,Ryan,"헤헤, 다시 연애 시작하려니까 설레."
# --- RyanDate_Intro ---
d5be54b666b3d38f,Unused,RyanDate_Intro,2,Ryan,"네가 했던 말을 생각해 봤는데,"
ffcaf369ac8b1a74,Unused,RyanDate_Intro,3,Ryan,"왜, 다시 연애를 시작해 보라던 거..."
89f52a0dc3d757c1,Unused,RyanDate_Intro,4,Kobold,네
ecab929d37109ab0,Unused,RyanDate_Intro,5,Ryan,"네가 너무 바쁜 걸 아니까, 데이트를 여기로 가져오면 되겠다 싶었어!"
92d9da0b0b22fd7a,Unused,RyanDate_Intro,6,Kobold,멋져요! 어서 들어오세요..
# --- RyanDate_Outro ---
638d7c049f321a6d,Unused,RyanDate_Outro,4,Ryan,정말 좋았어! 연애에 대해 훨씬 자신이 생겼어.
line:bbca8a46,Unused,RyanDate_Outro,5,Ryan,고마워!
# --- RyanExploded_Intro ---
8e87e6b28fb697c4,Unused,RyanExploded_Intro,1,Ryan,또 왔어...
53ca70e25fc42870,Unused,RyanExploded_Intro,3,Kobold,또 오셨어요?
b99d68084de082b6,Unused,RyanExploded_Intro,5,Ryan,"헤헤, 응... 미안."
81f2cb133d548396,Unused,RyanExploded_Intro,6,Ryan,"그게, 사고가 좀 있었거든."
line:e02f464d,Unused,RyanExploded_Intro,7,Ryan,연금술사가 높은 선반에 손이 닿도록 돕고 있었어.
d3e25fe68c13c02d,Unused,RyanExploded_Intro,8,Ryan,큰 폭발음이 들렸는데...
ce386faf68f3df7e,Unused,RyanExploded_Intro,9,Ryan,걔들이 어디로 갔는지는 모르겠지만 나는 다시 더러워졌어.
60c1424a59a1c912,Unused,RyanExploded_Intro,10,Ryan,또 씻겨 줄 수 있을까?
917613bbf36e4b93,Unused,RyanExploded_Intro,11,Kobold,물론이죠! 이쪽으로 오세요!
# --- RyanExploded_OutroDirty ---
f2bdff14318fd81c,Unused,RyanExploded_OutroDirty,1,Ryan,아직 폭발 그을음이 좀 남아 있는 것 같은데...
6a1900ba2212696d,Unused,RyanExploded_OutroDirty,2,Ryan,좀 더 씻어 줄래?
85a39ab345d672ff,Unused,RyanExploded_OutroDirty,3,Kobold,네.
1562d2eeb95b795a,Unused,RyanExploded_OutroDirty,4,Kobold,죄송해요.
3bcf70f39eca74f1,Unused,RyanExploded_OutroDirty,5,Ryan,"괜찮아, 고마워!"
# --- RyanExploded_OutroSoapy ---
9df62882448c291b,Unused,RyanExploded_OutroSoapy,1,Ryan,"어, 나 아직 비누투성이야!"
29d1991e26b1773d,Unused,RyanExploded_OutroSoapy,2,Ryan,씻어 내 줄 수 있어?
# --- RyanExploded_Outro ---
a45ce5a6357ad76f,Unused,RyanExploded_Outro,4,Ryan,"휴, 또 일을 망칠까 봐 걱정했어."
ca1dd92cfbe2dcd5,Unused,RyanExploded_Outro,5,Ryan,이제 걔들은 영영 모를 거야!
# --- RyanMuddy_Dirty ---
58246ed8cfcdfa19,Unused,RyanMuddy_Dirty,1,Ryan,"응, 그래서 온통 진흙투성이야. 공원에서 뛰노는 게 너무 좋거든."
f27e94e23a2cc6eb,Unused,RyanMuddy_Dirty,2,Ryan,아직 진흙이 잔뜩이야. 비누칠 좀 해 주면 좋겠어.
# --- RyanMuddy_Idle1 ---
c24aaf031df991a1,Unused,RyanMuddy_Idle1,1,Ryan,"그, 어, 내가 움직여야 하면 말해 줘."
8bb630e0c8dc64ac,Unused,RyanMuddy_Idle1,2,Ryan,손으로 살짝 건드리면 자세를 바꿀게.
# --- RyanMuddy_Idle2 ---
bcee068ce8220b8e,Unused,RyanMuddy_Idle2,1,Ryan,씻겨 줘서 고마워!
2c4f3b41240d00cd,Unused,RyanMuddy_Idle2,2,Ryan,계속 기대하고 있었어.
# --- RyanMuddy_Idle3 ---
e304ea7f521df3f2,Unused,RyanMuddy_Idle3,1,Ryan,다 끝나면 버튼을 눌러 줘.
ac51ca95656fffdd,Unused,RyanMuddy_Idle3,2,Ryan,벽에 있는 버튼 말이야.
# --- RyanMuddy_Idle4 ---
8fd85e09be693fbf,Unused,RyanMuddy_Idle4,1,Ryan,맥스는 나더러 덤벙대는 드래곤이래.
d2261edb51b885d9,Unused,RyanMuddy_Idle4,2,Ryan,맥스의 말이 틀렸다는 걸 알려 줄 수 있도록 도와줘!
# --- RyanMuddy_Idle5 ---
9df1eb0e35a5d36a,Unused,RyanMuddy_Idle5,1,Ryan,"비누칠하고, 헹구기!"
5e7b1eae20d0fb72,Unused,RyanMuddy_Idle5,2,Ryan,적어도 내가 듣기론 그렇대.
# --- RyanMuddy_Soapy ---
73d08af95ae8835e,Unused,RyanMuddy_Soapy,1,Ryan,"나 거품 좋아해, 간지러워!"
83af94fb3d626970,Unused,RyanMuddy_Soapy,2,Ryan,근데 거품이 배수구로 흘러 내려가는 걸 보는 것도 기대돼.
6bc811f815ef9e24,Unused,RyanMuddy_Soapy,3,Ryan,벽에 있는 분사기로 씻어 내 줘.
# --- RyanMuddy_Idle7 ---
255bd9c513473506,Unused,RyanMuddy_Idle7,1,Ryan,"와, 고마워, 기분 좋다."
77ff00f75a7c2083,Unused,RyanMuddy_Idle7,2,Ryan,진흙투성이가 되는 건 마르기 시작하기 전까진 진짜 재밌어.
620caab5d90b8d3f,Unused,RyanMuddy_Idle7,3,Ryan,벗겨 내니까 좋네.
# --- RyanMuddy_Idle8 ---
afa88441bc4fc8d9,Unused,RyanMuddy_Idle8,1,Ryan,"드래곤이 이렇게 더러워질 줄 누가 알았겠어, 그치?"
2ea6d5d46861d1bf,Unused,RyanMuddy_Idle8,2,Ryan,숲에서 뛰놀고 있었거든.
c65b5342f0285c16,Unused,RyanMuddy_Idle8,3,Ryan,"맥스한테 혼나고 나서야 내가 얼마나 엉망인지 알았지, 하하."
# --- RyanMuddy_Intro ---
299e9d1e919c3a49,Unused,RyanMuddy_Intro,4,Ryan,여기 아래에 나를 씻어 줄 수 있는 코볼트들이 있다고 들었는데?
05d9cdcce06b0c12,Unused,RyanMuddy_Intro,6,Kobold,제가 바로 그 코볼트예요. 삐익!
d12499a3f17512de,Unused,RyanMuddy_Intro,7,Kobold,"네, Drag'n Wash에 오신 걸 환영해요!"
213c112ac748eb9e,Unused,RyanMuddy_Intro,9,Ryan,"좋아, 그럼, 어..."
44beadf6316d890e,Unused,RyanMuddy_Intro,12,Ryan,"아, 저기 버튼 보인다, 알겠어!"
af8d3a1f26de30ef,Unused,RyanMuddy_Intro,13,Ryan,"고마워, 기다리고 있을게!"
# --- RyanMuddy_Nag1 ---
3605a9273b22288b,Unused,RyanMuddy_Nag1,1,Ryan,"저기, 내가 볼 수 있게 앞쪽으로 와 줄래?"
720febc2a9d251aa,Unused,RyanMuddy_Nag1,2,Ryan,할 말이 있어!
# --- RyanMuddy_Nag2 ---
6852c864bbd2afef,Unused,RyanMuddy_Nag2,1,Ryan,얼굴 보고 얘기하고 싶어!
0918205f97d74d78,Unused,RyanMuddy_Nag2,2,Ryan,얘기할 수 있게 앞쪽으로 와 주면 좋겠어.
# --- RyanMuddy_Nag3 ---
c8f453084718c8cc,Unused,RyanMuddy_Nag3,1,Ryan,작은 분들이랑은 얼굴을 마주 보고 얘기하는 게 예의라고 들었거든.
# --- RyanMuddy_NaughtyTouch ---
4d13604e28159e56,Unused,RyanMuddy_NaughtyTouch,1,Ryan,그 손이 어디로 가는지 좀 조심해 줄래?
# --- RyanMuddy_Outro ---
a46a0805bb6a5eda,Unused,RyanMuddy_Outro,1,Ryan,빨리 씻겨 줘서 고마워!
168c7d0bb7743dec,Unused,RyanMuddy_Outro,2,Ryan,그런데 네 애인이 집을 어질러 놓으면 화낼 거야?
3ae7f278ef092258,Unused,RyanMuddy_Outro,4,Kobold,그때그때 달라요.
0dfd80e1f981faca,Unused,RyanMuddy_Outro,6,Ryan,"아! 그래, 그게 맞지..."
8f207ab27746c010,Unused,RyanMuddy_Outro,7,Ryan,상황에 따라 다르겠지.
86b57f75d4c04b75,Unused,RyanMuddy_Outro,8,Ryan,네가 내 편일 줄 알았어.
# --- RyanMuddy_SmallTalk ---
0bf9a145c66c512b,Unused,RyanMuddy_SmallTalk,3,Kobold,사실 저도 처음이에요!
4eb8bdb270c030ae,Unused,RyanMuddy_SmallTalk,5,Ryan,"아, 그럼 우리 둘 다 처음이네!"
ff152503516900ee,Unused,RyanMuddy_SmallTalk,6,Ryan,나도 처음이야...
13d1c29ec8784cae,Unused,RyanMuddy_SmallTalk,7,Ryan,이렇게 좋을 줄은 몰랐어.
# --- Ryan_3_wont_use_mount ---
9221ab210b374d30,Unused,Ryan_3_wont_use_mount,1,Ryan,"아, 지금은 그걸 쓸 생각이 별로 없어."
f3f18c2eea794920,Unused,Ryan_3_wont_use_mount,2,Ryan,나중에 어쩌면...?

# ===== UI and other text (not part of the dialogue script) =====
bc1b88907d3b748a,UI,,,UI,오디오
b3f848c2a09aa9ed,UI,,,UI,음악 볼륨
de7b57b57b05d020,UI,,,UI,효과음
59a4a3f7f7caa060,UI,,,UI,환경음 볼륨
31bcb8940fffb7d1,UI,,,UI,게임플레이
a874fca87cdd5e4e,UI,,,UI,그래픽
d0db8b5e364b6989,UI,,,UI,옵션
28f9044138a54b95,UI,,,UI,새 게임
2a6b24ad28722034,UI,,,UI,크레딧
b3eb37acb66ba4bb,UI,,,UI,종료
76900f1bfd16c8d4,UI,,,UI,뒤로
6a3041fb3ecba173,UI,,,UI,카메라 시야각
d4055fafa3794fa8,UI,,,UI,해상도
41ca171b0cbae01e,UI,,,UI,화면 밝기
42e7fdbd13ba2a01,UI,,,UI,목표 프레임
052810dae19607f5,UI,,,UI,수직 동기화
b63e857488f49396,UI,,,UI,창 모드
c461dbb2bab7d8bc,UI,,,UI,전체 화면
4571896d8a4d4162,UI,,,UI,마우스 감도
43ff6e9485bf371e,UI,,,UI,앉기 조작
3d03a1dea561d0db,UI,,,UI,토글
91d6e30620d99810,UI,,,UI,탭/홀드
8e685d5409b3a543,UI,,,UI,홀드
6c359dddb1d4c36e,UI,,,UI,버튼 아이콘 종류
fd9baf7f335aa154,UI,,,UI,시점 상하 반전
4d654c19179796ef,UI,,,UI,분무기 사용 시 멀미 감소
2316810a5de343dd,UI,,,UI,키보드
0286249762f7c943,UI,,,UI,자동
c77c3af22c6429b2,UI,,,UI,안티앨리어싱
130011756125313c,UI,,,UI,켜기
ca7981b46ecf2c17,UI,,,UI,끄기
4883b7dfffb02e36,UI,,,UI,독점
da43a1983d819a4d,UI,,,UI,최대화 창
3f26603a2748fed3,UI,,,UI,창
d640c7421da06661,UI,,,UI,계속하기
b6dcb96448c66497,UI,,,UI,로딩 중...
f942d1e183d020b6,UI,,,UI,세이브 삭제
fae07a8540ff237b,UI,,,UI,정말 세이브를 삭제할까요?
ffb3c5f2edc34373,UI,,,UI,일시 정지 메뉴
3e49dd16f3893026,UI,,,UI,청결함
4b36f28b2cf37677,UI,,,UI,비누투성이
e4e9ab13fc711176,UI,,,UI,잔해
c9c8bf1eae99e1dc,UI,,,UI,대화 필요
b98b0ff714ab5417,UI,,,UI,붕대 필요
dde8c08738fe9e59,UI,,,UI,손 서비스 필요
a462b8c590652563,UI,,,UI,텍스트 입력...
bb23ec0586e24df5,UI,,,UI,수박이야!
fa6bb50727553976,UI,,,UI,좋아.
77b845d22632a9ef,UI,,,UI,다시 만나서 반가워.
ed172a475c84204f,UI,,,UI,저는 교수입니다!
43cc9e298a30c3af,UI,,,UI,자네들 두 발로 걷는 이들은 식사를 음미하는 경향이 있더군요.
b735b39b4eea8b70,UI,,,Ryan,밖에서 하는 건 처음이야.
c913913d57c38493,UI,,,Conrad,걱정하지 마!
d0ee8dcf7035040c,UI,,,Conrad,난 매번 하는데 괜찮아.
b00675617fbac31a,UI,,,Ryan,"확실히, 꽤 짜릿하다."
816c197dfe2ac7e7,UI,,,Conrad,나 곧 싼다.
fb490e9880f63f05,UI,,,Ryan,나도 곧 쌀 것 같아...
cb9cc6fadcf02cd5,UI,,,Ryan,와... 너 작은 건 진짜 키뿐이구나.
b77039c811832311,UI,,,Ryan,좋았어.
cbc2935aebe3ca1f,UI,,,Conrad,그래.
1b01a1658c9a5adf,UI,,,Conrad,기분 좋아?
0d8490d07a321596,UI,,,Ryan,"응, 완전. 내 걱정하는 거야?"
3d42325316477a3a,UI,,,Conrad,콘래드 님은 그냥 즐길 뿐이야.
2fafbe5f3e7ff469,UI,,,Conrad,아니... 그러니까...
df9b23df54ab5518,UI,,,Conrad,좋아해 줬으면 해서.
b0bfa8fe9e70154c,UI,,,Ryan,걱정할 필요 없을 정도로 좋아.
46fa21135fd9811b,UI,,,Ryan,완전 기분 좋아.
b439ffe3e5553ddc,UI,,,Conrad,넌 정말 최고야.
b92f91849d855b40,UI,,,UI,콘래드
2d1e830624b2572a,UI,,,UI,라이언
e3becbaee46cc0df,UI,,,UI,언어 (Mod)
6e58b577a084052a,UI,,,UI,모드
4850b174b713d88c,UI,,,UI,필수
37fe885f1406e372,UI,,,UI,다음 실행부터 끄기
9cc5c7f026ce0ca7,UI,,,UI,다음 실행부터 켜기
fa20beae3754ffb1,UI,,,UI,다른 모드가 이 모드를 필요로 합니다. 그래도 끄려면 끄기를 한 번 더 누르세요.
d57274b504a45b33,UI,,,UI,BepInEx/plugins 밖에 설치되어 있어 여기서는 끌 수 없습니다
fd35647f8ecb2f7d,UI,,,UI,필요로 하는 모드
9e6151acb057025d,UI,,,UI,사용하는 모드
b9d0dd131d07b5ad,UI,,,UI,Drag'n Wash 모드들이 함께 쓰는 기능 모음입니다. 이 모드 화면도 그중 하나입니다.
6b4075522b85ca52,UI,,,UI,"Drag'n Wash를 여러 언어로 즐길 수 있게 합니다. 대사, 선택지, UI, 설정을 번역합니다."
1cd1ca858aaea1d0,UI,,,UI,로드되지 않았습니다. 필요한 모드:
eda662e0b5033180,UI,,,UI,로드되지 않았습니다. 함께 쓸 수 없는 모드:
a8d12a246b72d98c,UI,,,UI,로드되지 않았습니다. 이유는 BepInEx/LogOutput.log에서 확인하세요.
7c862b0749e737c4,UI,,,UI,프리로더 패처입니다. 다른 모드보다 먼저 실행되므로 여기서는 끌 수 없습니다.
74a883a037bc227f,UI,,,UI,설정
21b111cbfe6e8fca,UI,,,UI,기본값
bc5b45ae7b60692a,UI,,,UI,기본값으로 되돌리기
67529e7fdc6098a0,UI,,,UI,바로 저장됩니다. 일부 모드는 다시 시작해야 변경이 적용됩니다.
3d19e2d0333d7b19,UI,,,UI,이 항목은 BepInEx/config에 있는 모드 설정 파일에서 바꾸세요.
dc20b3d5d2cddf82,UI,,,UI,라이브러리
e0aaa77caac35ceb,UI,,,UI,게임이 텍스트를 표시하기 전에 모드가 그 내용을 보고 바꿀 수 있게 합니다.
e33072d0f0267e46,UI,,,UI,곧 표시될 대사나 선택지를 대사 ID와 화자 정보와 함께 모드에 알려 줍니다.
e6af4688a3314648,UI,,,UI,"모드가 개발·디버그 도구 탭을 추가할 수 있는 게임 안의 공용 창(F1)입니다. 마우스, 게임패드, Steam Deck에서 쓸 수 있습니다."
3839cc8c85e0dab6,UI,,,UI,게임 글꼴로 표시할 수 없는 글자를 위한 글꼴과 텍스처·에셋 번들 불러오기를 Direct3D 12에서 튕기지 않도록 처리합니다.
507e6f82c57c2096,UI,,,UI,"게임의 세이브 슬롯과 이벤트 플래그를 읽고 바꾸며, 어떤 변경이든 되돌릴 수 있도록 세이브의 모든 버전을 복사해 둡니다."
77777bd04fb7c9ae,UI,,,UI,이 게임 버전에서 쓸 수 없는 기능:
014659ab9d98c8fe,UI,,,UI,충돌
02e19c617a19bae7,UI,,,UI,같은 게임 코드를 바꾸는 모드:
61ec4dc622c31ea9,UI,,,UI,같은 게임 코드를 바꾸며 덮어쓸 수 있는 모드:
c1c1009d3f37ec05,UI,,,UI,업데이트
4168cfb8a090a98c,UI,,,UI,새 버전이 있습니다:
cd6c9851e91ad7b6,UI,,,UI,릴리스 페이지 열기
22e2bada8f1c65cd,UI,,,UI,업데이트
f26f3275e735bdf6,UI,,,UI,업데이트 확인
a6a1b13028fd8c9c,UI,,,UI,"하루에 한 번, GitHub 저장소를 지정한 모드에 새 릴리스가 있는지 GitHub에 확인합니다. 사용자나 게임에 관한 정보는 보내지 않습니다."
fe199528850a4e24,UI,,,UI,제거
63e38bd4b036193a,UI,,,UI,취소
86965245a1d725c1,UI,,,UI,"다시 ""제거""를 누르면 다음에 게임을 시작할 때 이 모드를 삭제합니다. 이 모드의 설정도 삭제됩니다."
e2b9759e2326caba,UI,,,UI,다음 실행 시 삭제
0d21bd52022ca7f7,UI,,,UI,온라인
4128f75bc14cb290,UI,,,UI,인터넷 사용:
df0880be16beba51,UI,,,UI,알리지 않고 연결한 곳:
57e8a431deec0d70,UI,,,UI,인터넷
08b39d1ef62da47d,UI,,,UI,이 모드는 인터넷을 사용한다고 밝히지 않았습니다.
5abdf73450d24379,UI,,,UI,용도:
c1e450770d88b778,UI,,,UI,보내는 내용:
3090d827c103d5fb,UI,,,UI,끄는 방법:
068109fd3f73fbbb,UI,,,UI,밝히지 않음
e21a8c81f7921504,UI,,,UI,이번 세션에서 확인된 연결
da5cbc2185c976ff,UI,,,UI,아직 연결이 없습니다.
285202c5ed5c42de,UI,,,UI,모드가 밝히지 않음
a9043748d4bf169d,UI,,,UI,연결 감시가 꺼져 있습니다 (모드 → Drag'n Wash ModFramework → 설정 → 연결 감시).
1c0285d6d7fef2fc,UI,,,UI,"프레임워크는 감시만 합니다. 아무것도 막지 않으며, 모드가 이를 피할 수도 있습니다."
1744b96470b51bf3,UI,,,UI,네트워크
fa25265454345a35,UI,,,UI,연결 감시
4e9ec4e264c704c6,UI,,,UI,"어떤 모드가 인터넷에 연결했는지 기록하고, 알리지 않고 연결한 모드를 모드 화면에 표시합니다. 감시만 할 뿐 아무것도 막지 않으며, 모드가 이를 피할 수도 있습니다."
