key,section,node,order,speaker,translation
# Language: עברית (he)
# Created by TomXV. Provisional translation, not reviewed by a native speaker:
# some lines may read unnaturally. Corrections are welcome as pull requests.
# Only the Japanese (ja) and Simplified Chinese (zh-Hans) files were supervised by the author.

# ===== Level 1: Ryan (Sunny) | sets level_1 | ends level_1_complete =====
# --- intro: Ryan_1_intro ---
0da72197e898ebe1,L01 Ryan,Ryan_1_intro,1,Ryan,הלו?
334d016f755cd6dc,L01 Ryan,Ryan_1_intro,2,Kobold,שלום!
dfba3eb46cb5fc14,L01 Ryan,Ryan_1_intro,3,Ryan,"אה, היי! אממ.."
30985c07d735bdc3,L01 Ryan,Ryan_1_intro,4,Ryan,שמעתי שיש פה למטה קובולדים שיכולים לרחוץ אותי?
08c8207cff7cb565,L01 Ryan,Ryan_1_intro,5,Ryan,זה המקום הנכון?
32cfb777c0a1ca30,L01 Ryan,Ryan_1_intro,6,Kobold,אהמ! אני <i>הקובולד</i>!
eec1e26d3338868e,L01 Ryan,Ryan_1_intro,7,Kobold,"כן, ברוך הבא לדראג'ן וואש!"
b8e3a13e8da1caf6,L01 Ryan,Ryan_1_intro,8,Ryan,"חחח, אין ספק שכן!"
84f325bca745e504,L01 Ryan,Ryan_1_intro,9,Ryan/Alexander,נהדר!
900e8c593033c189,L01 Ryan,Ryan_1_intro,10,Ryan,קוראים לי ריאן. אז...
092808653667e9ff,L01 Ryan,Ryan_1_intro,11,Ryan,איך נכנסים?
0f3f0b7e817061e6,L01 Ryan,Ryan_1_intro,12,Kobold,"רגע אחד, אני צריך לפתוח את השער."
b8a4a2d6c54c16d8,L01 Ryan,Ryan_1_intro,13,Kobold,יפ!
273533e355fd12cf,L01 Ryan,Ryan_1_intro,14,Ryan,הא...?
3faa3f1d46e0e544,L01 Ryan,Ryan_1_intro,15,Kobold,אה- כלומר. אני הולך לפתוח את השער!
ce6db45f1866ad91,L01 Ryan,Ryan_1_intro,16,Ryan,"אה, אני רואה שם את הכפתור, הבנתי!"
425d9584e840b683,L01 Ryan,Ryan_1_intro,17,Ryan,"אוקיי, אני מחכה. תודה."
# --- phone: Ryan_1_PhoneTutorial ---
9bb3073cec0eb0c7,L01 Ryan,Ryan_1_PhoneTutorial,1,Phone,"שלום, <i>'זכיינות דראג'ן וואש מספר מאתיים עשרים ושלוש'...</i> האם כבר שוחחת עם הלקוח הראשון שלך?"
276bc2be4d36787f,L01 Ryan,Ryan_1_PhoneTutorial,2,Kobold,בדיוק עכשיו!
d3c6dd1cf6eefa2a,L01 Ryan,Ryan_1_PhoneTutorial,3,Kobold,"כן, שוחחתי."
38526f3244d3b009,L01 Ryan,Ryan_1_PhoneTutorial,4,Phone,"אה, יפה."
ab5df625bc76dbd4,L01 Ryan,Ryan_1_PhoneTutorial,5,Phone/Ryan/Alexander/Conrad/Kobold,...
4d4a3684433b7f10,L01 Ryan,Ryan_1_PhoneTutorial,6,Phone,אם כך- שיהיה לך יום פורה.
07c91bff06f38512,L01 Ryan,Ryan_1_PhoneTutorial,7,Phone,"שלום, <i>'זכיינות דראג'ן וואש מספר מאתיים עשרים ושלוש'...</i> האם כבר הבנת איך לבצע פעולות?"
3d08b37cdf5c2183,L01 Ryan,Ryan_1_PhoneTutorial,8,Kobold,לא ממש.
01888febaebd67cd,L01 Ryan,Ryan_1_PhoneTutorial,9,Kobold,נראה לי שהבנתי!
085283be600618d2,L01 Ryan,Ryan_1_PhoneTutorial,10,Phone,אה...
4ad86617a918d8ec,L01 Ryan,Ryan_1_PhoneTutorial,11,Phone,"ובכן, גש אל החלון ושוחח עם הלקוח שלך."
af789b5c60f24630,L01 Ryan,Ryan_1_PhoneTutorial,12,Phone,לאחר מכן תצטרך כמובן להכניס אותו פנימה.
bb645759b5bd99d4,L01 Ryan,Ryan_1_PhoneTutorial,13,Phone,מצוין. אם כך הקפד לקבל את פני הלקוח שלך בחלון.
474ab3afa218a5df,L01 Ryan,Ryan_1_PhoneTutorial,14,Kobold,אוקיי!
7d869361bdb13d98,L01 Ryan,Ryan_1_PhoneTutorial,15,Phone,שיהיה לך יום פורה.
# --- progress: Ryan_1_required ---
098ac93ca7999f8c,L01 Ryan,Ryan_1_required,1,Ryan,"אז אתה רוחץ דרקונים מוסמך, הא?"
7b999e621945fe90,L01 Ryan,Ryan_1_required,2,Kobold,בדיוק!
1cb7709c2b6cdc0b,L01 Ryan,Ryan_1_required,3,Kobold,אני מנקה רק כמה שבועות!
9b9024cada67653e,L01 Ryan,Ryan_1_required,4,Ryan,"אה, מגניב!"
fbd8fe3b49aed7c5,L01 Ryan,Ryan_1_required,5,Ryan,בדרך כלל אני מסתדר עם צינור בבית...
3f742efbf9edb2ee,L01 Ryan,Ryan_1_required,6,Ryan,"אה, אז זה חדש לשנינו!"
e6c276d67e994ed5,L01 Ryan,Ryan_1_required,7,Ryan,"בכנות, אני מופתע כמה שזה נעים."
e99ba1a86146f1aa,L01 Ryan,Ryan_1_required,8,Ryan,זו בריחה נעימה מכל מה שיש שם בחוץ.
# --- nag: Ryan_1_nag ---
c2aa03c999eb7731,L01 Ryan,Ryan_1_nag,1,Ryan,"היי, יש לי משהו להגיד!"
5b798fca0ab51d6c,L01 Ryan,Ryan_1_nag,2,Ryan,אם תוכל לבוא לאן שאני יכול לראות אותך.
# --- jerkoff: ryan_jerk_off_no ---
2e75bb6a3610c11b,L01 Ryan,ryan_jerk_off_no,1,Ryan,היי- אולי נעבור ל'עבודת ידיים' אחר כך?
# --- mount_start: ryan_mount_no ---
91c3bf04fb99ce8b,L01 Ryan,ryan_mount_no,1,Ryan,"הממ, נראה לי שאוותר על המתקן."
# --- outro: Ryan_1_Outro ---
0d26aa953ca02c41,L01 Ryan,Ryan_1_Outro,1,Ryan,אני די בטוח שאני נקי לגמרי!
699cdec6a62f5ff3,L01 Ryan,Ryan_1_Outro,2,Ryan,זה היה הרבה יותר נעים מצינור.
c3bbf19f280c6dde,L01 Ryan,Ryan_1_Outro,3,Kobold,בשמחה רבה.
66984a1e53d3e869,L01 Ryan,Ryan_1_Outro,4,Kobold,אהמ! תחזור מתי שתרצה.
d629b0ed3f97727c,L01 Ryan,Ryan_1_Outro,6,Ryan,אני אדאג לספר לאחרים על המקום הזה
e12cf68db48908a3,L01 Ryan,Ryan_1_Outro,7,Ryan,אני בהחלט אזכור את המקום הזה.
29a9062b9b45c6ef,L01 Ryan,Ryan_1_Outro,8,Ryan,חחח. 'יפ' גם לך.
0712e97652e51758,L01 Ryan,Ryan_1_Outro,9,Ryan,"טוב, נהניתי, אז נתראה!"
17f93a33eafe382c,L01 Ryan,Ryan_1_Outro,10,Ryan,אכפת לך לפתוח את השער כדי שאצא?
1aa7b1c1d5fb1fd6,L01 Ryan,Ryan_1_Outro,12,Ryan/Conrad/Kobold/Dragon,תודה!

# ===== Level 2: Conrad (Sunny) =====
# --- intro: Conrad_Intro_1 ---
d391aece578e396f,L02 Conrad,Conrad_Intro_1,1,Conrad,"<gradient=""yellow - orange""><size=140%>היי! </gradient><size=100%>זה מקום הרחיצה, נכון?"
e2b71fbe0e3a8220,L02 Conrad,Conrad_Intro_1,2,Conrad,אני צריך להיות נקי כמו חדש. נראה שבשביל זה אתם פה. <size=70%> חה.
198e07bd20a7e40b,L02 Conrad,Conrad_Intro_1,3,Kobold,"אהמ, מכאן בבקשה."
d474060b980dd4bb,L02 Conrad,Conrad_Intro_1,4,Kobold,נוכל לפנות לך מקום.
6c70580a9b88273d,L02 Conrad,Conrad_Intro_1,5,Conrad,יופי. רק תפתח את השער. תכניס את קונרד!
# --- progress: Conrad_required_1 ---
87e002767e44df8e,L02 Conrad,Conrad_required_1,1,Conrad,אז<size=90%>ז<size=80%>ז<size=70%>ז<size=60%>ז... <size=100%>תהיתי לי
2d6d31d664759240,L02 Conrad,Conrad_required_1,2,Conrad,"אתם עושים פה גם <i>סיומים מיוחדים</i>, נכון?"
906e9b3e20a54dc2,L02 Conrad,Conrad_required_1,3,Kobold,כל סיום כאן הוא מיוחד!
c41cb150dfd261d8,L02 Conrad,Conrad_required_1,4,Kobold,כאילו... דברים מיניים?
0c503978e6cd3a78,L02 Conrad,Conrad_required_1,5,Conrad,אה... זה לא-
c9ce0c4dd28236fa,L02 Conrad,Conrad_required_1,6,Conrad,"אתם גורמים פה לדרקונים גדולים, <size=60%>כמוני, <size=100%>לגמור?"
daac14e0bc00f0ad,L02 Conrad,Conrad_required_1,7,Kobold,וואה- הא- <size=80%>אוה. <size=60%>אנחנו לא-
824dda92c5ffbad9,L02 Conrad,Conrad_required_1,8,Kobold,"אה, לא."
33cb9fb42cd6a080,L02 Conrad,Conrad_required_1,9,Conrad,מה!? זה נורא! אין לכם אפילו מתקן...?
96b0e7561e23fcbb,L02 Conrad,Conrad_required_1,10,Kobold,אממ... <size=60%>לא?
175ccc13192756d4,L02 Conrad,Conrad_required_1,11,Conrad,אז כדאי מאוד שתשיג אחד!
fcc67c51c62fb4e9,L02 Conrad,Conrad_required_1,12,Conrad,לפחות אתה עדיין יכול להשתמש בידיים. חה.
a29919179016a4e8,L02 Conrad,Conrad_required_1,13,Conrad,כן? אני לא רואה פה אפילו מתקן.
6ec80eb8deb5afd8,L02 Conrad,Conrad_required_1,14,Kobold,"אה... כן, אין לנו אחד."
22706d3faee3b165,L02 Conrad,Conrad_required_1,15,Kobold,"לא, אנחנו לא מציעים כאן דברים כאלה."
4a8d1297fbe8f246,L02 Conrad,Conrad_required_1,16,Conrad,חבל נורא. כדאי שתשנה את זה.
# --- jerkoff: Conrad_1_JerkOff_Start ---
6d4db2b6b39822b2,L02 Conrad,Conrad_1_JerkOff_Start,1,Conrad,"אוו כן, בן זונה."
8fc6411ffc04a8f3,L02 Conrad,Conrad_1_JerkOff_Start,2,Conrad,תמשיך.
# --- cum: Conrad_1_Cum ---
e51f82fb1e4773ad,L02 Conrad,Conrad_1_Cum,1,Conrad,<size=140%> כן בן זונה!
6d721d6e2ad2ae1c,L02 Conrad,Conrad_1_Cum,2,Conrad,<size=100%> זה הרגיש טוב בטירוף!
# --- mount_start: conrad_mount_no ---
b902443f60bdba87,L02 Conrad,conrad_mount_no,1,Conrad,וואו. אממ.
ccdcfc48472b3533,L02 Conrad,conrad_mount_no,2,Conrad,בדרך כלל הייתי אומר כן למתקן. אבל לא עכשיו.
# --- outro: Conrad_Outro_1 ---
2edaf16ee5b742a8,L02 Conrad,Conrad_Outro_1,1,Conrad,הרחיצה הייתה בסדר.
882508b81f97e7cf,L02 Conrad,Conrad_Outro_1,2,Conrad,אבל בכל מקום רחיצה אחר שהייתי בו יש לפחות מתקן
51335374627e92a3,L02 Conrad,Conrad_Outro_1,3,Kobold,סליחה...
598e348ffe7cc978,L02 Conrad,Conrad_Outro_1,4,Kobold,"אני אזמין אחד, מבטיח!"
3eba607f0573bf98,L02 Conrad,Conrad_Outro_1,5,Conrad,אל תתנצל! תשיג מתקן!
4e52b9a8b0ae1335,L02 Conrad,Conrad_Outro_1,6,Conrad,כל רוחץ שמכבד את עצמו יודע איך לספק דרקון.
25d0b6008550c533,L02 Conrad,Conrad_Outro_1,7,Kobold,אוקיי. אני אזמין מתקן.
2e92d12d86bf03a5,L02 Conrad,Conrad_Outro_1,8,Conrad,"יופי. טוב, תוציא אותי."
426726c5d08284a8,L02 Conrad,Conrad_Outro_1,9,Conrad,"יופי, כדאי לך. אם אחזור ולא יהיה אחד..."
28c3830dac3b9c5b,L02 Conrad,Conrad_Outro_1,10,Kobold,זה איום...?
fac432bdcfb4b753,L02 Conrad,Conrad_Outro_1,11,Conrad,"אממ, לא, אני פשוט אהיה ממש ממש מבואס."
ee7433c3dd161b65,L02 Conrad,Conrad_Outro_1,12,Conrad,בכל מקרה- תוציא אותי.

# ===== Level 3: Alexander (Sunny) =====
# --- intro: Alexander_1_intro ---
dbca31128a900488,L03 Alexander,Alexander_1_intro,1,Alexander,"ערב טוב. המוסד הזה מקבל לקוחות ללא תור, נכון?"
a6208f4370193b60,L03 Alexander,Alexander_1_intro,2,Kobold,בהחלט! אתה... מהמכללה...?
fdf9d60aca05c19e,L03 Alexander,Alexander_1_intro,4,Alexander,"אכן, ודאי מוכר לך סמל האצולה שלי! אני מלמד אלכימיה."
12456a9c2599222e,L03 Alexander,Alexander_1_intro,5,Alexander,... שיעור שאותו עליי ללמד בקרוב מאוד.
cccd2e909950ad59,L03 Alexander,Alexander_1_intro,6,Alexander,מצוין.
f5b90500599eaa0a,L03 Alexander,Alexander_1_intro,7,Alexander,"אזדקק לזריזות, התלמידים לא ילמדו את עצמם."
26f8788d21d9fd7d,L03 Alexander,Alexander_1_intro,8,Kobold,מעולם לא ניקיתי דרקון מורה... וואו.
7cc55c8bb6442b93,L03 Alexander,Alexander_1_intro,9,Kobold,"אוקיי, אני אפתח את השער!"
c9b9bda16ee1d468,L03 Alexander,Alexander_1_intro,10,Alexander,פרופסור- אך אכן. בדרך כלל אינני פוקד מקומות רחיצה ציבוריים.
8569efc4ed5a6273,L03 Alexander,Alexander_1_intro,11,Alexander/Ryan,תודה לך.
57c2b1f349d8b9e9,L03 Alexander,Alexander_1_intro,12,Alexander,"אה, ואני מתנצל על היותי מלוכלך לחלוטין."
c44510120d3f5f7e,L03 Alexander,Alexander_1_intro,13,Alexander,זהו מצב מצער שבו אני מוצא את עצמי...
550840616bc8148d,L03 Alexander,Alexander_1_intro,14,Kobold,אתה... לא כל כך מלוכלך.
21e1f6bc71429bdb,L03 Alexander,Alexander_1_intro,15,Kobold,אין בעיה. אני פותח לך את השער!
14ddfac745bc0ec3,L03 Alexander,Alexander_1_intro,16,Alexander,"לא, אני כן."
65b94d53036df4ac,L03 Alexander,Alexander_1_intro,18,Alexander,התוכל לפתוח את השער?
f602395a77ff68c4,L03 Alexander,Alexander_1_intro,19,Kobold,אה. כן. סליחה.
# --- progress: Alexander_1_required ---
8bb197f659df9e12,L03 Alexander,Alexander_1_required,1,Alexander,אתה יודע... הסביבה הזו נעימה למדי. מאוד... פרולטרית.
c3971608b1a13f1b,L03 Alexander,Alexander_1_required,2,Kobold,פרולט- <i><size=70%>הא?
3afdda2c098fc834,L03 Alexander,Alexander_1_required,3,Kobold/Alexander/Ryan,תודה!
90d6678c9549b1e0,L03 Alexander,Alexander_1_required,4,Alexander,"אה, כאילו... מעמד הפועלים?"
55c80016618e1bc5,L03 Alexander,Alexander_1_required,5,Alexander,"סלח לי, התכוונתי לומר כי אני נהנה מהרחיצה שלך."
02fa2a9691178177,L03 Alexander,Alexander_1_required,6,Alexander,כמובן
32e117cdd1f56f3f,L03 Alexander,Alexander_1_required,7,Alexander,מי היה מאמין כי מקומות שכאלה קיימים וזמינים כל כך לקהל הרחב!
# --- jerkoff: alexander_jerk_off_no ---
f33ca08a17779409,L03 Alexander,alexander_jerk_off_no,1,Alexander,<i>הו.</i> אינני סבור שאני מוכן לכך עדיין.
# --- mount_start: alexander_mount_no ---
170ebd10775afd58,L03 Alexander,alexander_mount_no,1,Alexander,אינני... בטוח שברצוני להשתמש בזה היום.
# --- outro: Alexander_1_Outro ---
d202075090a8960b,L03 Alexander,Alexander_1_Outro,1,Alexander,"עליי לומר, עשית עבודה טובה לא פחות מרוחצים פרטיים."
b6069e62e167364f,L03 Alexander,Alexander_1_Outro,3,Kobold,"אהממ, אני תמיד עושה כמיטב יכולתי."
981447d1952fe850,L03 Alexander,Alexander_1_Outro,4,Alexander,"חחח, 'יפ' אכן."
5d7279822bcee7dd,L03 Alexander,Alexander_1_Outro,5,Alexander,תלמידיי יכלו ללמוד דבר או שניים ממוסר העבודה שלך!
8117291ab8529b4f,L03 Alexander,Alexander_1_Outro,6,Alexander,"הייתי שמח לשוחח עוד, באמת, אך השיעור מתקרב."
dae0c0aa3ae01c37,L03 Alexander,Alexander_1_Outro,7,Alexander,...תודה לך על זה.

# ===== Level 4: Ryan (Sunny) =====
# --- intro: Ryan_2_intro ---
7825d92f67bdcdef,L04 Ryan,Ryan_2_intro,1,Ryan,היי שוב!
cd26586143766826,L04 Ryan,Ryan_2_intro,2,Kobold,"היי, ריאן!"
6a67a8866ec70c09,L04 Ryan,Ryan_2_intro,4,Ryan,"היי, כיף לחזור."
921bd4effdaa2a2f,L04 Ryan,Ryan_2_intro,5,Ryan,חה... אתה באמת אוהב את הצליל הזה.
387d0da740d0826e,L04 Ryan,Ryan_2_intro,6,Ryan,אני צריך עוד רחיצה.
e542b800ecfc350a,L04 Ryan,Ryan_2_intro,7,Ryan,אני מנסה להתרחק קצת מהבית.
78b22bcc76942425,L04 Ryan,Ryan_2_intro,8,Ryan,יצאתי עם כמה חברים.
21abbb56e463a200,L04 Ryan,Ryan_2_intro,9,Ryan,הסימונים היו כיף.
da3405e1151a476e,L04 Ryan,Ryan_2_intro,10,Ryan,אבל נראה לי שהגיע הזמן להתנקות.
41dc14e2cd744b1b,L04 Ryan,Ryan_2_intro,11,Kobold,"אה, בטח. תיכנס."
b231225bfcc08d4c,L04 Ryan,Ryan_2_intro,12,Kobold,הכול בסדר?
056b5511850d7220,L04 Ryan,Ryan_2_intro,13,Ryan,"אוקיי, תודה."
b4e4d893367947a0,L04 Ryan,Ryan_2_intro,14,Ryan,"כן, הכול טוב. סליחה."
c9cdea9d31e53d5b,L04 Ryan,Ryan_2_intro,15,Ryan,סתם יום קשה. מקווה שזה יעזור!
ab74167fe23c9db5,L04 Ryan,Ryan_2_intro,17,Ryan,"אז אממ, השער?"
5cbc0ceea57587db,L04 Ryan,Ryan_2_intro,18,Kobold,אה- כן. מטפל בזה.
08411b780900fb59,L04 Ryan,Ryan_2_intro,19,Kobold,כמובן. רגע אחד!
a386908e3024f35e,L04 Ryan,Ryan_2_intro,20,Ryan,אחלה.
# --- progress: Ryan_2_required ---
580684f8909e025d,L04 Ryan,Ryan_2_required,1,Ryan,היי.
b4eff799a0271863,L04 Ryan,Ryan_2_required,2,Kobold,הממ?
fad448038cd06268,L04 Ryan,Ryan_2_required,3,Kobold,מה קורה?
a1dd2ff2d1ef6beb,L04 Ryan,Ryan_2_required,4,Ryan,אפשר לשאול אותך שאלה?
2acd4405a7f14ae3,L04 Ryan,Ryan_2_required,5,Kobold,"אתה כבר שואל, מה קורה?"
c10c037156053bfe,L04 Ryan,Ryan_2_required,6,Kobold,בטח.
4f6d869aa239596c,L04 Ryan,Ryan_2_required,7,Ryan,"אה, נכון. סליחה."
0fa0dff561f86016,L04 Ryan,Ryan_2_required,8,Ryan,"אז, בקשר ל... מערכות יחסים."
9a38b89ed035e464,L04 Ryan,Ryan_2_required,9,Ryan,אם מערכת יחסים <i>כל כך</i> מתנדנדת ואתה יודע שהיא הולכת להיגמר.
9b943020b9ae2658,L04 Ryan,Ryan_2_required,10,Ryan,וניסית הכול.
954ba66a076849a5,L04 Ryan,Ryan_2_required,12,Ryan,מתי באמת מסיימים אותה?
f173e528733bb05a,L04 Ryan,Ryan_2_required,13,Kobold,אוי- ריאן...
7b102f547a549072,L04 Ryan,Ryan_2_required,14,Kobold,אני... לא בטוח שאני יכול לענות לך על זה.
d74bb8fcbf89b62a,L04 Ryan,Ryan_2_required,15,Ryan,אני יודע. אני יודע שלא הייתי צריך לשפוך את זה עליך.
64973f6ac9ac08be,L04 Ryan,Ryan_2_required,16,Ryan,פשוט נעים כל כך להיות לידך.
93fa9e1a16f34a7d,L04 Ryan,Ryan_2_required,17,Ryan,אתה צודק... אין סיכוי שתוכל.
797653f5e081152e,L04 Ryan,Ryan_2_required,18,Ryan,אני פשוט שמח שאני לא מרגיש שופטים אותי פה.
b11d41e01fefb995,L04 Ryan,Ryan_2_required,20,Kobold,תודה. גם לי נעים להיות לידך.
c6df1e087ef5d8e4,L04 Ryan,Ryan_2_required,21,Kobold,אני מקווה שהדברים ישתפרו.
ebb96171ea7628a0,L04 Ryan,Ryan_2_required,22,Ryan/Kobold/Alexander,אני שמח.
91c0e3e9014024af,L04 Ryan,Ryan_2_required,23,Ryan,גם אני.
# --- outro: Ryan_2_Outro ---
cb57ee6155ed6ca5,L04 Ryan,Ryan_2_Outro,1,Ryan,יופי טופי. נקי לגמרי.
f6d370e531334fab,L04 Ryan,Ryan_2_Outro,2,Ryan,סליחה ששפכתי עליך את כל זה קודם.
a402a75e0522e087,L04 Ryan,Ryan_2_Outro,3,Kobold,זה בסדר!
94e0ea6f97e24a81,L04 Ryan,Ryan_2_Outro,4,Kobold,אני יודע שדברים יכולים להיות קשים.
4f66abc45de7ff53,L04 Ryan,Ryan_2_Outro,5,Ryan/Alexander,אתה מתוק מאוד.
ee65a6c9748b539c,L04 Ryan,Ryan_2_Outro,6,Ryan,הלוואי שזה היה קל כמו בסרטים.
0e95dd9dae12e50e,L04 Ryan,Ryan_2_Outro,7,Kobold,"תחזור מתי שבא לך, ריאן."
78c778b6ee0575d9,L04 Ryan,Ryan_2_Outro,8,Kobold,"אם בא לך לדבר על זה עוד, יש לי רגע."
f204fcc6b711621e,L04 Ryan,Ryan_2_Outro,9,Ryan,"אני אחזור, תודה."
72eaafd8ad3f6b0d,L04 Ryan,Ryan_2_Outro,10,Ryan,אתה בטוח? זה לא בדיוק... דברים כיפיים.
fe454a1e25772898,L04 Ryan,Ryan_2_Outro,11,Kobold,אתה צודק. לא כדאי שאתחב את האף.
513af1a2eeeef9b6,L04 Ryan,Ryan_2_Outro,12,Kobold,"זה בסדר, נשמע שאתה צריך את זה."
f3ff11acd1b54309,L04 Ryan,Ryan_2_Outro,13,Ryan,אתה בסדר גמור. תודה.
0b61ba409dc46906,L04 Ryan,Ryan_2_Outro,14,Ryan,"כן, אתה צודק."
5459b9d74fb7a529,L04 Ryan,Ryan_2_Outro,15,Ryan,אז. החברה שלי הייתה בבית לפניי. היא דרקונית שעובדת מהבית.
2cd54468954ee8c7,L04 Ryan,Ryan_2_Outro,16,Ryan,חזרתי הביתה קצת מלוכלך. והיא צעקה עליי.
f7e4ec27dd7d6527,L04 Ryan,Ryan_2_Outro,17,Ryan,"אמרה לי ללכת לרחיצה, והתנהגה כאילו נעלבה נורא."
2880304176197c02,L04 Ryan,Ryan_2_Outro,18,Ryan,היא... <i>ממש</i> התעצבנה שהייתי בבוץ.
250b97243d1df1f7,L04 Ryan,Ryan_2_Outro,19,Kobold,בגלל זה הגעת בפעם הראשונה?
bc78d04f7d5861dc,L04 Ryan,Ryan_2_Outro,20,Kobold,זה נשמע כמו תגובת יתר מצדה.
08a70054f59e703a,L04 Ryan,Ryan_2_Outro,21,Ryan,כן...
6079131a1c79adef,L04 Ryan,Ryan_2_Outro,22,Ryan,"אבל בכנות, עזרת לי המון."
92536deee525f694,L04 Ryan,Ryan_2_Outro,23,Ryan,נתת לי זמן לחשוב.
c3be2f1d3fa4404d,L04 Ryan,Ryan_2_Outro,25,Ryan,גם אני חשבתי ככה.
9ebcf8a46cc189b7,L04 Ryan,Ryan_2_Outro,26,Ryan,נראה לי שהיא מתעצבנת על משהו אחר...
8c3115a4e2a9a664,L04 Ryan,Ryan_2_Outro,27,Ryan,אני פשוט לא אוהב שהיא מוציאה את זה עליי.
393d8e5925dc5937,L04 Ryan,Ryan_2_Outro,31,Ryan,בכל אופן-
7258b4e037805024,L04 Ryan,Ryan_2_Outro,32,Ryan,תודה שהקשבת.
951382e00968439d,L04 Ryan,Ryan_2_Outro,33,Kobold,"תמיד, ריאן."
c41f39341b6c49ef,L04 Ryan,Ryan_2_Outro,34,Kobold,בכיף. מצטער שאתה עובר את כל זה.
553b3b011e56f6e2,L04 Ryan,Ryan_2_Outro,36,Ryan,זה בסדר. אני כבר אמצא פתרון.
bd7468846a30d095,L04 Ryan,Ryan_2_Outro,37,Kobold,אני הולך לפתוח לך את השער.
a7f68522a6e41971,L04 Ryan,Ryan_2_Outro,38,Ryan,"אוקיי, ביי!"

# ===== Level 5: Conrad (Rainy) | sets level_5 | ends MedkitCompleted, level_5_complete =====
# --- intro: Conrad_Intro_2 ---
ed1060b120921b51,L05 Conrad,Conrad_Intro_2,1,Conrad,יש לך ערכת עזרה ראשונה?
33b8a4a45ccc09d4,L05 Conrad,Conrad_Intro_2,2,Kobold,מה קרה!?
0a1daca6a7ffe060,L05 Conrad,Conrad_Intro_2,3,Kobold,"אוי לא, קונרד. אתה בסדר?"
20e5d8710e635ec0,L05 Conrad,Conrad_Intro_2,4,Conrad,אני לא חייב לספר לך.
20e7bf03f9acda80,L05 Conrad,Conrad_Intro_2,5,Conrad,"נו, יש לך ערכת עזרה ראשונה או לא?"
b5df9715ed2e91ed,L05 Conrad,Conrad_Intro_2,6,Conrad,אני נראה לך בסדר?
b91e8be1b03d1b61,L05 Conrad,Conrad_Intro_2,7,Conrad,לא. אני לא. יש לך ערכה או לא?
f974998c16103aa0,L05 Conrad,Conrad_Intro_2,8,Kobold,"כן, יש לי."
8ca82a3bb03f138c,L05 Conrad,Conrad_Intro_2,9,Kobold,"יש לי. אבל, מה קרה?"
a94b34f629b2029a,L05 Conrad,Conrad_Intro_2,10,Conrad,פשוט... תפתח את השער.
# --- progress: Conrad_required_2 ---
4356fa179bb80e09,L05 Conrad,Conrad_required_2,1,Conrad,איזה אידיוט אני.
d886f3d923f9c796,L05 Conrad,Conrad_required_2,2,Conrad,מהחרא הזה בדיוק אני מנסה להתרחק!
ea8c1853a7d5966c,L05 Conrad,Conrad_required_2,3,Kobold,אתה רוצה לספר מה קרה...?
bded00d07cb1e457,L05 Conrad,Conrad_required_2,4,Kobold,אני מצטער שנפגעת...
02f000041eb5ab82,L05 Conrad,Conrad_required_2,5,Conrad,"זין, לא! זה מביך."
58356b98fdf40dc3,L05 Conrad,Conrad_required_2,7,Conrad,אני לא רוצה את הרחמים שלך!
cb7847cb63566364,L05 Conrad,Conrad_required_2,9,Conrad,זה פשוט ש...
b48f291ebc6b18fe,L05 Conrad,Conrad_required_2,10,Conrad,אני שונא את זה שאני תמיד נכנס למצבים כאלה.
519b07c299436f2a,L05 Conrad,Conrad_required_2,11,Conrad,מתחיל להרגיש שזו <i>אשמתי</i>.
f5ad489eeba50b01,L05 Conrad,Conrad_required_2,12,Kobold,"<i>זו</i> לא אשמתך, קונרד."
6402f4608ceb7bbb,L05 Conrad,Conrad_required_2,13,Kobold,אני ממש מצטער שנפגעת. מי עשה את זה?
8e59613d6cd60464,L05 Conrad,Conrad_required_2,14,Conrad,אני באמת חושב שהפעם זו הייתה אשמתי...
7058e362e43623f0,L05 Conrad,Conrad_required_2,15,Conrad,איזה דרייק בבר... הייתי טיפש. לא הצלחתי לסתום את הפה.
ea289ebcdd7e81ef,L05 Conrad,Conrad_required_2,16,Conrad,סתם איזה דרייק בבר. הייתי טיפש... לא הצלחתי לסתום את הפה.
aff317c06781bc70,L05 Conrad,Conrad_required_2,17,Conrad,אני לא מבין! למה אני חייב להתנהג ככה?
da5eed4c72eb1073,L05 Conrad,Conrad_required_2,18,Kobold,להתנהג איך?
193bb66a944990a8,L05 Conrad,Conrad_required_2,19,Kobold,"אני חושב שאתה די מגניב, קונרד."
c69250ea092a7fcd,L05 Conrad,Conrad_required_2,20,Conrad,כאילו... כמו חרא אדם? אני יודע שקשה לסבול אותי.
c2f21da58e28df4f,L05 Conrad,Conrad_required_2,21,Conrad,אתה טוב לב. זה יותר ממה שמגיע לי.
9c529e9f79f39a21,L05 Conrad,Conrad_required_2,22,Conrad,אני חרא אדם. אני יודע.
4b7317a793a0f728,L05 Conrad,Conrad_required_2,23,Conrad,סליחה שהתפרצתי עליך קודם.
c4c0c9950baa723f,L05 Conrad,Conrad_required_2,24,Conrad,לא מגיע לך את זה.
9fa8cd9193124e79,L05 Conrad,Conrad_required_2,25,Kobold,אתה בסדר. ברור שאתה עובר הרבה.
249133e0671a807b,L05 Conrad,Conrad_required_2,26,Kobold,זה בסדר.
c61717fe95ec2b9c,L05 Conrad,Conrad_required_2,27,Conrad,זה לא אומר שאני צריך לצעוק עליך.
652daa6043287e1b,L05 Conrad,Conrad_required_2,28,Conrad,די לתירוצים.
65b4e7b9caad6028,L05 Conrad,Conrad_required_2,29,Conrad,"לא, זה לא בסדר. די לתירוצים."
334ade0356dff453,L05 Conrad,Conrad_required_2,30,Conrad,אני צריך להיות טוב יותר. אני <i>רוצה </i>להיות טוב יותר.
1d190e45e1ddc239,L05 Conrad,Conrad_required_2,31,Conrad,רק אממ... אל תספר לאף אחד שאמרתי את כל זה.
3969155d983b9b32,L05 Conrad,Conrad_required_2,32,Kobold,הסוד שלך שמור אצלי.
bd7f2cf961e397ca,L05 Conrad,Conrad_required_2,33,Kobold,לא אספר.
0cd12abef67edc64,L05 Conrad,Conrad_required_2,34,Conrad,...תודה.
bbaef120c3a81475,L05 Conrad,Conrad_required_2,35,Conrad,ואני שמח שיש לך ערכת עזרה ראשונה... אתה ממש מוכן לכל.
# --- jerkoff: conrad_jerk_off_no ---
f81a53c29135dfa5,L05 Conrad,conrad_jerk_off_no,1,Conrad,היי אה... לא עכשיו.
# --- outro: Conrad_Outro_2 ---
7f9f3c8d0db46cbf,L05 Conrad,Conrad_Outro_2,1,Conrad,אני כבר מרגיש הרבה יותר טוב.
d4a62b147d5a622b,L05 Conrad,Conrad_Outro_2,2,Kobold,פיזית או רגשית?
0d49a74e82a2356a,L05 Conrad,Conrad_Outro_2,4,Conrad,גם וגם.
c38c5771c6cf6118,L05 Conrad,Conrad_Outro_2,5,Conrad/Ryan,גם אני.
7e30c436a9112ecd,L05 Conrad,Conrad_Outro_2,6,Conrad,אתה... מגניב.
229bd072e07a3d53,L05 Conrad,Conrad_Outro_2,7,Conrad,אני מתכוון לזה. באמת.
ba15304b6e669701,L05 Conrad,Conrad_Outro_2,8,Kobold,אני רק עושה מה שנראה לי נכון.
1fb463b57138c081,L05 Conrad,Conrad_Outro_2,9,Kobold,גם אני חושב שאתה מגניב. לשפר את עצמך זה קשה.
56c81331bdf0858e,L05 Conrad,Conrad_Outro_2,10,Conrad,אני מקווה שאוכל ללמוד מזה.
3e2cb05f5d39c6e5,L05 Conrad,Conrad_Outro_2,11,Conrad,"תודה, אבל אני אהיה טוב יותר. מבטיח."
8a3ca437a0d6d164,L05 Conrad,Conrad_Outro_2,12,Conrad,אני ארד לך מהקשקשים...
c90e3d1d20fadd0f,L05 Conrad,Conrad_Outro_2,13,Conrad,אני אדאג לחזור.

# ===== Level 6: Alexander (Night) | sets level_6_started =====
# --- intro: Alexander_2_intro ---
44aa15e695b4e0d5,L06 Alexander,Alexander_2_intro,1,Alexander,תודה לכוכבים שאתם פתוחים.
840851d0f7570dd9,L06 Alexander,Alexander_2_intro,2,Kobold,אלכסנדר...?
d786fe5166ed78b0,L06 Alexander,Alexander_2_intro,3,Kobold,אמממ לא בדיוק.
b5707c134254e827,L06 Alexander,Alexander_2_intro,4,Alexander,כן. אני זקוק לניקיון. המצב חמור למדי!
5962824d5ad2d472,L06 Alexander,Alexander_2_intro,5,Alexander,זוהי מלאכה שרק אתה מסוגל לבצע.
4006d568c80ab534,L06 Alexander,Alexander_2_intro,6,Alexander,אשלם כפול. פי שלושה- זוהי מלאכה שרק אתה מסוגל לבצע!
a17a2764777e0b60,L06 Alexander,Alexander_2_intro,7,Kobold,"אה. אז כן, אנחנו פתוחים."
1e5b9c4d7c7853fa,L06 Alexander,Alexander_2_intro,8,Alexander,מצוין!
e36d5a8ffbc61b8c,L06 Alexander,Alexander_2_intro,9,Kobold,מה קרה?
c43599f1e3538c5c,L06 Alexander,Alexander_2_intro,10,Kobold,למה אתה כאן כל כך מאוחר?
c63c466c3e28f286,L06 Alexander,Alexander_2_intro,11,Alexander,"עמיתי, פרופסור איגוויקס, ביקש להשתמש בי כבמה."
dfb6e95e4715f76e,L06 Alexander,Alexander_2_intro,12,Alexander,"הרשיתי לו, שכן קומתי מספקת גובה בשפע."
9da4c08f2c9d94f9,L06 Alexander,Alexander_2_intro,13,Alexander,אולם...
149351e2d565febf,L06 Alexander,Alexander_2_intro,14,Alexander,נפל פגם בשיטתו.
b54a89ba26aaeaa1,L06 Alexander,Alexander_2_intro,15,Kobold,הוא מת!?
0ee302086c5ae61a,L06 Alexander,Alexander_2_intro,16,Kobold,לאן הוא נעלם...?
2cc9a59ae14e4845,L06 Alexander,Alexander_2_intro,17,Alexander,מה?
3b20ece829b0bd68,L06 Alexander,Alexander_2_intro,18,Alexander,לא.
93f6d587969b0e78,L06 Alexander,Alexander_2_intro,19,Alexander,"לאחר ההתלקחות הספונטנית שלו, הקפדתי להעניק לו פרטיות."
1d37ba6f405ce0fd,L06 Alexander,Alexander_2_intro,20,Alexander,גופו הפיזי מתחדש כעת בחדר המורים.
27c227129d961114,L06 Alexander,Alexander_2_intro,21,Alexander,כל קוסם המכבד את עצמו מחזיק נוצת עוף חול בהישג יד.
9e99fec970b38818,L06 Alexander,Alexander_2_intro,22,Kobold,נכון. נוצת עוף חול. ברור.
0549826a698aad1c,L06 Alexander,Alexander_2_intro,23,Kobold,אוקיי. אני אפתח את העסק. תן לי רגע.
9e85e9ab574cfc16,L06 Alexander,Alexander_2_intro,24,Alexander,אני שוכח את בורותו של ההדיוט. אני מתנצל.
359439ec513e7e35,L06 Alexander,Alexander_2_intro,25,Kobold,"אהה, אני הולך לפתוח את השער"
28fa9c1bb5161161,L06 Alexander,Alexander_2_intro,26,Alexander,חושה! המוניטין שלי מונח על הכף.
# --- progress: Alexander_2_required ---
cc99c01887a9b5f1,L06 Alexander,Alexander_2_required,1,Alexander,אני נבוך עמוקות מכל הפרשה הזו.
e33e953efb157171,L06 Alexander,Alexander_2_required,2,Kobold,זה לא נורא. נשמע שכולם בסדר.
c054502c35602985,L06 Alexander,Alexander_2_required,3,Kobold,אין צורך.
98cbb728e5fb19f2,L06 Alexander,Alexander_2_required,4,Alexander,זה מעולם לא היה החשש. אני דרקון שונא סיכונים למדי.
c1d152bd1a4b22f1,L06 Alexander,Alexander_2_required,5,Alexander,אדיב מצדך לומר זאת.
0da1bbeb76d9ef60,L06 Alexander,Alexander_2_required,6,Alexander,"אולם, <i>התדמית</i> שלי קבועה הרבה יותר מגופיו החולפים של איגוויקס."
54021b5f26568c41,L06 Alexander,Alexander_2_required,7,Alexander,זהו מקור דאגתי...
3a363409d3ae72f1,L06 Alexander,Alexander_2_required,8,Alexander,ומשום כך אתה מושלם למלאכה זו!
# --- outro: Alexander_2_Outro ---
abc1043955962614,L06 Alexander,Alexander_2_Outro,1,Alexander,נקי לחלוטין שוב. תודה לך שקיבלת אותי בשעה כזו.
2de23f0bdf3de327,L06 Alexander,Alexander_2_Outro,2,Kobold,כסף... מממ...
082cb158de32f2d9,L06 Alexander,Alexander_2_Outro,3,Kobold,אין בעיה.
374214d86f810d53,L06 Alexander,Alexander_2_Outro,4,Alexander,"חה, זהו אכן מניע."
7ff22bb553842005,L06 Alexander,Alexander_2_Outro,5,Alexander,לפחות כבר לא!
01b524bd7165a166,L06 Alexander,Alexander_2_Outro,6,Alexander,מעולם לא שיערתי שאשתף מישהו בדברים מביכים שכאלה.
704866fd76bd9fb8,L06 Alexander,Alexander_2_Outro,7,Kobold,אני תמיד שמח לעזור. <i><size=70%> במיוחד לדרקון גדול.
dd573253630e8021,L06 Alexander,Alexander_2_Outro,8,Kobold,אני שמח שאתה סומך עליי.
d6b066332b6d8b9a,L06 Alexander,Alexander_2_Outro,9,Alexander,אני שמח שגם אתה מפיק הנאה מכך.
762c20b866b7b263,L06 Alexander,Alexander_2_Outro,10,Alexander,גם אני.
5fc37d4eda289c06,L06 Alexander,Alexander_2_Outro,11,Alexander,אינני יודע מדוע כה קל לשוחח עמך.
5a2661b79c536b73,L06 Alexander,Alexander_2_Outro,12,Alexander,מבטם של כל האחרים נושא משקל עצום.
0ddbb1a880fb5b54,L06 Alexander,Alexander_2_Outro,13,Alexander,שלך אינו נושא. זה נעים.
df9e3e9397757b17,L06 Alexander,Alexander_2_Outro,14,Kobold,ציפיות זה מעייייייף.
5b4ce4081cac21b5,L06 Alexander,Alexander_2_Outro,15,Kobold,רק עושה את העבודה שלי!
1acd1b8d362287ec,L06 Alexander,Alexander_2_Outro,16,Alexander,אכן כך...
cbbaf40d803468a2,L06 Alexander,Alexander_2_Outro,17,Alexander,ואתה טוב בה.

# ===== Level 7: Ryan (Sunny) =====
# --- intro: Ryan_3_intro ---
49e50c5be7d1583e,L07 Ryan,Ryan_3_intro,2,Kobold,ריאן!
346181d6c9954315,L07 Ryan,Ryan_3_intro,3,Kobold,ברוך שובך!
c1cff3dbff6bfce2,L07 Ryan,Ryan_3_intro,4,Ryan,זה אני.
03810482331af8e2,L07 Ryan,Ryan_3_intro,5,Ryan,שמח להיות פה.
e1a42aae663ccf1f,L07 Ryan,Ryan_3_intro,6,Ryan,באתי לעוד רחיצה.
fc7ed7b68999fdae,L07 Ryan,Ryan_3_intro,7,Ryan,אני...
be0667bb01a8cd65,L07 Ryan,Ryan_3_intro,8,Ryan,לא חשוב. תוכל לפתוח את השער?
20ed966db540aaaf,L07 Ryan,Ryan_3_intro,9,Kobold,"כן, אני פותח לך."
6c0973b0166d3528,L07 Ryan,Ryan_3_intro,10,Kobold,ריאן? אתה בטוח שהכול בסדר...?
8dff101cb2298f67,L07 Ryan,Ryan_3_intro,12,Ryan,"לא, לא ממש."
1990b3ec8cd88a48,L07 Ryan,Ryan_3_intro,13,Ryan,אספר לך עוד מעט. תוכל בינתיים רק לפתוח את השער?
85fec70372b092bb,L07 Ryan,Ryan_3_intro,14,Kobold/Conrad,כן.
33e04b2f805d0e1a,L07 Ryan,Ryan_3_intro,15,Kobold,אוקיי. אבל אני מקווה שאתה בסדר.
f51bead488e14b65,L07 Ryan,Ryan_3_intro,16,Ryan/Conrad/Alexander,תודה.
aac215f048e8ee54,L07 Ryan,Ryan_3_intro,17,Ryan,אני אסתדר.
# --- progress: Ryan_3_required ---
eb256f4dcddfee94,L07 Ryan,Ryan_3_required,1,Ryan,לגבי קודם.
1a17d73907f63be1,L07 Ryan,Ryan_3_required,2,Ryan,לפני כמה ימים...
87a781aa9b0c0136,L07 Ryan,Ryan_3_required,3,Ryan,נפרדתי מבת הזוג שלי...
f68b8d76138a2a69,L07 Ryan,Ryan_3_required,4,Kobold,אוי... אני כל כך מצטער.
d6077ef6cdb59db1,L07 Ryan,Ryan_3_required,5,Kobold,"אוי, ריאן."
d296154ff317814a,L07 Ryan,Ryan_3_required,6,Ryan,זה בסדר. הייתי חייב. היא לא עשתה אותי מאושר.
8a2e2803c1bc2ea7,L07 Ryan,Ryan_3_required,7,Ryan,וגם אני לא עשיתי אותה מאושרת.
d9e1edc2e966ec26,L07 Ryan,Ryan_3_required,8,Ryan,אבל שום הצדקה לא גורמת לזה להרגיש טוב.
769c31039308d04d,L07 Ryan,Ryan_3_required,9,Kobold,אני שמח שהצלחת לבחור במה שהכי טוב בשבילך.
460c50191c964260,L07 Ryan,Ryan_3_required,10,Kobold,אף פעם לא קל לסיים דברים.
8825be71018f7f88,L07 Ryan,Ryan_3_required,11,Ryan,כן. לפחות בזכות זה הכרתי אותך.
3e43d550d0572c10,L07 Ryan,Ryan_3_required,12,Ryan,כן... באמת שלא.
8948d011be56c311,L07 Ryan,Ryan_3_required,13,Ryan,אבל לפחות הכרתי אותך!
e484863d425a58e8,L07 Ryan,Ryan_3_required,14,Kobold,"תודה, ריאן. גם אני שמח שהכרתי אותך"
1af4464c602a423a,L07 Ryan,Ryan_3_required,15,Kobold/Conrad,"אוו, תודה."
e39173e934f56c78,L07 Ryan,Ryan_3_required,16,Ryan,הרחיצות האלה באמת מקלות על הכול.
94f45fc9f39121cd,L07 Ryan,Ryan_3_required,17,Ryan,וחוץ מזה זה מרגיש ממש טוב.
# --- outro: Ryan_3_Outro ---
01e6332ab274c6d3,L07 Ryan,Ryan_3_Outro,1,Ryan,אני די בטוח שזה הכול.
26fef1581467462d,L07 Ryan,Ryan_3_Outro,2,Ryan,תודה. אתה עושה את כל זה הרבה יותר קל לעבור.
021d801f68652852,L07 Ryan,Ryan_3_Outro,3,Kobold,"אתה תמיד מוזמן לכאן, ריאן."
dc18b85912d460dd,L07 Ryan,Ryan_3_Outro,4,Kobold,אתה אחד הלקוחות האהובים עליי!
7ee443bc5e93fadb,L07 Ryan,Ryan_3_Outro,5,Ryan,אתה תמיד גורם לי להרגיש רצוי.
c851929ab3cd9537,L07 Ryan,Ryan_3_Outro,6,Ryan,אוו... תודה. זה מוזר שאני רואה בך...
e0464d0955af808a,L07 Ryan,Ryan_3_Outro,7,Ryan,חבר ממש טוב?
674d9f74349966ca,L07 Ryan,Ryan_3_Outro,8,Kobold,"<size=70%><i>אוה-</i> לא, זה בעצם ממש מגניב."
e2c8744d410cb6f6,L07 Ryan,Ryan_3_Outro,9,Kobold,גם אני רואה בך חבר טוב
29fee2ec355f7967,L07 Ryan,Ryan_3_Outro,10,Ryan,אה- אני שמח!
51200db7892ee7e1,L07 Ryan,Ryan_3_Outro,11,Ryan,אוווי... תודה.
91c56a4e9213a4b0,L07 Ryan,Ryan_3_Outro,12,Ryan,אוקיי. כדאי שארד לך מהקשקשים.
523791f6550c3508,L07 Ryan,Ryan_3_Outro,13,Ryan,"אני אחזור שוב, כן?"
667cadad21e120f0,L07 Ryan,Ryan_3_Outro,14,Kobold,אוקיי! אני הולך לפתוח לך את השער.
18f0197237db4a52,L07 Ryan,Ryan_3_Outro,15,Kobold,מחכה לראות אותך
952d54adb781ab58,L07 Ryan,Ryan_3_Outro,16,Ryan,תודה. נתראה בקרוב.

# ===== Level 8: Conrad (Sunny) | sets DeliveredMountFrame =====
# --- intro: Conrad_Intro_3 ---
c2ce80cda53b3e12,L08 Conrad,Conrad_Intro_3,1,Conrad,"יו, אלוף."
ef92f8b9796dcaad,L08 Conrad,Conrad_Intro_3,2,Kobold,אני... קובולד.
3faf8798d815fbcc,L08 Conrad,Conrad_Intro_3,3,Kobold,היי קונרד.
fe810d1ef6bbca3f,L08 Conrad,Conrad_Intro_3,4,Conrad,אה... כן.
fe59e121f203b436,L08 Conrad,Conrad_Intro_3,5,Conrad,חה. כן. זה אני.
a911f2d8e77038c7,L08 Conrad,Conrad_Intro_3,6,Conrad,"נראה שקיבלת משלוח, הא?"
403e617f71fdbd7d,L08 Conrad,Conrad_Intro_3,7,Conrad,מה היה בארגזים הפתוחים האלה?
2fa26a557574f06d,L08 Conrad,Conrad_Intro_3,8,Kobold,קיבלתי מתקן.
ba689238087b547e,L08 Conrad,Conrad_Intro_3,9,Kobold,זה המתקן שביקשת.
a1d3f8d9c7e16f54,L08 Conrad,Conrad_Intro_3,10,Conrad,"<size=160%>כן, לעזאזל!"
24f5fb4981989960,L08 Conrad,Conrad_Intro_3,11,Conrad,<size=100%>כלומר- מגניב.
086c8ec178979d9b,L08 Conrad,Conrad_Intro_3,12,Conrad,"נו, תכניס אותי! אני רוצה לנסות את הדבר הזה!"
8b742c36f3da7059,L08 Conrad,Conrad_Intro_3,13,Kobold,אוקיי...
3a1b28ba58f06ac8,L08 Conrad,Conrad_Intro_3,14,Kobold,אני הולך לפתוח את השער.
c2ac4efff25192d6,L08 Conrad,Conrad_Intro_3,15,Conrad,אל... תגיד את זה בטון כזה.
faa0b4a641d866a4,L08 Conrad,Conrad_Intro_3,17,Conrad,"יאללה, זזים~!"
f030a371b944e9be,L08 Conrad,Conrad_Intro_3,18,Conrad/Ryan,"בדיוק, לעזאזל!"
# --- phone: Conrad_3_PhoneTutorial ---
eb8e96751da9e008,L08 Conrad,Conrad_3_PhoneTutorial,1,Phone,קיבלנו את בקשתך עבור המתקן!
4369749a5a3394e9,L08 Conrad,Conrad_3_PhoneTutorial,2,Kobold,מה..?
339397c0d1c1f21f,L08 Conrad,Conrad_3_PhoneTutorial,3,Phone,"הוא הגיע הבוקר, הוא אמור להיות ליד השער."
f1968abec4612ffb,L08 Conrad,Conrad_3_PhoneTutorial,4,Phone,"השתמש בלום כדי לפתוח והנח אותו במחסן, בבקשה."
435c7e974ca94c84,L08 Conrad,Conrad_3_PhoneTutorial,6,Phone,נפלא. שיהיה לך יום <i>פורה</i>.
# --- idle: Conrad_idle_3_1 ---
37950c8a8db90865,L08 Conrad,Conrad_idle_3_1,1,Conrad,"אם תציב לי את המתקן, אני אעלה עליו."
8f224115163c0dbe,L08 Conrad,Conrad_idle_3_1,2,Conrad,"יו, תעביר ידיים על הזין שלי- זה מרגיש טוב!"
785bfdcdb6a67739,L08 Conrad,Conrad_idle_3_1,3,Conrad,"אז אממ, אכפת לך לפתוח את השער?"
# --- idle: Conrad_idle_3_2 ---
c1dc3477631255b7,L08 Conrad,Conrad_idle_3_2,1,Conrad,מוצא חן בעיניי המתקן שבחרת. אכפת לך להביא אותו?
4557c47a615d9810,L08 Conrad,Conrad_idle_3_2,2,Conrad,אזזזז. אתה מתכוון להוריד לי ביד?
7e079188b55eb03d,L08 Conrad,Conrad_idle_3_2,3,Conrad,תודה על זה. הרגיש טוב רצח.
# --- jerkoff: Conrad_started_jerkoff_3 ---
ccd88381d07a0b21,L08 Conrad,Conrad_started_jerkoff_3,1,Conrad,"אה כן, ככה זה.. תמשיך."
# --- cum: Conrad_finished_jerkoff_3 ---
10069c101bcc95c1,L08 Conrad,Conrad_finished_jerkoff_3,1,Conrad,...!
82d37703a9140210,L08 Conrad,Conrad_finished_jerkoff_3,2,Conrad,"לעזאזל, אתה יודע להשתמש בידיים."
95be71f702fae4a6,L08 Conrad,Conrad_finished_jerkoff_3,5,Kobold,חה... <size=70%> כן.
b60c2f975eedb833,L08 Conrad,Conrad_finished_jerkoff_3,6,Kobold,ברור שכן. אני <i>מקצוען</i>.
f9e0d3cba1f3548e,L08 Conrad,Conrad_finished_jerkoff_3,7,Conrad,תמיד טוב כשקובולד יודע מה הוא אוהב.
0eb2a1e25a35e85e,L08 Conrad,Conrad_finished_jerkoff_3,8,Conrad,גם אני מקצוען.
83d081eadc40b86b,L08 Conrad,Conrad_finished_jerkoff_3,10,Conrad,בלקבל ביד.
# --- cum: Conrad_Outro_3 | if $conrad_jerked_off_3 $conrad_used_mount_3 ---
6f64e0cc9b162541,L08 Conrad,Conrad_Outro_3,1,Conrad,"יו, אז. חשבתי לי"
dd5acacdb6c59489,L08 Conrad,Conrad_Outro_3,2,Conrad,אולי קצת מוזר לשאול עכשיו. אבלללל.
7f39f874a107d858,L08 Conrad,Conrad_Outro_3,3,Conrad,"אתה מכיר מקומות מגניבים, אנשים, שאפשר להסתובב איתם?"
df48dbfe82678dea,L08 Conrad,Conrad_Outro_3,4,Kobold,"<gradient=""gold""><b> אני מכיר דרקון, ריאן. לחבר ביניכם? </b></gradient><size=70%>(פותח התנסות של קונרד וריאן או רומן עם ריאן)"
7b870878852ee72d,L08 Conrad,Conrad_Outro_3,5,Kobold,"<gradient=""gold""><b> לא הייתי מתנגד לבלות יחד... </b></gradient><size=70%> (פותח רומן עם קונרד)"
ac6820f366b18b44,L08 Conrad,Conrad_Outro_3,6,Conrad,עוד דרקון? בדרך כלל אני לא ממש מסתדר...
de6f58682bdaacf9,L08 Conrad,Conrad_Outro_3,7,Kobold,"אה, לא. ריאן הוא מתוק."
d4185d9f80a34228,L08 Conrad,Conrad_Outro_3,8,Kobold,"אל תדאג, הוא ממש נחמד."
9df619228ba627fc,L08 Conrad,Conrad_Outro_3,9,Conrad,אוקיי. אז אני חושב שהייתי רוצה לנסות.
d88679eede302f8e,L08 Conrad,Conrad_Outro_3,10,Kobold,אני אדאג לשאול אותו בפעם הבאה שאראה אותו.
7984d45df6290f6c,L08 Conrad,Conrad_Outro_3,11,Kobold,נראה לי שהוא יאהב את הגרסה החדשה שלך!
bf35fcb679c816dd,L08 Conrad,Conrad_Outro_3,12,Conrad,תודה לך. אני ממש אעריך את זה
d32db8ee98680d0f,L08 Conrad,Conrad_Outro_3,13,Conrad,אני מקווה. אני ממש רוצה התחלה חדשה עם מישהו.
8623a4b26a9521d8,L08 Conrad,Conrad_Outro_3,14,Conrad,אבל כנראה שאני צריך לזוז.
30dcd5391100eeba,L08 Conrad,Conrad_Outro_3,15,Conrad,תודה על ההצעה!
f1ad7345d30997b4,L08 Conrad,Conrad_Outro_3,16,Kobold,אין צורך בתודות. אני פותח את השער.
404cba15a4acdcfe,L08 Conrad,Conrad_Outro_3,17,Kobold,כמובן.
8bf9f7d2ecce0105,L08 Conrad,Conrad_Outro_3,18,Conrad,אוווו.
8929fe2569ae7455,L08 Conrad,Conrad_Outro_3,19,Conrad,נראה לי שהייתי שמח!
2358a2257260501f,L08 Conrad,Conrad_Outro_3,20,Conrad,אתה די שווה.
c650e0aadadba99c,L08 Conrad,Conrad_Outro_3,21,Conrad,...וגם נחמד.
296f2ab03f8676ef,L08 Conrad,Conrad_Outro_3,23,Kobold,גם אני חושב שאתה מיוחד.
17cf3cc7179b6817,L08 Conrad,Conrad_Outro_3,24,Conrad,זו... הפעם הראשונה שעשית לי יפ.
c2599750a4dd9247,L08 Conrad,Conrad_Outro_3,25,Kobold,זה אומר 'אתה עושה עבודה טובה' בקובולדית.
6f2ff920e860570d,L08 Conrad,Conrad_Outro_3,26,Conrad,אה... חה. אני אוהב את זה.
8b7bdfb88553e72f,L08 Conrad,Conrad_Outro_3,27,Conrad,נעים לי לשמוע את זה.
e8ae0da9edb0a314,L08 Conrad,Conrad_Outro_3,28,Conrad,אז. מה דעתך על דייט?
781cbcfcd7920f3f,L08 Conrad,Conrad_Outro_3,29,Kobold,זה מהיר... אבל נראה לי שכן!
5f9a2b795615ba6a,L08 Conrad,Conrad_Outro_3,30,Kobold,כן.
508f3cf175389841,L08 Conrad,Conrad_Outro_3,31,Conrad,נראה לי שהייתי רוצה לנסות!
c282dd1133ff96d4,L08 Conrad,Conrad_Outro_3,32,Conrad,אוקיי! אז אני אחזור אחר כך.
bfc65061708379d6,L08 Conrad,Conrad_Outro_3,33,Kobold,"<size=70%><i> אלוהים אדירים, בדיוק סגרתי דייט עם דרקון."
cf78ef26075ae223,L08 Conrad,Conrad_Outro_3,34,Kobold,בטח! אני פותח את השער.
6b8aa4fb55221728,L08 Conrad,Conrad_Outro_3,35,Conrad,הממ?
c395eb5878798c08,L08 Conrad,Conrad_Outro_3,36,Kobold,אה! כלום. אני פותח את השער.
102e28eb7d17c7dd,L08 Conrad,Conrad_Outro_3,37,Conrad,"אה, אוקיי. תודה."
ca518354e1f14735,L08 Conrad,Conrad_Outro_3,38,Conrad,"אוקיי, תודה."
# --- cum: Conrad_finished_jerkoff_3 ---
5dffcc40132f0ec4,L08 Conrad,Conrad_finished_jerkoff_3,11,Conrad,עכשיו אני שם עין על המתקן...
45c2b89acdcfd55d,L08 Conrad,Conrad_finished_jerkoff_3,12,Conrad,תן לי לנסות אותו!
57725c300be82fa5,L08 Conrad,Conrad_finished_jerkoff_3,13,Kobold,אה אוקיי. אני הולך להביא אותו.
1976e7477a26b680,L08 Conrad,Conrad_finished_jerkoff_3,14,Kobold/Ryan,בטח!
9e50b8e48f012f1f,L08 Conrad,Conrad_finished_jerkoff_3,15,Conrad,"כן, לעזאזל"
# --- mount_start: Conrad_placed_mount_3 ---
b9778eb1fe076168,L08 Conrad,Conrad_placed_mount_3,1,Conrad,חה! הנה המתקן!
86b1b615d536c6c9,L08 Conrad,Conrad_placed_mount_3,2,Conrad,אז<size=90%>ז<size=80%>ז<size=70%>ז<size=60%>ז... <size=100%>אני לא מלוכלך. אבל אני כן <i>~מלוכלך~</i> אתה מבין?
449244744c8bbd8a,L08 Conrad,Conrad_placed_mount_3,3,Kobold,אז באת רק כדי ל...
f8c28806b84cad3d,L08 Conrad,Conrad_placed_mount_3,4,Kobold,כן. הוא לא היה יקר מדי.
cd4ecc87775c0780,L08 Conrad,Conrad_placed_mount_3,5,Conrad,"לזיין משהו ואז לקבל ביד, בתקווה."
01e3f480dfe7930d,L08 Conrad,Conrad_placed_mount_3,6,Conrad,לקבל ביד ולזיין את המתקן הזה.
7f9240260973e0ce,L08 Conrad,Conrad_placed_mount_3,7,Kobold,אתה... ישיר מאוד.
e0b48878cb57c01f,L08 Conrad,Conrad_placed_mount_3,8,Conrad,ברור שכן! אני יודע שאני מאוד...
1bd882b6a6343777,L08 Conrad,Conrad_placed_mount_3,9,Conrad,מגניב.
557321787688acff,L08 Conrad,Conrad_placed_mount_3,11,Conrad,בכל מקרה. אני הולך להשתמש בדבר הזה עכשיו!
78e9c032e409d82d,L08 Conrad,Conrad_placed_mount_3,12,Conrad,"חה, יופי. בוא נחנוך את הדבר הזה!"
# --- mount_finish: Conrad_finished_mount_3 ---
81b18a3cc2f69ea7,L08 Conrad,Conrad_finished_mount_3,1,Conrad,פששש.
748b06c5c3f0552b,L08 Conrad,Conrad_finished_mount_3,2,Conrad,זה.
e92da2c203110197,L08 Conrad,Conrad_finished_mount_3,3,Conrad,זה הרגיש <i>טוב</i>.
bcd00a8f7b94c7f1,L08 Conrad,Conrad_finished_mount_3,4,Kobold,ממש נתת בראש.
67d7d2492d388d84,L08 Conrad,Conrad_finished_mount_3,5,Kobold,נראה שנהנית.
65e7a40050eb4acf,L08 Conrad,Conrad_finished_mount_3,6,Conrad,אני תמיד נהנה~
5c9126f1405a306c,L08 Conrad,Conrad_finished_mount_3,7,Conrad,"ברור שנהניתי, לעזאזל!"
d45c21a765584d3b,L08 Conrad,Conrad_finished_mount_3,8,Kobold,זה טוב... ועכשיו מה?
ae7bb31b012d1f51,L08 Conrad,Conrad_finished_mount_3,9,Conrad,"עכשיו, סיבוב שני!"
18b0b44df315e792,L08 Conrad,Conrad_finished_mount_3,10,Kobold,שוב...?
f395d053e5dcf326,L08 Conrad,Conrad_finished_mount_3,11,Conrad,"לא לא, אתה מנקה מוסמך, נכון?"
5117686f8d936e47,L08 Conrad,Conrad_finished_mount_3,12,Conrad,זה אומר שאתה יודע לעבוד עם הידיים!
a441237f7aea8d53,L08 Conrad,Conrad_finished_mount_3,13,Kobold,אוה. <size=70%>אוקיי.
d2e773775c5bf598,L08 Conrad,Conrad_finished_mount_3,14,Kobold,נכון. אני ניגש לזה.
d126a37255fb8144,L08 Conrad,Conrad_finished_mount_3,15,Conrad,חה. כן. <size=70%><i>מגניב שבבית הספר לניקיון לומדים להוריד ביד לדרקונים...
fba1924f5f79713e,L08 Conrad,Conrad_finished_mount_3,16,Conrad,"טוב, בהצלחה בלהקיף את כולי בידיים."
# --- mount_finish: Conrad_OutroDirty ---
9b363afaa9dc8a5f,L08 Conrad,Conrad_OutroDirty,1,Conrad,אני עדיין מלוכלך לגמרי!
44aa54eec876d22e,L08 Conrad,Conrad_OutroDirty,2,Kobold,"אופס, אשמתי"
85d8ae405abc5722,L08 Conrad,Conrad_OutroDirty,3,Kobold,אופס
# --- mount_finish: Conrad_OutroSoapy ---
d7bb84bfc322967e,L08 Conrad,Conrad_OutroSoapy,1,Conrad,אני עדיין מלא סבון!
# --- mount_finish: ErrorHasOccurred ---
9241fa9324783298,L08 Conrad,ErrorHasOccurred,1,ErrorHasOccurred,"אוי חרא, משהו השתבש"
fbc99d34c317d087,L08 Conrad,ErrorHasOccurred,2,ErrorHasOccurred,אם אתה רואה את זה תקרא לנאל או תשלח דיווח על תקלה
be7e08152c8d1556,L08 Conrad,ErrorHasOccurred,3,ErrorHasOccurred,סליחה!
# --- mount_finish: Conrad_Outro | if $conrad_jerked_off_3 $conrad_used_mount_3 ---
c571db95fc1e4f78,L08 Conrad,Conrad_Outro,4,Conrad,"אהה, נקי לגמרי ועם מטען הרבה יותר קל."
e374c1b3adfa0cf8,L08 Conrad,Conrad_Outro,5,Conrad,"תודה אחי, אז נתראה מחר."

# ===== Level 9: Alexander (Sunny) =====
# --- intro: Alexander_3_intro ---
36cd0d2b83086eeb,L09 Alexander,Alexander_3_intro,1,Alexander/Conrad,שלום לך.
bc15783521246457,L09 Alexander,Alexander_3_intro,2,Kobold/Alexander,אלכסנדר!
3cbf350078abb1bf,L09 Alexander,Alexander_3_intro,3,Kobold,"היי, ברוך שובך!"
516ad83185e96dfb,L09 Alexander,Alexander_3_intro,4,Alexander,"חחח, אכן. שמח לראותך."
f1d9c9797985d9a2,L09 Alexander,Alexander_3_intro,5,Alexander,שמח לשוב.
9f59b5e841a0d2ad,L09 Alexander,Alexander_3_intro,6,Alexander,דומה שהתכסיתי כולי בדיו!
fda3c419d5174cb2,L09 Alexander,Alexander_3_intro,7,Alexander,"נורא ואיום, הלא כן?"
b5d76009b084e709,L09 Alexander,Alexander_3_intro,8,Kobold,"ובכן, בשביל זה אני כאן!"
4f921c2b968fe884,L09 Alexander,Alexander_3_intro,9,Kobold,"וואו, אתה באמת מכוסה בזה!"
256ae0739ddd2dbc,L09 Alexander,Alexander_3_intro,10,Alexander,אכן! אתה הקובולד היחיד שאני חפץ שירחץ אותי כעת.
f114f26d23d53dc1,L09 Alexander,Alexander_3_intro,11,Kobold,"אוו, תודה לך אלכסנדר."
1f01b93ae3777189,L09 Alexander,Alexander_3_intro,12,Kobold,ומה עם הרוחצים הפרטיים שלך?
92b7fef7172975fa,L09 Alexander,Alexander_3_intro,13,Alexander,כמובן! אתה מנהל מוסד משובח.
df2a4df0381808af,L09 Alexander,Alexander_3_intro,14,Alexander,אין לך מה לדאוג. איגוד הרוחצים... חזק ממני.
1bdc19a56262fbc5,L09 Alexander,Alexander_3_intro,15,Alexander,<size=70%>הם עדיין מקבלים ממני משכורת.
b0134babb7e75550,L09 Alexander,Alexander_3_intro,16,Alexander,תירוץ טוב למדי לראות את הקובולד האהוב עליי.
7d926d6395419270,L09 Alexander,Alexander_3_intro,17,Kobold,אוו... תודה!
6ad0fe6dcc2efa30,L09 Alexander,Alexander_3_intro,19,Alexander,"כמובן, אתה מנהל מוסד משובח."
f38b3b8fcf6bf031,L09 Alexander,Alexander_3_intro,20,Alexander,מה? אין כל רע במחמאה כנה!
350955b9410d95a5,L09 Alexander,Alexander_3_intro,21,Kobold,לא ציפיתי שתהיה טיפוס מלוכלך כל כך!
3cf6fd8e7e50386c,L09 Alexander,Alexander_3_intro,22,Kobold,איך יצא שאתה מכוסה בדיו?
5d2cee363540fc7a,L09 Alexander,Alexander_3_intro,23,Alexander,אני... הממ.
26b3089f5ee4a463,L09 Alexander,Alexander_3_intro,24,Alexander,<i>נדמה לי </i> ששפכתי קסת דיו <i>בדרך לכאן</i>. מגושם מצדי!
7f1cf0605a577a0a,L09 Alexander,Alexander_3_intro,25,Kobold,"'נדמה לי', 'בדרך לכאן'? אז לא היית מכוסה בדיו לפני כן..."
b356a126e4318643,L09 Alexander,Alexander_3_intro,26,Alexander/Kobold/Ryan,הו.
cd5592e5e3140daa,L09 Alexander,Alexander_3_intro,27,Alexander,נכון.
2a0200c46ee1b662,L09 Alexander,Alexander_3_intro,29,Alexander,האמת היא שהתלכלכתי כדי לבוא לכאן.
b4d680dde83d7847,L09 Alexander,Alexander_3_intro,30,Kobold,אוווו. אתה לא צריך להיות מכוסה בדיו כדי להגיד שלום!
42d72aa4b0b39750,L09 Alexander,Alexander_3_intro,31,Kobold,אה! אז כדאי שאכניס אותך. אני הולך לפתוח את השער.
9eb8cd756595cf24,L09 Alexander,Alexander_3_intro,32,Alexander,באמת?
5f9846717183dcc1,L09 Alexander,Alexander_3_intro,33,Alexander,אזכור זאת. אני רגיל שהכול מתנהל כעסקה.
2ea5b920a0a9a519,L09 Alexander,Alexander_3_intro,34,Kobold,אני תמיד שמח לראות אותך. אני הולך לפתוח לך את השער.
# --- progress: Alexander_3_required ---
a59f7f35644dcdbb,L09 Alexander,Alexander_3_required,1,Alexander,פרופסור איגוויקס- עמיתי שהעלה את עצמו באש קודם לכן.
10b4110dad07d576,L09 Alexander,Alexander_3_required,2,Alexander,הוא כבר שב לעבודה. תודה על העזרה בכל זה.
b8baebdff88a847f,L09 Alexander,Alexander_3_required,3,Kobold,"כן, זה היה מפחיד בהתחלה."
a2aff5b173ae96bb,L09 Alexander,Alexander_3_required,4,Kobold,"אה, יופי. אני שמח שהוא בסדר."
4b29556a255aea95,L09 Alexander,Alexander_3_required,5,Alexander,"למרבה המזל, מוות מהתלקחות ספונטנית הוא מושג שצמצמנו לחלוטין בעולם המודרני."
ababfd6e7703460e,L09 Alexander,Alexander_3_required,6,Alexander,אכן. אני שמח שיכולת לסייע.
69f278cd5a2eb111,L09 Alexander,Alexander_3_required,7,Alexander,...מוזר להיות מסוגל לדבר בחופשיות כזו עם מישהו.
6221337862dcba2c,L09 Alexander,Alexander_3_required,8,Alexander,אני חש כאילו יכולתי לומר לך כל דבר.
cecec36c55a564ee,L09 Alexander,Alexander_3_required,9,Kobold,כל דבר?
7dbde0758389bd7b,L09 Alexander,Alexander_3_required,11,Alexander,כן. מרענן כל כך להיות גלוי לב.
9bc918ab274337a8,L09 Alexander,Alexander_3_required,12,Alexander,משום מה זה מרגיש כן יותר מכל דבר שאחרים אומרים.
35af415ffcb7f757,L09 Alexander,Alexander_3_required,13,Alexander,אמור לי...
c66fb72552f1fa4c,L09 Alexander,Alexander_3_required,14,Alexander,יש לי שאלה.
bbff7b98d6da7061,L09 Alexander,Alexander_3_required,15,Kobold,מה היא?
834032dfb827138e,L09 Alexander,Alexander_3_required,16,Kobold,מה קורה?
71291e2e0c7ce300,L09 Alexander,Alexander_3_required,17,Alexander,התוכל לשאול <i>אותי</i> שאלה?
c8ac7dce03b1b9b7,L09 Alexander,Alexander_3_required,18,Kobold,למה אתה מתכוון?
10f232e68c0c0443,L09 Alexander,Alexander_3_required,19,Kobold,איזו מין שאלה?
5956cbc43e2c8c2b,L09 Alexander,Alexander_3_required,20,Alexander,אני פשוט מבקש שתשאל אותי שאלה. כל שאלה.
7bf3b1fff483809e,L09 Alexander,Alexander_3_required,21,Alexander,כל דבר. אני פשוט סקרן.
# --- progress: Alexander_questions ---
9da08a79c3f86ee0,L09 Alexander,Alexander_questions,1,Kobold,איך זה ללמד?
337d9f85511815eb,L09 Alexander,Alexander_questions,2,Kobold/Alexander,אתה אוהב סגול?
70523c9a506d9676,L09 Alexander,Alexander_questions,3,Kobold,אתה אוהב להיות גדול?
3fbd83d375d6fa05,L09 Alexander,Alexander_questions,4,Kobold,מה הטעם של המספר שבע?
767b6d6bdc5b806a,L09 Alexander,Alexander_questions,5,Kobold,מה אתה חושב עליי?
8ed9fdad93b0f690,L09 Alexander,Alexander_questions,6,Kobold,אתה מאושר?
e5263ec7185a5166,L09 Alexander,Alexander_questions,7,Kobold,סמל האצולה שלך מגניב. מה הוא?
bc116106c2929c42,L09 Alexander,Alexander_questions,8,Kobold,זה כל מה שרציתי לשאול.
a04d5511812a415b,L09 Alexander,Alexander_questions,9,Alexander,זהו חלומי.
6861f7c274e3de2c,L09 Alexander,Alexander_questions,10,Alexander,אני נהנה להיות חלק מחייהם של כה רבים בדרך חיובית.
8743d170a315e668,L09 Alexander,Alexander_questions,11,Alexander,...מאיים לדעת עד כמה הם מעריצים אותי.
7aebce70febcfb8c,L09 Alexander,Alexander_questions,12,Alexander,ולא רק מבחינת הגובה.
0ad864ff0c0b3f21,L09 Alexander,Alexander_questions,13,Kobold,אילו שיעורים אתה מלמד?
24244e96851180ca,L09 Alexander,Alexander_questions,14,Kobold,אתה מהווה דוגמה טובה.
f58328ac8301872f,L09 Alexander,Alexander_questions,15,Alexander,בעיקר אלכימיה. לעתים היסטוריה עולמית.
771e997edf959694,L09 Alexander,Alexander_questions,16,Alexander,אני מנסה להיכנס גם למדעי החברה.
9986ef8860d34d9e,L09 Alexander,Alexander_questions,17,Alexander,זה בדיוק מה שמפחיד.
e947bbc260ec1dad,L09 Alexander,Alexander_questions,18,Alexander,נעים לי שבקרבתך אינני חושש מכישלון.
818a4fe04a76ce19,L09 Alexander,Alexander_questions,19,Alexander,אתה שואל משום שאני בגוון לבנדר?
54a1b0b8e5f6fa32,L09 Alexander,Alexander_questions,20,Kobold,כן.
046427d028c69e4b,L09 Alexander,Alexander_questions,21,Kobold,לא ממש.
b849ed1e855cd6f5,L09 Alexander,Alexander_questions,22,Alexander,"ובכן, אני אכן אוהב את הצבע. אך סבורני שאין לכך קשר לגוון עורי."
bbb1e1b8cec716b3,L09 Alexander,Alexander_questions,23,Alexander,אני אכן אוהב את הצבע. אם כי סבורני שאין לכך קשר לגוון שלי.
525ba3c4a2511183,L09 Alexander,Alexander_questions,27,Alexander,הו. יפה.
3885f7429496059d,L09 Alexander,Alexander_questions,29,Alexander,הו. בסדר.
8133434681c5d0c2,L09 Alexander,Alexander_questions,31,Alexander,זו שאלה שקשה להשיב עליה.
a3e6072e41a2ff07,L09 Alexander,Alexander_questions,32,Alexander,אני נהנה מחלקים ממנו. הכבוד נעים...
b1ca0efdea534b71,L09 Alexander,Alexander_questions,33,Alexander,"אולם, הכבוד הזה מגיע עם ציפייה שאתנהג כפי שאני נראה. זה מלחיץ להפליא."
186edb7d24ea9459,L09 Alexander,Alexander_questions,34,Kobold,לידי אתה יכול להתנהג איך שבא לך.
1a6be1fd03e5ae6f,L09 Alexander,Alexander_questions,35,Kobold,אני מחבב אותך בזכות מי שאתה.
08063aff652b7108,L09 Alexander,Alexander_questions,36,Alexander,נחמד למדי מצדך לומר זאת.
4f9390dd28090827,L09 Alexander,Alexander_questions,37,Alexander,ברצוני להיות פתוח יותר. זה מרגיש טוב.
b38834ce4594ad5c,L09 Alexander,Alexander_questions,38,Alexander,ליים צהוב.
5f6bb166b079c336,L09 Alexander,Alexander_questions,39,Kobold,לא יכול להיות.
aac4af2b645cf88e,L09 Alexander,Alexander_questions,40,Kobold,כאילו... לימון?
0ee250681eda1a08,L09 Alexander,Alexander_questions,41,Alexander,'כן יכול להיות'. אין דבר שאני בטוח בו יותר.
b83a1658171971d7,L09 Alexander,Alexander_questions,42,Alexander,לא. ליים שהוא צהוב.
a87e0094e62cb429,L09 Alexander,Alexander_questions,43,Kobold,אתה הפרופסור כאן. אז אתה בטח צודק.
e154199e27c1d4a3,L09 Alexander,Alexander_questions,45,Alexander,"זהו כשל של הפנייה לסמכות. אך אכן, אני צודק."
0c137b35abd3f637,L09 Alexander,Alexander_questions,47,Alexander,אתה...
d4efe0db738b52b5,L09 Alexander,Alexander_questions,48,Alexander,אנומליה.
55c3e5daec20a64d,L09 Alexander,Alexander_questions,49,Kobold,הא?
2c291db1ddbe2b9d,L09 Alexander,Alexander_questions,50,Kobold,זה דבר טוב...?
df2bc10ba434d57e,L09 Alexander,Alexander_questions,51,Alexander,במובן שאתה ייחודי.
019d328b739d99e6,L09 Alexander,Alexander_questions,52,Kobold,במובן הטוב?
c2667b3b3dc54c1a,L09 Alexander,Alexander_questions,53,Kobold,במובן הרע?
4f9b4a3cd9b0261a,L09 Alexander,Alexander_questions,54,Alexander,כמובן! אתה נפלא.
ebb1884c75b23e27,L09 Alexander,Alexander_questions,55,Alexander,בחיי הכוכבים! לא לא. אתה מצוין.
3b2c32e616b24822,L09 Alexander,Alexander_questions,56,Alexander,אכן. נעים מאוד להיות בחברתך.
7e6a62b6d8659273,L09 Alexander,Alexander_questions,57,Alexander,אתה הראשון שפגשתי שכל ציפייתו ממני היא שאהיה...
c48241cd21bb0d91,L09 Alexander,Alexander_questions,58,Alexander,אני.
5a4d28241178ab01,L09 Alexander,Alexander_questions,59,Alexander,אני כן.
216bb6e650af4cfc,L09 Alexander,Alexander_questions,60,Alexander,סבורני שזה בחלקו בזכותך.
91ff270d6aaba6a4,L09 Alexander,Alexander_questions,61,Kobold,אבל אני רק הרוחץ שלך?
f06f453ab3d6251f,L09 Alexander,Alexander_questions,62,Kobold,זה מתוק מאוד.
8c2bdfa25fbde4ed,L09 Alexander,Alexander_questions,63,Alexander,"אני יודע. אך היכולת להיפתח בפני מישהו, ולו לעתים-"
61639ef55caefda4,L09 Alexander,Alexander_questions,64,Alexander,היא עושה פלאים.
22c1ab2eb72e5b44,L09 Alexander,Alexander_questions,66,Alexander,"היכולת להיפתח בפני מישהו, ולו לעתים..."
439d8da114ab9162,L09 Alexander,Alexander_questions,68,Alexander,תודה לך על כך.
33d3f6495bad4d3c,L09 Alexander,Alexander_questions,69,Alexander,"הו, הסמל שסביב ראשי?"
91d69b4f1f9739cb,L09 Alexander,Alexander_questions,70,Alexander,רבים סבורים שהוא חלק מגופי.
dd0f2ff5e303f61a,L09 Alexander,Alexander_questions,71,Alexander,"אולם, הוא קישוטי! סמל משפחתי. ראה..."
7271f9e9b21e5401,L09 Alexander,Alexander_questions,72,Alexander,ההיסטוריה הדרקונית מורכבת. סמלי נוי <size=85%> נענדים לא אחת <size=70%> בידי דרקונים כדי <size=55%>לציין לאיזו משפחה הם משתייכים! <size=40%> זהו סימן מרתק למורשתם התרבותית <size=35%> והמשפחתית. תהיתי לא פעם אם עליי להוסיף לענוד את שלי. <size=20%> אך קשרי תרבות ומשפחה נחשבים חשובים במסורת הדרקונים! ולכן עליי לדבוק בדברים שכאלה. <size=10%> מים. אדמה. אש. אוויר. לפני שנים רבות חיו ארבע האומות יחדיו בהרמוניה. ואז הכול השתנה כשאומת האש תקפה.
0006b6926947b91b,L09 Alexander,Alexander_questions,74,Kobold,אתה יכול לחזור על זה?
b6d573339ec0b66b,L09 Alexander,Alexander_questions,75,Alexander,"אה, סליחה, אני נלהב מדברים שכאלה."
9909f3ea3dffb93e,L09 Alexander,Alexander_questions,76,Alexander,אני שמח שהסמל שלי מוצא חן בעיניך.
e5bccc3a053371ce,L09 Alexander,Alexander_questions,77,Alexander,...לא
# --- progress: Alexander_3_required_end | if $has_asked_question ---
c225b2626bb24d2c,L09 Alexander,Alexander_3_required_end,1,Alexander,תודה ששאלת. נעים שנשאלות שאלות אישיות.
# --- jerkoff: Alexander_3_JerkOff_Start ---
8342e51e14980481,L09 Alexander,Alexander_3_JerkOff_Start,1,Alexander,אלי הטוב- לא ציפיתי שתהיה כה... מעורב בידיים
ce664ef00487ef78,L09 Alexander,Alexander_3_JerkOff_Start,2,Alexander,<size=70%><i>אל נא תהסס להמשיך-</i>
# --- cum: Alexander_3_Cum ---
85503a54fcc74839,L09 Alexander,Alexander_3_Cum,1,Alexander,אונף. ז-זה היה... חסר כבוד למדי.
afa89c59eece65b9,L09 Alexander,Alexander_3_Cum,2,Alexander,<size=70%><i>אך זה היה נעים... תודה לך.
# --- outro: Alexander_3_Outro ---
d96b34ffac75e750,L09 Alexander,Alexander_3_Outro,1,Alexander,אני <i>נקי לחלוטין</i>.
6dae153117be9e8a,L09 Alexander,Alexander_3_Outro,2,Kobold,אני אף פעם לא מפספס כתם.
941f66ab23bc1b9b,L09 Alexander,Alexander_3_Outro,4,Alexander,אני יודע היטב. לניקיון יסודי יש תחושה ייחודית!
4598878b44333749,L09 Alexander,Alexander_3_Outro,5,Alexander,זה מה שאני אוהב לשמוע.
7ea92f17440d2fae,L09 Alexander,Alexander_3_Outro,6,Alexander,אשוב שוב. נעים שיש לי אותך כידיד.
7bbef8475c6cdff7,L09 Alexander,Alexander_3_Outro,7,Kobold,מחכה לראות אותך בקרוב.
17d54d35bc089567,L09 Alexander,Alexander_3_Outro,8,Kobold,אני שמח שנוח לך כאן.

# ===== Level 10: Ryan (Sunny) | ends PicnicCompleted =====
# --- intro: Ryan_4_intro ---
379060351b7eda00,L10 Ryan,Ryan_4_intro,1,Ryan,<b><i><size=130%>האם הצעת את ריאן לקונרד?
8a798890fe938171,L10 Ryan,Ryan_4_intro,2,Kobold,כן
9390298f3fb0c5b1,L10 Ryan,Ryan_4_intro,3,Kobold,לא
578f5563ae25f1ce,L10 Ryan,Ryan_4_intro,4,Kobold,וואו... מה זה בפה שלך?
c03386d6c9efb92a,L10 Ryan,Ryan_4_intro,5,Kobold,"היי ריאן, מה יש לך שם?"
d85dcd17cab55fde,L10 Ryan,Ryan_4_intro,6,Ryan,סתל פיקניק-
b9c2f8ae41c83ebe,L10 Ryan,Ryan_4_intro,7,Ryan,קתה לי לדבר.
696058e475fae76a,L10 Ryan,Ryan_4_intro,8,Ryan,תכנית אותי?
1f843189eaccc2b6,L10 Ryan,Ryan_4_intro,9,Kobold,אה! אוקיי. אני פותח את השער!
9cc8b0255238b35e,L10 Ryan,Ryan_4_intro,10,Kobold,"בטח, אני מטפל בזה מיד."
1facde273315d636,L10 Ryan,Ryan_4_intro,11,Ryan,תודה!
# --- picnic: Ryan_egg_dialog | if $food_number ---
ff7696a47d0cd4ed,L10 Ryan,Ryan_egg_dialog,1,Kobold,אלוהים אדירים חשבתי שהביצה היא לקישוט.
76dddaed85a8d844,L10 Ryan,Ryan_egg_dialog,2,Kobold,איזו מין ביצה זו הייתה?
9fe69182b150b8b1,L10 Ryan,Ryan_egg_dialog,3,Ryan,הא? ברור שלא!
f5d2571561dba2b0,L10 Ryan,Ryan_egg_dialog,4,Ryan,אה. אתה לא רגיל לאכול אותן שלמות.
718beb6db0dae659,L10 Ryan,Ryan_egg_dialog,5,Ryan,זו הדרך הכי טובה לאכול אותן!
c03f60d1d7bd67e5,L10 Ryan,Ryan_egg_dialog,6,Ryan,אממ...
4a7cf2bb1bd01e0b,L10 Ryan,Ryan_egg_dialog,7,Ryan,כחולה...?
640cee0646ecb66c,L10 Ryan,Ryan_egg_dialog,8,Ryan,אני לא ממש בטוח. היא הייתה במבצע בווינגקו.
f887a50c6f7d1edc,L10 Ryan,Ryan_egg_dialog,9,Ryan,אבל היה לה טעם ממש טוב!
# --- picnic: ryan_food_dialogue ---
8b555a411ea346ec,L10 Ryan,ryan_food_dialogue,1,Ryan,אז... חשבתי על מערכות היחסים שלי.
03e1d33ec4a7f6e8,L10 Ryan,ryan_food_dialogue,2,Kobold,באיזה מובן?
f1676448791feef6,L10 Ryan,ryan_food_dialogue,3,Ryan,"כאילו, העתיד של מערכות היחסים שלי."
9d2e28c9ae2ed8b4,L10 Ryan,ryan_food_dialogue,4,Ryan,אני די מתרגש.
91b32d6180935501,L10 Ryan,ryan_food_dialogue,5,Kobold,"טוב, אתה שידוך מטורף."
e5d632fba39e2f0f,L10 Ryan,ryan_food_dialogue,6,Kobold,אני מתרגש בשבילך!
d228097b23b352e6,L10 Ryan,ryan_food_dialogue,7,Ryan,אוי אתה. עוד רגע אני מסמיק.
d94d7310f7d31a45,L10 Ryan,ryan_food_dialogue,9,Ryan,ממש מצפה להכיר אנשים חדשים.
1121175da09c0008,L10 Ryan,ryan_food_dialogue,10,Ryan,"עכשיו, עוד אוכל?"
6ebac8131d5267ac,L10 Ryan,ryan_food_dialogue,11,Ryan,הממ...
d2c7e6789d89f523,L10 Ryan,ryan_food_dialogue,13,Ryan,חשבתי לי.
67c0ce6aff865e1c,L10 Ryan,ryan_food_dialogue,14,Ryan,קשה למצוא אנשים שהם מחוץ לבועה הנוכחית שלי.
d7f23a9907b74860,L10 Ryan,ryan_food_dialogue,15,Ryan,"כאילו, אני אוהב את מי שסביבי, אבל יש שם הרבה מטען."
99daac47d7b305f6,L10 Ryan,ryan_food_dialogue,16,Ryan,אתה מבין?
1b4b607607b8c988,L10 Ryan,ryan_food_dialogue,17,Kobold,הגיוני.
dfcb7cbdb552d8f5,L10 Ryan,ryan_food_dialogue,18,Kobold,"אני מבין למה אתה מרגיש ככה אחרי פרידה, כן."
f574c59b56179de8,L10 Ryan,ryan_food_dialogue,19,Ryan,"כן, מאז הפרידה אני מחפש משהו חדש."
0febbd04cce87646,L10 Ryan,ryan_food_dialogue,20,Ryan,אולי מישהו?
b7fca6004f2d5325,L10 Ryan,ryan_food_dialogue,22,Ryan,כן. קשה לפרק חבורות אחרי משהו כזה.
8da113ef266e587f,L10 Ryan,ryan_food_dialogue,23,Ryan,אני מוכן לעשות את זה. אבל הייתי רוצה משהו חדש.
baf0df26ea4f2e81,L10 Ryan,ryan_food_dialogue,24,Ryan,אולי מישהו חדש...
03ccd297eb346729,L10 Ryan,ryan_food_dialogue,25,Ryan,...לגבי מה שאמרתי קודם.
1032684d93c794bf,L10 Ryan,ryan_food_dialogue,26,Kobold,כן?
ace8c62e60ec2197,L10 Ryan,ryan_food_dialogue,27,Ryan,אתה מכיר מישהו שאוכל לדבר איתו? אתה יודע... על ענייני זוגיות?
0a7119cfe1246546,L10 Ryan,ryan_food_dialogue,28,Kobold,"<gradient=""gold""><b>אני מכיר דרקון אדום אחד. נראה לי שהוא ימצא חן בעיניך! </b></gradient><size=70%> (מחבר בין ריאן לקונרד!)"
4a3b65400e54f8ff,L10 Ryan,ryan_food_dialogue,29,Kobold,"<gradient=""gold""><b>אה. אממ. <size=70%> לא הייתי מתנגד... אם המישהו הזה יהיה אני. </b></gradient><size=70%> (נועל את הרומן עם ריאן!)"
bb7a6be711206298,L10 Ryan,ryan_food_dialogue,30,Kobold,"<gradient=""gold""><b>אין לי אף אחד בראש כרגע.</b></gradient><size=70%> (נועל את הרומן עם קונרד!)"
a6a744d6d60ec400,L10 Ryan,ryan_food_dialogue,31,Ryan/Alexander/Kobold,אה?
cbe8e4adc9ca52df,L10 Ryan,ryan_food_dialogue,32,Ryan,מי זה?
ca545deecbd9950d,L10 Ryan,ryan_food_dialogue,33,Kobold,הוא דרייק אדום חמוד בטירוף שמגיע לרחיצה!
4a94ef80ae21582a,L10 Ryan,ryan_food_dialogue,34,Kobold,הוא דרקון אדום. נראה לי ששניכם תמצאו חן זה בעיני זה!
0ea02ee3f0c5673d,L10 Ryan,ryan_food_dialogue,35,Ryan,"אה! נראה לי שראיתי אותו. הקטנטן, נכון?"
58b69c47fed8b38f,L10 Ryan,ryan_food_dialogue,36,Kobold,הוא מעדיף 'מאותגר גובה'... אבל כן.
3ae2d547c997ca01,L10 Ryan,ryan_food_dialogue,37,Kobold,אהמ! הוא מנסה להכיר אנשים חדשים.
474246952e0d1e50,L10 Ryan,ryan_food_dialogue,38,Ryan,אה...
ed2ece6040ec8b40,L10 Ryan,ryan_food_dialogue,39,Ryan,זה ממש חמוד.
c0fb8d4f93270198,L10 Ryan,ryan_food_dialogue,40,Ryan,"אה, נהדר. נראה שאנחנו דומים."
82767de7e3e22a4a,L10 Ryan,ryan_food_dialogue,41,Ryan,נראה לי שהייתי רוצה לפגוש אותו!
b423c91f4f75add4,L10 Ryan,ryan_food_dialogue,42,Kobold,אז אני אחבר ביניכם.
80c500f9c426d4cc,L10 Ryan,ryan_food_dialogue,43,Kobold,אני כל כך מתרגש. אני אחבר ביניכם!
ec786c9a7656b0f9,L10 Ryan,ryan_food_dialogue,45,Ryan,"גם אני, תודה!"
028dbc8d077c611f,L10 Ryan,ryan_food_dialogue,47,Ryan,<i>אה...
ae590830c4c03fd1,L10 Ryan,ryan_food_dialogue,48,Ryan,נראה לי שהייתי רוצה שאתה תהיה המישהו הזה.
b4066b4e58df8005,L10 Ryan,ryan_food_dialogue,49,Kobold,אז זה כאילו... הדייט הראשון שלנו?
8c7e5a49ec8fd685,L10 Ryan,ryan_food_dialogue,50,Kobold,אם להיות כן. אני דלוק עליך כבר קצת.
710ea0057247cb51,L10 Ryan,ryan_food_dialogue,51,Ryan,כנראה שכן!
de4d091acdb6059c,L10 Ryan,ryan_food_dialogue,52,Ryan,"באמת? אוו, זה ממש מתוק."
35e3561cd36f36d6,L10 Ryan,ryan_food_dialogue,53,Ryan,לא ידעתי שמישהו יכול לחבב אותי כל כך בקלות.
f05160456925af3f,L10 Ryan,ryan_food_dialogue,54,Ryan,"דרך אגב, אתה חמוד."
a01d64fcb9d7d3a5,L10 Ryan,ryan_food_dialogue,55,Kobold,כן. <size=90%>אה- <size=80%>אתה יודע. אני כאילו... <size=70%>חחח. כן. אהמ!
65691ff38c85e57c,L10 Ryan,ryan_food_dialogue,56,Kobold,גם אתה!
d323e565ed8ea749,L10 Ryan,ryan_food_dialogue,57,Ryan,לא התכוונתי לבלבל אותך!
145e6a2d848267cb,L10 Ryan,ryan_food_dialogue,58,Ryan,אני פשוט... שמח.
0cc014df7d89d3e1,L10 Ryan,ryan_food_dialogue,59,Ryan,"אוו, תודה. אני נראה טוב רק בזכות הרחיצות שלך!"
eea7bdf3ab3f251c,L10 Ryan,ryan_food_dialogue,60,Ryan,אני... שמח.
d619413abc4a1de1,L10 Ryan,ryan_food_dialogue,61,Ryan,זה בסדר גמור!
c2acc8d962a0c936,L10 Ryan,ryan_food_dialogue,62,Ryan,ומה איתך? יוצא עם מישהו?
2374bdd10aea40ba,L10 Ryan,ryan_food_dialogue,63,Kobold,"יש דרקון אדום אחד, קונרד. הוא... חם מזג, אבל חמוד."
58a5e5a5a9482e96,L10 Ryan,ryan_food_dialogue,64,Kobold,"כן! קונרד, הוא מקסים. אם כי הוא היה שונא שאמרתי את זה."
3d14bcafbc3f21c6,L10 Ryan,ryan_food_dialogue,65,Ryan,"אה הא, זה הדרייק הקטנטן שראיתי נכנס לא מזמן, נכון?"
882d8b921688234c,L10 Ryan,ryan_food_dialogue,66,Kobold,היי! הוא פשוט... 'מאותגר גובה'.
1ce76f0141c9f53b,L10 Ryan,ryan_food_dialogue,67,Kobold,אהמ! זה הוא.
eeedcdd5eaa13110,L10 Ryan,ryan_food_dialogue,68,Ryan,"אה, סליחה."
dcfc67b1e58c5a49,L10 Ryan,ryan_food_dialogue,69,Ryan,הוא נשמע חמוד!
94ff2c4b836f0aef,L10 Ryan,ryan_food_dialogue,70,Ryan,"זה נהדר, הוא חמוד!"
abe281ce74304803,L10 Ryan,ryan_food_dialogue,71,Ryan,"היי אממ, תודה שוב."
9144d5ad20e5a9e8,L10 Ryan,ryan_food_dialogue,72,Kobold,אין בעיה! אני לא יכול לחכות שתפגוש את קונרד.
e39b086d1bff71b1,L10 Ryan,ryan_food_dialogue,73,Kobold,"לא, תודה לך. אני... ממש מתרגש."
1f50e1361eaeacbf,L10 Ryan,ryan_food_dialogue,74,Kobold,בכיף! תודה על האוכל.
489184ee3c2573f9,L10 Ryan,ryan_food_dialogue,75,Ryan,"חה, כן. הוא נשמע כיפי."
28f3547a6af39629,L10 Ryan,ryan_food_dialogue,76,Ryan,"אני אדאג לספר לך איך הלך, טוב?"
fcd75c87b326482c,L10 Ryan,ryan_food_dialogue,77,Kobold,אני מת לשמוע על זה!
a66a9f98f63d5aaf,L10 Ryan,ryan_food_dialogue,78,Kobold,כן. אתם תהיו חמודים ביחד.
39619dc71b15dfde,L10 Ryan,ryan_food_dialogue,79,Ryan,זה היה נעים...
b2d03d0e5222d95c,L10 Ryan,ryan_food_dialogue,80,Ryan,"נתראה שוב בקרוב, כן?"
17c800776b082018,L10 Ryan,ryan_food_dialogue,81,Kobold,בתקווה! אני הולך לפתוח את השער.
56372773e401e131,L10 Ryan,ryan_food_dialogue,82,Kobold,כן! תודה על האוכל. אני הולך לפתוח את השער.
97cffb9a377004b2,L10 Ryan,ryan_food_dialogue,83,Ryan,כן... אף פעם לא יצאתי לדייט עם קובולד.
50ce0561192b6b01,L10 Ryan,ryan_food_dialogue,84,Ryan,אבל אני כבר יודע שזה מאוד מוצא חן בעיניי.
e823adcc22fd50c2,L10 Ryan,ryan_food_dialogue,85,Kobold,אני מחבב אותך מאוד.
62e851c911a254bb,L10 Ryan,ryan_food_dialogue,86,Kobold,"כן, זה היה סופר נעים."
773c0ce37ffbb546,L10 Ryan,ryan_food_dialogue,87,Ryan,חה. כן. גם אני מחבב אותך.
1c6058ce1c7242cf,L10 Ryan,ryan_food_dialogue,88,Ryan,זה באמת היה. אתה נפלא.
32e4e8851f8ac398,L10 Ryan,ryan_food_dialogue,89,Ryan,תודה שחלקת איתי אוכל...
0a94f0c3b65c425c,L10 Ryan,ryan_food_dialogue,90,Ryan,אני מצפה לראות אותך שוב
8c39f31ac476e20e,L10 Ryan,ryan_food_dialogue,91,Kobold,אני תמיד מצפה לראות אותך. אני הולך לפתוח את השער.
db8848bda5df285f,L10 Ryan,ryan_food_dialogue,92,Kobold,גם אתה! אני הולך לפתוח את השער.
f0394a2181ae8df6,L10 Ryan,ryan_food_dialogue,93,Ryan,אוקיי! נתראה בקרוב.
d48a9423f250312c,L10 Ryan,ryan_food_dialogue,94,Ryan,"אז הקונרד הזה, נראה שאתה מחבב אותו?"
6eb520b95e8c6388,L10 Ryan,ryan_food_dialogue,95,Kobold,חחח כן.
c97f0b6b1b436f26,L10 Ryan,ryan_food_dialogue,96,Kobold,הוא הרבה. אבל אני אוהב את זה.
6525ecb4cd0f0eea,L10 Ryan,ryan_food_dialogue,97,Ryan,זה חמוד!
6943d0645de48850,L10 Ryan,ryan_food_dialogue,98,Ryan,מה הכי אהוב עליך בו?
a695d517f16d1719,L10 Ryan,ryan_food_dialogue,99,Kobold,הוא כאילו. מצויד בטירוף.
dbeb304df456a424,L10 Ryan,ryan_food_dialogue,100,Kobold,"הוא עוקצני, אבל גם רך!"
3c29c25f0a23d26a,L10 Ryan,ryan_food_dialogue,101,Kobold,"הוא קטנטן, אני אוהב להיות איתו בגובה העיניים."
0911d52bc2d9f70b,L10 Ryan,ryan_food_dialogue,102,Kobold,אני אוהב... אותו.
4aa9ae5f4bbb8541,L10 Ryan,ryan_food_dialogue,103,Ryan,"אה... כן, דרקונים קטנים נוטים... לפצות."
7859d5c981752171,L10 Ryan,ryan_food_dialogue,104,Ryan,"מממ, כן, אני מכיר את הטיפוס."
d8c70d62d0457935,L10 Ryan,ryan_food_dialogue,105,Ryan,"הגיוני! כן, דרייקים קטנטנים זה כיף."
97a18e09f3f990c5,L10 Ryan,ryan_food_dialogue,106,Ryan,אוו... זה ממש מתוק
fac3f85c3c835445,L10 Ryan,ryan_food_dialogue,107,Ryan,אתה חייב לספר לי איך זה יתפתח ביניכם!
37e125daa86112bd,L10 Ryan,ryan_food_dialogue,108,Ryan,"תודה שחלקת איתי אוכל, אתה חבר נהדר."
120807e0d30c65d5,L10 Ryan,ryan_food_dialogue,109,Kobold,תודה על האוכל! אני הולך לפתוח את השער.
94ddf87d22b36d07,L10 Ryan,ryan_food_dialogue,110,Kobold,"גם אתה חבר טוב, אני הולך לפתוח את השער."
02ca8c073be8669d,L10 Ryan,ryan_food_dialogue,111,Ryan,"אוקיי, נתראה אחר כך!"
# --- picnic: Ryan_grab_basket ---
3276ca6f923e3a2e,L10 Ryan,Ryan_grab_basket,1,Ryan,בלה. תודה שלקחת את זה.
1790d1bc285d158f,L10 Ryan,Ryan_grab_basket,2,Kobold,הבאת אוכל?
fab7cff668586c9b,L10 Ryan,Ryan_grab_basket,3,Kobold,ריאן! זה כל כך מתוק.
3f519f6990d85e4d,L10 Ryan,Ryan_grab_basket,4,Ryan,כן! יש בו אוכל שאמור להתאים לשנינו.
38953523aa1d8dc9,L10 Ryan,Ryan_grab_basket,5,Ryan,"חחח, תודה. יש בו דברים שאמורים להתאים לשנינו."
f44e62ce0d92a9c3,L10 Ryan,Ryan_grab_basket,6,Ryan,אם כי המנות אולי קצת... בגודל דרקוני.
dbe7ccbf37aed06a,L10 Ryan,Ryan_grab_basket,7,Kobold,איך זה שהבאת את כל זה?
96082d9f598cc1db,L10 Ryan,Ryan_grab_basket,8,Kobold,אתה בכלל צריך רחיצה?
5be9d07e2e19a321,L10 Ryan,Ryan_grab_basket,9,Ryan,בשבילך!
eea2772cf2ab51f9,L10 Ryan,Ryan_grab_basket,10,Ryan,<size=70%> וגם בשבילי.
5da686787e870bc2,L10 Ryan,Ryan_grab_basket,11,Ryan,"לא, נראה לי שלא."
dfdd49c96bf70312,L10 Ryan,Ryan_grab_basket,12,Ryan,באתי רק כדי להביא לך אוכל!
7efd9697b321d608,L10 Ryan,Ryan_grab_basket,13,Ryan,חשבתי להביא משהו נחמד אחרי כל מה שעשית.
414c0f3bb81740f3,L10 Ryan,Ryan_grab_basket,14,Ryan,מקווה שזה בסדר?
097832ea20a37b63,L10 Ryan,Ryan_grab_basket,15,Kobold,ברור שכן!
460dbc14c8f22914,L10 Ryan,Ryan_grab_basket,17,Ryan,"אחלה, אני שמח."
6e1aac9408968a3c,L10 Ryan,Ryan_grab_basket,18,Ryan,אז כנראה שכן! אני שמח.
fe3e5d4e4925ddb6,L10 Ryan,Ryan_grab_basket,19,Ryan,עכשיו... אוכל?
# --- picnic: Ryan_grapes_dialog | if $food_number ---
46ca5d912bed1dcc,L10 Ryan,Ryan_grapes_dialog,1,Kobold,הענבים האלה נראו טוב.
33f099ac348159d4,L10 Ryan,Ryan_grapes_dialog,2,Kobold,"ריאן, לא אמורים לאכול את הענפים-"
174343e1e975e68b,L10 Ryan,Ryan_grapes_dialog,3,Ryan,הם היו! אבל הענף הוא החלק האהוב עליי.
976fdc62e4cbffcf,L10 Ryan,Ryan_grapes_dialog,4,Kobold,זה לא... עץ?
8e4f1f66ab3b3860,L10 Ryan,Ryan_grapes_dialog,5,Kobold,אף פעם לא ניסיתי.
d053df82397c2f86,L10 Ryan,Ryan_grapes_dialog,6,Ryan,"כן, טעים!"
c994875a9f5c8520,L10 Ryan,Ryan_grapes_dialog,7,Ryan,אם כי כדאי שאתה לא תאכל אותם.
025e9c74601a1a65,L10 Ryan,Ryan_grapes_dialog,8,Ryan,קיבות של דרקונים קצת יותר... חסונות משלך.
b689b40a79b968df,L10 Ryan,Ryan_grapes_dialog,9,Ryan,כנראה שכדאי שלא.
8d834797bd163119,L10 Ryan,Ryan_grapes_dialog,10,Ryan,היית צריך קיבה של דרקון קודם!
27935fd7477eba77,L10 Ryan,Ryan_grapes_dialog,11,Ryan,מי אמר?
0b71d27200d13a33,L10 Ryan,Ryan_grapes_dialog,12,Kobold,אני?
47252f2c75dea9ef,L10 Ryan,Ryan_grapes_dialog,13,Kobold,ביולוגיה...? <size=70%> <i>נראה לי?
5af35db6f8fe39ad,L10 Ryan,Ryan_grapes_dialog,14,Ryan,ובכן...
79436a008466d243,L10 Ryan,Ryan_grapes_dialog,15,Ryan,אני שובר חוקים!
49e7a64aec55ff2a,L10 Ryan,Ryan_grapes_dialog,16,Ryan,"אל תדאג, דרקונים בנויים לאכול הכול."
5f82b968ccbb4aaa,L10 Ryan,Ryan_grapes_dialog,17,Ryan,אני יכול לעכל כמעט כל דבר.
f9a3f85545840310,L10 Ryan,Ryan_grapes_dialog,18,Ryan,הענף הוא סתם עוד אוכל.
53494acb38981cff,L10 Ryan,Ryan_grapes_dialog,19,Ryan,אם כי ענבים תמיד סיפקו לי חשק מסוים.
77e53d1b1d33b9f0,L10 Ryan,Ryan_grapes_dialog,20,Ryan,"אה, ונראה שנשאר לי קצת על הפנים. אופס."
# --- picnic: Ryan_ham_dialog | if $food_number ---
cb2d2f80636d8a49,L10 Ryan,Ryan_ham_dialog,1,Kobold,"ריאן, העצם!!!"
523a9690a00a7803,L10 Ryan,Ryan_ham_dialog,2,Kobold,באמת אכלת את כל הדבר הזה... וואו.
618839c9ee1f8a65,L10 Ryan,Ryan_ham_dialog,3,Ryan,ממף- הממ?
5b917e0078e6beb0,L10 Ryan,Ryan_ham_dialog,4,Ryan,"אה, זה החלק האהוב עליי!"
7a41a3b5d6e1acf7,L10 Ryan,Ryan_ham_dialog,5,Kobold,איך אתה בכלל מעכל את זה?
846f850b875979d4,L10 Ryan,Ryan_ham_dialog,6,Kobold,<size=60%> זה סקסי.
f7d4b26ff67eee38,L10 Ryan,Ryan_ham_dialog,7,Ryan,אני דרקון.
b86257f47d85426e,L10 Ryan,Ryan_ham_dialog,8,Ryan,אני די בטוח שאני יכול לעכל הכול.
a165524a35a75706,L10 Ryan,Ryan_ham_dialog,9,Ryan,באמת? טוב לדעת...
db22d9512845d515,L10 Ryan,Ryan_ham_dialog,10,Ryan,זו הדרך הכי טובה ליהנות מאוכל.
a5af381d1ec66e2a,L10 Ryan,Ryan_ham_dialog,11,Ryan,מעניין; אתם ההולכים על שתיים נוטים להתענג על הארוחות.
180983e0a4f4e327,L10 Ryan,Ryan_ham_dialog,12,Ryan,אבל אין כמו בליעה אחת גדולה!
# --- picnic: Ryan_melon_dialog | if $food_number ---
e1d0d09daa3129d9,L10 Ryan,Ryan_melon_dialog,1,Ryan,זה היה כמעט גדול מדי-
8725851a4492f86f,L10 Ryan,Ryan_melon_dialog,2,Kobold,אפילו לא פתחת את האבטיח.
991947f3461b26a7,L10 Ryan,Ryan_melon_dialog,3,Kobold,איך היה הטעם?
7d20121dc2fa0757,L10 Ryan,Ryan_melon_dialog,4,Ryan,כןןןן.
41f87d2c55073e29,L10 Ryan,Ryan_melon_dialog,5,Ryan,אופס.
4fafd5a0c9f29d5f,L10 Ryan,Ryan_melon_dialog,6,Ryan,אבל זה עדיין היה טוב! אני אוהב את התחושה של זה מחליק למטה.
dc8488830f9d7192,L10 Ryan,Ryan_melon_dialog,7,Ryan,שכחתי לנגוס בו אז... כלום?
7dedd07a7558afa9,L10 Ryan,Ryan_melon_dialog,8,Ryan,אבל הרגיש טוב כשהוא החליק למטה!
8b4a775ae776722a,L10 Ryan,Ryan_melon_dialog,9,Kobold,<size=70%> וואו.
ef03f59f06da8fa4,L10 Ryan,Ryan_melon_dialog,10,Kobold,מטורף כמה שהצוואר שלך מסוגל להכיל.
4fc09f2d61d5cc43,L10 Ryan,Ryan_melon_dialog,11,Ryan,קובולדים תמיד נשבים בקסם כשאני אוכל.
032ea150ccdf88be,L10 Ryan,Ryan_melon_dialog,12,Ryan,זה מחמם את הלב!
aad3715a2f685dc3,L10 Ryan,Ryan_melon_dialog,13,Ryan,הוא בנוי לבלוע דברים בשלמותם.
b0a73a78b7d9045b,L10 Ryan,Ryan_melon_dialog,14,Kobold,<size=70%><i>כן?
30ff5a696a0def56,L10 Ryan,Ryan_melon_dialog,16,Ryan,אהמ!
901c77872c53d308,L10 Ryan,Ryan_melon_dialog,18,Ryan,כן! זה שימושי.
# --- jerkoff: Ryan_4_JerkOff_Start ---
2d434662c42f6a6c,L10 Ryan,Ryan_4_JerkOff_Start,1,Ryan,אתה בטוח...? מול האוכל?
031703a96ac0df8c,L10 Ryan,Ryan_4_JerkOff_Start,2,Ryan,חה... בסדר.
# --- cum: Ryan_4_Cum ---
3b1c48772bd5889e,L10 Ryan,Ryan_4_Cum,1,Ryan,הוף... זה היה נעים... אם כי עשיתי קצת בלגן.
# --- mount_start: Ryan_4_Mount_Start ---
2f31dcbcaa980550,L10 Ryan,Ryan_4_Mount_Start,1,Ryan,וואו... אתה רוצה שאשתמש בזה? גם עם האוכל? בסדר!
# --- mount_finish: Ryan_4_Mount_Finish ---
833d21b8cd952764,L10 Ryan,Ryan_4_Mount_Finish,1,Ryan,עשיתי קצת בלגן... ועדיין היה שווה.

# ===== Level 11: Conrad (Sunny) =====
# --- intro: Conrad_Intro_4 ---
a67959dc39353129,L11 Conrad,Conrad_Intro_4,1,Conrad/Ryan/Alexander,משהו השתבש עם הדגלים!
c1a949184675fa92,L11 Conrad,Conrad_Intro_4,2,Conrad/Ryan/Alexander,בבקשה עזרו למפתחים..
60f8f02dd7a80d00,L11 Conrad,Conrad_Intro_4,3,Kobold,קונרד התחבר עם ריאן
6e98155abad655c3,L11 Conrad,Conrad_Intro_4,4,Kobold,השחקן התחבר עם קונרד
9cf9d4fc71363f68,L11 Conrad,Conrad_Intro_4,5,Kobold,השחקן התחבר עם ריאן
67beed0c39e205b4,L11 Conrad,Conrad_Intro_4,6,Kobold,היי קונרד!
d22e2236304b2ef0,L11 Conrad,Conrad_Intro_4,7,Kobold,מה גורם לך להיראות כל כך שמח?
6183e901a5a22ddc,L11 Conrad,Conrad_Intro_4,8,Kobold,היי קונרד!
3c0eb60cca3b1422,L11 Conrad,Conrad_Intro_4,9,Conrad,"יו, קובולד גדול."
ad13467d89f77645,L11 Conrad,Conrad_Intro_4,10,Conrad,עשית משהו לאה...
25aab860a8266c4c,L11 Conrad,Conrad_Intro_4,11,Conrad,קשקשים שונים היום? <size=70%><i>זה בכלל דבר כזה...? </i><size=100%>אתה נראה טוב היום.
42e1b9a73c953f33,L11 Conrad,Conrad_Intro_4,12,Kobold,תודה! מה כל ה... דייסה הזאת?
be118711068118d5,L11 Conrad,Conrad_Intro_4,13,Kobold,"חה. קונרד, גם אתה נראה טוב."
a4008861bf24c47d,L11 Conrad,Conrad_Intro_4,14,Kobold,זה לא דבר כזה... אבל תודה!
a951e05bf8506af1,L11 Conrad,Conrad_Intro_4,15,Conrad,פירות יער.
765af85f1bd7eafe,L11 Conrad,Conrad_Intro_4,17,Conrad,"בכל מקרה,"
199e91c738a75b4c,L11 Conrad,Conrad_Intro_4,18,Conrad,"ברור שכן, לעזאזל!"
926069483fd35835,L11 Conrad,Conrad_Intro_4,19,Conrad,חחח... כן. אני לא ממש רגיל להחמיא.
8c9dc9229a7630ce,L11 Conrad,Conrad_Intro_4,20,Conrad,אני רק צריך רחיצה מהירה... אולי גם המתקן יהיה נחמד.
3ee865676f6e4c99,L11 Conrad,Conrad_Intro_4,21,Kobold/Ryan,אה כן?
5fae46a5c8669c29,L11 Conrad,Conrad_Intro_4,22,Kobold,בטח! אני הולך לפתוח את השער.
daa08f627cbbfb9e,L11 Conrad,Conrad_Intro_4,23,Conrad,כן- אבל רק אם בא לך!
20ee725c28fb397e,L11 Conrad,Conrad_Intro_4,24,Conrad,אני מנסה לא להיות לוחץ.
374fe9cc22a15007,L11 Conrad,Conrad_Intro_4,25,Kobold,"אוו, אני הולך לפתוח לך את השער."
ae53715099e0d53d,L11 Conrad,Conrad_Intro_4,28,Conrad,ריאן! פגשתי אותו.
caefb85b87a51126,L11 Conrad,Conrad_Intro_4,29,Kobold,יפה! מה כל ה... דייסה הזאת?
0452c0f1847f4a72,L11 Conrad,Conrad_Intro_4,30,Kobold,איך הלך?
940b2bb279fbfd8a,L11 Conrad,Conrad_Intro_4,33,Conrad,תודה שחיברת ביני לבין ריאן.
6c42e3202026a3e8,L11 Conrad,Conrad_Intro_4,34,Conrad,"ממש טוב, בכנות."
91b34251e9ff7711,L11 Conrad,Conrad_Intro_4,35,Conrad,אף פעם לא חשבתי שמישהו כמוהו יהיה הטיפוס שלי...
abc0fe0ceed24339,L11 Conrad,Conrad_Intro_4,36,Kobold,אתה חייב לספר לי הכול על זה.
ab20df82132f07cc,L11 Conrad,Conrad_Intro_4,37,Conrad,"אני אספר. אני רק צריך רחיצה מהירה, ולא הייתי מתנגד להשתמש היום במתקן."
17c5f180de5a8348,L11 Conrad,Conrad_Intro_4,38,Conrad,"צריך <i>להתאמן</i> לקראת ריאן, אם אתה קולט לאן אני חותר."
9912569ea696f8ed,L11 Conrad,Conrad_Intro_4,39,Kobold,קונרד!
106f99c061d35f26,L11 Conrad,Conrad_Intro_4,40,Kobold,אוקיי- אוקיי. אני הולך לפתוח את השער.
f71200a57e2d1d7a,L11 Conrad,Conrad_Intro_4,41,Conrad,מהההה? כדאי לוודא שאתה מחומם!
65bee50d904e101d,L11 Conrad,Conrad_Intro_4,43,Conrad,היי היי. שמח שאתם פתוחים.
4d5dda82efc31458,L11 Conrad,Conrad_Intro_4,44,Conrad,מחפש שטיפה בצינור. ולא הייתי מתנגד להשתמש גם במתקן.
0ecdd0ec4c0cf66c,L11 Conrad,Conrad_Intro_4,45,Kobold,"אוווו, בסדר גמור."
3252727dec6314c5,L11 Conrad,Conrad_Intro_4,47,Kobold,מה כל ה... דייסה הזאת?
91bc8d1d6dc8cdb7,L11 Conrad,Conrad_Intro_4,48,Conrad,חה. כן.
1aced2f074444bdc,L11 Conrad,Conrad_Intro_4,54,Kobold,"אה. אוקיי, אני הולך לפתוח את השער."
# --- progress: Conrad_required_4 ---
a5965f548b64e3cf,L11 Conrad,Conrad_required_4,1,Conrad,"היי, יש לי שאלה בשבילך."
9ad0664c4ac1572a,L11 Conrad,Conrad_required_4,2,Kobold,"אה, כן?"
d448809fdbbeaf11,L11 Conrad,Conrad_required_4,4,Kobold,"אה, כןןןן?"
51dbc8c7be16145b,L11 Conrad,Conrad_required_4,5,Kobold,"מה קורה, גדול?"
# --- progress: Conrad_4_Ryan_Conrad_Romanced | if $ryan_conrad_romanced $conrad_romanced $ryan_romanced ---
e6071cb4e7c448c8,L11 Conrad,Conrad_4_Ryan_Conrad_Romanced,1,Conrad,"עם ריאן, אני די בטוח שאנחנו יוצאים לדייט הערב."
9ee7e6a6ebccf907,L11 Conrad,Conrad_4_Ryan_Conrad_Romanced,2,Conrad,יש לך איזו עצה?
f7af2bd25c827e3d,L11 Conrad,Conrad_4_Ryan_Conrad_Romanced,3,Kobold,תהיה עצמך!
a58248b820567c49,L11 Conrad,Conrad_4_Ryan_Conrad_Romanced,4,Kobold,תדאג להיות נקי מאוד. <size=70%><i>חחח.
528e2755301df89e,L11 Conrad,Conrad_4_Ryan_Conrad_Romanced,5,Conrad,אני עושה כמיטב יכולתי.
71cfcccd17dc37fc,L11 Conrad,Conrad_4_Ryan_Conrad_Romanced,6,Conrad,"אבל עד כה הכול טוב, נכון?"
93a2ca86985333fe,L11 Conrad,Conrad_4_Ryan_Conrad_Romanced,7,Kobold,נראה לי שכן!
55842427ae2db4e3,L11 Conrad,Conrad_4_Ryan_Conrad_Romanced,8,Kobold,"אם מישהו כמו ריאן מעוניין, אתה בכיוון מצוין."
162762064c5d0461,L11 Conrad,Conrad_4_Ryan_Conrad_Romanced,10,Conrad,חה. אם רק היה קובולד שיכול לנקות אותי.
4ae6d6619b0245f7,L11 Conrad,Conrad_4_Ryan_Conrad_Romanced,11,Kobold,אם רק.
6267e98361c404ca,L11 Conrad,Conrad_4_Ryan_Conrad_Romanced,12,Kobold,אני אדאג שתהיה <i>נקי לגמרי.</i>
7c0c5a4da3de6046,L11 Conrad,Conrad_4_Ryan_Conrad_Romanced,13,Conrad,"בלי בדיחות, הרחיצה שלך היא בהחלט הכי טובה."
207d91f2342e8d0c,L11 Conrad,Conrad_4_Ryan_Conrad_Romanced,14,Conrad,"תודה. נראה טוב, מרגיש טוב!"
# --- progress: Conrad_4_Conrad_Romanced | if $ryan_conrad_romanced $conrad_romanced $ryan_romanced ---
a8ee5e15400fc208,L11 Conrad,Conrad_4_Conrad_Romanced,1,Conrad,אז... דייט. נראה לי שהייתי רוצה לצאת לאחד בקרוב!
f2f6817fb49621c2,L11 Conrad,Conrad_4_Conrad_Romanced,3,Kobold,אשמח מאוד!
82ddb728ff9d18a9,L11 Conrad,Conrad_4_Conrad_Romanced,4,Conrad,חשבתי. אולי נצא מתישהו בשבוע הבא?
fc253d9eb67cd473,L11 Conrad,Conrad_4_Conrad_Romanced,5,Kobold,נשמע נחמד.
9a03666243082379,L11 Conrad,Conrad_4_Conrad_Romanced,6,Kobold,לא הייתי מתנגד!
67f68a72462bca9b,L11 Conrad,Conrad_4_Conrad_Romanced,7,Conrad/Ryan,אחלה!
45ec6449f36fb5b9,L11 Conrad,Conrad_4_Conrad_Romanced,8,Conrad,בפעם הבאה שאבוא לרחיצה נצא.
ee6194b2fabfafdc,L11 Conrad,Conrad_4_Conrad_Romanced,9,Kobold,אשמח לזה!
38c7fbb586ed7788,L11 Conrad,Conrad_4_Conrad_Romanced,10,Kobold,נשמע כמו תוכנית.
de408e85752b4a9e,L11 Conrad,Conrad_4_Conrad_Romanced,11,Conrad/Kobold/Alexander,אני מתרגש.
# --- progress: Conrad_Ryan_Romanced | if $ryan_conrad_romanced $conrad_romanced $ryan_romanced ---
8dc7f14f91542fe7,L11 Conrad,Conrad_Ryan_Romanced,1,Conrad,"אז אתה וריאן, הא?"
498cb71ee3e20098,L11 Conrad,Conrad_Ryan_Romanced,2,Kobold,"אה, כן!"
37d827f8025ee687,L11 Conrad,Conrad_Ryan_Romanced,3,Kobold,הוא לוהט.
64db0ca49ca9563d,L11 Conrad,Conrad_Ryan_Romanced,4,Kobold,הוא דרקון החלומות שלי.
bdfc096fee84c4fb,L11 Conrad,Conrad_Ryan_Romanced,5,Conrad,אני שמח בשבילך!
cb24c38318e64595,L11 Conrad,Conrad_Ryan_Romanced,6,Conrad,נשמע ככה.
0e5b54a94da4725b,L11 Conrad,Conrad_Ryan_Romanced,8,Kobold,ומה איתך? מישהו מרגש?
5f9173229e51d947,L11 Conrad,Conrad_Ryan_Romanced,9,Kobold,"כן, גם אני שמח."
68fa6f383249196c,L11 Conrad,Conrad_Ryan_Romanced,10,Conrad,קצת! אני יוצא יותר לאחרונה.
e589607da4e2983d,L11 Conrad,Conrad_Ryan_Romanced,11,Conrad,מצאתי גריפון אחד. בערך בגודל שלי...
d69f5ee422fdf377,L11 Conrad,Conrad_Ryan_Romanced,12,Conrad,נראה לי שהוא דלוק עליי.
9aab87987aca7783,L11 Conrad,Conrad_Ryan_Romanced,13,Conrad,...<i><size=70%>לפחות אני דלוק עליו.
7b42e92a68e914e0,L11 Conrad,Conrad_Ryan_Romanced,14,Conrad,טוב לשמוע.
88b86bef7b86a770,L11 Conrad,Conrad_Ryan_Romanced,15,Conrad,"כן, הוא נראה כמו כזה שיודע ללחוץ על הכפתורים הנכונים."
# --- jerkoff: Conrad_4_JerkOff_Start ---
395b9d676b6c01c5,L11 Conrad,Conrad_4_JerkOff_Start,1,Conrad,"אה- ממש עכשיו? טוב, אני בעניין."
# --- cum: Conrad_4_Cum ---
cf5ea034da108d57,L11 Conrad,Conrad_4_Cum,1,Conrad,נננף... זה היה הרבה יותר טוב מפירות היער האלה.
# --- mount_start: Conrad_4_Mount_Start ---
9c4eeb4a7cc4c1e1,L11 Conrad,Conrad_4_Mount_Start,1,Conrad,יו! המתקן! כן בן זונה.
# --- mount_finish: Conrad_4_Mount_Finish ---
307f6f92f16156e7,L11 Conrad,Conrad_4_Mount_Finish,1,Conrad,"האאה. זו הרחיצה הכי טובה שיש, לעזאזל."
# --- outro: Conrad_Outro_4 ---
4012236175bc195e,L11 Conrad,Conrad_Outro_4,1,Kobold,אתה אמור להיות נקי לגמרי!
4a93a020168bbd0d,L11 Conrad,Conrad_Outro_4,2,Kobold,נראה לי שזהו.
2ce654e6ba32ebb8,L11 Conrad,Conrad_Outro_4,3,Kobold,אתה נראה טוב כשאתה כזה נקי!
d6d9eff64b0d7187,L11 Conrad,Conrad_Outro_4,4,Kobold,<i>אני אוהב להתיז עליך מים.
feda452e0c677f41,L11 Conrad,Conrad_Outro_4,5,Kobold,יופי! זה אמור להיות הכול.
e2956ac74f8acb8e,L11 Conrad,Conrad_Outro_4,6,Kobold,נראה לי שזה כל כתם.
# --- outro: Conrad_Outro_4_Ryan_Conrad_Romanced | if $ryan_conrad_romanced $conrad_romanced $ryan_romanced ---
0fa2abeece5fd3de,L11 Conrad,Conrad_Outro_4_Ryan_Conrad_Romanced,1,Conrad,כן! אני מרגיש נקי.
1b5f2f27de868c08,L11 Conrad,Conrad_Outro_4_Ryan_Conrad_Romanced,2,Conrad,"היי אה, אתה חושב שאני וריאן <i>באמת</i> נסתדר?"
ebc110388e3748fa,L11 Conrad,Conrad_Outro_4_Ryan_Conrad_Romanced,3,Kobold/Alexander,כמובן!
5bc10e8175dc9422,L11 Conrad,Conrad_Outro_4_Ryan_Conrad_Romanced,4,Kobold,אני מקווה שכן.
3da3a77980cb9eb9,L11 Conrad,Conrad_Outro_4_Ryan_Conrad_Romanced,5,Conrad,אני מקווה שאתה צודק.
43e42fb816f1d2c2,L11 Conrad,Conrad_Outro_4_Ryan_Conrad_Romanced,6,Conrad,"כן, גם אני. הוא ממש נחמד."
603a3749013e876b,L11 Conrad,Conrad_Outro_4_Ryan_Conrad_Romanced,7,Conrad,קשה לא ללחוץ אחרי כל מה שהיה...
189f4f64972cc1fe,L11 Conrad,Conrad_Outro_4_Ryan_Conrad_Romanced,8,Conrad,"אבל אני חתיכת חתיך, אז אני אהיה בסדר."
40b8366766a655d6,L11 Conrad,Conrad_Outro_4_Ryan_Conrad_Romanced,9,Conrad,בתקווה.
dde93c3f47e98763,L11 Conrad,Conrad_Outro_4_Ryan_Conrad_Romanced,10,Conrad,אבל הפגישה הראשונה שלנו הייתה מעולה!
0a47996c4c389f39,L11 Conrad,Conrad_Outro_4_Ryan_Conrad_Romanced,11,Kobold,כן? ספר לי!
589c19f0d1fb2d81,L11 Conrad,Conrad_Outro_4_Ryan_Conrad_Romanced,12,Kobold,זה מעולה! מתי הדייט הראשון שלכם?
56345c46f3840a46,L11 Conrad,Conrad_Outro_4_Ryan_Conrad_Romanced,13,Conrad,"הוא התקשר אליי, נפגשנו. הוא ממש נחמד, לעזאזל."
080824870e4c7a15,L11 Conrad,Conrad_Outro_4_Ryan_Conrad_Romanced,14,Conrad,"הוא אמר שאני רגוע, קבענו דייט..."
d98ca4f1aac91861,L11 Conrad,Conrad_Outro_4_Ryan_Conrad_Romanced,15,Conrad,ובגלל זה אני כאן! אחרי הרחיצה הזאת אני יוצא להיפגש איתו.
35b34afec858433c,L11 Conrad,Conrad_Outro_4_Ryan_Conrad_Romanced,16,Conrad,מיד אחרי הרחיצה הזאת!
d925b0f0ac6611e6,L11 Conrad,Conrad_Outro_4_Ryan_Conrad_Romanced,17,Conrad,אנחנו יוצאים לאיזה מקום של פירות ים-
5421d19c6a9cd188,L11 Conrad,Conrad_Outro_4_Ryan_Conrad_Romanced,18,Conrad,כבר שמרתי לנו מקום במועדון.
6ffd2844813c419e,L11 Conrad,Conrad_Outro_4_Ryan_Conrad_Romanced,19,Kobold,אז כדאי שאוציא אותך!
d547385bcae74ca2,L11 Conrad,Conrad_Outro_4_Ryan_Conrad_Romanced,20,Kobold,אני מתרגש בשבילך. אני פותח את השער!
9458fe24a9152c2b,L11 Conrad,Conrad_Outro_4_Ryan_Conrad_Romanced,21,Conrad,"חה... כן, אני מתרגש."
83a4b4bd32149db8,L11 Conrad,Conrad_Outro_4_Ryan_Conrad_Romanced,22,Conrad,"תודה, גם אני מתרגש."
# --- outro: Conrad_Outro_4_Conrad_Romanced | if $ryan_conrad_romanced $conrad_romanced $ryan_romanced ---
ad0500f8d2500c0f,L11 Conrad,Conrad_Outro_4_Conrad_Romanced,1,Conrad,אני מרגיש נקי לגמרי כרגיל.
297d60c9e5c25580,L11 Conrad,Conrad_Outro_4_Conrad_Romanced,2,Conrad,"אה, וגם הבנתי לאן ללכת."
f22c7f64f7e136d4,L11 Conrad,Conrad_Outro_4_Conrad_Romanced,5,Conrad,יש מועדון במרכז העיר. 'וינגס'. מקום אהוב עליי מזמן.
5dcbc1f451fcc29d,L11 Conrad,Conrad_Outro_4_Conrad_Romanced,6,Conrad,אני קצת דמות שם.
99c9d7ee0966d8d1,L11 Conrad,Conrad_Outro_4_Conrad_Romanced,7,Conrad,אני יכול להשיג לנו את המקומות <i>הכי טובים</i> להופעה שלהם.
02f6a5560835daa6,L11 Conrad,Conrad_Outro_4_Conrad_Romanced,8,Kobold,"חה, אוקיי. אני בעניין."
7137eb7d65d8f4d8,L11 Conrad,Conrad_Outro_4_Conrad_Romanced,9,Kobold,אוווו אז אתה בטח דמות חשובה.
60c5caff4aee58e9,L11 Conrad,Conrad_Outro_4_Conrad_Romanced,10,Conrad,"בן זונה, אני כל כך מחושמל."
d37d98f486ba54c5,L11 Conrad,Conrad_Outro_4_Conrad_Romanced,11,Conrad,אני אתחיל להתכונן.
bf3d9317290e56b0,L11 Conrad,Conrad_Outro_4_Conrad_Romanced,12,Conrad,בפעם הבאה שאבוא תהיה לי הזמנה!
f11ccc8c0bd5ecbc,L11 Conrad,Conrad_Outro_4_Conrad_Romanced,13,Conrad,תוכל לפתוח את השער?
ffcc816df16993e6,L11 Conrad,Conrad_Outro_4_Conrad_Romanced,14,Conrad,"בדיוק, לעזאזל."
c25790cd739260fd,L11 Conrad,Conrad_Outro_4_Conrad_Romanced,16,Conrad,אתה דמות חשובה
b18d301dab41755f,L11 Conrad,Conrad_Outro_4_Conrad_Romanced,17,Conrad,"סליחה, אני גרוע בפלירטוטים. תוכל לפתוח את השער?"
# --- outro: Conrad_Outro_4_Ryan_Romanced | if $ryan_conrad_romanced $conrad_romanced $ryan_romanced ---
6fe24a5cf11acb37,L11 Conrad,Conrad_Outro_4_Ryan_Romanced,1,Conrad,כן! נקי כרגיל.
8f0378325ead68c7,L11 Conrad,Conrad_Outro_4_Ryan_Romanced,2,Conrad,יש לך תוכניות עם ריאן?
a12011af4e943fb2,L11 Conrad,Conrad_Outro_4_Ryan_Romanced,3,Kobold,עוד לא בטוח.
c3393181a97b4208,L11 Conrad,Conrad_Outro_4_Ryan_Romanced,4,Kobold,אני חושב על דייט בקרוב.
5ef95c64f52e6263,L11 Conrad,Conrad_Outro_4_Ryan_Romanced,5,Conrad,בסדר גמור. אתם באמת נראים חמודים ביחד.
6d8a46a5e1da81ef,L11 Conrad,Conrad_Outro_4_Ryan_Romanced,6,Conrad,אני באמת מקווה שהכול יסתדר!
1884386d93b6fccd,L11 Conrad,Conrad_Outro_4_Ryan_Romanced,7,Conrad,כן! זה יהיה מדהים.
c5cace2191af6925,L11 Conrad,Conrad_Outro_4_Ryan_Romanced,8,Conrad,אתם ממש חמודים ביחד...
9e806b93dd0d48fe,L11 Conrad,Conrad_Outro_4_Ryan_Romanced,9,Conrad,אני מקווה שהכול יסתדר.
83a8afa550485db4,L11 Conrad,Conrad_Outro_4_Ryan_Romanced,10,Conrad,"אבל זה אמור להיות הכול, תוכל לפתוח את השער?"

# ===== Level 12: Alexander (Rainy) =====
# --- intro: Alexander_4_intro ---
0248808ddaa3479e,L12 Alexander,Alexander_4_intro,1,Alexander,ערב טוב!
d3d306a15d158e29,L12 Alexander,Alexander_4_intro,2,Kobold,הייייי! הייי!
68094c643e49d3c6,L12 Alexander,Alexander_4_intro,3,Kobold,"היי, אלכסנדר!"
e8c921ab9051f110,L12 Alexander,Alexander_4_intro,4,Alexander,"חה, נלהב כתמיד."
3b767556f3eeaa3b,L12 Alexander,Alexander_4_intro,5,Alexander,נפלא לשוב!
96ed1471d1f86a4d,L12 Alexander,Alexander_4_intro,6,Alexander,הגשם אינו פוסק היום!
429d93ef0fafbe8a,L12 Alexander,Alexander_4_intro,7,Alexander,האווירה נעימה.
a9945cd0cd165325,L12 Alexander,Alexander_4_intro,8,Kobold,הגשם נעים.
7259414f82b0b97a,L12 Alexander,Alexander_4_intro,9,Kobold,תמיד שנאתי גשם.
bfad19e22f9652cc,L12 Alexander,Alexander_4_intro,10,Alexander,"מסכים, ובכל זאת אשמח להיכנס ברגע שיתאפשר."
91a5c27ef059ab24,L12 Alexander,Alexander_4_intro,12,Alexander,סבורני שאני מבין את הסלידה מהלכלוך שהוא גורם.
882df59f0a75b295,L12 Alexander,Alexander_4_intro,13,Alexander,אך בשביל זה אני כאן!
990e43e4f2687cdf,L12 Alexander,Alexander_4_intro,14,Kobold,בסדר! אני הולך לפתוח לך את השער.
846b613e707ce00d,L12 Alexander,Alexander_4_intro,15,Kobold,יפ! <size=70%>(שער)
1ceb64d9cf6889fd,L12 Alexander,Alexander_4_intro,17,Alexander,"מממ, אני מבין מכך שתפתח את השער?"
56deaef9d6b92a31,L12 Alexander,Alexander_4_intro,18,Kobold,יפ! <size=70%>(כן)
fd0d3e3077aaf4ce,L12 Alexander,Alexander_4_intro,19,Alexander,אינני בטוח מדוע לפתע אני מבין את ה'יפים' שלך
7a919cef111fe275,L12 Alexander,Alexander_4_intro,20,Kobold,יפ! <size=70%>(זה משום שהחלק הרדום במוח הדרקוני שלך נזכר בגשר הלשוני העמוק שבין מיני לשלך. גשר הנושא בתוכו את המשמעות והכוונה העמוקות של 'יפים' של קובולדים. ההבנה הפתאומית הזו שלך נובעת פשוט מהקשר בינינו שהלך וגדל עם הזמן והפעיל את אותו חלק במוחך.)
6d8c462224bca1b5,L12 Alexander,Alexander_4_intro,21,Kobold,יפ! <size=70%>(לא יודע)
8e7ead434fce5609,L12 Alexander,Alexander_4_intro,24,Alexander,התוכל לפתוח את השער...?
19be549c91d82ff3,L12 Alexander,Alexander_4_intro,25,Alexander,בסדר גמור. אמתין!
# --- progress: Alexander_4_required ---
c19ca0647cc1a583,L12 Alexander,Alexander_4_required,1,Alexander,הרהרתי בדבר...
6d9630067757f781,L12 Alexander,Alexander_4_required,2,Alexander,לא יכולתי שלא להבחין ב... מתקן שם.
7bd6925025a24288,L12 Alexander,Alexander_4_required,3,Alexander,"זהו מתקן, הלא כן?"
54b9fbcd575cd0a7,L12 Alexander,Alexander_4_required,4,Kobold,בהחלט!
1f5aad5cbae1a020,L12 Alexander,Alexander_4_required,5,Kobold,אתה רוצה להשתמש בו?
36a85b3430aa6639,L12 Alexander,Alexander_4_required,6,Alexander,אני... תוהה...
d2b8ae469c604bfb,L12 Alexander,Alexander_4_required,7,Alexander,אם אוכל אממ...
577e4edfcd4fa53d,L12 Alexander,Alexander_4_required,8,Alexander,אולי כאילו...
4caa8162834de434,L12 Alexander,Alexander_4_required,9,Alexander,אולי בכלל...
d89de41838a75fa0,L12 Alexander,Alexander_4_required,10,Kobold,אם בא לך להשתמש בו זה בסדר גמור!
68ad27123e1df879,L12 Alexander,Alexander_4_required,11,Kobold,"אין צורך להתלחץ, אלכסנדר!"
6dece6f0ec399d4e,L12 Alexander,Alexander_4_required,12,Alexander,נדמה לי שהייתי רוצה?
08ab3092d83ed1d3,L12 Alexander,Alexander_4_required,13,Alexander,אני יודע. אני יודע.
81a4fcd2541ac990,L12 Alexander,Alexander_4_required,14,Alexander,נדמה לי שהייתי רוצה להשתמש בו?
67c0f2a71f4ff613,L12 Alexander,Alexander_4_required,16,Alexander,אה... אממ...
4640c27322f55d8c,L12 Alexander,Alexander_4_required,17,Alexander,אולי...?
9739b879143b91cf,L12 Alexander,Alexander_4_required,18,Alexander,רק אם זה בסדר-
e2dce2bed173fba0,L12 Alexander,Alexander_4_required,20,Kobold,ברור שכן. תודה לקונרד שגרם לי להשיג אותו.
f12929f0cef567d7,L12 Alexander,Alexander_4_required,21,Alexander,טוב טוב... אז נדמה לי שהייתי רוצה להשתמש בו?
76ea754cd53f21dc,L12 Alexander,Alexander_4_required,22,Alexander,קונרד...?
18b51cf572e4b49a,L12 Alexander,Alexander_4_required,25,Kobold,מבחינתי אין בעיה!
334a54e73cf69dc1,L12 Alexander,Alexander_4_required,26,Kobold,אני אשמח להביא לך אותו.
7bd62126f382f565,L12 Alexander,Alexander_4_required,27,Alexander,אהמ... תודה לך.
d2c15503eb28631b,L12 Alexander,Alexander_4_required,28,Alexander,בסדר- תודה.
# --- jerkoff: Alexander_4_JerkOff_Start ---
47122b215cc11a2b,L12 Alexander,Alexander_4_JerkOff_Start,1,Alexander,הו... דומני שזה בסדר גמור~
# --- cum: Alexander_4_Cum ---
ed6a9612f44b19ea,L12 Alexander,Alexander_4_Cum,1,Alexander,הוף... תודה לך על כך.
# --- mount_start: Alexander_4_Mount_Start ---
1db0bf44f69526fc,L12 Alexander,Alexander_4_Mount_Start,1,Alexander,המתקן? אני... מניח שכן!
# --- mount_finish: Alexander_4_Mount_Finish ---
76527d719ccc95a3,L12 Alexander,Alexander_4_Mount_Finish,1,Alexander,זה היה... נעים יותר משציפיתי.
# --- outro: Alexander_4_Outro ---
35278dc46019f9b9,L12 Alexander,Alexander_4_Outro,1,Alexander,אני חש טוב הרבה יותר.
5547ec33b10091a2,L12 Alexander,Alexander_4_Outro,2,Alexander,אני... יודע שזה בא משום מקום.
3ce3dec2bd740757,L12 Alexander,Alexander_4_Outro,3,Alexander,אך נדמה לי שלימדת אותי דבר מה.
5eca8560307cac86,L12 Alexander,Alexander_4_Outro,5,Kobold,אבל אתה הדרקון המורה.
419ecbf32abefda1,L12 Alexander,Alexander_4_Outro,6,Alexander,"פרופסור, אך אכן. לימדת."
0b1b8529d2c3c5fc,L12 Alexander,Alexander_4_Outro,7,Alexander,נדמה לי שאני אוהב שדואגים לי?
4df2487e01509478,L12 Alexander,Alexander_4_Outro,8,Kobold,רוב האנשים אוהבים!
c9f8ba59379bb60a,L12 Alexander,Alexander_4_Outro,9,Kobold,אני אוהב לדאוג לך.
93786b06bef36348,L12 Alexander,Alexander_4_Outro,10,Alexander,"ובכן, כן. כוונתי יותר... ברובד היצרי?"
b868cb066c4b572d,L12 Alexander,Alexander_4_Outro,11,Alexander,נעים לשמוע זאת... אך כוונתי שידאגו לי יותר... ברובד היצרי?
565a3630f0cfbcc5,L12 Alexander,Alexander_4_Outro,12,Alexander,אני נהנה כשאתה מורה לי מה לעשות בטפיחה של ידך.
1161a29c118dbaa6,L12 Alexander,Alexander_4_Outro,13,Alexander,אני אוהב את הביטחון העצמי שלך. גם אם הוא נוגע לרחיצה בלבד.
32c31015075eeede,L12 Alexander,Alexander_4_Outro,14,Alexander,"נעים לוותר על השליטה, ולו לרגע."
1651e2418c22d0c0,L12 Alexander,Alexander_4_Outro,15,Kobold,<size=70%> דרקון גדול נותן לי שליטה. וואו.
bd051341e68cc04e,L12 Alexander,Alexander_4_Outro,16,Kobold,אני שמח לתת לך מקום שבו תוכל להירגע.
2e1f723e42b149be,L12 Alexander,Alexander_4_Outro,17,Alexander,"זהו חידוש של ממש, הלא כן?"
8212cbdd05d21f37,L12 Alexander,Alexander_4_Outro,18,Alexander,"אשוב בקרוב, כן? תודה לך על הרחיצה."
b5f8ec9a6918d554,L12 Alexander,Alexander_4_Outro,19,Alexander,"זה משחרר. אשוב, כן?"

# ===== Level 13: Ryan (Sunny) =====
# --- intro: Ryan_5_intro ---
dcd95465ccb79997,L13 Ryan,Ryan_5_intro,6,Kobold,"היי, גדול."
a4c1cb0899f204fc,L13 Ryan,Ryan_5_intro,8,Ryan,היי... קטן!
df50afc7f5e2d994,L13 Ryan,Ryan_5_intro,9,Kobold,אני לא <i>כזה</i> קטן-
8061d3d1aed7c531,L13 Ryan,Ryan_5_intro,10,Kobold,"אז, באת לרחיצה?"
1107598aa9bc6c75,L13 Ryan,Ryan_5_intro,11,Ryan,"אה, סליחה-"
061629ac669e11f8,L13 Ryan,Ryan_5_intro,12,Ryan,רק ניסיתי לזרום איתך. שמח לראות אותך!
cdc7ebc001250566,L13 Ryan,Ryan_5_intro,13,Ryan,כן!
f8c3932b65e6bbb0,L13 Ryan,Ryan_5_intro,14,Ryan,היי קובולד!
4a5d3b88460afb6b,L13 Ryan,Ryan_5_intro,15,Ryan,החלטתי לנסות לאפות.
b483e9c7e323807a,L13 Ryan,Ryan_5_intro,16,Ryan,היה לי המון זמן פנוי לאחרונה.
afd9ef6045a7191c,L13 Ryan,Ryan_5_intro,17,Ryan,מסתבר שאפייה זה עסק מלכלך!
808f38835d1deb53,L13 Ryan,Ryan_5_intro,18,Ryan,רחיצה לא תזיק לי.
# --- intro: Ryan_5_intro_ryan_romanced | if $ryan_conrad_romanced $conrad_romanced $ryan_romanced ---
efa367904267d1f9,L13 Ryan,Ryan_5_intro_ryan_romanced,1,Ryan,...רחיצה לקראת הדייט שלנו הערב.
d510da8dc09c7bd7,L13 Ryan,Ryan_5_intro_ryan_romanced,2,Kobold,אה!! נכון!!
cb4f55dc25088cef,L13 Ryan,Ryan_5_intro_ryan_romanced,3,Kobold,אני ממש מתרגש.
63b5ec8a662e7e8f,L13 Ryan,Ryan_5_intro_ryan_romanced,4,Ryan,"טוב שאני פה כדי להזכיר לך, אז."
60004e58bb12dd3c,L13 Ryan,Ryan_5_intro_ryan_romanced,6,Ryan,אני אחכה לשער!
# --- intro: Ryan_5_intro ---
3ff66f86649ed3f4,L13 Ryan,Ryan_5_intro,19,Kobold,"היי, ריאן!"
bab3e0bf3bfcf52e,L13 Ryan,Ryan_5_intro,20,Ryan,היי! באתי לרחיצה.
747b7932ed2e84f2,L13 Ryan,Ryan_5_intro,24,Kobold,"מעולה, אני הולך לפתוח את השער."
1fa67d86839c19a3,L13 Ryan,Ryan_5_intro,25,Kobold,בטח! אני מת לספר לך על קונרד.
4c5ca3860699fcd3,L13 Ryan,Ryan_5_intro,28,Kobold,כן! אני יוצא איתו לדייט בקרוב.
29301eae6840e128,L13 Ryan,Ryan_5_intro,29,Kobold,"מממהממ, צריך להתכונן לדייט איתו."
154dbd6d6bdc9f0e,L13 Ryan,Ryan_5_intro,30,Ryan,מרגש!
e1867b98d8ce23bd,L13 Ryan,Ryan_5_intro,31,Ryan,תספר לי עוד בפנים.
10dc92e80220fe9b,L13 Ryan,Ryan_5_intro,33,Kobold,הייייי ריאן.
b57c370a0fcc7045,L13 Ryan,Ryan_5_intro,34,Ryan,היי!
cd80a4a851309647,L13 Ryan,Ryan_5_intro,38,Kobold,איך היה הדייט שלך עם קונרד?
26eed1b65d0e1370,L13 Ryan,Ryan_5_intro,39,Kobold,ספר לי עליך ועל קונרד!!!
b433dad7fc4cdb18,L13 Ryan,Ryan_5_intro,40,Ryan,היה מעולה!
cd235c4d7d27fbdb,L13 Ryan,Ryan_5_intro,41,Ryan,אה- נלהב!
7b1f5d058f2045c5,L13 Ryan,Ryan_5_intro,43,Ryan,יצאנו לאכול. ניהלנו שיחה טובה.
4932dbc11ab131d4,L13 Ryan,Ryan_5_intro,44,Ryan,דבר הוביל לדבר...
1a86226c86c7138f,L13 Ryan,Ryan_5_intro,45,Ryan,הלכנו לבר... העניינים התחממו. אתה יכול לדמיין מה קרה אחר כך... <size=70%>חה...
# --- progress: Ryan_5_Required_ryan_romanced | if $ryan_romanced ---
e61676df3c022293,L13 Ryan,Ryan_5_Required_ryan_romanced,1,Ryan,אז. הדייט שלנו הערב...
c022fa54258553ea,L13 Ryan,Ryan_5_Required_ryan_romanced,2,Ryan,לאן היית רוצה ללכת?
6c0884e4717c5d5b,L13 Ryan,Ryan_5_Required_ryan_romanced,3,Kobold,אתה תחליט!
bbedb233b6bbe2ea,L13 Ryan,Ryan_5_Required_ryan_romanced,4,Kobold,הייתי רוצה לצאת לאכול.
fb57b97d646f43c9,L13 Ryan,Ryan_5_Required_ryan_romanced,5,Kobold,אתה מכיר ברים טובים?
d2c0f4718541c240,L13 Ryan,Ryan_5_Required_ryan_romanced,6,Kobold,מה דעתך על סרט?
98ef145fb642c5b6,L13 Ryan,Ryan_5_Required_ryan_romanced,7,Ryan,אולי פשוט... נטייל?
4bad2b5ecfe22c4a,L13 Ryan,Ryan_5_Required_ryan_romanced,8,Ryan,אני ממש אוהב לתת לאחרים לרכוב לי על הגב.
6e8c399ff118f405,L13 Ryan,Ryan_5_Required_ryan_romanced,9,Ryan,זה יעניין אותך?
7da2aa0d4ef74597,L13 Ryan,Ryan_5_Required_ryan_romanced,10,Kobold,נשמע נפלא!
db39ae73af1cfae5,L13 Ryan,Ryan_5_Required_ryan_romanced,11,Kobold,זה לא יהיה משפיל?
3185b026252747c6,L13 Ryan,Ryan_5_Required_ryan_romanced,13,Ryan,תמיד אהבתי להרכיב על הגב את החברים הדו-רגליים שלי...
d2994ff918a23d86,L13 Ryan,Ryan_5_Required_ryan_romanced,14,Ryan,"אז סגרנו דייט, אני מתרגש."
3fdcf71c3e2f7ea0,L13 Ryan,Ryan_5_Required_ryan_romanced,15,Ryan,"אה! לא, ממש לא. זה כיף!"
8bacddc318adc2b9,L13 Ryan,Ryan_5_Required_ryan_romanced,16,Ryan,אני מרכיב את שאר החברים הדו-רגליים שלי כל הזמן.
638c1801c65c6b0c,L13 Ryan,Ryan_5_Required_ryan_romanced,17,Ryan,אני בטוח שנמצא משהו! פשוט תפגוש אותי במזח!
25f86d817a092ae1,L13 Ryan,Ryan_5_Required_ryan_romanced,18,Ryan,"כן, זה נשמע די טוב."
38ae2aec596ab356,L13 Ryan,Ryan_5_Required_ryan_romanced,19,Ryan,איך אתה עם פירות ים?
d7456d9e85366bc9,L13 Ryan,Ryan_5_Required_ryan_romanced,20,Kobold,כן. אני אוהב דגים!
925a663e1b23d966,L13 Ryan,Ryan_5_Required_ryan_romanced,21,Kobold,"הממם, אולי משהו אחר?"
14d1fddd0115ee0d,L13 Ryan,Ryan_5_Required_ryan_romanced,22,Ryan,"אה, מעולה. אני בחור של סלמון."
6b59acab736bd349,L13 Ryan,Ryan_5_Required_ryan_romanced,23,Ryan,"טוב, אני דרקון- אבל... אתה מבין למה אני מתכוון."
334998266afc2476,L13 Ryan,Ryan_5_Required_ryan_romanced,24,Ryan,"אז סגרנו דייט! פירות ים, ואחר כך נזרום."
a02af61e18efb0f0,L13 Ryan,Ryan_5_Required_ryan_romanced,25,Ryan,אני מכיר מקום סביר של בני-סוסים ליד המזח.
cf73a93aa04fdd02,L13 Ryan,Ryan_5_Required_ryan_romanced,26,Ryan,זה כמו פיוז'ן סוסי כזה...
8771d66a0a1ace3e,L13 Ryan,Ryan_5_Required_ryan_romanced,27,Ryan,אני אוהב אותו! נראה לי שגם אתה תיהנה.
8cceef523eb8c739,L13 Ryan,Ryan_5_Required_ryan_romanced,28,Ryan,אז סגרנו דייט!
5a3b18942c9e3040,L13 Ryan,Ryan_5_Required_ryan_romanced,29,Ryan,"אה כן, יש מקום נחמד במרכז העיר שנקרא 'וינגס'."
4d1b2eff2bb69d21,L13 Ryan,Ryan_5_Required_ryan_romanced,30,Ryan,נראה לי שזה יכול להיות מקום טוב! יש שם הופעות טובות כל ערב.
ebbcfde5ce6709d6,L13 Ryan,Ryan_5_Required_ryan_romanced,31,Ryan,"אפשר ללכת לשם, ואז לקחת חדר במלון... הממ."
435234dd4f3b1033,L13 Ryan,Ryan_5_Required_ryan_romanced,34,Ryan,נראה לי שסרט יכול להיות כיף!
0ef6ac4a015fbebd,L13 Ryan,Ryan_5_Required_ryan_romanced,35,Ryan,על איזה סרט חשבת?
b64ebbe5369b5bbf,L13 Ryan,Ryan_5_Required_ryan_romanced,37,Kobold,יפ-מן - היפ האחרון
45afe74b37ed6bb0,L13 Ryan,Ryan_5_Required_ryan_romanced,38,Kobold,דרקוני הגלקסיה: חלק שני
a881cd2440d13252,L13 Ryan,Ryan_5_Required_ryan_romanced,39,Ryan,"אה, שמעתי עליו דברים טובים."
00712e7d97f1872a,L13 Ryan,Ryan_5_Required_ryan_romanced,41,Ryan,סרטי יפ-מן ממש קיטשיים...
037e3c0c446d2b14,L13 Ryan,Ryan_5_Required_ryan_romanced,42,Ryan,אבל אני בטוח שאהנה ממנו איתך!
b1ac5509459ca2a4,L13 Ryan,Ryan_5_Required_ryan_romanced,43,Ryan,"אה כן, אהבתי את הראשון."
eb547bf48bc9637e,L13 Ryan,Ryan_5_Required_ryan_romanced,45,Ryan,אז סגרנו דייט. אני מתרגש.
# --- progress: Ryan_5_Required_conrad_romanced | if $ryan_romanced $conrad_romanced ---
1f2c5ed668dc8972,L13 Ryan,Ryan_5_Required_conrad_romanced,1,Ryan,"אז, ספר לי עוד על קונרד!"
522b54ddedc9ae6c,L13 Ryan,Ryan_5_Required_conrad_romanced,2,Kobold,הוא הרבה יותר נחמד לאחרונה.
9df47f9485e2d886,L13 Ryan,Ryan_5_Required_conrad_romanced,3,Kobold,הוא כמו... רכרוכי גדול מוקף בחלקים חדים ודוקרניים.
2e0446089ab2f237,L13 Ryan,Ryan_5_Required_conrad_romanced,4,Ryan,אה כן? נשמע שהוא קצת חמום מוח.
eb926b4bc196ac32,L13 Ryan,Ryan_5_Required_conrad_romanced,5,Ryan,אבל אני מכיר את הטיפוס... בדרך כלל הם רכרוכיים גדולים מבפנים.
8ea9e02ddeed61e3,L13 Ryan,Ryan_5_Required_conrad_romanced,6,Kobold,"כן, הוא השתפר המון."
5085892250461c04,L13 Ryan,Ryan_5_Required_conrad_romanced,7,Kobold,כן. אני אוהב את זה.
53011f72775c8ca4,L13 Ryan,Ryan_5_Required_conrad_romanced,8,Ryan,טוב מאוד לשמוע.
4fbcc070e27c4736,L13 Ryan,Ryan_5_Required_conrad_romanced,9,Ryan,אין דבר יותר מושך מגבר שיודע להשתפר!
aa8e7dea9ad61538,L13 Ryan,Ryan_5_Required_conrad_romanced,10,Ryan,אני שמח שזה מסתדר לשניכם.
390bea406a842664,L13 Ryan,Ryan_5_Required_conrad_romanced,11,Ryan,מעולה. אני שמח שזה מסתדר לשניכם.
f147cd900de98aeb,L13 Ryan,Ryan_5_Required_conrad_romanced,12,Ryan,"אה, כן, הטיפוסים האלה די חמודים."
883fec192f3d1119,L13 Ryan,Ryan_5_Required_conrad_romanced,13,Ryan,"ממה ששמעתי, נשמע שהוא השתפר המון לאחרונה, נכון?"
b5060af9808e8c7c,L13 Ryan,Ryan_5_Required_conrad_romanced,14,Kobold,"אהממ, הוא משתדל."
702195668cf48039,L13 Ryan,Ryan_5_Required_conrad_romanced,15,Kobold,נראה לי שהוא היה בסביבה גרועה. עכשיו הוא במצב טוב יותר.
1e681c01b417052f,L13 Ryan,Ryan_5_Required_conrad_romanced,16,Ryan,"זה כל מה שאפשר לבקש, נכון?"
9056022b2085d3b7,L13 Ryan,Ryan_5_Required_conrad_romanced,17,Ryan,"בכל מקרה, אני שמח שזה מסתדר לשניכם."
932d7df9b58f5376,L13 Ryan,Ryan_5_Required_conrad_romanced,18,Ryan,טוב לשמוע.
# --- progress: Ryan_5_Required_ryan_conrad_romanced | if $ryan_romanced $conrad_romanced $ryan_conrad_romanced ---
e76e544c771880f3,L13 Ryan,Ryan_5_Required_ryan_conrad_romanced,1,Ryan,קונרד דיבר עליך בדייט שלנו.
2e21aa0b86c092fb,L13 Ryan,Ryan_5_Required_ryan_conrad_romanced,3,Kobold,על מה?
271a662aed24f160,L13 Ryan,Ryan_5_Required_ryan_conrad_romanced,4,Ryan,סיפר לי על הפעם שהוא חטף מכות.
1b0b214cb2df69ec,L13 Ryan,Ryan_5_Required_ryan_conrad_romanced,5,Ryan,נראה לי שעזרת לו הרבה יותר ממה שאתה מבין.
ad14c398c575824b,L13 Ryan,Ryan_5_Required_ryan_conrad_romanced,7,Kobold,רק עשיתי את העבודה שלי!
daddaa15545566ce,L13 Ryan,Ryan_5_Required_ryan_conrad_romanced,8,Ryan,"בטח, אבל באותו רגע הוא היה צריך מישהו שאכפת לו."
f03747feadc10e71,L13 Ryan,Ryan_5_Required_ryan_conrad_romanced,9,Ryan,"ממה שהבנתי, כבר הרבה זמן לא... טוב, לא היה אכפת לאף אחד ממנו."
2ed3613575959ca6,L13 Ryan,Ryan_5_Required_ryan_conrad_romanced,10,Ryan,גם אם רק עשית את העבודה שלך... נראה לי שזה עזר לו המון.
658add118bb17ed5,L13 Ryan,Ryan_5_Required_ryan_conrad_romanced,11,Ryan,"אז תודה, בשמו, על שאכפת לך."
8ca78aefdf9d3b44,L13 Ryan,Ryan_5_Required_ryan_conrad_romanced,12,Ryan,אני יודע שהוא יכול להיות קצת חמום מוח ולשכוח להגיד תודה.
9176dd2bd815750c,L13 Ryan,Ryan_5_Required_ryan_conrad_romanced,13,Kobold,אוו... תודה.
5a4dcf1ccff086af,L13 Ryan,Ryan_5_Required_ryan_conrad_romanced,14,Kobold,משמח אותי לשמוע את זה.
6db8bf6280f68edb,L13 Ryan,Ryan_5_Required_ryan_conrad_romanced,15,Ryan,אה. ועוד דבר אחד.
49e6d82bb7d163af,L13 Ryan,Ryan_5_Required_ryan_conrad_romanced,16,Ryan,וגם שכבנו אחרי הדייט.
e06e957ec854ab4c,L13 Ryan,Ryan_5_Required_ryan_conrad_romanced,17,Kobold,<size=70%><i>וואו...
9b2ad1c8b149bf00,L13 Ryan,Ryan_5_Required_ryan_conrad_romanced,19,Ryan,"חה, כן. לקונרד בהחלט יש ניסיון..."
bc156217e847a8df,L13 Ryan,Ryan_5_Required_ryan_conrad_romanced,20,Ryan,מההה. אין בזה שום דבר רע! חשבתי שתרצה לדעת.
# --- jerkoff: Ryan_5_JerkOff_Start ---
9fec39c7cefbaca2,L13 Ryan,Ryan_5_JerkOff_Start,1,Ryan,"חה... ידיים זריזות היום, הא?"
# --- cum: Ryan_5_Cum ---
6f8c64dde681ced5,L13 Ryan,Ryan_5_Cum,1,Ryan,אוף... הייתי צריך את זה. תודה.
# --- mount_start: Ryan_5_Mount_Start ---
c7f3dbd886d929a7,L13 Ryan,Ryan_5_Mount_Start,1,Ryan,המתקן? בטח!
# --- mount_finish: Ryan_5_Mount_Finish ---
48ffbc93e2486713,L13 Ryan,Ryan_5_Mount_Finish,1,Ryan,הוף... תודה על זה.
# --- outro: Ryan_5_Outro_ryan_romanced | if $ryan_romanced ---
6fc39ec69d974bb4,L13 Ryan,Ryan_5_Outro_ryan_romanced,1,Ryan,נראה לי שהגעת לכל כתם.
c9e5fbe3317edd3f,L13 Ryan,Ryan_5_Outro_ryan_romanced,2,Ryan,אתה יודע מה זה אומר...
f553e58b991e05cc,L13 Ryan,Ryan_5_Outro_ryan_romanced,3,Kobold,ערב דייט!!!
line:95aa0bf4,L13 Ryan,Ryan_5_Outro_ryan_romanced,5,Ryan,בדיוק!
0eb7accf7a8bffc3,L13 Ryan,Ryan_5_Outro_ryan_romanced,6,Ryan,זה אומר שאני מוכן לצאת לדייט עם קובולד מסוים.
e7da2124354de72f,L13 Ryan,Ryan_5_Outro_ryan_romanced,7,Ryan,"אני יודע שאתה צריך לסגור את העסק. אדאג שתקבל את הכתובת וניפגש שם, כן?"
6b7ea0261a825f1b,L13 Ryan,Ryan_5_Outro_ryan_romanced,8,Kobold,נשמע טוב!
7809df3c2e9fa860,L13 Ryan,Ryan_5_Outro_ryan_romanced,10,Ryan,אני ממש מחכה לזה.
dc9e132cf2897c30,L13 Ryan,Ryan_5_Outro_ryan_romanced,12,Ryan,"טוב, לך לפתוח את השער ואני אצא למקום!"
7d5a43fcbb4e03de,L13 Ryan,Ryan_5_Outro_ryan_romanced,13,Ryan,נתראה בקרוב.
# --- outro: Ryan_5_Outro_conrad_romanced | if $ryan_romanced $conrad_romanced ---
b050469dea41d597,L13 Ryan,Ryan_5_Outro_conrad_romanced,2,Ryan,תודה שעזרת לי.
25ec1c59caa5e66c,L13 Ryan,Ryan_5_Outro_conrad_romanced,3,Kobold,אני תמיד שמח לרחוץ אותך!
2a67fb93196e8722,L13 Ryan,Ryan_5_Outro_conrad_romanced,5,Ryan,אה- לא רק על הרחיצה.
2140dcb75dc2d0f9,L13 Ryan,Ryan_5_Outro_conrad_romanced,6,Ryan,"כאילו, באופן כללי."
a6d4dab5c8699946,L13 Ryan,Ryan_5_Outro_conrad_romanced,7,Ryan,הפרידה שעברתי לפני כן הייתה קשה.
1fd66775cea2eb4b,L13 Ryan,Ryan_5_Outro_conrad_romanced,8,Ryan,זו הייתה בריחה נעימה.
8f4dc96f133fa75c,L13 Ryan,Ryan_5_Outro_conrad_romanced,9,Ryan,ואני ממש שמח בשבילך ובשביל קונרד.
8ed791569d35f02c,L13 Ryan,Ryan_5_Outro_conrad_romanced,10,Ryan,"נתראה בפעם הבאה שאבוא, כן?"
d38d6a1844481871,L13 Ryan,Ryan_5_Outro_conrad_romanced,11,Kobold,"אני תמיד שמח לראות אותך, ריאן."
c88980c837fb6592,L13 Ryan,Ryan_5_Outro_conrad_romanced,12,Kobold,אני הולך לפתוח לך את השער
b1e1c4e40f4aaeec,L13 Ryan,Ryan_5_Outro_conrad_romanced,13,Ryan,גם אני. תודה על הרחיצה.
# --- outro: Ryan_5_Outro_ryan_conrad_romanced | if $ryan_romanced $conrad_romanced $ryan_conrad_romanced ---
c5f14714a1e0439c,L13 Ryan,Ryan_5_Outro_ryan_conrad_romanced,8,Ryan,זו הייתה בריחה נפלאה...
3eb55bf5de9c718b,L13 Ryan,Ryan_5_Outro_ryan_conrad_romanced,9,Ryan,וגם הכרת לי את קונרד.
7aa8987bf569468c,L13 Ryan,Ryan_5_Outro_ryan_conrad_romanced,10,Ryan,הוא מעולה.

# ===== Level 14: Conrad (Night) =====
# --- intro: Conrad_5_intro_ryan_romanced | if $ryan_conrad_romanced $conrad_romanced $ryan_romanced ---
ab4070df9f9d3980,L14 Conrad,Conrad_5_intro_ryan_romanced,1,Conrad,"<size=140%>היי, <size=100%>באתי לרחיצה."
8597b1ea1423580d,L14 Conrad,Conrad_5_intro_ryan_romanced,2,Kobold,היי קונרד.
3ed1272125c54574,L14 Conrad,Conrad_5_intro_ryan_romanced,3,Kobold,מה מביא אותך כל כך מאוחר?
d90de33a2137108a,L14 Conrad,Conrad_5_intro_ryan_romanced,4,Conrad,"כן, זה אני."
2ca9d5b1cf89ccc8,L14 Conrad,Conrad_5_intro_ryan_romanced,5,Conrad,יוצא הערב למרכז העיר. הייתי צריך להיות נקי לגמרי. תגיד...
f5ebf2a456433609,L14 Conrad,Conrad_5_intro_ryan_romanced,6,Conrad,"שמעתי עליך ועל הכחול הגדול. ריאן, נכון?"
061d649bf4c733b7,L14 Conrad,Conrad_5_intro_ryan_romanced,7,Conrad,בטוח נהנית.
4193e2b4730c89ad,L14 Conrad,Conrad_5_intro_ryan_romanced,8,Conrad,מקווה שהלך טוב.
63ecf81d4e111712,L14 Conrad,Conrad_5_intro_ryan_romanced,9,Kobold,כן! תודה ששאלת.
0c7c795d2dd5eb76,L14 Conrad,Conrad_5_intro_ryan_romanced,10,Kobold,זה הלך טוב.
ae61bf1949b59852,L14 Conrad,Conrad_5_intro_ryan_romanced,12,Conrad,ועכשיו!
25ba5fd876754270,L14 Conrad,Conrad_5_intro_ryan_romanced,13,Conrad,קונרד צריך רחיצה!
# --- intro: Conrad_5_intro_conrad_romanced | if $ryan_conrad_romanced $conrad_romanced $ryan_romanced ---
76777c9ea422832b,L14 Conrad,Conrad_5_intro_conrad_romanced,1,Conrad,"היי, חתיך"
0b7efee62380b6cd,L14 Conrad,Conrad_5_intro_conrad_romanced,2,Conrad,איך אני נראה?
060982be63865e2c,L14 Conrad,Conrad_5_intro_conrad_romanced,3,Kobold,ממש מגניב
b6fff34d007d61c9,L14 Conrad,Conrad_5_intro_conrad_romanced,4,Kobold,אממ..
806a4d3418ed236d,L14 Conrad,Conrad_5_intro_conrad_romanced,5,Conrad,כן! נכון!
4bd075c280186208,L14 Conrad,Conrad_5_intro_conrad_romanced,6,Conrad,אבל לא לדייט.
777560a71762cf9b,L14 Conrad,Conrad_5_intro_conrad_romanced,7,Conrad,אז בוא נשטוף את זה לקראת הדייט שלנו הערב.
364ea49c3b6c9895,L14 Conrad,Conrad_5_intro_conrad_romanced,8,Conrad,חה!
3ef6b1f5eeda632e,L14 Conrad,Conrad_5_intro_conrad_romanced,9,Conrad,סתם צוחק.
ec760ba3440257aa,L14 Conrad,Conrad_5_intro_conrad_romanced,10,Conrad,"אוקיי, אז בוא נשטוף את זה לקראת הדייט שלנו הערב."
300d848a1b6703e2,L14 Conrad,Conrad_5_intro_conrad_romanced,12,Kobold,צריך לוודא שאתה נקי לגמרי!
260d7e3607c0eca1,L14 Conrad,Conrad_5_intro_conrad_romanced,14,Conrad,"חה... צודק לגמרי, לעזאזל."
d875bd1d6febfd53,L14 Conrad,Conrad_5_intro_conrad_romanced,15,Conrad,אני מחושמל.
a652a464f67481de,L14 Conrad,Conrad_5_intro_conrad_romanced,16,Conrad,כבר השגתי מקומות בבר שסיפרתי לך עליו.
ce3783abd13119b6,L14 Conrad,Conrad_5_intro_conrad_romanced,17,Conrad,האווירה שם בלילה פאקינג מדהימה.
18ed0c57d649df67,L14 Conrad,Conrad_5_intro_conrad_romanced,18,Conrad,אתה תאהב את זה.
# --- intro: Conrad_5_intro_ryan_conrad_romanced | if $ryan_conrad_romanced $conrad_romanced $ryan_romanced ---
9ec8a28e82bf29dd,L14 Conrad,Conrad_5_intro_ryan_conrad_romanced,1,Conrad,הייייי.
ce0517f9b97181e5,L14 Conrad,Conrad_5_intro_ryan_conrad_romanced,2,Kobold,מה שם אותך במצב רוח טוב?
9560e52eac466c54,L14 Conrad,Conrad_5_intro_ryan_conrad_romanced,4,Conrad,הדייט שלי עם ריאן היה...
f1afc0e7b46c4e3f,L14 Conrad,Conrad_5_intro_ryan_conrad_romanced,5,Conrad,"טוב בטירוף, לעזאזל!"
4b512432c16ce478,L14 Conrad,Conrad_5_intro_ryan_conrad_romanced,9,Conrad,סליחה שבאתי מאוחר. השינה שלי דפוקה לגמרי.
258282b3a0c1182a,L14 Conrad,Conrad_5_intro_ryan_conrad_romanced,10,Conrad,אבל באתי רק לרחיצה.
b67855af6a6d0c66,L14 Conrad,Conrad_5_intro_ryan_conrad_romanced,11,Kobold,אתה חייב לספר לי בקרוב את כל הפרטים על ריאן.
9ab1cc314a249eac,L14 Conrad,Conrad_5_intro_ryan_conrad_romanced,12,Kobold,בסדר! אני הולך לפתוח את השער.
1d28eb42dcdd879d,L14 Conrad,Conrad_5_intro_ryan_conrad_romanced,13,Conrad,אל תדאג. אספר.
# --- progress: Conrad_5_required_ryan_romanced | if $ryan_romanced ---
189bf8eff795718a,L14 Conrad,Conrad_5_required_ryan_romanced,1,Conrad,"יו, סליחה שבאתי מאוחר."
cf69f255df6f95af,L14 Conrad,Conrad_5_required_ryan_romanced,2,Kobold,זה בסדר. אני סוגר בעוד שעה בערך.
3aa0d9279bff43d9,L14 Conrad,Conrad_5_required_ryan_romanced,3,Kobold,אתה יכול לבוא מתי שבא לך!
f135fa715daf4f0c,L14 Conrad,Conrad_5_required_ryan_romanced,4,Conrad,"אה. אוקיי, עזוב, אז אני לא מצטער."
b127befdbae1da68,L14 Conrad,Conrad_5_required_ryan_romanced,6,Conrad,הדייט שלך עם ריאן.
e00a5000d0f2cd2a,L14 Conrad,Conrad_5_required_ryan_romanced,8,Conrad,איך היה הסקס.
7bd3b05552e5bd75,L14 Conrad,Conrad_5_required_ryan_romanced,10,Kobold,אה. אממ. <size=70%>טוב.
051b72b94276cf81,L14 Conrad,Conrad_5_required_ryan_romanced,11,Conrad,"היי, אין שום רע בלשאול!"
d5e5e7ee92b23759,L14 Conrad,Conrad_5_required_ryan_romanced,12,Conrad,"נשמע שהיה טוב, אז."
83e2bb850a49b35e,L14 Conrad,Conrad_5_required_ryan_romanced,13,Conrad,"חה, ככה תיארתי לעצמי."
9f69f9b215b926ee,L14 Conrad,Conrad_5_required_ryan_romanced,14,Conrad,אתה באמת יודע להשתמש בידיים די טוב.
2c910bcdb2651bf0,L14 Conrad,Conrad_5_required_ryan_romanced,15,Conrad,אני מקנא!
9e8a396c1742ffde,L14 Conrad,Conrad_5_required_ryan_romanced,16,Conrad,...אבל לא בקטע רע ומוזר.
# --- progress: Conrad_5_required_conrad_romanced | if $ryan_romanced $conrad_romanced ---
63b786e95b90bc5e,L14 Conrad,Conrad_5_required_conrad_romanced,1,Conrad,אז. הערב.
6a74a80cafdccde8,L14 Conrad,Conrad_5_required_conrad_romanced,6,Conrad,וכדאי שתהיה.
06318559748ee640,L14 Conrad,Conrad_5_required_conrad_romanced,7,Conrad,אתה הולך לאהוב את זה.
6c4d5b09c5034364,L14 Conrad,Conrad_5_required_conrad_romanced,8,Conrad,גם האורות באזור מעולים.
95e9b7e01259ac1e,L14 Conrad,Conrad_5_required_conrad_romanced,9,Conrad,ממש יוצרים אווירה.
66e39f6379268a82,L14 Conrad,Conrad_5_required_conrad_romanced,10,Kobold,תשמור את יצירת האווירה להערב!
f9ae65b8ce359331,L14 Conrad,Conrad_5_required_conrad_romanced,12,Conrad,חה. בסדר.
1d1baaa8db27cb04,L14 Conrad,Conrad_5_required_conrad_romanced,13,Conrad,אה כן.
ff84a4b13b8be2a4,L14 Conrad,Conrad_5_required_conrad_romanced,14,Conrad,ברגע שאהיה נקי אני יוצא להכין לנו את המקום.
# --- progress: Conrad_5_required_ryan_conrad_romanced | if $ryan_romanced $conrad_romanced $ryan_conrad_romanced ---
1598446fc49cdf80,L14 Conrad,Conrad_5_required_ryan_conrad_romanced,1,Conrad,ריאן כזה דרקון נחמד.
e2e3e43114ab1531,L14 Conrad,Conrad_5_required_ryan_conrad_romanced,2,Kobold/Conrad,הוא באמת כזה.
73f5014bc8782ad4,L14 Conrad,Conrad_5_required_ryan_conrad_romanced,4,Conrad,"כן, הוא כל כך טוב אליי."
953a9b287930c86a,L14 Conrad,Conrad_5_required_ryan_conrad_romanced,5,Conrad,הוא... מתחשב. וגם ממש מבין.
41d3eda9c195fe48,L14 Conrad,Conrad_5_required_ryan_conrad_romanced,6,Conrad,כשפגשתי אותו בהתחלה חזרתי לתסריט הישן שלי.
42fb7bc16778c0a5,L14 Conrad,Conrad_5_required_ryan_conrad_romanced,7,Conrad,"... הייתי קצת מניאק, בכנות."
66ad79997bc62825,L14 Conrad,Conrad_5_required_ryan_conrad_romanced,8,Conrad,הוא פשוט... ידע מה להגיד כדי להוציא אותי מכל זה.
7f8b591142c62352,L14 Conrad,Conrad_5_required_ryan_conrad_romanced,9,Kobold,זה ממש נחמד!
98e27e864ef9bcd4,L14 Conrad,Conrad_5_required_ryan_conrad_romanced,10,Kobold,ריאן מתוק
7d6c8c039970d352,L14 Conrad,Conrad_5_required_ryan_conrad_romanced,11,Conrad,כן... הוא באמת מעולה.
5e25d0f2371f53e0,L14 Conrad,Conrad_5_required_ryan_conrad_romanced,13,Conrad,תודה שהכרת לי אותו.
# --- jerkoff: Conrad_5_JerkOff_Start ---
c96d891724f6aacb,L14 Conrad,Conrad_5_JerkOff_Start,1,Conrad,חה... הולך להוריד לי ביד עכשיו? סבבה.
# --- cum: Conrad_5_Cum ---
51bfc34995242b1a,L14 Conrad,Conrad_5_Cum,1,Conrad,פאאאק. אתה באמת יודע לתפעל דרקון!
# --- outro: Conrad_5_outro_ryan_romanced | if $ryan_romanced ---
311729708567a9d6,L14 Conrad,Conrad_5_outro_ryan_romanced,1,Kobold,סיימנו!
84da55b8523dba73,L14 Conrad,Conrad_5_outro_ryan_romanced,2,Kobold,אתה <i>נקי לגמרי.</i>
2bde145654bd4a8f,L14 Conrad,Conrad_5_outro_ryan_romanced,3,Conrad,נראה ככה.
af144d6cb4daa5e6,L14 Conrad,Conrad_5_outro_ryan_romanced,4,Conrad,"כן, לעזאזל."
8c873098ac0042a6,L14 Conrad,Conrad_5_outro_ryan_romanced,5,Conrad,תודה על הרחיצה בשעה כזאת מאוחרת.
028e30f8adf6e6ad,L14 Conrad,Conrad_5_outro_ryan_romanced,6,Conrad,"אתה חייב לעדכן אותי עליך ועל ריאן, כן?"
a398eca1fb8d9924,L14 Conrad,Conrad_5_outro_ryan_romanced,7,Conrad,בכל אופן...
234fc4abfc8d8619,L14 Conrad,Conrad_5_outro_ryan_romanced,8,Conrad,תוציא את <i>הק' הגדול</i> מהמקום הזה!
a53a782390260e09,L14 Conrad,Conrad_5_outro_ryan_romanced,9,Kobold,הק' הגדול...?
8e369560d1581070,L14 Conrad,Conrad_5_outro_ryan_romanced,10,Kobold,"אוקיי, קונרד."
f6b30f28e561466d,L14 Conrad,Conrad_5_outro_ryan_romanced,12,Conrad,"כןןן, עם הכינוי הזה אני לא ממשיך."
ac2b2c6605839727,L14 Conrad,Conrad_5_outro_ryan_romanced,13,Conrad,חה... כן...
fc66fcc7fd7d0e4d,L14 Conrad,Conrad_5_outro_ryan_romanced,14,Conrad,"טוב, נתראה!"
# --- outro: Conrad_5_outro_conrad_romanced | if $ryan_romanced $conrad_romanced ---
9333db61bcc08052,L14 Conrad,Conrad_5_outro_conrad_romanced,1,Conrad,נקי לגמרי...
8b45593ada7894a3,L14 Conrad,Conrad_5_outro_conrad_romanced,2,Conrad,אתה יודע מה זה אומר.
53e54ad7b23e6757,L14 Conrad,Conrad_5_outro_conrad_romanced,3,Kobold,ערב דייט!
4f319a155b3e572c,L14 Conrad,Conrad_5_outro_conrad_romanced,4,Kobold,אני צריך לסגור את העסק קודם-
f3296c9825518630,L14 Conrad,Conrad_5_outro_conrad_romanced,6,Conrad,אני אצטרך לשמור לך מקום בזמן שאתה סוגר.
c215e512d572e96c,L14 Conrad,Conrad_5_outro_conrad_romanced,7,Conrad,"אני יודע, אני אשמור לך מקום!"
22d803e60de439a9,L14 Conrad,Conrad_5_outro_conrad_romanced,8,Conrad,יאללה! אני מוכן לזוז.
092af5ec90bd21c7,L14 Conrad,Conrad_5_outro_conrad_romanced,9,Conrad,אני אחכה לך בבר הערב!
# --- outro: Conrad_5_outro_ryan_conrad_romanced | if $ryan_romanced $conrad_romanced $ryan_conrad_romanced ---
e079ff157877ea28,L14 Conrad,Conrad_5_outro_ryan_conrad_romanced,1,Conrad,נראה לי שהגעת לכל כתם!
6749954edebda844,L14 Conrad,Conrad_5_outro_ryan_conrad_romanced,2,Conrad,אני אדאג לרדת לך מהקשקשים.
2bc72fd03dd6d9e7,L14 Conrad,Conrad_5_outro_ryan_conrad_romanced,3,Conrad,תודה שהכנסת אותי כל כך מאוחר.
f001e3ed4df7e0ee,L14 Conrad,Conrad_5_outro_ryan_conrad_romanced,4,Kobold,אין בעיה!
9d4a6cd35afcc17e,L14 Conrad,Conrad_5_outro_ryan_conrad_romanced,5,Kobold,"תמיד שמח שאתה כאן, קונרד."
5e4e2c64bc630fa1,L14 Conrad,Conrad_5_outro_ryan_conrad_romanced,6,Conrad,מממהממ. אני אעבוד על שעות השינה שלי...
5c58c3e6d4c7dc65,L14 Conrad,Conrad_5_outro_ryan_conrad_romanced,7,Conrad,תודה. אני תמיד שמח להיות פה.
163137d1bff25904,L14 Conrad,Conrad_5_outro_ryan_conrad_romanced,8,Conrad,בכל אופן. תוכל לפתוח את השער?
94d29a68cf0c8c31,L14 Conrad,Conrad_5_outro_ryan_conrad_romanced,9,Conrad,הלילה לא יתחיל מעצמו!

# ===== Level 15: Alexander (Sunny) =====
# --- intro: Alexander_5_intro ---
bc3d56d7794e4370,L15 Alexander,Alexander_5_intro,6,Kobold,"היי, אלכסנדר."
1bef44aeb393caf0,L15 Alexander,Alexander_5_intro,7,Kobold,"היי, גדול!"
2d8bd7d9bb5f85ba,L15 Alexander,Alexander_5_intro,8,Alexander,שלום לך.
b048841add4ee6cf,L15 Alexander,Alexander_5_intro,10,Alexander,הגעתי לשם רחיצה.
beeee2948bf1c30a,L15 Alexander,Alexander_5_intro,11,Alexander,מקווה שהנך בטוב!
906a59351176dc24,L15 Alexander,Alexander_5_intro,12,Kobold,כן! בדיוק יצאתי לדייט עם ריאן.
2a75724b922176cf,L15 Alexander,Alexander_5_intro,13,Alexander,"הו, באמת? הדרייק תכול השמיים שראיתי בסביבה?"
1f4da5e1dde7e17c,L15 Alexander,Alexander_5_intro,14,Alexander,נפלא לשמוע שאתה נפגש עם מישהו!
50f1967e1e33cecf,L15 Alexander,Alexander_5_intro,15,Kobold,כן! בדיוק יצאתי לדייט עם קונרד.
0738da2a76bc2231,L15 Alexander,Alexander_5_intro,16,Alexander,"הו, באמת? הדרייק האדום הקטן?"
896dc87e931d64eb,L15 Alexander,Alexander_5_intro,18,Kobold,כן! ועוד יותר טוב עכשיו שאתה כאן.
0786859cb08f5ef9,L15 Alexander,Alexander_5_intro,19,Kobold,אני בסדר גמור!
414ed962f4c8a03a,L15 Alexander,Alexander_5_intro,20,Alexander,הו. זה... נפלא!
10cdda610834ef77,L15 Alexander,Alexander_5_intro,21,Alexander,גם אני שמח להיות כאן.
346865d8c1dd9693,L15 Alexander,Alexander_5_intro,22,Alexander,נפלא לשמוע.
f9ccb379ac224d71,L15 Alexander,Alexander_5_intro,23,Alexander,"ובכן, אני זקוק לניקוי."
4e576daaec5a2d15,L15 Alexander,Alexander_5_intro,24,Kobold,כבר מטפל בזה!
42dbc75670fc6105,L15 Alexander,Alexander_5_intro,26,Alexander,מצפה אני לרחיצה.
# --- progress: Alexander_5_romance_route | if $ryan_conrad_romanced ---
067e958be39127d9,L15 Alexander,Alexander_5_romance_route,4,Alexander,הרהרתי...
4dd6f1ad9c86a533,L15 Alexander,Alexander_5_romance_route,5,Alexander,הסבור אתה שאני מושך?
303f7b0a567bfb2b,L15 Alexander,Alexander_5_romance_route,6,Kobold,כן!!!
09141003dee8665c,L15 Alexander,Alexander_5_romance_route,7,Kobold,בהחלט!
43c22d680a102c02,L15 Alexander,Alexander_5_romance_route,8,Kobold,אני חושב שאתה נאה.
4d433e9df480be59,L15 Alexander,Alexander_5_romance_route,10,Alexander,שמחתי לשמוע!
c2ec019426b864e2,L15 Alexander,Alexander_5_romance_route,11,Alexander,"הדבר... מעניק לי ביטחון רב יותר בעצמי, אם כן."
2819c10656ee517a,L15 Alexander,Alexander_5_romance_route,12,Alexander,באמת ובתמים?
8fa16c7b8108298a,L15 Alexander,Alexander_5_romance_route,15,Alexander,"הדבר מעניק לי ביטחון רב יותר בעצמי, אם כן."
4f6ee313463724ba,L15 Alexander,Alexander_5_romance_route,16,Alexander,וזה מביא אותי לשאלתי הבאה...
96ec8add863c6173,L15 Alexander,Alexander_5_romance_route,17,Alexander,האם תואיל להצטרף אליי לספריית המכללה הערב...?
558dbfba7857e37d,L15 Alexander,Alexander_5_romance_route,18,Alexander,זה יהיה... דייט. כפי שרובם היו מכנים זאת.
76eea215ea7ba450,L15 Alexander,Alexander_5_romance_route,19,Kobold,"<gradient=""gold""><b> לא הייתי מתנגד! </b></gradient><size=70%> (יוביל לרומן עם אלכסנדר!)"
500188b2a2627768,L15 Alexander,Alexander_5_romance_route,20,Kobold,"<gradient=""gold""><b> אני אהיה עסוק הערב. סליחה. </b></gradient><size=70%> (לא יוביל לרומן!)"
96b6a8b07a0781d0,L15 Alexander,Alexander_5_romance_route,22,Alexander,זה זמן מה שאני שוקל לשאול אותך זאת.
942b49a7c66fb0bf,L15 Alexander,Alexander_5_romance_route,23,Alexander,אה. אל לך לדאוג.
b1cb9d9c9d3d9661,L15 Alexander,Alexander_5_romance_route,24,Alexander,"בסדר גמור. אם כן, לא אפריע לרחיצה!"
# --- progress: Alexander_5_required ---
861a7c80ccb8a4ba,L15 Alexander,Alexander_5_required,1,Alexander,"ובכן, כיצד עבר הדייט?"
3481be04c35d76a2,L15 Alexander,Alexander_5_required,2,Kobold,היה מעולה! ריאן מתוק.
d26f0d306552c44a,L15 Alexander,Alexander_5_required,3,Kobold,היה מעולה. קונרד פרוע. פרוע במובן הטוב.
cf755b67feb7b6d9,L15 Alexander,Alexander_5_required,4,Kobold,היה טוב. שכבנו.
6af3f2040301f8fa,L15 Alexander,Alexander_5_required,5,Alexander,טוב מאוד. מגיע לך גבר הגון.
9b8379de3d387846,L15 Alexander,Alexander_5_required,6,Alexander,בטוחני שגם הוא מוצא אותך נעים!
add751924d595d89,L15 Alexander,Alexander_5_required,7,Kobold,"תודה, גם אתה נעים!"
01cb42db52da342d,L15 Alexander,Alexander_5_required,9,Alexander,תודה לך. אדיב מצדך לומר זאת.
a8ab7e0a75fdc69c,L15 Alexander,Alexander_5_required,11,Alexander,"הה, הוא אכן נראה מהטיפוס הפרוע."
5bac15668ef9b115,L15 Alexander,Alexander_5_required,12,Alexander,שמח אני שחברתו נעימה לך. בטוחני שהוא מוצא אותך נעים.
cb8f422bf973d563,L15 Alexander,Alexander_5_required,20,Alexander,מן הסתם אתם מתאימים זה לזה.
# --- jerkoff: Alexander_5_JerkOff_Start ---
caa4d660ab8d004d,L15 Alexander,Alexander_5_JerkOff_Start,1,Alexander,<i> זה נעים...</i>
# --- cum: Alexander_5_Cum ---
3eb65bb3b11e901c,L15 Alexander,Alexander_5_Cum,1,Alexander,הו- סלח לי על הלכלוך שגרמתי...
# --- mount_start: Alexander_5_Mount_Start ---
6df0c2c2617b9905,L15 Alexander,Alexander_5_Mount_Start,1,Alexander,אוי לי. דומני שאוכל להשתמש במתקן!
# --- mount_finish: Alexander_5_Mount_Finish ---
31ea4258e44c77e4,L15 Alexander,Alexander_5_Mount_Finish,1,Alexander,ננף... דומני שנזקקתי לכך. תודה לך.
# --- outro: Alexander_5_Outro ---
026554f86388b721,L15 Alexander,Alexander_5_Outro,1,Alexander,תודה לך על הניקוי.
7f37ff79ee94bd0b,L15 Alexander,Alexander_5_Outro,2,Alexander,הערב- בקמפוס. הספרייה היא הבניין הגדול בעל הצריח הכחול.
f5e9b1cef9c39e89,L15 Alexander,Alexander_5_Outro,3,Alexander,"גש אל כניסת הדרקונים, ואני אכניס אותך."
5832139d604c3ee8,L15 Alexander,Alexander_5_Outro,5,Kobold,גם אני!
6ed2300bf162b1de,L15 Alexander,Alexander_5_Outro,6,Kobold,נשמע ממש מגניב.
ada4e05c4d451f61,L15 Alexander,Alexander_5_Outro,8,Alexander,"אכן, מגניב למדי."
6068953467a952bf,L15 Alexander,Alexander_5_Outro,9,Alexander,ארד לך מהקשקשים כעת. תודה לך על הרחיצה.
7ca9216de53b82e5,L15 Alexander,Alexander_5_Outro,10,Alexander,נתראה הערב.
4f8eb9eeb14b2f7d,L15 Alexander,Alexander_5_Outro,11,Alexander,נדמה שזה כל כתם וכתם.
991fa15e47275ce0,L15 Alexander,Alexander_5_Outro,12,Alexander,תודה לך על הניקוי!
6d1255dd43802973,L15 Alexander,Alexander_5_Outro,13,Alexander,שמח אני שפגשתי אותך.
5d5e0eafc7ef13d6,L15 Alexander,Alexander_5_Outro,14,Kobold,גם אני.
63b9a103362edd6c,L15 Alexander,Alexander_5_Outro,15,Kobold,"אוו, תודה אלכסנדר."
6df8f8008c57cbac,L15 Alexander,Alexander_5_Outro,16,Alexander,"ובכן, ארד לך מהקשקשים כעת."
1cb7b221b7adda1c,L15 Alexander,Alexander_5_Outro,17,Alexander,להתראות!

# ===== Cutscenes (started by game code) =====
# --- Alexander_SexScene ---
266f7a45346224eb,Cutscene,Alexander_SexScene,1,Alexander,נוכל פשוט לשכב כאן...
43b91c684627d3b6,Cutscene,Alexander_SexScene,2,Alexander,אתה תדאג להכול?
# --- Alexander_SexScene_Loop ---
7d085d9765e3c5d6,Cutscene,Alexander_SexScene_Loop,1,Alexander,אלי-
f70738ec42aa401d,Cutscene,Alexander_SexScene_Loop,2,Alexander,ידיך מיומנות מאוד
328ad033a139998d,Cutscene,Alexander_SexScene_Loop,3,Alexander,מממ..
5ec1f7e700f37c3d,Cutscene,Alexander_SexScene_Loop,4,Alexander/Conrad/Ryan,..
# --- Alexander_SexScene_Cum | if $alexander_sexscene_loops ---
08ab4c0c6ca5fe6f,Cutscene,Alexander_SexScene_Cum,1,Kobold,ככה טוב?
069e24aa896ea4cf,Cutscene,Alexander_SexScene_Cum,2,Alexander,טוב... זו אכן המילה הנכונה.
2c33dcef91e06624,Cutscene,Alexander_SexScene_Cum,3,Kobold,יופי.
2d731f1625c8064f,Cutscene,Alexander_SexScene_Cum,4,Alexander,אני... קרוב למדי כעת
4650860eb73dd16f,Cutscene,Alexander_SexScene_Cum,5,Kobold,תחזיק עוד קצת בשבילי?
860ede2808e2507c,Cutscene,Alexander_SexScene_Cum,6,Kobold,קדימה!
16c36baab1491eb1,Cutscene,Alexander_SexScene_Cum,7,Alexander,ב-בסדר גמור. אנסה.
24537bfd61baf4a0,Cutscene,Alexander_SexScene_Cum,8,Alexander,אינני סבור שאוכל להתאפק עוד
a63eed0b6b6a78c7,Cutscene,Alexander_SexScene_Cum,9,Kobold,עוד לא. עוד קצת.
35f5ee08b67fc0f5,Cutscene,Alexander_SexScene_Cum,10,Kobold,תשתחרר מתי שאתה מוכן.
82af5427ecb85c11,Cutscene,Alexander_SexScene_Cum,11,Alexander,כן..
847ec7301eab2bde,Cutscene,Alexander_SexScene_Cum,12,Alexander,הוף...
c958ed597f3ee7b9,Cutscene,Alexander_SexScene_Cum,13,Alexander,נהניתי מכך במידה רבה.
f3be3d62065c0791,Cutscene,Alexander_SexScene_Cum,14,Kobold,אני שמח לשמוע.
6a629fe795ac84d7,Cutscene,Alexander_SexScene_Cum,15,Kobold,מה עכשיו?
4cc4342b97114697,Cutscene,Alexander_SexScene_Cum,16,Alexander,כן... אך דומני שעלינו לנקות את הרצפה.
ee63118710aa5c5b,Cutscene,Alexander_SexScene_Cum,17,Alexander,נצטרך לנקות את הרצפה...
8319d1715d2a4149,Cutscene,Alexander_SexScene_Cum,18,Alexander,<i><size=70%>אוי ואבוי.. וגם את הספרים
# --- Conrad_SexScene ---
b6d2d6ccb52c5166,Cutscene,Conrad_SexScene,1,Conrad,"וואו, לעזאזל! אתה באמת הרפתקן!"
e5c48d779d6422b5,Cutscene,Conrad_SexScene,2,Kobold,ממפ! (כן!)
e0ecc38d8bbe3790,Cutscene,Conrad_SexScene,3,Conrad,אל תדבר עם פה מלא
# --- Conrad_SexScene_Loop ---
d7e01674d2776085,Cutscene,Conrad_SexScene_Loop,1,Conrad,"בכנות, אין לי מושג איך אתה עושה את זה."
9b277d164ba8a630,Cutscene,Conrad_SexScene_Loop,2,Conrad,לא שאני מתלונן.
73433af885509f84,Cutscene,Conrad_SexScene_Loop,3,Conrad,"כן, לעזאזל"
# --- Conrad_SexScene_Cum | if $conrad_sexscene_loops ---
fcfcfc2c31be11e5,Cutscene,Conrad_SexScene_Cum,1,Conrad,מוכן לזה?
6b426873374bb7a4,Cutscene,Conrad_SexScene_Cum,2,Kobold,תן לי רגע
91213ceb7548b8dc,Cutscene,Conrad_SexScene_Cum,3,Kobold,מוכן!
72e3cb39cf4a181a,Cutscene,Conrad_SexScene_Cum,4,Conrad,קונרד יכול להמשיך כמה שצריך
3f2d1b3f808a4ec7,Cutscene,Conrad_SexScene_Cum,5,Conrad,אני יכול לגמור מתי שתהיה מוכן
46438371960f0974,Cutscene,Conrad_SexScene_Cum,6,Kobold,עוד לא.
d893ccbfc95475bc,Cutscene,Conrad_SexScene_Cum,7,Kobold,תן לי את זה!
aa1a7618e29e4482,Cutscene,Conrad_SexScene_Cum,8,Conrad,"היי, מבחינתי סבבה!"
aa116a5879e94072,Cutscene,Conrad_SexScene_Cum,9,Conrad,אני מתרשם.
45a9ad3bf69b0498,Cutscene,Conrad_SexScene_Cum,10,Conrad,מוכן לחזור למועדון?
4db30f4a0f40d350,Cutscene,Conrad_SexScene_Cum,11,Kobold,נשמע לי טוב!
# --- Ryan_Conrad_SexScene ---
e86ce51d1dbf8280,Cutscene,Ryan_Conrad_SexScene,1,Ryan,ריאן: אף פעם לא עשיתי את זה בחוץ
848d254c8d63e6fb,Cutscene,Ryan_Conrad_SexScene,2,Conrad,קונרד: אל תדאג מזה!
3e0325398f9de675,Cutscene,Ryan_Conrad_SexScene,3,Conrad,קונרד: אני עושה את זה כל הזמן
d55845869b2cd946,Cutscene,Ryan_Conrad_SexScene,4,Ryan,ריאן: אני מניח שזה די מרגש
# --- Ryan_Conrad_SexScene_Loop ---
59a6f968c75b792f,Cutscene,Ryan_Conrad_SexScene_Loop,1,Conrad,קונרד: נהנה?
836b8c1db049dc01,Cutscene,Ryan_Conrad_SexScene_Loop,2,Ryan,"ריאן: כן, בהחלט. דואג לי?"
dd91f260275b5093,Cutscene,Ryan_Conrad_SexScene_Loop,3,Conrad,קונרד: קונרד פשוט נהנה
bf095ea55cdeb898,Cutscene,Ryan_Conrad_SexScene_Loop,4,Conrad,קונרד: בעצם.. כלומר..
5001d1e4b306b6d9,Cutscene,Ryan_Conrad_SexScene_Loop,5,Conrad,קונרד: אני רוצה שזה ילך טוב
4c3de56e34727c37,Cutscene,Ryan_Conrad_SexScene_Loop,6,Ryan,ריאן: הייתי אומר שזה הולך מעולה
06cb256bd506fa70,Cutscene,Ryan_Conrad_SexScene_Loop,7,Ryan,ריאן: אני ממש אוהב את זה
2e028541c13b150b,Cutscene,Ryan_Conrad_SexScene_Loop,8,Conrad,קונרד: אתה מרגיש טוב
# --- Ryan_Conrad_SexScene_Cum | if $ryan_conrad_sexscene_loops ---
5142dd3610e4cc0c,Cutscene,Ryan_Conrad_SexScene_Cum,1,Conrad,קונרד: אני עומד להתפוצץ
357806c023d4c85e,Cutscene,Ryan_Conrad_SexScene_Cum,2,Kobold,הם ממשיכים
4e0f42eaaa70c70d,Cutscene,Ryan_Conrad_SexScene_Cum,3,Kobold,הם גומרים
d8e952b1635e3fe5,Cutscene,Ryan_Conrad_SexScene_Cum,4,Ryan,ריאן: נראה לי שגם אני קרוב..
50504d8f1c0a5f1c,Cutscene,Ryan_Conrad_SexScene_Cum,7,Ryan,ריאן: וואו.. הדבר היחיד שקטן בך זה הגובה.
e7a686aecb078b9e,Cutscene,Ryan_Conrad_SexScene_Cum,8,Conrad,"קונרד: צודק, לעזאזל!"
98087861fbfaa621,Cutscene,Ryan_Conrad_SexScene_Cum,9,Ryan,ריאן: זה היה נחמד
be1dff750703beb9,Cutscene,Ryan_Conrad_SexScene_Cum,10,Conrad,קונרד: כן
# --- Ryan_SexScene ---
caa123c912750ed2,Cutscene,Ryan_SexScene,1,Ryan,אתה בטוח שזה ייכנס?
c8dda0f1b46383bc,Cutscene,Ryan_SexScene,2,Kobold,קובולדים מאוד גמישים. זה ייכנס.
849b442f9a88c950,Cutscene,Ryan_SexScene,3,Kobold,יפ
88f476f3d6ebac8d,Cutscene,Ryan_SexScene,4,Ryan,"אוקיי, רק תגיד לי אם לא נוח לך או משהו."
# --- Ryan_SexScene_Loop ---
48cf02e6d9e88966,Cutscene,Ryan_SexScene_Loop,1,Ryan,אוו וואו..
8caf602c6f60f544,Cutscene,Ryan_SexScene_Loop,2,Ryan,זו הפעם הראשונה שלי עם קובולד.
db7bd45c48fe49a2,Cutscene,Ryan_SexScene_Loop,3,Ryan,זה ממש נעים..
# --- Ryan_SexScene_Cum | if $ryan_sexscene_loops ---
eff478354f7f1b18,Cutscene,Ryan_SexScene_Cum,1,Ryan,נראה לי שאני אולי קרוב..
ddfa0f7133303565,Cutscene,Ryan_SexScene_Cum,2,Kobold,"תמשיך עוד קצת, בבקשה"
f76c951c6c97d8cd,Cutscene,Ryan_SexScene_Cum,3,Kobold,תן לי את זה!
27cb363532fd0324,Cutscene,Ryan_SexScene_Cum,4,Ryan,"אוקיי, אני יכול"
685d8bfcf6988796,Cutscene,Ryan_SexScene_Cum,5,Ryan,קשה להתאפק..
8fdcf9b73762886e,Cutscene,Ryan_SexScene_Cum,6,Kobold,אני צריך עוד!
5128d4e4a722127f,Cutscene,Ryan_SexScene_Cum,7,Kobold,תעשה את זה!
eb41a8966fdf7cfd,Cutscene,Ryan_SexScene_Cum,8,Ryan,זה רק מקשה עליי עוד יותר!
9c78a3c6942a7982,Cutscene,Ryan_SexScene_Cum,9,Ryan,"אוקיי, אני מחזיק מעמד.."
b9ed3621fb6dfbef,Cutscene,Ryan_SexScene_Cum,10,Ryan,זה היה ממש כיף.
99955b75e0544165,Cutscene,Ryan_SexScene_Cum,11,Kobold,מסכים
ee60aadc2fcea44d,Cutscene,Ryan_SexScene_Cum,12,Ryan,אתה יכול להישאר פה אם בא לך.
9d29fc6dcfe7c05d,Cutscene,Ryan_SexScene_Cum,13,Ryan,הזמנתי את החדר ללילה.
3736ec41338c7ad0,Cutscene,Ryan_SexScene_Cum,14,Kobold,אשמח מאוד.

# ===== Dragon reactions (started by game code) =====
# --- DragonAlmostClean ---
bae76fc276bb2030,Reaction,DragonAlmostClean,1,Dragon,"אוו, זה יותר טוב, אבל אני עדיין מרגיש מלוכלך."
ce6aaf93738f317e,Reaction,DragonAlmostClean,2,Dragon,אכפת לך לבדוק שוב אם אני נקי?
16584052fd337f09,Reaction,DragonAlmostClean,3,Kobold,אוקיי
c54cbee211a25e14,Reaction,DragonAlmostClean,4,Kobold,בטח
# --- DragonAnnoyedByBuzzing ---
d139edc8ffdc22b7,Reaction,DragonAnnoyedByBuzzing,1,Dragon,"תפסיק עם זה, עוד לא סיימנו. נכון?"
631ef624f4506ea7,Reaction,DragonAnnoyedByBuzzing,2,Kobold,חיחי
# --- DragonColdBalls ---
e820f3ec0397737f,Reaction,DragonColdBalls,1,Dragon,אוי! זה קר!
8408ed2f21e73811,Reaction,DragonColdBalls,2,Dragon,וואו! קר!
46f3ba9fc7d04fa7,Reaction,DragonColdBalls,3,Dragon,בררר! מים קרים!
00221b8a2772003a,Reaction,DragonColdBalls,4,Dragon,איי!
# --- DragonConfusedAboutDismissal ---
9b99cd22a6f3f85a,Reaction,DragonConfusedAboutDismissal,1,Dragon,"אה, סיימנו?"
7022570f87a73481,Reaction,DragonConfusedAboutDismissal,2,Dragon,נראה לי שפספסת עוד כמה כתמים...
27db29faa5e11bb6,Reaction,DragonConfusedAboutDismissal,3,Kobold,"אופס, טעות שלי."
4fff64bb7aeed72f,Reaction,DragonConfusedAboutDismissal,4,Kobold,לא ידעתי מה הכפתור הזה עושה.
b0869fc4ea46c5bd,Reaction,DragonConfusedAboutDismissal,5,Dragon,"אין בעיה,"
cb554196ac99a428,Reaction,DragonConfusedAboutDismissal,6,Dragon,"כן, הוא עושה בררררט חחח."
345b04bed8d1a7e0,Reaction,DragonConfusedAboutDismissal,7,Dragon,"בכל מקרה, טוב שלא סיימת, בוא נמשיך!"
# --- DragonSatisfiedAndLeaves ---
7a8942e2613fa23c,Reaction,DragonSatisfiedAndLeaves,1,Dragon,תודה שניקית אותי!!
c92c35bb9f44dac4,Reaction,DragonSatisfiedAndLeaves,2,Dragon,אולי נבלה ביחד אחר כך?
8aff5108a050bcfa,Reaction,DragonSatisfiedAndLeaves,3,Kobold,כן!
2cb6318b9f4550a8,Reaction,DragonSatisfiedAndLeaves,4,Kobold,כן!!!
28454e931a2d3578,Reaction,DragonSatisfiedAndLeaves,5,Dragon,מעולה! אז נתראה אחר כך!

# ===== Unused nodes (not reachable in the current game) =====
# --- Alexander_1 ---
31c53bea307f49d0,Unused,Alexander_1,1,Alexander/Ryan,עזרתי לאלכימאי להגיע למדף גבוה
f00ea25690e17adf,Unused,Alexander_1,2,Alexander,"שמעתי פיצוץ חזק, אינני סבור שאיגוויקס שרד."
# --- Alexander_2 ---
07874aa669e5cb8c,Unused,Alexander_2,1,Alexander,"אם ייתפסו אותנו מפרים תקנה נוספת, שמי הטוב ייחרב!"
cfe73695b2bdfe19,Unused,Alexander_2,2,Alexander,"אסור שהמכללה תגלה על כך, מובן?"
27b11f3f6bf12fe9,Unused,Alexander_2,3,Kobold,איזו מכללה?
2d3935f374b6474e,Unused,Alexander_2,5,Alexander,"המכללה הקהילתית לתאומטורגיה של ברנסוויק, כמובן!"
7a5128354d6171d0,Unused,Alexander_2,6,Alexander,"המכללה היוקרתית ביותר, המארחת פרופסורים יוקרתיים כמותי:"
b34663a53a6541a7,Unused,Alexander_2,9,Alexander,"יופי, אסור שהמכללה הקהילתית לתאומטורגיה של ברנסוויק תדע שהפרופסור הטוב ביותר שלה, אלכסנדר, גרם לתקרית נוספת."
b39b95373bf40c36,Unused,Alexander_2,11,Alexander,"אוי, לכל הרוחות, שכח שאמרתי זאת!"
# --- Alexander_3 ---
2501ad553fd20454,Unused,Alexander_3,1,Alexander,"אאלץ להחיות את איגוויקס, אוי, כמה מביך!"
7b282582fab597eb,Unused,Alexander_3,2,Alexander,הרוקח יכתים את שמי במשך חודשים.
# --- Alexander_Dirty ---
950b8260a6ca788f,Unused,Alexander_Dirty,1,Alexander,הבט בי! אהפוך לצחוק בעיני תלמידיי.
97733f8db49fb168,Unused,Alexander_Dirty,2,Alexander,"אנא, קרצף את איגוויקס מגבי, בטובך?"
# --- Alexander_Idle1 ---
6a4162b247e5aae1,Unused,Alexander_Idle1,1,Alexander,לא ייאמן שאיגוויקס יעשה טעות שכזו!
5e971607fa926b31,Unused,Alexander_Idle1,2,Alexander,"ועכשיו אני תקוע כאן, אח!"
# --- Alexander_Idle2 ---
2a1b4481e851f727,Unused,Alexander_Idle2,1,Alexander,"טרחתי רבות למען רחיצה דיסקרטית, הייתי בטוח שאיש לא עקב אחריי."
26974d0189f0d75c,Unused,Alexander_Idle2,2,Alexander,בטוחני שאיש לא יידע...
# --- Alexander_Idle3 ---
db8cc14accf5dfe9,Unused,Alexander_Idle3,1,Alexander,"אה, הלכלוך אכן צרב מעט, תודה לך."
# --- Alexander_Soapy ---
e17d9103818204a4,Unused,Alexander_Soapy,1,Alexander,"הסבון הזה אינו הולם פרופסור, אינך סבור כך?"
03c418e790b340c3,Unused,Alexander_Soapy,2,Alexander,הודע לי כשתסיים לשטוף.
# --- Alexander_Intro ---
f82f410ee41cad07,Unused,Alexander_Intro,1,Alexander,פססט..!
fedb00f6c13cec68,Unused,Alexander_Intro,2,Kobold,אה... שלום?
4359ca4e5c8fc816,Unused,Alexander_Intro,3,Kobold,מי שם?
9e2816aaa10403b6,Unused,Alexander_Intro,4,Alexander,ששש! אינני מן הסביבה...
8275f13b67a6687b,Unused,Alexander_Intro,5,Alexander,האם אתם פתוחים כעת?
7409deaefe456a49,Unused,Alexander_Intro,7,Alexander,הפוך! אירעה לי תקלה שיש לטפל בה... בדיסקרטיות.
afb82d57a9c1ba48,Unused,Alexander_Intro,8,Alexander,"הסר את המחסום הזה מיד, כדי שאוכל להיכנס."
# --- Alexander_Outro ---
0c2f6e570964b0c1,Unused,Alexander_Outro,1,Alexander,"אלוהים, בזכותך יש לי סיכוי לתקן את המצב."
639110e1c4cc2914,Unused,Alexander_Outro,2,Alexander,"אמור לי, האם אתה זוכר את שם המכללה שבה אני עובד?"
e35f2c7dd32a4059,Unused,Alexander_Outro,3,Kobold,המכללה הקהילתית לתאומטורגיה של ברנסוויק
8e3a0c6c1c068e67,Unused,Alexander_Outro,4,Kobold,אתה עובד במכללה?
7bf1556708efd0d8,Unused,Alexander_Outro,5,Kobold,לא
79acad09a68bf670,Unused,Alexander_Outro,6,Alexander,"לא! כלומר, כן, אך למען שמי הטוב, אנא שמור את ביקורי כאן לעצמך."
3730dccb6a6582be,Unused,Alexander_Outro,7,Alexander,מה? אני פרופסור! אינך מבחין בכך מהסמל שלי?
56723edcd935d476,Unused,Alexander_Outro,8,Alexander,הו!
e0723f4408ee3eda,Unused,Alexander_Outro,9,Alexander,"אני מבין מה אתה עושה, תודה לך."
7973db48113175b5,Unused,Alexander_Outro,10,Alexander,"ובכן, נהדר, אני מעריך את שיקול דעתך, אמשיך בדרכי אל הרוקח."
677412526f14044a,Unused,Alexander_Outro,14,Alexander,אני שבע רצון מאוד מן התוצאות..
# --- ConradBeatup_1 ---
72f9c6536242f235,Unused,ConradBeatup_1,2,Kobold,אני כאן אם אתה צריך מישהו לדבר איתו.
67410be84ad1b8ac,Unused,ConradBeatup_1,3,Kobold,"אני אטפל בזה, אל תדאג."
5b207ccbfd5d5679,Unused,ConradBeatup_1,4,Conrad,"לא.. לא, זה בסדר... תודה."
b2139b5e4dc27f14,Unused,ConradBeatup_1,5,Conrad,... תודה..
# --- ConradBeatup_2 ---
b841443b4a7e3b82,Unused,ConradBeatup_2,1,Conrad,"היי, תודה שאתה פה בשבילי..."
02febaeeb5306c30,Unused,ConradBeatup_2,2,Conrad,נחמד שיש חברים שאפשר לסמוך עליהם.
# --- ConradBeatup_Idle1 ---
7ff77420c3518210,Unused,ConradBeatup_Idle1,1,Conrad,"... חשבתי שאנחנו חברים טובים, אנחנו מזדיינים כל הזמן!"
13a3bd02487dab16,Unused,ConradBeatup_Idle1,2,Conrad,אני לא מבין..
# --- ConradBeatup_Idle2 ---
861f99e073cd06e2,Unused,ConradBeatup_Idle2,1,Conrad,אני משחק אותה קשוח אבל אני דרקון קטן...
e375cf5dd6f03d34,Unused,ConradBeatup_Idle2,2,Conrad,הם הגזימו.
# --- ConradBeatup_Intro ---
19aa373fb830a05c,Unused,ConradBeatup_Intro,2,Kobold,"אלוהים, אתה פצוע!"
c7e055a695603f2b,Unused,ConradBeatup_Intro,3,Kobold,אתה בסדר?
e4e0397bea6600f5,Unused,ConradBeatup_Intro,4,Conrad,"היי, אה, אני רק צריך ניקוי."
e36f54f748a69d3e,Unused,ConradBeatup_Intro,5,Kobold,"...אוקיי, תיכנס"
# --- ConradBeatup_OutroDirty ---
e17652524a905f18,Unused,ConradBeatup_OutroDirty,1,Conrad,... סיימת? אני עדיין מלוכלך..
# --- ConradBeatup_OutroSoapy ---
d0b060d51bc87feb,Unused,ConradBeatup_OutroSoapy,1,Conrad,... סיימת? אני עדיין מלא סבון..
# --- Conrad_1 ---
5a208b2886d87937,Unused,Conrad_1,1,Conrad,"אתם עושים פה גם ""סיומים מיוחדים""?"
d61259269b75dec9,Unused,Conrad_1,2,Kobold,מה זה?
1ea442a134b2a184,Unused,Conrad_1,4,Kobold,לא
335bcdceb30ec6b8,Unused,Conrad_1,5,Conrad,"כן, לא. אחי, אתה חייב להיכנס לזה. אני אשלם טוב!"
2f7cc8c297b8d283,Unused,Conrad_1,6,Conrad,אחלה! מת לראות אותך עובד!
9d1528cc1118e4dd,Unused,Conrad_1,7,Conrad,מה? כל המקומות הכי טובים עושים את זה!
# --- Conrad_2 ---
d892eb1f696177b4,Unused,Conrad_2,1,Conrad,"המקום הזה צריך שיפוץ, ואני יודע בדיוק מה הוא צריך!"
0eaacb4d2b730370,Unused,Conrad_2,2,Conrad,יש לי בחור שיכול להקפיץ עד מחר מתנה שתשדרג פה את העניינים.
# --- Conrad_5_Mount_Finish ---
28a96495be7701ea,Unused,Conrad_5_Mount_Finish,1,Conrad,לעזאזל... תמיד מרגיש טוב.
# --- Conrad_5_Mount_Start ---
cda9c08deb782b6e,Unused,Conrad_5_Mount_Start,1,Conrad,"<i>אוווו. </i>המתקן? כן, לעזאזל, אחי."
# --- Conrad_Idle1 ---
06b2c581e253753a,Unused,Conrad_Idle1,1,Conrad,"אומרים לי שיש לי זין שמן, זה נכון?"
ba07cdd711c7d570,Unused,Conrad_Idle1,2,Kobold,אוי אוי
f2ea9d36d2c4032f,Unused,Conrad_Idle1,3,Kobold,ראיתי גדולים יותר
25cdc596cd23bedb,Unused,Conrad_Idle1,4,Conrad,כדאי שתמשש ותבדוק בשבילי
c3565cd77a3dcba9,Unused,Conrad_Idle1,5,Conrad,"אבל לא בחבילה בגודל כזה, נכון??"
# --- Conrad_Intro ---
bc1e29287f60b297,Unused,Conrad_Intro,1,Conrad,"מה המצב, אחי!"
f7a29676d9621163,Unused,Conrad_Intro,2,Conrad,"קונרד צריך ניקוי, יש לך תור בשבילו?"
8339b88ae51a85f6,Unused,Conrad_Intro,3,Kobold,"כן, מכאן בבקשה."
255d982b3d4c772e,Unused,Conrad_Intro,5,Conrad,אחלה!
# --- Mount_Alexander_2_6 ---
dcc524605bec9fd8,Unused,Mount_Alexander_2_6,1,Alexander,מה זה..
d010c18e5ff478ed,Unused,Mount_Alexander_2_6,2,Alexander,"הו אלוהים, לא.."
f025190cb1adde9c,Unused,Mount_Alexander_2_6,3,Alexander,"אין בכוונתי להיות גס רוח, אך עליי לסרב"
eec9d16c87323040,Unused,Mount_Alexander_2_6,4,Alexander,זהו נוהג מקובל?
929e50391bfd0646,Unused,Mount_Alexander_2_6,5,Kobold,אה כן
b6547fc9d980c16e,Unused,Mount_Alexander_2_6,6,Kobold,"לא, בעצם הרגע השגתי אותו"
40df3c9d9e1d5126,Unused,Mount_Alexander_2_6,7,Alexander,אני מבין..
d3acad6a7014a598,Unused,Mount_Alexander_2_6,8,Alexander,זה מרגיש שערורייתי
ab5a3375052f41eb,Unused,Mount_Alexander_2_6,9,Alexander,אם כי לא אוכל לומר שאינני סקרן
c5ba4f5f1cdff517,Unused,Mount_Alexander_2_6,10,Alexander,ועם זאת. לא הפעם
# --- RyanDate_1 ---
14ecee0afc63c845,Unused,RyanDate_1,1,Ryan,אני כל כך מתרגש מהדייט הזה!
90ba900c65607127,Unused,RyanDate_1,2,Ryan,"הבאתי אבטיח, לחם, ענבים ועוד כמה דברים."
# --- RyanDate_2 ---
690cf2b49eb95f79,Unused,RyanDate_2,1,Ryan,משהו מטריד אותך?
1648a912c46f7fec,Unused,RyanDate_2,2,Kobold,משהו קרה אתמול בלילה
b3979a44b5b9376a,Unused,RyanDate_2,3,Ryan,אוי לא! אתה רוצה לדבר על זה?
02c33e4e3c09bc79,Unused,RyanDate_2,4,Kobold,"פשוט משהו קרה לקונרד, אני מקווה שהוא בסדר."
7680ca7ff15f1566,Unused,RyanDate_2,5,Ryan,גם אני מקווה שהוא בסדר.
# --- RyanDate_3 ---
7ba9e65f61ca2369,Unused,RyanDate_3,1,Ryan,זה טעים!
ff74b82dcb8a11d3,Unused,RyanDate_3,2,Kobold,"וואו, זו חוויה לראות אותך אוכל ככה."
5b14f19a86849ff5,Unused,RyanDate_3,3,Ryan,ככה איך?
42af2c2067728998,Unused,RyanDate_3,4,Ryan,"אה, כאילו, בולע דברים שלמים?"
37f99dd7cbcf5b6f,Unused,RyanDate_3,5,Ryan,תלוי! עניין של דרקונים.
# --- RyanDate_Idle1 ---
bcda1f48383d915f,Unused,RyanDate_Idle1,1,Ryan,"חיחי, אני מתרגש לחזור לעולם הדייטים."
# --- RyanDate_Intro ---
d5be54b666b3d38f,Unused,RyanDate_Intro,2,Ryan,"חשבתי על מה שאמרת,"
ffcaf369ac8b1a74,Unused,RyanDate_Intro,3,Ryan,"אתה יודע, על לחזור לעולם הדייטים..."
89f52a0dc3d757c1,Unused,RyanDate_Intro,4,Kobold,כן
ecab929d37109ab0,Unused,RyanDate_Intro,5,Ryan,"ידעתי שאתה עסוק מדי, אז חשבתי להביא את הדייט אליך!"
92d9da0b0b22fd7a,Unused,RyanDate_Intro,6,Kobold,מעולה! תיכנס..
# --- RyanDate_Outro ---
638d7c049f321a6d,Unused,RyanDate_Outro,4,Ryan,זה היה נפלא! אני מרגיש הרבה יותר טוב לגבי דייטים.
# --- RyanExploded_Intro ---
8e87e6b28fb697c4,Unused,RyanExploded_Intro,1,Ryan,שוב שלום..
53ca70e25fc42870,Unused,RyanExploded_Intro,3,Kobold,שוב אתה?
b99d68084de082b6,Unused,RyanExploded_Intro,5,Ryan,חה.. כן.. סליחה..
81f2cb133d548396,Unused,RyanExploded_Intro,6,Ryan,"אז כן, קרתה לי תקלה.."
d3e25fe68c13c02d,Unused,RyanExploded_Intro,8,Ryan,שמעתי פיצוץ חזק
ce386faf68f3df7e,Unused,RyanExploded_Intro,9,Ryan,"אני לא יודע לאן הם נעלמו, אבל אני שוב מרגיש מלוכלך."
60c1424a59a1c912,Unused,RyanExploded_Intro,10,Ryan,יש סיכוי שתוכל לנקות אותי שוב?
917613bbf36e4b93,Unused,RyanExploded_Intro,11,Kobold,כמובן! מכאן בבקשה!
# --- RyanExploded_OutroDirty ---
f2bdff14318fd81c,Unused,RyanExploded_OutroDirty,1,Ryan,נראה לי שאני עדיין מרגיש עליי קצת לכלוך מהפיצוץ...
6a1900ba2212696d,Unused,RyanExploded_OutroDirty,2,Ryan,אכפת לך לרחוץ עוד קצת?
85a39ab345d672ff,Unused,RyanExploded_OutroDirty,3,Kobold,כן
1562d2eeb95b795a,Unused,RyanExploded_OutroDirty,4,Kobold,טעות שלי
3bcf70f39eca74f1,Unused,RyanExploded_OutroDirty,5,Ryan,"אין בעיה, תודה!"
# --- RyanExploded_OutroSoapy ---
9df62882448c291b,Unused,RyanExploded_OutroSoapy,1,Ryan,"אה, אני עדיין מלא סבון!"
29d1991e26b1773d,Unused,RyanExploded_OutroSoapy,2,Ryan,תוכל לשטוף את זה?
# --- RyanExploded_Outro ---
a45ce5a6357ad76f,Unused,RyanExploded_Outro,4,Ryan,"הוף, דאגתי שאעשה שוב בלגן מכל העניין."
ca1dd92cfbe2dcd5,Unused,RyanExploded_Outro,5,Ryan,עכשיו הם אף פעם לא יצטרכו לדעת!
# --- RyanMuddy_Dirty ---
58246ed8cfcdfa19,Unused,RyanMuddy_Dirty,1,Ryan,"כן, אז אני כולי מלא בוץ וכאלה, אני אוהב להשתולל בפארק הציבורי."
f27e94e23a2cc6eb,Unused,RyanMuddy_Dirty,2,Ryan,"אני עדיין מאוד מלא בוץ, אם תוכל לסבן אותי זה יהיה מעולה."
# --- RyanMuddy_Idle1 ---
c24aaf031df991a1,Unused,RyanMuddy_Idle1,1,Ryan,"אז אממ, תגיד לי אם אתה צריך שאזוז."
8bb630e0c8dc64ac,Unused,RyanMuddy_Idle1,2,Ryan,פשוט תיגע בי עם היד ואני אנסה לעזור.
# --- RyanMuddy_Idle2 ---
bcee068ce8220b8e,Unused,RyanMuddy_Idle2,1,Ryan,תודה שניקית אותי!
2c4f3b41240d00cd,Unused,RyanMuddy_Idle2,2,Ryan,חיכיתי לזה.
# --- RyanMuddy_Idle3 ---
e304ea7f521df3f2,Unused,RyanMuddy_Idle3,1,Ryan,"כשתסיים, פשוט תלחץ על הכפתור."
ac51ca95656fffdd,Unused,RyanMuddy_Idle3,2,Ryan,"הכפתור שעל הקיר, אני מתכוון."
# --- RyanMuddy_Idle4 ---
8fd85e09be693fbf,Unused,RyanMuddy_Idle4,1,Ryan,"מקס אומר שאני דרקון מגושם,"
d2261edb51b885d9,Unused,RyanMuddy_Idle4,2,Ryan,אני מקווה שתעזור לי להוכיח שהוא טועה!
# --- RyanMuddy_Idle5 ---
9df1eb0e35a5d36a,Unused,RyanMuddy_Idle5,1,Ryan,"סבון, ואז שטיפה!"
5e7b1eae20d0fb72,Unused,RyanMuddy_Idle5,2,Ryan,לפחות ככה שמעתי.
# --- RyanMuddy_Soapy ---
73d08af95ae8835e,Unused,RyanMuddy_Soapy,1,Ryan,"אני אוהב בועות, הן מדגדגות!"
83af94fb3d626970,Unused,RyanMuddy_Soapy,2,Ryan,אבל אני מתרגש לראות אותן נשטפות לביוב.
6bc811f815ef9e24,Unused,RyanMuddy_Soapy,3,Ryan,תשתמש בממטרה שעל הקיר כדי לשטוף אותי.
# --- RyanMuddy_Idle7 ---
255bd9c513473506,Unused,RyanMuddy_Idle7,1,Ryan,"וואו, תודה, זה מרגיש טוב."
77ff00f75a7c2083,Unused,RyanMuddy_Idle7,2,Ryan,"להיות מלא בוץ זה ממש כיף, עד שהוא מתחיל להתייבש."
620caab5d90b8d3f,Unused,RyanMuddy_Idle7,3,Ryan,שמח להיפטר ממנו.
# --- RyanMuddy_Idle8 ---
afa88441bc4fc8d9,Unused,RyanMuddy_Idle8,1,Ryan,"מי ידע שדרקון יכול להתלכלך ככה, הא?"
2ea6d5d46861d1bf,Unused,RyanMuddy_Idle8,2,Ryan,השתוללתי ביער
c65b5342f0285c16,Unused,RyanMuddy_Idle8,3,Ryan,"הבנתי כמה התלכלכתי רק אחרי שמקס צעק עליי, חחח."
# --- RyanMuddy_Intro ---
299e9d1e919c3a49,Unused,RyanMuddy_Intro,4,Ryan,שמעתי שיש פה למטה קובולדים שיכולים לרחוץ אותי?
05d9cdcce06b0c12,Unused,RyanMuddy_Intro,6,Kobold,אני הקובולד בכבודו ובעצמו. יפ!
d12499a3f17512de,Unused,RyanMuddy_Intro,7,Kobold,"כן, ברוך הבא לדראג'ן וואש!"
213c112ac748eb9e,Unused,RyanMuddy_Intro,9,Ryan,"מעולה, אז אה,"
44beadf6316d890e,Unused,RyanMuddy_Intro,12,Ryan,"אה, אני רואה את הכפתור שם, הבנתי!"
af8d3a1f26de30ef,Unused,RyanMuddy_Intro,13,Ryan,"תודה, אני אחכה!"
# --- RyanMuddy_Nag1 ---
3605a9273b22288b,Unused,RyanMuddy_Nag1,1,Ryan,"היי, תוכל לבוא קדימה, איפה שאני יכול לראות אותך?"
720febc2a9d251aa,Unused,RyanMuddy_Nag1,2,Ryan,יש לי משהו להגיד!
# --- RyanMuddy_Nag2 ---
6852c864bbd2afef,Unused,RyanMuddy_Nag2,1,Ryan,אני רוצה לדבר פנים אל פנים!
0918205f97d74d78,Unused,RyanMuddy_Nag2,2,Ryan,אם תוכל לבוא קדימה כדי שנוכל לדבר.
# --- RyanMuddy_Nag3 ---
c8f453084718c8cc,Unused,RyanMuddy_Nag3,1,Ryan,אמרו לי שזה מנומס לדבר עם יצורים קטנים יותר פנים אל פנים.
# --- RyanMuddy_NaughtyTouch ---
4d13604e28159e56,Unused,RyanMuddy_NaughtyTouch,1,Ryan,"תיזהר לאן הכפות האלה הולכות, טוב?"
# --- RyanMuddy_Outro ---
a46a0805bb6a5eda,Unused,RyanMuddy_Outro,1,Ryan,תודה על הניקוי המהיר!
168c7d0bb7743dec,Unused,RyanMuddy_Outro,2,Ryan,"דרך אגב, היית כועס אם בן הזוג שלך היה עושה בלגן בבית?"
3ae7f278ef092258,Unused,RyanMuddy_Outro,4,Kobold,תלוי
0dfd80e1f981faca,Unused,RyanMuddy_Outro,6,Ryan,"אה! כן, זה הגיוני..."
8f207ab27746c010,Unused,RyanMuddy_Outro,7,Ryan,אני מניח שזה תלוי בנסיבות.
86b57f75d4c04b75,Unused,RyanMuddy_Outro,8,Ryan,ידעתי שתהיה בצד שלי
# --- RyanMuddy_SmallTalk ---
0bf9a145c66c512b,Unused,RyanMuddy_SmallTalk,3,Kobold,זו בעצם הפעם הראשונה שלי!
4eb8bdb270c030ae,Unused,RyanMuddy_SmallTalk,5,Ryan,"אה, אז זה חדש לשנינו!"
ff152503516900ee,Unused,RyanMuddy_SmallTalk,6,Ryan,זה חדש גם לי...
13d1c29ec8784cae,Unused,RyanMuddy_SmallTalk,7,Ryan,אני מופתע כמה זה נעים.
# --- Ryan_3_wont_use_mount ---
9221ab210b374d30,Unused,Ryan_3_wont_use_mount,1,Ryan,אה- אני לא ממש מעוניין להשתמש בזה עכשיו.
f3f18c2eea794920,Unused,Ryan_3_wont_use_mount,2,Ryan,אולי אחר כך...?

# ===== UI and other text (not part of the dialogue script) =====
bc1b88907d3b748a,UI,,,UI,שמע
b3f848c2a09aa9ed,UI,,,UI,עוצמת מוזיקה
de7b57b57b05d020,UI,,,UI,אפקטים קוליים
59a4a3f7f7caa060,UI,,,UI,עוצמת אווירה
31bcb8940fffb7d1,UI,,,UI,משחקיות
a874fca87cdd5e4e,UI,,,UI,גרפיקה
d0db8b5e364b6989,UI,,,UI,אפשרויות
28f9044138a54b95,UI,,,UI,משחק חדש
2a6b24ad28722034,UI,,,UI,קרדיטים
b3eb37acb66ba4bb,UI,,,UI,יציאה
76900f1bfd16c8d4,UI,,,UI,חזרה
6a3041fb3ecba173,UI,,,UI,שדה ראייה
d4055fafa3794fa8,UI,,,UI,רזולוציה
41ca171b0cbae01e,UI,,,UI,בהירות מסך
42e7fdbd13ba2a01,UI,,,UI,קצב פריימים יעד
052810dae19607f5,UI,,,UI,סנכרון אנכי
b63e857488f49396,UI,,,UI,מצב חלון
c461dbb2bab7d8bc,UI,,,UI,מסך מלא
4571896d8a4d4162,UI,,,UI,רגישות עכבר
43ff6e9485bf371e,UI,,,UI,שליטה בכריעה
3d03a1dea561d0db,UI,,,UI,החלפה
91d6e30620d99810,UI,,,UI,הקשה/החזקה
8e685d5409b3a543,UI,,,UI,החזקה
6c359dddb1d4c36e,UI,,,UI,סוג סמלי רמזים
fd9baf7f335aa154,UI,,,UI,היפוך מבט אנכי
4d654c19179796ef,UI,,,UI,מרסס: הפחתת תנועה
2316810a5de343dd,UI,,,UI,מקלדת
0286249762f7c943,UI,,,UI,אוטומטי
c77c3af22c6429b2,UI,,,UI,החלקת קצוות
130011756125313c,UI,,,UI,פועל
ca7981b46ecf2c17,UI,,,UI,כבוי
4883b7dfffb02e36,UI,,,UI,בלעדי
da43a1983d819a4d,UI,,,UI,חלון מוגדל
3f26603a2748fed3,UI,,,UI,בחלון
d640c7421da06661,UI,,,UI,המשך
b6dcb96448c66497,UI,,,UI,טוען...
f942d1e183d020b6,UI,,,UI,מחק שמירה
fae07a8540ff237b,UI,,,UI,למחוק את השמירה באמת?
ffb3c5f2edc34373,UI,,,UI,תפריט השהיה
3e49dd16f3893026,UI,,,UI,נקי
4b36f28b2cf37677,UI,,,UI,מסובן
e4e9ab13fc711176,UI,,,UI,פסולת
c9c8bf1eae99e1dc,UI,,,UI,צריך שיחה
b98b0ff714ab5417,UI,,,UI,צריך תחבושות
dde8c08738fe9e59,UI,,,UI,צריך ביד
a462b8c590652563,UI,,,UI,הזן טקסט...
bb23ec0586e24df5,UI,,,UI,זה אבטיח!
fa6bb50727553976,UI,,,UI,יופי.
77b845d22632a9ef,UI,,,UI,שמח לראות אותך שוב.
ed172a475c84204f,UI,,,UI,אני פרופסור!
43cc9e298a30c3af,UI,,,UI,"אתם, הדו-רגליים, נוטים להתענג על הארוחות שלכם."
b735b39b4eea8b70,UI,,,Ryan,אף פעם לא עשיתי את זה בחוץ
c913913d57c38493,UI,,,Conrad,אל תדאג מזה!
d0ee8dcf7035040c,UI,,,Conrad,אני עושה את זה כל הזמן
b00675617fbac31a,UI,,,Ryan,"באמת, זה די מרגש"
816c197dfe2ac7e7,UI,,,Conrad,אני עומד לגמור
fb490e9880f63f05,UI,,,Ryan,גם אני כבר עומד לגמור...
cb9cc6fadcf02cd5,UI,,,Ryan,וואו... הדבר היחיד שקטן בך זה באמת הגובה.
b77039c811832311,UI,,,Ryan,היה טוב
cbc2935aebe3ca1f,UI,,,Conrad,כן
1b01a1658c9a5adf,UI,,,Conrad,נהנה?
0d8490d07a321596,UI,,,Ryan,"כן, מאוד. דואג לי?"
3d42325316477a3a,UI,,,Conrad,קונרד פשוט נהנה
2fafbe5f3e7ff469,UI,,,Conrad,לא... כלומר...
df9b23df54ab5518,UI,,,Conrad,אני רוצה שזה ילך טוב
b0bfa8fe9e70154c,UI,,,Ryan,נראה לי שזה הולך מעולה
46fa21135fd9811b,UI,,,Ryan,אני ממש אוהב את זה
b439ffe3e5553ddc,UI,,,Conrad,אתה מרגיש טוב
b92f91849d855b40,UI,,,UI,קונרד
2d1e830624b2572a,UI,,,UI,ריאן
e3becbaee46cc0df,UI,,,UI,שפה (מוד)
6e58b577a084052a,UI,,,UI,מודים
4850b174b713d88c,UI,,,UI,נדרש
37fe885f1406e372,UI,,,UI,כבוי מההפעלה הבאה
9cc5c7f026ce0ca7,UI,,,UI,פועל מההפעלה הבאה
fa20beae3754ffb1,UI,,,UI,מודים אחרים צריכים את המוד הזה. לחצו שוב על כבוי כדי לכבות אותו בכל זאת.
d57274b504a45b33,UI,,,UI,"מותקן מחוץ לתיקיית התוספים, ולכן אי אפשר לכבות אותו כאן"
fd35647f8ecb2f7d,UI,,,UI,נדרש על ידי
9e6151acb057025d,UI,,,UI,משתמש ב־
b9d0dd131d07b5ad,UI,,,UI,"כלים משותפים למודים של דראג'ן וואש, כולל מסך המודים הזה."
6b4075522b85ca52,UI,,,UI,"שחקו בדראג'ן וואש בשפות רבות. מתרגם שיחות, בחירות, ממשק והגדרות."
1cd1ca858aaea1d0,UI,,,UI,לא נטען. הוא צריך את
eda662e0b5033180,UI,,,UI,לא נטען. הוא לא יכול לפעול יחד עם
a8d12a246b72d98c,UI,,,UI,לא נטען. הסיבה מופיעה ביומן של מטען המודים.
7c862b0749e737c4,UI,,,UI,מתקן טעינה מוקדמת. הוא פועל לפני מודים אחרים ואי אפשר לכבות אותו כאן.
74a883a037bc227f,UI,,,UI,הגדרות
21b111cbfe6e8fca,UI,,,UI,ברירת מחדל
bc5b45ae7b60692a,UI,,,UI,איפוס לברירת המחדל
67529e7fdc6098a0,UI,,,UI,נשמר מיד. חלק מהמודים משתמשים בשינוי רק אחרי הפעלה מחדש.
3d19e2d0333d7b19,UI,,,UI,"אפשר לשנות את זה בקובץ ההגדרות של המוד, בתיקיית ההגדרות של מטען המודים."
dc20b3d5d2cddf82,UI,,,UI,ספרייה
e0aaa77caac35ceb,UI,,,UI,מאפשרת למודים לראות ולהחליף טקסט לפני שהמשחק מציג אותו.
e33072d0f0267e46,UI,,,UI,"מודיעה למודים איזו שורת דיאלוג או בחירה עומדת להופיע, עם מזהה השורה והדובר."
e6af4688a3314648,UI,,,UI,"חלון משותף בתוך המשחק (F1) שבו מודים מוסיפים לשוניות לכלי הפיתוח והניפוי שלהם. אפשר להשתמש בו עם עכבר, בקר וב-Steam Deck."
3839cc8c85e0dab6,UI,,,UI,"גופנים לטקסט שהגופנים של המשחק לא יכולים להציג, וטעינה של טקסטורות וחבילות משאבים, כך ש-Direct3D 12 לא יקרוס."
507e6f82c57c2096,UI,,,UI,"קוראת ומשנה את משבצות השמירה ודגלי האירועים של המשחק, ושומרת עותק של כל גרסה של כל שמירה כדי שאפשר יהיה לבטל כל שינוי."
77777bd04fb7c9ae,UI,,,UI,לא זמין בגרסה הזו של המשחק:
014659ab9d98c8fe,UI,,,UI,התנגשות
02e19c617a19bae7,UI,,,UI,משנה את אותו קוד משחק כמו:
61ec4dc622c31ea9,UI,,,UI,משנה את אותו קוד משחק כמו המודים האלה ועלול לעקוף אותם:
c1c1009d3f37ec05,UI,,,UI,עדכון
4168cfb8a090a98c,UI,,,UI,גרסה חדשה זמינה:
cd6c9851e91ad7b6,UI,,,UI,פתיחת דף הגרסה
22e2bada8f1c65cd,UI,,,UI,עדכונים
f26f3275e735bdf6,UI,,,UI,בדיקת עדכונים
a6a1b13028fd8c9c,UI,,,UI,"פעם ביום, שואל את GitHub אם למודים שמציינים את מאגר ה-GitHub שלהם יש גרסה חדשה יותר. שום מידע עליך או על המשחק שלך לא נשלח."
fe199528850a4e24,UI,,,UI,הסרה
63e38bd4b036193a,UI,,,UI,ביטול
86965245a1d725c1,UI,,,UI,"לחצו שוב על ""הסרה"" כדי להסיר את המוד בהפעלה הבאה של המשחק. גם ההגדרות שלו יוסרו."
e2b9759e2326caba,UI,,,UI,יוסר בהפעלה הבאה
0d21bd52022ca7f7,UI,,,UI,מקוון
4128f75bc14cb290,UI,,,UI,משתמש באינטרנט:
df0880be16beba51,UI,,,UI,התחבר בלי להצהיר על כך אל:
57e8a431deec0d70,UI,,,UI,אינטרנט
08b39d1ef62da47d,UI,,,UI,המוד הזה לא מצהיר שהוא משתמש באינטרנט.
5abdf73450d24379,UI,,,UI,למה:
c1e450770d88b778,UI,,,UI,מה נשלח:
3090d827c103d5fb,UI,,,UI,איך מכבים:
068109fd3f73fbbb,UI,,,UI,לא צוין
e21a8c81f7921504,UI,,,UI,נצפה בהפעלה הזו
da5cbc2185c976ff,UI,,,UI,עדיין אין חיבורים.
285202c5ed5c42de,UI,,,UI,המוד לא הצהיר על כך
a9043748d4bf169d,UI,,,UI,מעקב החיבורים כבוי (מודים ← המסגרת ← הגדרות ← מעקב אחר חיבורים).
1c0285d6d7fef2fc,UI,,,UI,"המסגרת רק צופה: היא לא חוסמת דבר, ומוד יכול לעקוף אותה."
1744b96470b51bf3,UI,,,UI,רשת
fa25265454345a35,UI,,,UI,מעקב אחר חיבורים
4e9ec4e264c704c6,UI,,,UI,"רושם אילו מודים מתחברים לאינטרנט, ומסמן במסך המודים את אלה שעושים זאת בלי להצהיר. רק צופה: שום דבר לא נחסם, ומוד יכול לעקוף את זה."
