key,section,node,order,speaker,translation
# Language: Français (fr)
# Created by TomXV. Provisional translation, not reviewed by a native speaker:
# some lines may read unnaturally. Corrections are welcome as pull requests.
# Only the Japanese (ja) and Simplified Chinese (zh-Hans) files were supervised by the author.

# ===== Level 1: Ryan (Sunny) | sets level_1 | ends level_1_complete =====
# --- intro: Ryan_1_intro ---
0da72197e898ebe1,L01 Ryan,Ryan_1_intro,1,Ryan,Il y a quelqu'un ?
334d016f755cd6dc,L01 Ryan,Ryan_1_intro,2,Kobold,Bonjour !
dfba3eb46cb5fc14,L01 Ryan,Ryan_1_intro,3,Ryan,"Oh, salut ! euh..."
30985c07d735bdc3,L01 Ryan,Ryan_1_intro,4,Ryan,On m'a dit qu'il y avait des kobolds par ici qui pouvaient me laver ?
08c8207cff7cb565,L01 Ryan,Ryan_1_intro,5,Ryan,C'est bien ici ?
32cfb777c0a1ca30,L01 Ryan,Ryan_1_intro,6,Kobold,Mhm ! Je suis <i>le</i> kobold !
eec1e26d3338868e,L01 Ryan,Ryan_1_intro,7,Kobold,"Oui, bienvenue chez Drag'n wash !"
b8e3a13e8da1caf6,L01 Ryan,Ryan_1_intro,8,Ryan,"Haha, ça, c'est sûr !"
84f325bca745e504,L01 Ryan,Ryan_1_intro,9,Ryan/Alexander,Merveilleux !
900e8c593033c189,L01 Ryan,Ryan_1_intro,10,Ryan,"Moi, c'est Ryan. Alors..."
092808653667e9ff,L01 Ryan,Ryan_1_intro,11,Ryan,comment je rentre ?
0f3f0b7e817061e6,L01 Ryan,Ryan_1_intro,12,Kobold,"Attends une seconde, il faut que j'ouvre le portail."
b8a4a2d6c54c16d8,L01 Ryan,Ryan_1_intro,13,Kobold,Yip !
273533e355fd12cf,L01 Ryan,Ryan_1_intro,14,Ryan,hein... ?
3faa3f1d46e0e544,L01 Ryan,Ryan_1_intro,15,Kobold,Oh... je veux dire : je vais ouvrir le portail !
ce6db45f1866ad91,L01 Ryan,Ryan_1_intro,16,Ryan,"Ah, je vois le bouton, là. Compris !"
425d9584e840b683,L01 Ryan,Ryan_1_intro,17,Ryan,"D'accord, j'attends. Merci."
# --- phone: Ryan_1_PhoneTutorial ---
9bb3073cec0eb0c7,L01 Ryan,Ryan_1_PhoneTutorial,1,Phone,"Bonjour, <i>« franchise Drag'n wash 223 »...</i> Avez-vous déjà parlé à votre premier client ?"
276bc2be4d36787f,L01 Ryan,Ryan_1_PhoneTutorial,2,Kobold,À l'instant !
d3c6dd1cf6eefa2a,L01 Ryan,Ryan_1_PhoneTutorial,3,Kobold,"Oui, c'est fait."
38526f3244d3b009,L01 Ryan,Ryan_1_PhoneTutorial,4,Phone,"Ah, bien."
ab5df625bc76dbd4,L01 Ryan,Ryan_1_PhoneTutorial,5,Phone/Ryan/Alexander/Conrad/Kobold,...
4d4a3684433b7f10,L01 Ryan,Ryan_1_PhoneTutorial,6,Phone,Dans ce cas... Bonne journée productive.
07c91bff06f38512,L01 Ryan,Ryan_1_PhoneTutorial,7,Phone,"Bonjour, <i>« franchise Drag'n wash 223 »...</i> Avez-vous compris comment interagir ?"
3d08b37cdf5c2183,L01 Ryan,Ryan_1_PhoneTutorial,8,Kobold,Non.
01888febaebd67cd,L01 Ryan,Ryan_1_PhoneTutorial,9,Kobold,Je crois que j'ai pigé !
085283be600618d2,L01 Ryan,Ryan_1_PhoneTutorial,10,Phone,Ah...
4ad86617a918d8ec,L01 Ryan,Ryan_1_PhoneTutorial,11,Phone,"Eh bien, rendez-vous à la fenêtre et parlez à votre client."
af789b5c60f24630,L01 Ryan,Ryan_1_PhoneTutorial,12,Phone,"Il faudra ensuite le faire entrer, bien entendu."
bb645759b5bd99d4,L01 Ryan,Ryan_1_PhoneTutorial,13,Phone,Excellent. Veillez alors à aller accueillir votre client à la fenêtre.
474ab3afa218a5df,L01 Ryan,Ryan_1_PhoneTutorial,14,Kobold,D'accord !
7d869361bdb13d98,L01 Ryan,Ryan_1_PhoneTutorial,15,Phone,Bonne journée productive.
# --- progress: Ryan_1_required ---
098ac93ca7999f8c,L01 Ryan,Ryan_1_required,1,Ryan,"Alors comme ça, tu es un laveur de dragons certifié ?"
7b999e621945fe90,L01 Ryan,Ryan_1_required,2,Kobold,Ouaip !
1cb7709c2b6cdc0b,L01 Ryan,Ryan_1_required,3,Kobold,Ça ne fait que quelques semaines que je lave !
9b9024cada67653e,L01 Ryan,Ryan_1_required,4,Ryan,"Oh, cool !"
fbd8fe3b49aed7c5,L01 Ryan,Ryan_1_required,5,Ryan,"D'habitude, je me débrouille avec un tuyau d'arrosage à la maison..."
3f742efbf9edb2ee,L01 Ryan,Ryan_1_required,6,Ryan,"Oh, alors c'est nouveau pour nous deux !"
e6c276d67e994ed5,L01 Ryan,Ryan_1_required,7,Ryan,"Franchement, je suis surpris que ce soit aussi agréable."
e99ba1a86146f1aa,L01 Ryan,Ryan_1_required,8,Ryan,Ça fait du bien de s'évader un peu de tout ce qu'il y a dehors.
# --- nag: Ryan_1_nag ---
c2aa03c999eb7731,L01 Ryan,Ryan_1_nag,1,Ryan,"Hé, j'ai quelque chose à dire !"
5b798fca0ab51d6c,L01 Ryan,Ryan_1_nag,2,Ryan,Si tu pouvais venir là où je peux te voir.
# --- jerkoff: ryan_jerk_off_no ---
2e75bb6a3610c11b,L01 Ryan,ryan_jerk_off_no,1,Ryan,Hé... On pourra peut-être passer aux « travaux manuels » plus tard ?
# --- mount_start: ryan_mount_no ---
91c3bf04fb99ce8b,L01 Ryan,ryan_mount_no,1,Ryan,"Hm, je crois que je vais passer mon tour pour le chevalet."
# --- outro: Ryan_1_Outro ---
0d26aa953ca02c41,L01 Ryan,Ryan_1_Outro,1,Ryan,Je suis à peu près sûr d'être tout propre !
699cdec6a62f5ff3,L01 Ryan,Ryan_1_Outro,2,Ryan,C'était bien plus agréable qu'un tuyau d'arrosage.
c3bbf19f280c6dde,L01 Ryan,Ryan_1_Outro,3,Kobold,Je t'en prie.
66984a1e53d3e869,L01 Ryan,Ryan_1_Outro,4,Kobold,Mhm ! Reviens quand tu veux.
d629b0ed3f97727c,L01 Ryan,Ryan_1_Outro,6,Ryan,Je parlerai de cet endroit autour de moi.
e12cf68db48908a3,L01 Ryan,Ryan_1_Outro,7,Ryan,"Je garderai cet endroit en tête, c'est sûr."
29a9062b9b45c6ef,L01 Ryan,Ryan_1_Outro,8,Ryan,Haha. « Yip » à toi aussi.
0712e97652e51758,L01 Ryan,Ryan_1_Outro,9,Ryan,"Bon, j'ai passé un bon moment. À la prochaine, alors !"
17f93a33eafe382c,L01 Ryan,Ryan_1_Outro,10,Ryan,Tu peux ouvrir le portail pour me laisser sortir ?
1aa7b1c1d5fb1fd6,L01 Ryan,Ryan_1_Outro,12,Ryan/Conrad/Kobold/Dragon,Merci !

# ===== Level 2: Conrad (Sunny) =====
# --- intro: Conrad_Intro_1 ---
d391aece578e396f,L02 Conrad,Conrad_Intro_1,1,Conrad,"<gradient=""yellow - orange""><size=140%>HÉ ! </gradient><size=100%>C'est ici qu'on lave, ouais ?"
e2b71fbe0e3a8220,L02 Conrad,Conrad_Intro_1,2,Conrad,J'ai besoin d'être impeccable. On dirait que t'es là pour ça. <size=70%> Ha.
198e07bd20a7e40b,L02 Conrad,Conrad_Intro_1,3,Kobold,"Mhm, c'est par ici."
d474060b980dd4bb,L02 Conrad,Conrad_Intro_1,4,Kobold,On peut te faire une place.
6c70580a9b88273d,L02 Conrad,Conrad_Intro_1,5,Conrad,"Nickel. Faut ouvrir le portail, par contre. Laisse entrer Conrad !"
# --- progress: Conrad_required_1 ---
87e002767e44df8e,L02 Conrad,Conrad_required_1,1,Conrad,Alo<size=90%>o<size=80%>o<size=70%>o<size=60%>ors... <size=100%>Je me demandais
2d6d31d664759240,L02 Conrad,Conrad_required_1,2,Conrad,"Vous faites aussi les <i>finitions spéciales</i> ici, ouais ?"
906e9b3e20a54dc2,L02 Conrad,Conrad_required_1,3,Kobold,Chaque finition ici est spéciale !
c41cb150dfd261d8,L02 Conrad,Conrad_required_1,4,Kobold,Genre... des trucs sexuels ?
0c503978e6cd3a78,L02 Conrad,Conrad_required_1,5,Conrad,Euh... C'est pas ce que-
c9ce0c4dd28236fa,L02 Conrad,Conrad_required_1,6,Conrad,"Est-ce que vous faites jouir les gros dragons, <size=60%>comme moi, <size=100%>ici ?"
daac14e0bc00f0ad,L02 Conrad,Conrad_required_1,7,Kobold,Wah- hein- <size=80%>oah. <size=60%>on ne-
824dda92c5ffbad9,L02 Conrad,Conrad_required_1,8,Kobold,"Oh, non."
33cb9fb42cd6a080,L02 Conrad,Conrad_required_1,9,Conrad,Quoi !? C'est terrible ! Vous n'avez même pas de chevalet... ?
96b0e7561e23fcbb,L02 Conrad,Conrad_required_1,10,Kobold,euh... <size=60%>non ?
175ccc13192756d4,L02 Conrad,Conrad_required_1,11,Conrad,"Bah, t'as intérêt à en avoir un alors !"
fcc67c51c62fb4e9,L02 Conrad,Conrad_required_1,12,Conrad,"Au moins, tu peux toujours te servir de tes mains. Hé hé."
a29919179016a4e8,L02 Conrad,Conrad_required_1,13,Conrad,Ah ouais ? Je vois même pas de chevalet.
6ec80eb8deb5afd8,L02 Conrad,Conrad_required_1,14,Kobold,"Oh... ouais, on n'en a pas."
22706d3faee3b165,L02 Conrad,Conrad_required_1,15,Kobold,"Non, on ne propose pas ce genre de choses ici."
4a8d1297fbe8f246,L02 Conrad,Conrad_required_1,16,Conrad,"Dommage, putain. Faudrait changer ça."
# --- jerkoff: Conrad_1_JerkOff_Start ---
6d4db2b6b39822b2,L02 Conrad,Conrad_1_JerkOff_Start,1,Conrad,"Oh putain, ouais."
8fc6411ffc04a8f3,L02 Conrad,Conrad_1_JerkOff_Start,2,Conrad,Continue.
# --- cum: Conrad_1_Cum ---
e51f82fb1e4773ad,L02 Conrad,Conrad_1_Cum,1,Conrad,<size=140%> PUTAIN OUAIS !
6d721d6e2ad2ae1c,L02 Conrad,Conrad_1_Cum,2,Conrad,<size=100%> Ça fait un bien fou !
# --- mount_start: conrad_mount_no ---
b902443f60bdba87,L02 Conrad,conrad_mount_no,1,Conrad,Woah. Euh.
ccdcfc48472b3533,L02 Conrad,conrad_mount_no,2,Conrad,"Normalement, je dirais oui au chevalet. Mais pas là, tout de suite."
# --- outro: Conrad_Outro_1 ---
2edaf16ee5b742a8,L02 Conrad,Conrad_Outro_1,1,Conrad,"Le lavage, ça allait."
882508b81f97e7cf,L02 Conrad,Conrad_Outro_1,2,Conrad,Mais tous les autres lavages où je suis allé avaient au moins un chevalet.
51335374627e92a3,L02 Conrad,Conrad_Outro_1,3,Kobold,Désolé...
598e348ffe7cc978,L02 Conrad,Conrad_Outro_1,4,Kobold,"Je vais en commander un, promis !"
3eba607f0573bf98,L02 Conrad,Conrad_Outro_1,5,Conrad,Sois pas désolé ! Trouve un chevalet !
4e52b9a8b0ae1335,L02 Conrad,Conrad_Outro_1,6,Conrad,Tout laveur qui se respecte sait comment faire plaisir à un dragon.
25d0b6008550c533,L02 Conrad,Conrad_Outro_1,7,Kobold,D'accord. Je vais commander un chevalet.
2e92d12d86bf03a5,L02 Conrad,Conrad_Outro_1,8,Conrad,"Bien. Allez, laisse-moi sortir."
426726c5d08284a8,L02 Conrad,Conrad_Outro_1,9,Conrad,"Bien, t'as intérêt. Si je reviens et qu'il n'y en a pas..."
28c3830dac3b9c5b,L02 Conrad,Conrad_Outro_1,10,Kobold,C'est une menace... ?
fac432bdcfb4b753,L02 Conrad,Conrad_Outro_1,11,Conrad,"Euh, non, je serai juste VRAIMENT contrarié."
ee7433c3dd161b65,L02 Conrad,Conrad_Outro_1,12,Conrad,Bref... Laisse-moi sortir.

# ===== Level 3: Alexander (Sunny) =====
# --- intro: Alexander_1_intro ---
dbca31128a900488,L03 Alexander,Alexander_1_intro,1,Alexander,"Bonsoir. Cet établissement accepte les clients sans rendez-vous, n'est-ce pas ?"
a6208f4370193b60,L03 Alexander,Alexander_1_intro,2,Kobold,Oui ! Tu es... de l'université... ?
fdf9d60aca05c19e,L03 Alexander,Alexander_1_intro,4,Alexander,"En effet, vous devez connaître mon blason ! J'enseigne l'alchimie."
12456a9c2599222e,L03 Alexander,Alexander_1_intro,5,Alexander,... Un cours que je donne d'ailleurs très bientôt.
cccd2e909950ad59,L03 Alexander,Alexander_1_intro,6,Alexander,Excellent.
f5b90500599eaa0a,L03 Alexander,Alexander_1_intro,7,Alexander,"Il faudra faire vite, les étudiants ne s'instruiront pas tout seuls."
26f8788d21d9fd7d,L03 Alexander,Alexander_1_intro,8,Kobold,J'ai jamais lavé un dragon professeur... woah.
7cc55c8bb6442b93,L03 Alexander,Alexander_1_intro,9,Kobold,"D'accord, je vais ouvrir le portail !"
c9b9bda16ee1d468,L03 Alexander,Alexander_1_intro,10,Alexander,"Professeur... Mais oui. Je ne fréquente pas les lavages publics, d'ordinaire."
8569efc4ed5a6273,L03 Alexander,Alexander_1_intro,11,Alexander/Ryan,Merci.
57c2b1f349d8b9e9,L03 Alexander,Alexander_1_intro,12,Alexander,"Oh, et je vous prie d'excuser mon état absolument répugnant."
c44510120d3f5f7e,L03 Alexander,Alexander_1_intro,13,Alexander,C'est un état fort regrettable dans lequel je me trouve...
550840616bc8148d,L03 Alexander,Alexander_1_intro,14,Kobold,Tu n'es... pas si sale que ça.
21e1f6bc71429bdb,L03 Alexander,Alexander_1_intro,15,Kobold,Pas de souci. Je t'ouvre le portail tout de suite !
14ddfac745bc0ec3,L03 Alexander,Alexander_1_intro,16,Alexander,"Si, je le suis."
65b94d53036df4ac,L03 Alexander,Alexander_1_intro,18,Alexander,Pourriez-vous ouvrir le portail ?
f602395a77ff68c4,L03 Alexander,Alexander_1_intro,19,Kobold,Oh. oui. Pardon.
# --- progress: Alexander_1_required ---
8bb197f659df9e12,L03 Alexander,Alexander_1_required,1,Alexander,Vous savez... Cet environnement est fort plaisant. Très... prolétarien.
c3971608b1a13f1b,L03 Alexander,Alexander_1_required,2,Kobold,prolé- <i><size=70%>hein ?
3afdda2c098fc834,L03 Alexander,Alexander_1_required,3,Kobold/Alexander/Ryan,Merci !
90d6678c9549b1e0,L03 Alexander,Alexander_1_required,4,Alexander,"Oh, disons... de la classe ouvrière ?"
55c80016618e1bc5,L03 Alexander,Alexander_1_required,5,Alexander,"Pardon, je voulais dire que j'apprécie votre lavage."
02fa2a9691178177,L03 Alexander,Alexander_1_required,6,Alexander,Je vous en prie.
32e117cdd1f56f3f,L03 Alexander,Alexander_1_required,7,Alexander,Qui eût cru que de tels endroits étaient si aisément accessibles au public !
# --- jerkoff: alexander_jerk_off_no ---
f33ca08a17779409,L03 Alexander,alexander_jerk_off_no,1,Alexander,<i>Oh.</i> Je ne crois pas être encore prêt pour cela.
# --- mount_start: alexander_mount_no ---
170ebd10775afd58,L03 Alexander,alexander_mount_no,1,Alexander,Je ne suis... pas certain de vouloir utiliser ceci aujourd'hui.
# --- outro: Alexander_1_Outro ---
d202075090a8960b,L03 Alexander,Alexander_1_Outro,1,Alexander,Je dois dire que vous avez fait un aussi bon travail que les laveurs privés.
b6069e62e167364f,L03 Alexander,Alexander_1_Outro,3,Kobold,"Mmmhm, je fais toujours de mon mieux."
981447d1952fe850,L03 Alexander,Alexander_1_Outro,4,Alexander,"Haha, « Yip », en effet."
5d7279822bcee7dd,L03 Alexander,Alexander_1_Outro,5,Alexander,Mes étudiants auraient une ou deux choses à apprendre de votre éthique de travail !
8117291ab8529b4f,L03 Alexander,Alexander_1_Outro,6,Alexander,"J'adorerais bavarder davantage, sincèrement, mais le cours commence bientôt."
dae0c0aa3ae01c37,L03 Alexander,Alexander_1_Outro,7,Alexander,...Merci pour tout cela.

# ===== Level 4: Ryan (Sunny) =====
# --- intro: Ryan_2_intro ---
7825d92f67bdcdef,L04 Ryan,Ryan_2_intro,1,Ryan,Re-bonjour !
cd26586143766826,L04 Ryan,Ryan_2_intro,2,Kobold,"Salut, Ryan !"
6a67a8866ec70c09,L04 Ryan,Ryan_2_intro,4,Ryan,"Salut, content d'être de retour."
921bd4effdaa2a2f,L04 Ryan,Ryan_2_intro,5,Ryan,"Hah... tu l'aimes vraiment, ce petit cri."
387d0da740d0826e,L04 Ryan,Ryan_2_intro,6,Ryan,J'ai besoin d'un autre lavage.
e542b800ecfc350a,L04 Ryan,Ryan_2_intro,7,Ryan,J'essaie de m'éloigner un peu de la maison.
78b22bcc76942425,L04 Ryan,Ryan_2_intro,8,Ryan,Je suis sorti avec des amis.
21abbb56e463a200,L04 Ryan,Ryan_2_intro,9,Ryan,"Les marécages, c'était sympa."
da3405e1151a476e,L04 Ryan,Ryan_2_intro,10,Ryan,Mais je crois qu'il est temps de se faire décrasser.
41dc14e2cd744b1b,L04 Ryan,Ryan_2_intro,11,Kobold,"Oh, bien sûr. Entre donc."
b231225bfcc08d4c,L04 Ryan,Ryan_2_intro,12,Kobold,Est-ce que tout va bien ?
056b5511850d7220,L04 Ryan,Ryan_2_intro,13,Ryan,"D'accord, merci."
b4e4d893367947a0,L04 Ryan,Ryan_2_intro,14,Ryan,"Oui, ça va. Pardon."
c9cdea9d31e53d5b,L04 Ryan,Ryan_2_intro,15,Ryan,Juste une journée difficile. J'espère que ça va aider !
ab74167fe23c9db5,L04 Ryan,Ryan_2_intro,17,Ryan,"Alors euh, le portail ?"
5cbc0ceea57587db,L04 Ryan,Ryan_2_intro,18,Kobold,Oh... Ouais. J'y vais.
08411b780900fb59,L04 Ryan,Ryan_2_intro,19,Kobold,Bien sûr. Un instant !
a386908e3024f35e,L04 Ryan,Ryan_2_intro,20,Ryan,Génial.
# --- progress: Ryan_2_required ---
580684f8909e025d,L04 Ryan,Ryan_2_required,1,Ryan,Hé.
b4eff799a0271863,L04 Ryan,Ryan_2_required,2,Kobold,Hm ?
fad448038cd06268,L04 Ryan,Ryan_2_required,3,Kobold,Qu'est-ce qu'il y a ?
a1dd2ff2d1ef6beb,L04 Ryan,Ryan_2_required,4,Ryan,Je peux te poser une question ?
2acd4405a7f14ae3,L04 Ryan,Ryan_2_required,5,Kobold,"C'est déjà fait, qu'est-ce qu'il y a ?"
c10c037156053bfe,L04 Ryan,Ryan_2_required,6,Kobold,Bien sûr.
4f6d869aa239596c,L04 Ryan,Ryan_2_required,7,Ryan,"Oh, c'est vrai. Pardon."
0fa0dff561f86016,L04 Ryan,Ryan_2_required,8,Ryan,"Alors, à propos... des relations."
9a38b89ed035e464,L04 Ryan,Ryan_2_required,9,Ryan,Si une relation est <i>tellement</i> chaotique et que tu sais qu'elle va finir.
9b943020b9ae2658,L04 Ryan,Ryan_2_required,10,Ryan,Et que tu as tout essayé.
954ba66a076849a5,L04 Ryan,Ryan_2_required,12,Ryan,À quel moment tu mets vraiment fin à la relation ?
f173e528733bb05a,L04 Ryan,Ryan_2_required,13,Kobold,Oh... Ryan...
7b102f547a549072,L04 Ryan,Ryan_2_required,14,Kobold,Je ne... suis pas sûr de pouvoir répondre à ça pour toi.
d74bb8fcbf89b62a,L04 Ryan,Ryan_2_required,15,Ryan,Je sais. Je sais que je ne devrais pas te déballer tout ça.
64973f6ac9ac08be,L04 Ryan,Ryan_2_required,16,Ryan,C'est juste que tu es quelqu'un de très apaisant.
93fa9e1a16f34a7d,L04 Ryan,Ryan_2_required,17,Ryan,"Tu as raison... Tu ne peux pas, c'est sûr."
797653f5e081152e,L04 Ryan,Ryan_2_required,18,Ryan,Je suis juste content de ne pas me sentir jugé ici.
b11d41e01fefb995,L04 Ryan,Ryan_2_required,20,Kobold,"Merci. Moi aussi, j'aime bien être avec toi."
c6df1e087ef5d8e4,L04 Ryan,Ryan_2_required,21,Kobold,J'espère que ça va s'arranger.
ebb96171ea7628a0,L04 Ryan,Ryan_2_required,22,Ryan/Kobold/Alexander,J'en suis ravi.
91c0e3e9014024af,L04 Ryan,Ryan_2_required,23,Ryan,moi aussi.
# --- outro: Ryan_2_Outro ---
cb57ee6155ed6ca5,L04 Ryan,Ryan_2_Outro,1,Ryan,Bon. Tout propre.
f6d370e531334fab,L04 Ryan,Ryan_2_Outro,2,Ryan,Je suis désolé de t'avoir déballé tout ça tout à l'heure.
a402a75e0522e087,L04 Ryan,Ryan_2_Outro,3,Kobold,C'est pas grave !
94e0ea6f97e24a81,L04 Ryan,Ryan_2_Outro,4,Kobold,Je sais que ça peut être dur.
4f66abc45de7ff53,L04 Ryan,Ryan_2_Outro,5,Ryan/Alexander,Vous êtes adorable.
line:15f55959,L04 Ryan,Ryan_2_Outro,5,Ryan,T'es vraiment adorable.
ee65a6c9748b539c,L04 Ryan,Ryan_2_Outro,6,Ryan,J'aimerais que ce soit aussi simple que dans les films.
0e95dd9dae12e50e,L04 Ryan,Ryan_2_Outro,7,Kobold,"Reviens quand tu veux, Ryan."
78c778b6ee0575d9,L04 Ryan,Ryan_2_Outro,8,Kobold,"Si tu veux en parler encore, j'ai une minute."
f204fcc6b711621e,L04 Ryan,Ryan_2_Outro,9,Ryan,"Je le ferai, merci."
72eaafd8ad3f6b0d,L04 Ryan,Ryan_2_Outro,10,Ryan,Tu es sûr ? C'est pas... un truc marrant.
fe454a1e25772898,L04 Ryan,Ryan_2_Outro,11,Kobold,Tu as raison. Je ne devrais pas insister.
513af1a2eeeef9b6,L04 Ryan,Ryan_2_Outro,12,Kobold,"C'est bon, on dirait que tu en as besoin."
f3ff11acd1b54309,L04 Ryan,Ryan_2_Outro,13,Ryan,T'inquiète. Merci.
0b61ba409dc46906,L04 Ryan,Ryan_2_Outro,14,Ryan,"Oui, tu as raison."
5459b9d74fb7a529,L04 Ryan,Ryan_2_Outro,15,Ryan,Alors. Ma copine était rentrée avant moi. c'est une dragonne qui travaille depuis la maison.
2cd54468954ee8c7,L04 Ryan,Ryan_2_Outro,16,Ryan,Je suis rentré un peu sale. Et elle m'a hurlé dessus.
f7e4ec27dd7d6527,L04 Ryan,Ryan_2_Outro,17,Ryan,"Elle m'a dit d'aller à un lavage, et elle avait l'air extrêmement vexée."
2880304176197c02,L04 Ryan,Ryan_2_Outro,18,Ryan,Elle était... <i>vraiment</i> fâchée que je sois plein de boue.
250b97243d1df1f7,L04 Ryan,Ryan_2_Outro,19,Kobold,C'est pour ça que tu es venu la première fois ?
bc78d04f7d5861dc,L04 Ryan,Ryan_2_Outro,20,Kobold,Ça ressemble à une réaction excessive de sa part.
08a70054f59e703a,L04 Ryan,Ryan_2_Outro,21,Ryan,Ouais...
6079131a1c79adef,L04 Ryan,Ryan_2_Outro,22,Ryan,"Mais franchement, tu m'as beaucoup aidé."
92536deee525f694,L04 Ryan,Ryan_2_Outro,23,Ryan,Ça m'a donné le temps de réfléchir.
c3be2f1d3fa4404d,L04 Ryan,Ryan_2_Outro,25,Ryan,C'est ce que je me suis dit aussi.
9ebcf8a46cc189b7,L04 Ryan,Ryan_2_Outro,26,Ryan,Je crois qu'elle est contrariée par autre chose...
8c3115a4e2a9a664,L04 Ryan,Ryan_2_Outro,27,Ryan,J'aime juste pas qu'elle passe ses nerfs sur moi.
393d8e5925dc5937,L04 Ryan,Ryan_2_Outro,31,Ryan,Bref...
7258b4e037805024,L04 Ryan,Ryan_2_Outro,32,Ryan,Merci de m'avoir écouté.
951382e00968439d,L04 Ryan,Ryan_2_Outro,33,Kobold,"Quand tu veux, Ryan."
c41f39341b6c49ef,L04 Ryan,Ryan_2_Outro,34,Kobold,Bien sûr. Désolé que tu traverses tout ça.
553b3b011e56f6e2,L04 Ryan,Ryan_2_Outro,36,Ryan,C'est pas grave. Je vais trouver une solution.
bd7468846a30d095,L04 Ryan,Ryan_2_Outro,37,Kobold,Je vais t'ouvrir le portail.
a7f68522a6e41971,L04 Ryan,Ryan_2_Outro,38,Ryan,"D'accord, salut !"

# ===== Level 5: Conrad (Rainy) | sets level_5 | ends MedkitCompleted, level_5_complete =====
# --- intro: Conrad_Intro_2 ---
ed1060b120921b51,L05 Conrad,Conrad_Intro_2,1,Conrad,T'as une trousse de secours ?
33b8a4a45ccc09d4,L05 Conrad,Conrad_Intro_2,2,Kobold,Qu'est-ce qui s'est passé !?
0a1daca6a7ffe060,L05 Conrad,Conrad_Intro_2,3,Kobold,"Oh non, Conrad. ça va ?"
20e5d8710e635ec0,L05 Conrad,Conrad_Intro_2,4,Conrad,J'ai pas besoin de te le dire.
20e7bf03f9acda80,L05 Conrad,Conrad_Intro_2,5,Conrad,"Alors, t'as une trousse de secours ou pas ?"
b5df9715ed2e91ed,L05 Conrad,Conrad_Intro_2,6,Conrad,J'ai l'air d'aller bien ?
b91e8be1b03d1b61,L05 Conrad,Conrad_Intro_2,7,Conrad,Non. Ça va pas. T'as une trousse de secours ou pas ?
f974998c16103aa0,L05 Conrad,Conrad_Intro_2,8,Kobold,"Oui, j'en ai une."
8ca82a3bb03f138c,L05 Conrad,Conrad_Intro_2,9,Kobold,Oui. Mais qu'est-ce qui s'est passé ?
a94b34f629b2029a,L05 Conrad,Conrad_Intro_2,10,Conrad,Ouvre... juste le portail.
# --- progress: Conrad_required_2 ---
4356fa179bb80e09,L05 Conrad,Conrad_required_2,1,Conrad,Je suis tellement con.
d886f3d923f9c796,L05 Conrad,Conrad_required_2,2,Conrad,C'est exactement le genre de merde que j'essaie d'éviter !
ea8c1853a7d5966c,L05 Conrad,Conrad_required_2,3,Kobold,Tu veux raconter ce qui s'est passé... ?
bded00d07cb1e457,L05 Conrad,Conrad_required_2,4,Kobold,Je suis désolé que tu sois blessé...
02f000041eb5ab82,L05 Conrad,Conrad_required_2,5,Conrad,"Putain, non ! C'est la honte, cette merde."
58356b98fdf40dc3,L05 Conrad,Conrad_required_2,7,Conrad,Je veux pas de ta pitié !
cb7847cb63566364,L05 Conrad,Conrad_required_2,9,Conrad,C'est juste que...
b48f291ebc6b18fe,L05 Conrad,Conrad_required_2,10,Conrad,Je déteste me retrouver toujours dans des situations pareilles.
519b07c299436f2a,L05 Conrad,Conrad_required_2,11,Conrad,Je commence à avoir l'impression que c'est <i>ma</i> faute.
f5ad489eeba50b01,L05 Conrad,Conrad_required_2,12,Kobold,"<i>Ça</i>, ce n'est pas ta faute, Conrad."
6402f4608ceb7bbb,L05 Conrad,Conrad_required_2,13,Kobold,Je suis vraiment désolé que tu sois blessé. Qui a fait ça ?
8e59613d6cd60464,L05 Conrad,Conrad_required_2,14,Conrad,"Je crois vraiment que cette fois, si..."
7058e362e43623f0,L05 Conrad,Conrad_required_2,15,Conrad,"Un drake, au bar... J'ai été con. J'ai pas su fermer ma gueule."
ea289ebcdd7e81ef,L05 Conrad,Conrad_required_2,16,Conrad,"Juste un drake, au bar. J'ai été con... J'ai pas su fermer ma gueule."
aff317c06781bc70,L05 Conrad,Conrad_required_2,17,Conrad,Je pige pas ! Pourquoi faut-il que je me comporte comme ça ?
da5eed4c72eb1073,L05 Conrad,Conrad_required_2,18,Kobold,Comme quoi ?
193bb66a944990a8,L05 Conrad,Conrad_required_2,19,Kobold,"Je te trouve plutôt cool, Conrad."
c69250ea092a7fcd,L05 Conrad,Conrad_required_2,20,Conrad,Genre... Comme un connard ? Je sais que je suis invivable.
c2f21da58e28df4f,L05 Conrad,Conrad_required_2,21,Conrad,T'es gentil. C'est plus que je ne mérite.
9c529e9f79f39a21,L05 Conrad,Conrad_required_2,22,Conrad,Je suis un connard. Je le sais.
4b7317a793a0f728,L05 Conrad,Conrad_required_2,23,Conrad,Désolé de t'avoir aboyé dessus tout à l'heure.
c4c0c9950baa723f,L05 Conrad,Conrad_required_2,24,Conrad,Tu mérites pas ça.
9fa8cd9193124e79,L05 Conrad,Conrad_required_2,25,Kobold,C'est rien. On voit bien que tu traverses beaucoup de choses.
249133e0671a807b,L05 Conrad,Conrad_required_2,26,Kobold,C'est pas grave.
c61717fe95ec2b9c,L05 Conrad,Conrad_required_2,27,Conrad,Ça veut pas dire que je dois te crier dessus.
652daa6043287e1b,L05 Conrad,Conrad_required_2,28,Conrad,Plus d'excuses.
65b4e7b9caad6028,L05 Conrad,Conrad_required_2,29,Conrad,"Non, ça l'est. Plus d'excuses."
334ade0356dff453,L05 Conrad,Conrad_required_2,30,Conrad,Je dois faire mieux. Je <i>veux </i>faire mieux.
1d190e45e1ddc239,L05 Conrad,Conrad_required_2,31,Conrad,"Juste, euh... Dis à personne que je raconte tout ça."
3969155d983b9b32,L05 Conrad,Conrad_required_2,32,Kobold,Ton secret est bien gardé.
bd7f2cf961e397ca,L05 Conrad,Conrad_required_2,33,Kobold,Je ne dirai rien.
0cd12abef67edc64,L05 Conrad,Conrad_required_2,34,Conrad,...Merci.
bbaef120c3a81475,L05 Conrad,Conrad_required_2,35,Conrad,Et je suis content que t'aies une trousse de secours... T'es bien préparé.
# --- jerkoff: conrad_jerk_off_no ---
f81a53c29135dfa5,L05 Conrad,conrad_jerk_off_no,1,Conrad,"Hé, euh... Pas maintenant."
# --- outro: Conrad_Outro_2 ---
7f9f3c8d0db46cbf,L05 Conrad,Conrad_Outro_2,1,Conrad,Je me sens déjà beaucoup mieux.
d4a62b147d5a622b,L05 Conrad,Conrad_Outro_2,2,Kobold,physiquement ou moralement ?
0d49a74e82a2356a,L05 Conrad,Conrad_Outro_2,4,Conrad,Les deux.
c38c5771c6cf6118,L05 Conrad,Conrad_Outro_2,5,Conrad/Ryan,Moi aussi.
7e30c436a9112ecd,L05 Conrad,Conrad_Outro_2,6,Conrad,T'es... cool.
229bd072e07a3d53,L05 Conrad,Conrad_Outro_2,7,Conrad,Je le pense. Vraiment.
ba15304b6e669701,L05 Conrad,Conrad_Outro_2,8,Kobold,Je fais seulement ce qui me semble juste.
1fb463b57138c081,L05 Conrad,Conrad_Outro_2,9,Kobold,Je te trouve cool aussi. C'est dur de s'améliorer.
56c81331bdf0858e,L05 Conrad,Conrad_Outro_2,10,Conrad,J'espère pouvoir apprendre de ça.
3e2cb05f5d39c6e5,L05 Conrad,Conrad_Outro_2,11,Conrad,"Merci, mais je vais faire mieux. Promis."
8a3ca437a0d6d164,L05 Conrad,Conrad_Outro_2,12,Conrad,Je vais te lâcher les écailles...
c90e3d1d20fadd0f,L05 Conrad,Conrad_Outro_2,13,Conrad,"Je reviendrai, c'est sûr."

# ===== Level 6: Alexander (Night) | sets level_6_started =====
# --- intro: Alexander_2_intro ---
44aa15e695b4e0d5,L06 Alexander,Alexander_2_intro,1,Alexander,"Grâce en soit rendue aux étoiles, vous êtes ouvert."
840851d0f7570dd9,L06 Alexander,Alexander_2_intro,2,Kobold,Alexander... ?
d786fe5166ed78b0,L06 Alexander,Alexander_2_intro,3,Kobold,"Euuuh, pas vraiment, en fait."
b5707c134254e827,L06 Alexander,Alexander_2_intro,4,Alexander,Oui. J'ai besoin d'un lavage. La situation est plutôt critique !
5962824d5ad2d472,L06 Alexander,Alexander_2_intro,5,Alexander,C'est une tâche que vous seul pouvez accomplir.
4006d568c80ab534,L06 Alexander,Alexander_2_intro,6,Alexander,Je paierai le double. Le triple... C'est une tâche que vous seul pouvez accomplir !
a17a2764777e0b60,L06 Alexander,Alexander_2_intro,7,Kobold,"Oh. Alors oui, on est ouvert."
1e5b9c4d7c7853fa,L06 Alexander,Alexander_2_intro,8,Alexander,Excellent !
e36d5a8ffbc61b8c,L06 Alexander,Alexander_2_intro,9,Kobold,qu'est-ce qui s'est passé ?
c43599f1e3538c5c,L06 Alexander,Alexander_2_intro,10,Kobold,pourquoi tu es là si tard ?
c63c466c3e28f286,L06 Alexander,Alexander_2_intro,11,Alexander,"Mon collègue, le professeur Igwyx, souhaitait m'utiliser comme plateforme."
dfb6e95e4715f76e,L06 Alexander,Alexander_2_intro,12,Alexander,"Je le lui ai permis, ma stature offrant une hauteur amplement suffisante."
9da4c08f2c9d94f9,L06 Alexander,Alexander_2_intro,13,Alexander,Cependant...
149351e2d565febf,L06 Alexander,Alexander_2_intro,14,Alexander,Il y avait une faille dans sa méthode.
b54a89ba26aaeaa1,L06 Alexander,Alexander_2_intro,15,Kobold,IL EST MORT !?
0ee302086c5ae61a,L06 Alexander,Alexander_2_intro,16,Kobold,Où est-il passé... ?
2cc9a59ae14e4845,L06 Alexander,Alexander_2_intro,17,Alexander,comment ?
3b20ece829b0bd68,L06 Alexander,Alexander_2_intro,18,Alexander,non.
93f6d587969b0e78,L06 Alexander,Alexander_2_intro,19,Alexander,"Après sa conflagration spontanée, j'ai pris soin de lui laisser son intimité."
1d37ba6f405ce0fd,L06 Alexander,Alexander_2_intro,20,Alexander,Sa forme physique est en train de se reconstituer dans la salle des professeurs.
27c227129d961114,L06 Alexander,Alexander_2_intro,21,Alexander,Tout mage qui se respecte garde une plume de phénix à portée de main.
9e99fec970b38818,L06 Alexander,Alexander_2_intro,22,Kobold,Bien sûr. Une plume de phénix. Évidemment.
0549826a698aad1c,L06 Alexander,Alexander_2_intro,23,Kobold,D'accord. Je vais ouvrir la boutique. Donne-moi une seconde.
9e85e9ab574cfc16,L06 Alexander,Alexander_2_intro,24,Alexander,J'oublie l'ignorance du profane. Je vous prie de m'excuser.
359439ec513e7e35,L06 Alexander,Alexander_2_intro,25,Kobold,"Hm-hm, je vais ouvrir le portail"
28fa9c1bb5161161,L06 Alexander,Alexander_2_intro,26,Alexander,Faites vite ! Ma réputation est en jeu.
# --- progress: Alexander_2_required ---
cc99c01887a9b5f1,L06 Alexander,Alexander_2_required,1,Alexander,Je suis profondément embarrassé par toute cette histoire.
e33e953efb157171,L06 Alexander,Alexander_2_required,2,Kobold,C'est pas bien grave. On dirait que tout le monde va bien.
c054502c35602985,L06 Alexander,Alexander_2_required,3,Kobold,Pas besoin de l'être.
98cbb728e5fb19f2,L06 Alexander,Alexander_2_required,4,Alexander,Cela n'a jamais été une inquiétude. Je suis un dragon plutôt prudent.
c1d152bd1a4b22f1,L06 Alexander,Alexander_2_required,5,Alexander,C'est fort aimable à vous de le dire.
0da1bbeb76d9ef60,L06 Alexander,Alexander_2_required,6,Alexander,"Cependant, mon <i>image</i> est bien plus permanente que les formes physiques éphémères d'Igwyx."
54021b5f26568c41,L06 Alexander,Alexander_2_required,7,Alexander,Voilà la source de mon inquiétude...
3a363409d3ae72f1,L06 Alexander,Alexander_2_required,8,Alexander,Et la raison pour laquelle vous êtes parfait pour cette tâche !
# --- outro: Alexander_2_Outro ---
abc1043955962614,L06 Alexander,Alexander_2_Outro,1,Alexander,De nouveau parfaitement propre. Merci de m'avoir reçu à cette heure.
2de23f0bdf3de327,L06 Alexander,Alexander_2_Outro,2,Kobold,L'argent... mmm...
082cb158de32f2d9,L06 Alexander,Alexander_2_Outro,3,Kobold,Pas de problème.
374214d86f810d53,L06 Alexander,Alexander_2_Outro,4,Alexander,"Hah, voilà qui motive."
7ff22bb553842005,L06 Alexander,Alexander_2_Outro,5,Alexander,"Plus maintenant, du moins !"
01b524bd7165a166,L06 Alexander,Alexander_2_Outro,6,Alexander,Je ne me serais jamais attendu à confier des choses aussi embarrassantes à quelqu'un.
704866fd76bd9fb8,L06 Alexander,Alexander_2_Outro,7,Kobold,Je suis toujours content d'aider. <i><size=70%> surtout un gros dragon.
dd573253630e8021,L06 Alexander,Alexander_2_Outro,8,Kobold,Je suis content que tu me fasses confiance.
d6b066332b6d8b9a,L06 Alexander,Alexander_2_Outro,9,Alexander,Je suis ravi que vous y trouviez également du plaisir.
762c20b866b7b263,L06 Alexander,Alexander_2_Outro,10,Alexander,Moi aussi.
5fc37d4eda289c06,L06 Alexander,Alexander_2_Outro,11,Alexander,Je ne sais pas pourquoi il est si facile de vous parler.
5a2661b79c536b73,L06 Alexander,Alexander_2_Outro,12,Alexander,Le regard des autres pèse d'un poids immense.
0ddbb1a880fb5b54,L06 Alexander,Alexander_2_Outro,13,Alexander,Pas le vôtre. C'est agréable.
df9e3e9397757b17,L06 Alexander,Alexander_2_Outro,14,Kobold,"Les attentes, c'est nuuuul."
5b4ce4081cac21b5,L06 Alexander,Alexander_2_Outro,15,Kobold,Je fais juste mon travail !
1acd1b8d362287ec,L06 Alexander,Alexander_2_Outro,16,Alexander,"Ça, c'est certain..."
cbbaf40d803468a2,L06 Alexander,Alexander_2_Outro,17,Alexander,Et vous le faites bien.

# ===== Level 7: Ryan (Sunny) =====
# --- intro: Ryan_3_intro ---
49e50c5be7d1583e,L07 Ryan,Ryan_3_intro,2,Kobold,Ryan !
346181d6c9954315,L07 Ryan,Ryan_3_intro,3,Kobold,Bon retour !
c1cff3dbff6bfce2,L07 Ryan,Ryan_3_intro,4,Ryan,C'est moi.
03810482331af8e2,L07 Ryan,Ryan_3_intro,5,Ryan,Content d'être là.
e1a42aae663ccf1f,L07 Ryan,Ryan_3_intro,6,Ryan,Je suis venu pour un autre lavage.
fc7ed7b68999fdae,L07 Ryan,Ryan_3_intro,7,Ryan,Je...
be0667bb01a8cd65,L07 Ryan,Ryan_3_intro,8,Ryan,Laisse tomber. Tu peux ouvrir le portail ?
20ed966db540aaaf,L07 Ryan,Ryan_3_intro,9,Kobold,"Oui, je m'en occupe."
6c0973b0166d3528,L07 Ryan,Ryan_3_intro,10,Kobold,Ryan ? tu es sûr que tout va bien... ?
8dff101cb2298f67,L07 Ryan,Ryan_3_intro,12,Ryan,"Non, pas vraiment."
1990b3ec8cd88a48,L07 Ryan,Ryan_3_intro,13,Ryan,Je te raconterai tout à l'heure. Tu peux juste ouvrir le portail pour l'instant ?
85fec70372b092bb,L07 Ryan,Ryan_3_intro,14,Kobold/Conrad,Ouais.
33e04b2f805d0e1a,L07 Ryan,Ryan_3_intro,15,Kobold,D'accord. J'espère que tu tiens le coup quand même.
f51bead488e14b65,L07 Ryan,Ryan_3_intro,16,Ryan/Conrad/Alexander,Merci.
aac215f048e8ee54,L07 Ryan,Ryan_3_intro,17,Ryan,Je vais m'en sortir.
# --- progress: Ryan_3_required ---
eb256f4dcddfee94,L07 Ryan,Ryan_3_required,1,Ryan,À propos de tout à l'heure.
1a17d73907f63be1,L07 Ryan,Ryan_3_required,2,Ryan,Il y a quelques jours...
87a781aa9b0c0136,L07 Ryan,Ryan_3_required,3,Ryan,J'ai rompu avec ma copine...
f68b8d76138a2a69,L07 Ryan,Ryan_3_required,4,Kobold,Oh... Je suis vraiment désolé.
d6077ef6cdb59db1,L07 Ryan,Ryan_3_required,5,Kobold,"Oh, Ryan."
d296154ff317814a,L07 Ryan,Ryan_3_required,6,Ryan,C'est pas grave. Il le fallait. Elle ne me rendait pas heureux.
8a2e2803c1bc2ea7,L07 Ryan,Ryan_3_required,7,Ryan,Et je ne la rendais pas heureuse non plus.
d9e1edc2e966ec26,L07 Ryan,Ryan_3_required,8,Ryan,Mais aucune justification ne rend ça agréable.
769c31039308d04d,L07 Ryan,Ryan_3_required,9,Kobold,Je suis content que tu aies pu faire le choix qui était le meilleur pour toi.
460c50191c964260,L07 Ryan,Ryan_3_required,10,Kobold,Ce n'est jamais facile de mettre fin à quelque chose.
8825be71018f7f88,L07 Ryan,Ryan_3_required,11,Ryan,"Ouais. Au moins, ça m'a permis de te rencontrer."
3e43d550d0572c10,L07 Ryan,Ryan_3_required,12,Ryan,Ouais... C'est vraiment pas facile.
8948d011be56c311,L07 Ryan,Ryan_3_required,13,Ryan,"Mais au moins, ça m'a permis de te rencontrer !"
e484863d425a58e8,L07 Ryan,Ryan_3_required,14,Kobold,"Merci, Ryan. Je suis content de t'avoir rencontré aussi"
1af4464c602a423a,L07 Ryan,Ryan_3_required,15,Kobold/Conrad,"Oh, merci."
e39173e934f56c78,L07 Ryan,Ryan_3_required,16,Ryan,Ces lavages rendent vraiment les choses plus faciles.
94f45fc9f39121cd,L07 Ryan,Ryan_3_required,17,Ryan,"Et en plus, c'est vraiment agréable."
# --- outro: Ryan_3_Outro ---
01e6332ab274c6d3,L07 Ryan,Ryan_3_Outro,1,Ryan,Je crois bien que c'était tout.
26fef1581467462d,L07 Ryan,Ryan_3_Outro,2,Ryan,Merci. Tu rends tout ça beaucoup plus facile à traverser.
021d801f68652852,L07 Ryan,Ryan_3_Outro,3,Kobold,"Tu es toujours le bienvenu ici, Ryan."
dc18b85912d460dd,L07 Ryan,Ryan_3_Outro,4,Kobold,Tu es l'un de mes clients préférés !
7ee443bc5e93fadb,L07 Ryan,Ryan_3_Outro,5,Ryan,Tu me fais toujours sentir le bienvenu.
c851929ab3cd9537,L07 Ryan,Ryan_3_Outro,6,Ryan,Oh... Merci. C'est bizarre si je te considère comme...
e0464d0955af808a,L07 Ryan,Ryan_3_Outro,7,Ryan,Un très bon ami ?
674d9f74349966ca,L07 Ryan,Ryan_3_Outro,8,Kobold,"<size=70%><i>oah-</i> non, c'est vraiment cool en fait."
e2c8744d410cb6f6,L07 Ryan,Ryan_3_Outro,9,Kobold,Je te considère comme un bon ami aussi
29fee2ec355f7967,L07 Ryan,Ryan_3_Outro,10,Ryan,Oh... Tant mieux !
51200db7892ee7e1,L07 Ryan,Ryan_3_Outro,11,Ryan,Ohh... merci.
91c56a4e9213a4b0,L07 Ryan,Ryan_3_Outro,12,Ryan,Bon. Je devrais sans doute te lâcher les écailles.
523791f6550c3508,L07 Ryan,Ryan_3_Outro,13,Ryan,"Je reviendrai, hein ?"
667cadad21e120f0,L07 Ryan,Ryan_3_Outro,14,Kobold,D'accord ! Je vais t'ouvrir le portail.
18f0197237db4a52,L07 Ryan,Ryan_3_Outro,15,Kobold,J'ai hâte de te revoir
952d54adb781ab58,L07 Ryan,Ryan_3_Outro,16,Ryan,Merci. À bientôt.

# ===== Level 8: Conrad (Sunny) | sets DeliveredMountFrame =====
# --- intro: Conrad_Intro_3 ---
c2ce80cda53b3e12,L08 Conrad,Conrad_Intro_3,1,Conrad,"Salut, gros chien."
ef92f8b9796dcaad,L08 Conrad,Conrad_Intro_3,2,Kobold,Je suis un... kobold.
3faf8798d815fbcc,L08 Conrad,Conrad_Intro_3,3,Kobold,"Salut, Conrad."
fe810d1ef6bbca3f,L08 Conrad,Conrad_Intro_3,4,Conrad,Euh... Ouais.
fe59e121f203b436,L08 Conrad,Conrad_Intro_3,5,Conrad,Hé hé. Ouais. C'est moi.
a911f2d8e77038c7,L08 Conrad,Conrad_Intro_3,6,Conrad,"On dirait que t'as reçu une livraison, hein ?"
403e617f71fdbd7d,L08 Conrad,Conrad_Intro_3,7,Conrad,Y avait quoi dans ces caisses ouvertes ?
2fa26a557574f06d,L08 Conrad,Conrad_Intro_3,8,Kobold,J'ai un chevalet.
ba689238087b547e,L08 Conrad,Conrad_Intro_3,9,Kobold,C'est le chevalet que tu m'as demandé.
a1d3f8d9c7e16f54,L08 Conrad,Conrad_Intro_3,10,Conrad,<size=160%>PUTAIN OUAIS !
24f5fb4981989960,L08 Conrad,Conrad_Intro_3,11,Conrad,<size=100%>Je veux dire... Cool.
086c8ec178979d9b,L08 Conrad,Conrad_Intro_3,12,Conrad,"Allez, laisse-moi entrer ! Je veux essayer ce truc !"
8b742c36f3da7059,L08 Conrad,Conrad_Intro_3,13,Kobold,D'accord...
3a1b28ba58f06ac8,L08 Conrad,Conrad_Intro_3,14,Kobold,Je vais ouvrir le portail.
c2ac4efff25192d6,L08 Conrad,Conrad_Intro_3,15,Conrad,Le dis pas... sur ce ton-là.
faa0b4a641d866a4,L08 Conrad,Conrad_Intro_3,17,Conrad,C'est parti~ !
f030a371b944e9be,L08 Conrad,Conrad_Intro_3,18,Conrad/Ryan,Et comment !
# --- phone: Conrad_3_PhoneTutorial ---
eb8e96751da9e008,L08 Conrad,Conrad_3_PhoneTutorial,1,Phone,Nous avons bien reçu votre demande de chevalet !
4369749a5a3394e9,L08 Conrad,Conrad_3_PhoneTutorial,2,Kobold,Hein... ?
339397c0d1c1f21f,L08 Conrad,Conrad_3_PhoneTutorial,3,Phone,"Il est arrivé ce matin, il devrait se trouver près du portail."
f1968abec4612ffb,L08 Conrad,Conrad_3_PhoneTutorial,4,Phone,"Utilisez le pied-de-biche pour l'ouvrir et rangez-le dans la réserve, voulez-vous ?"
435c7e974ca94c84,L08 Conrad,Conrad_3_PhoneTutorial,6,Phone,Merveilleux. Bonne journée <i>productive</i>.
# --- idle: Conrad_idle_3_1 ---
37950c8a8db90865,L08 Conrad,Conrad_idle_3_1,1,Conrad,"Si tu m'installes le chevalet, je vais m'y mettre."
8f224115163c0dbe,L08 Conrad,Conrad_idle_3_1,2,Conrad,"Hé, mets tes mains sur ma queue... ça fait du bien !"
785bfdcdb6a67739,L08 Conrad,Conrad_idle_3_1,3,Conrad,"Alors euh, tu veux bien ouvrir le portail ?"
# --- idle: Conrad_idle_3_2 ---
c1dc3477631255b7,L08 Conrad,Conrad_idle_3_2,1,Conrad,J'aime bien le chevalet que t'as choisi. Tu veux bien aller le chercher ?
4557c47a615d9810,L08 Conrad,Conrad_idle_3_2,2,Conrad,Aloooors. Tu vas me branler ?
7e079188b55eb03d,L08 Conrad,Conrad_idle_3_2,3,Conrad,Merci pour ça. Ça faisait vachement du bien.
# --- jerkoff: Conrad_started_jerkoff_3 ---
ccd88381d07a0b21,L08 Conrad,Conrad_started_jerkoff_3,1,Conrad,"Ah ouais, c'est ça... continue comme ça."
# --- cum: Conrad_finished_jerkoff_3 ---
10069c101bcc95c1,L08 Conrad,Conrad_finished_jerkoff_3,1,Conrad,... !
82d37703a9140210,L08 Conrad,Conrad_finished_jerkoff_3,2,Conrad,"Putain, tu sais te servir de tes mains."
95be71f702fae4a6,L08 Conrad,Conrad_finished_jerkoff_3,5,Kobold,Hah... <size=70%> ouais.
b60c2f975eedb833,L08 Conrad,Conrad_finished_jerkoff_3,6,Kobold,Bien sûr que oui. Je suis un <i>professionnel</i>.
f9e0d3cba1f3548e,L08 Conrad,Conrad_finished_jerkoff_3,7,Conrad,C'est toujours bien quand un kobold sait ce qu'il aime.
0eb2a1e25a35e85e,L08 Conrad,Conrad_finished_jerkoff_3,8,Conrad,Moi aussi.
83d081eadc40b86b,L08 Conrad,Conrad_finished_jerkoff_3,10,Conrad,Pour me faire branler.
# --- cum: Conrad_Outro_3 | if $conrad_jerked_off_3 $conrad_used_mount_3 ---
6f64e0cc9b162541,L08 Conrad,Conrad_Outro_3,1,Conrad,"Hé, alors. Je me disais"
dd5acacdb6c59489,L08 Conrad,Conrad_Outro_3,2,Conrad,Ça peut paraître un peu bizarre de demander ça maintenant. Maaaais.
7f39f874a107d858,L08 Conrad,Conrad_Outro_3,3,Conrad,"Tu connais des endroits sympas, des gens, avec qui je pourrais traîner ?"
df48dbfe82678dea,L08 Conrad,Conrad_Outro_3,4,Kobold,"<gradient=""gold""><b> Je connais un dragon, Ryan. Je pourrais vous mettre en contact ? </b></gradient><size=70%>(Débloque Conrad/Ryan ensemble OU la romance avec Ryan)"
7b870878852ee72d,L08 Conrad,Conrad_Outro_3,5,Kobold,"<gradient=""gold""><b> Ça me dirait bien de traîner avec toi... </b></gradient><size=70%> (Débloque la romance avec Conrad)"
ac6820f366b18b44,L08 Conrad,Conrad_Outro_3,6,Conrad,"Un autre dragon ? D'habitude, je m'entends pas trop..."
de6f58682bdaacf9,L08 Conrad,Conrad_Outro_3,7,Kobold,"Oh, non. Ryan est un amour."
d4185d9f80a34228,L08 Conrad,Conrad_Outro_3,8,Kobold,"T'inquiète, il est vraiment gentil."
9df619228ba627fc,L08 Conrad,Conrad_Outro_3,9,Conrad,D'accord. Alors je crois que j'aimerais essayer.
d88679eede302f8e,L08 Conrad,Conrad_Outro_3,10,Kobold,Je lui demanderai la prochaine fois que je le vois.
7984d45df6290f6c,L08 Conrad,Conrad_Outro_3,11,Kobold,Je pense qu'il aimerait le nouveau toi !
bf35fcb679c816dd,L08 Conrad,Conrad_Outro_3,12,Conrad,Merci. Ça me ferait vraiment plaisir
d32db8ee98680d0f,L08 Conrad,Conrad_Outro_3,13,Conrad,J'espère. J'ai vraiment envie de repartir de zéro avec quelqu'un.
8623a4b26a9521d8,L08 Conrad,Conrad_Outro_3,14,Conrad,"Faut sans doute que j'y aille, par contre."
30dcd5391100eeba,L08 Conrad,Conrad_Outro_3,15,Conrad,Merci pour la suggestion !
f1ad7345d30997b4,L08 Conrad,Conrad_Outro_3,16,Kobold,Pas besoin de me remercier. Je vais ouvrir le portail.
404cba15a4acdcfe,L08 Conrad,Conrad_Outro_3,17,Kobold,Bien sûr.
8bf9f7d2ecce0105,L08 Conrad,Conrad_Outro_3,18,Conrad,Ooooh.
8929fe2569ae7455,L08 Conrad,Conrad_Outro_3,19,Conrad,Je crois que ça me plairait !
2358a2257260501f,L08 Conrad,Conrad_Outro_3,20,Conrad,T'es plutôt canon.
c650e0aadadba99c,L08 Conrad,Conrad_Outro_3,21,Conrad,...et gentil.
296f2ab03f8676ef,L08 Conrad,Conrad_Outro_3,23,Kobold,Je te trouve spécial aussi.
17cf3cc7179b6817,L08 Conrad,Conrad_Outro_3,24,Conrad,C'est... la première fois que tu yippes pour moi.
c2599750a4dd9247,L08 Conrad,Conrad_Outro_3,25,Kobold,"Ça veut dire que tu t'y prends bien, en kobold."
6f2ff920e860570d,L08 Conrad,Conrad_Outro_3,26,Conrad,Oh... hah. J'aime bien ça.
8b7bdfb88553e72f,L08 Conrad,Conrad_Outro_3,27,Conrad,Ça me fait plaisir d'entendre ça.
e8ae0da9edb0a314,L08 Conrad,Conrad_Outro_3,28,Conrad,"Alors. Ça te dirait, un rencard ?"
781cbcfcd7920f3f,L08 Conrad,Conrad_Outro_3,29,Kobold,Ça va vite... Mais je crois que oui !
5f9a2b795615ba6a,L08 Conrad,Conrad_Outro_3,30,Kobold,Oui.
508f3cf175389841,L08 Conrad,Conrad_Outro_3,31,Conrad,Je crois que j'aimerais essayer !
c282dd1133ff96d4,L08 Conrad,Conrad_Outro_3,32,Conrad,"D'accord ! Je reviendrai plus tard, alors."
bfc65061708379d6,L08 Conrad,Conrad_Outro_3,33,Kobold,"<size=70%><i> putain de merde, je viens de décrocher un rencard avec un dragon."
cf78ef26075ae223,L08 Conrad,Conrad_Outro_3,34,Kobold,Ouaip ! Je vais ouvrir le portail.
6b8aa4fb55221728,L08 Conrad,Conrad_Outro_3,35,Conrad,Hmm ?
c395eb5878798c08,L08 Conrad,Conrad_Outro_3,36,Kobold,Oh ! rien. Je vais ouvrir le portail.
102e28eb7d17c7dd,L08 Conrad,Conrad_Outro_3,37,Conrad,"Oh, d'accord. Merci."
ca518354e1f14735,L08 Conrad,Conrad_Outro_3,38,Conrad,"D'accord, merci."
# --- cum: Conrad_finished_jerkoff_3 ---
5dffcc40132f0ec4,L08 Conrad,Conrad_finished_jerkoff_3,11,Conrad,"Maintenant, je lorgne sur le chevalet..."
45c2b89acdcfd55d,L08 Conrad,Conrad_finished_jerkoff_3,12,Conrad,Laisse-moi l'essayer !
57725c300be82fa5,L08 Conrad,Conrad_finished_jerkoff_3,13,Kobold,"Oh, d'accord. Je vais le chercher."
1976e7477a26b680,L08 Conrad,Conrad_finished_jerkoff_3,14,Kobold/Ryan,Bien sûr !
9e50b8e48f012f1f,L08 Conrad,Conrad_finished_jerkoff_3,15,Conrad,Putain ouais
# --- mount_start: Conrad_placed_mount_3 ---
b9778eb1fe076168,L08 Conrad,Conrad_placed_mount_3,1,Conrad,"Hah ! Le voilà, le chevalet !"
86b1b615d536c6c9,L08 Conrad,Conrad_placed_mount_3,2,Conrad,"Alo<size=90%>o<size=80%>o<size=70%>o<size=60%>ors... <size=100%>J'suis pas sale. Mais j'suis <i>~cochon~</i>, tu vois ?"
449244744c8bbd8a,L08 Conrad,Conrad_placed_mount_3,3,Kobold,Alors tu es venu juste pour...
f8c28806b84cad3d,L08 Conrad,Conrad_placed_mount_3,4,Kobold,Ouais. Il n'était pas trop cher.
cd4ecc87775c0780,L08 Conrad,Conrad_placed_mount_3,5,Conrad,"Baiser un truc et puis me faire branler, si possible."
01e3f480dfe7930d,L08 Conrad,Conrad_placed_mount_3,6,Conrad,Me faire branler et baiser ce chevalet.
7f9240260973e0ce,L08 Conrad,Conrad_placed_mount_3,7,Kobold,Tu es... très direct.
e0b48878cb57c01f,L08 Conrad,Conrad_placed_mount_3,8,Conrad,Bien sûr que je le suis ! Je sais que je suis très...
1bd882b6a6343777,L08 Conrad,Conrad_placed_mount_3,9,Conrad,Cool.
557321787688acff,L08 Conrad,Conrad_placed_mount_3,11,Conrad,"Bref. Je vais me servir de ce truc, maintenant !"
78e9c032e409d82d,L08 Conrad,Conrad_placed_mount_3,12,Conrad,"Hah, bien. Allons étrenner ce truc !"
# --- mount_finish: Conrad_finished_mount_3 ---
81b18a3cc2f69ea7,L08 Conrad,Conrad_finished_mount_3,1,Conrad,Bon sang.
748b06c5c3f0552b,L08 Conrad,Conrad_finished_mount_3,2,Conrad,Ça.
e92da2c203110197,L08 Conrad,Conrad_finished_mount_3,3,Conrad,Ça faisait <i>du bien</i>.
bcd00a8f7b94c7f1,L08 Conrad,Conrad_finished_mount_3,4,Kobold,Tu y allais vraiment à fond.
67d7d2492d388d84,L08 Conrad,Conrad_finished_mount_3,5,Kobold,Tu avais l'air de bien t'amuser.
65e7a40050eb4acf,L08 Conrad,Conrad_finished_mount_3,6,Conrad,Toujours~
5c9126f1405a306c,L08 Conrad,Conrad_finished_mount_3,7,Conrad,"Putain ouais, carrément !"
d45c21a765584d3b,L08 Conrad,Conrad_finished_mount_3,8,Kobold,Tant mieux... Et maintenant ?
ae7bb31b012d1f51,L08 Conrad,Conrad_finished_mount_3,9,Conrad,"Maintenant, deuxième round !"
18b0b44df315e792,L08 Conrad,Conrad_finished_mount_3,10,Kobold,Encore... ?
f395d053e5dcf326,L08 Conrad,Conrad_finished_mount_3,11,Conrad,"Non non, t'es un laveur certifié, ouais ?"
5117686f8d936e47,L08 Conrad,Conrad_finished_mount_3,12,Conrad,Ça veut dire que tu sais mettre les mains à la pâte !
a441237f7aea8d53,L08 Conrad,Conrad_finished_mount_3,13,Kobold,oah. <size=70%>d'accord.
d2e773775c5bf598,L08 Conrad,Conrad_finished_mount_3,14,Kobold,Bien. Je m'y mets.
d126a37255fb8144,L08 Conrad,Conrad_finished_mount_3,15,Conrad,Hah. Ouais. <size=70%><i>C'est cool qu'on apprenne à branler des dragons à l'école de lavage...
fba1924f5f79713e,L08 Conrad,Conrad_finished_mount_3,16,Conrad,"Bon, bonne chance pour faire le tour de tout ça avec tes mains."
# --- mount_finish: Conrad_OutroDirty ---
9b363afaa9dc8a5f,L08 Conrad,Conrad_OutroDirty,1,Conrad,Je suis encore tout sale !
44aa54eec876d22e,L08 Conrad,Conrad_OutroDirty,2,Kobold,"Oh, pardon"
85d8ae405abc5722,L08 Conrad,Conrad_OutroDirty,3,Kobold,Oups
# --- mount_finish: Conrad_OutroSoapy ---
d7bb84bfc322967e,L08 Conrad,Conrad_OutroSoapy,1,Conrad,Je suis encore plein de savon !
# --- mount_finish: ErrorHasOccurred ---
9241fa9324783298,L08 Conrad,ErrorHasOccurred,1,ErrorHasOccurred,"Oh mrede, quelque chose a mal tourné"
fbc99d34c317d087,L08 Conrad,ErrorHasOccurred,2,ErrorHasOccurred,"si vous voyez ceci, merci d'aller chercher nael ou de signaler le bug"
be7e08152c8d1556,L08 Conrad,ErrorHasOccurred,3,ErrorHasOccurred,désolé !
# --- mount_finish: Conrad_Outro | if $conrad_jerked_off_3 $conrad_used_mount_3 ---
c571db95fc1e4f78,L08 Conrad,Conrad_Outro,4,Conrad,"Ahh, tout propre et délesté d'un bon coup."
e374c1b3adfa0cf8,L08 Conrad,Conrad_Outro,5,Conrad,"Merci mon pote, à demain alors."

# ===== Level 9: Alexander (Sunny) =====
# --- intro: Alexander_3_intro ---
36cd0d2b83086eeb,L09 Alexander,Alexander_3_intro,1,Alexander/Conrad,Bonjour.
bc15783521246457,L09 Alexander,Alexander_3_intro,2,Kobold/Alexander,Alexander !
3cbf350078abb1bf,L09 Alexander,Alexander_3_intro,3,Kobold,"Hé, bon retour !"
516ad83185e96dfb,L09 Alexander,Alexander_3_intro,4,Alexander,"Haha, oui. Ravi de vous voir."
f1d9c9797985d9a2,L09 Alexander,Alexander_3_intro,5,Alexander,Ravi d'être de retour.
9f59b5e841a0d2ad,L09 Alexander,Alexander_3_intro,6,Alexander,Il semblerait que je me sois couvert d'encre !
fda3c419d5174cb2,L09 Alexander,Alexander_3_intro,7,Alexander,"Vraiment terrible, n'est-ce pas ?"
b5d76009b084e709,L09 Alexander,Alexander_3_intro,8,Kobold,"Eh bien, c'est pour ça que je suis là !"
4f921c2b968fe884,L09 Alexander,Alexander_3_intro,9,Kobold,"Oh, waouh, tu en es vraiment couvert !"
256ae0739ddd2dbc,L09 Alexander,Alexander_3_intro,10,Alexander,En effet ! Vous êtes le seul kobold par qui je veuille désormais être lavé.
f114f26d23d53dc1,L09 Alexander,Alexander_3_intro,11,Kobold,"Oh, merci, Alexander."
1f01b93ae3777189,L09 Alexander,Alexander_3_intro,12,Kobold,Et tes laveurs privés ?
92b7fef7172975fa,L09 Alexander,Alexander_3_intro,13,Alexander,Bien sûr ! Vous tenez un bel établissement.
df2a4df0381808af,L09 Alexander,Alexander_3_intro,14,Alexander,Ne vous en faites pas. Le syndicat des laveurs est... plus puissant que moi.
1bdc19a56262fbc5,L09 Alexander,Alexander_3_intro,15,Alexander,<size=70%>Ils sont toujours sur ma feuille de paie.
b0134babb7e75550,L09 Alexander,Alexander_3_intro,16,Alexander,Une fort bonne excuse pour voir mon kobold préféré.
7d926d6395419270,L09 Alexander,Alexander_3_intro,17,Kobold,Oh... Merci !
6ad0fe6dcc2efa30,L09 Alexander,Alexander_3_intro,19,Alexander,"Bien sûr, vous tenez un bel établissement."
f38b3b8fcf6bf031,L09 Alexander,Alexander_3_intro,20,Alexander,Quoi ? Un compliment sincère n'a jamais fait de mal à personne !
350955b9410d95a5,L09 Alexander,Alexander_3_intro,21,Kobold,Je ne t'aurais jamais cru du genre à te salir autant !
3cf6fd8e7e50386c,L09 Alexander,Alexander_3_intro,22,Kobold,Comment ça se fait que tu sois couvert d'encre ?
5d2cee363540fc7a,L09 Alexander,Alexander_3_intro,23,Alexander,Je... hm.
26b3089f5ee4a463,L09 Alexander,Alexander_3_intro,24,Alexander,Je <i>crois </i> que j'ai dû renverser un encrier <i>en venant ici</i>. Bien maladroit de ma part !
7f1cf0605a577a0a,L09 Alexander,Alexander_3_intro,25,Kobold,"« crois », « en venant ici » ? Alors tu n'étais pas couvert d'encre avant..."
b356a126e4318643,L09 Alexander,Alexander_3_intro,26,Alexander/Kobold/Ryan,Oh.
cd5592e5e3140daa,L09 Alexander,Alexander_3_intro,27,Alexander,Certes.
2a0200c46ee1b662,L09 Alexander,Alexander_3_intro,29,Alexander,"À dire vrai, je me suis sali pour venir ici."
b4d680dde83d7847,L09 Alexander,Alexander_3_intro,30,Kobold,Ohhh. Tu n'as pas besoin d'être couvert d'encre pour passer dire bonjour !
42d72aa4b0b39750,L09 Alexander,Alexander_3_intro,31,Kobold,Oh ! Alors je ferais mieux de te laisser entrer. Je vais ouvrir le portail.
9eb8cd756595cf24,L09 Alexander,Alexander_3_intro,32,Alexander,Vraiment ?
5f9846717183dcc1,L09 Alexander,Alexander_3_intro,33,Alexander,Je m'en souviendrai. J'ai l'habitude que les choses soient transactionnelles.
2ea5b920a0a9a519,L09 Alexander,Alexander_3_intro,34,Kobold,Je suis toujours content de te voir. Je vais t'ouvrir le portail.
# --- progress: Alexander_3_required ---
a59f7f35644dcdbb,L09 Alexander,Alexander_3_required,1,Alexander,Le professeur Igwyx... Mon collègue qui s'est immolé l'autre jour.
10b4110dad07d576,L09 Alexander,Alexander_3_required,2,Alexander,Il a déjà repris le travail. Merci pour votre aide dans toute cette affaire.
b8baebdff88a847f,L09 Alexander,Alexander_3_required,3,Kobold,"Ouais, ça faisait peur au début."
a2aff5b173ae96bb,L09 Alexander,Alexander_3_required,4,Kobold,"Oh, tant mieux. Je suis content qu'il aille bien."
4b29556a255aea95,L09 Alexander,Alexander_3_required,5,Alexander,"Heureusement, la mort par combustion spontanée est un concept que nous avons largement endigué dans le monde moderne."
ababfd6e7703460e,L09 Alexander,Alexander_3_required,6,Alexander,En effet. Je suis ravi que vous ayez pu aider.
69f278cd5a2eb111,L09 Alexander,Alexander_3_required,7,Alexander,...C'est étrange de pouvoir parler aussi librement avec quelqu'un.
6221337862dcba2c,L09 Alexander,Alexander_3_required,8,Alexander,J'ai le sentiment de pouvoir tout vous dire.
cecec36c55a564ee,L09 Alexander,Alexander_3_required,9,Kobold,Tout ?
7dbde0758389bd7b,L09 Alexander,Alexander_3_required,11,Alexander,Oui. C'est vivifiant d'être aussi franc.
9bc918ab274337a8,L09 Alexander,Alexander_3_required,12,Alexander,"D'une certaine façon, cela semble plus honnête que tout ce que disent les autres."
35af415ffcb7f757,L09 Alexander,Alexander_3_required,13,Alexander,Dites-moi...
c66fb72552f1fa4c,L09 Alexander,Alexander_3_required,14,Alexander,J'ai une question.
bbff7b98d6da7061,L09 Alexander,Alexander_3_required,15,Kobold,Laquelle ?
834032dfb827138e,L09 Alexander,Alexander_3_required,16,Kobold,Qu'est-ce qu'il y a ?
71291e2e0c7ce300,L09 Alexander,Alexander_3_required,17,Alexander,Pourriez-vous <i>me</i> poser une question ?
c8ac7dce03b1b9b7,L09 Alexander,Alexander_3_required,18,Kobold,Comment ça ?
10f232e68c0c0443,L09 Alexander,Alexander_3_required,19,Kobold,Quel genre de question ?
5956cbc43e2c8c2b,L09 Alexander,Alexander_3_required,20,Alexander,Je souhaite simplement que vous me posiez une question. N'importe laquelle.
7bf3b1fff483809e,L09 Alexander,Alexander_3_required,21,Alexander,N'importe quoi. Simple curiosité.
# --- progress: Alexander_questions ---
9da08a79c3f86ee0,L09 Alexander,Alexander_questions,1,Kobold,"C'est comment, d'enseigner ?"
337d9f85511815eb,L09 Alexander,Alexander_questions,2,Kobold/Alexander,Vous aimez le violet ?
70523c9a506d9676,L09 Alexander,Alexander_questions,3,Kobold,Tu aimes être grand ?
3fbd83d375d6fa05,L09 Alexander,Alexander_questions,4,Kobold,Quel goût a le chiffre 7 ?
767b6d6bdc5b806a,L09 Alexander,Alexander_questions,5,Kobold,Qu'est-ce que tu penses de moi ?
8ed9fdad93b0f690,L09 Alexander,Alexander_questions,6,Kobold,Es-tu heureux ?
e5263ec7185a5166,L09 Alexander,Alexander_questions,7,Kobold,Ton blason est cool. C'est quoi ?
bc116106c2929c42,L09 Alexander,Alexander_questions,8,Kobold,C'est tout ce que je veux demander.
a04d5511812a415b,L09 Alexander,Alexander_questions,9,Alexander,C'est mon rêve.
6861f7c274e3de2c,L09 Alexander,Alexander_questions,10,Alexander,"J'aime faire partie de la vie de tant de personnes, de façon positive."
8743d170a315e668,L09 Alexander,Alexander_questions,11,Alexander,...C'est intimidant de savoir à quel point ils m'admirent.
7aebce70febcfb8c,L09 Alexander,Alexander_questions,12,Alexander,Et pas seulement physiquement.
0ad864ff0c0b3f21,L09 Alexander,Alexander_questions,13,Kobold,Quels genres de cours tu donnes ?
24244e96851180ca,L09 Alexander,Alexander_questions,14,Kobold,Tu montres le bon exemple.
f58328ac8301872f,L09 Alexander,Alexander_questions,15,Alexander,"Principalement l'alchimie. À l'occasion, l'histoire du monde."
771e997edf959694,L09 Alexander,Alexander_questions,16,Alexander,J'essaie aussi de me mettre aux sciences sociales.
9986ef8860d34d9e,L09 Alexander,Alexander_questions,17,Alexander,C'est bien ce qui est terrifiant.
e947bbc260ec1dad,L09 Alexander,Alexander_questions,18,Alexander,J'apprécie de ne pas craindre l'échec en votre présence.
818a4fe04a76ce19,L09 Alexander,Alexander_questions,19,Alexander,Vous demandez cela parce que je suis lavande ?
54a1b0b8e5f6fa32,L09 Alexander,Alexander_questions,20,Kobold,Ouais.
046427d028c69e4b,L09 Alexander,Alexander_questions,21,Kobold,Nan.
b849ed1e855cd6f5,L09 Alexander,Alexander_questions,22,Alexander,"Eh bien, j'apprécie effectivement cette couleur. Mais je crois que cela n'a rien à voir avec ma teinte."
bbb1e1b8cec716b3,L09 Alexander,Alexander_questions,23,Alexander,J'apprécie effectivement cette couleur. Bien que je croie que cela n'a rien à voir avec ma propre teinte.
525ba3c4a2511183,L09 Alexander,Alexander_questions,27,Alexander,Oh. tant mieux.
3885f7429496059d,L09 Alexander,Alexander_questions,29,Alexander,Oh. D'accord.
8133434681c5d0c2,L09 Alexander,Alexander_questions,31,Alexander,Voilà une question délicate.
a3e6072e41a2ff07,L09 Alexander,Alexander_questions,32,Alexander,J'en apprécie certains aspects. Le respect est plaisant...
b1ca0efdea534b71,L09 Alexander,Alexander_questions,33,Alexander,"Cependant, ce respect s'accompagne de l'attente que j'agisse comme j'en ai l'air. C'est incroyablement stressant."
186edb7d24ea9459,L09 Alexander,Alexander_questions,34,Kobold,Tu peux te comporter comme tu veux avec moi.
1a6be1fd03e5ae6f,L09 Alexander,Alexander_questions,35,Kobold,Je t'aime bien pour ce que tu es.
08063aff652b7108,L09 Alexander,Alexander_questions,36,Alexander,C'est fort gentil de votre part.
4f9390dd28090827,L09 Alexander,Alexander_questions,37,Alexander,Je veux être plus ouvert. Cela fait du bien.
b38834ce4594ad5c,L09 Alexander,Alexander_questions,38,Alexander,Citron vert jaune.
5f6bb166b079c336,L09 Alexander,Alexander_questions,39,Kobold,Pas possible.
aac4af2b645cf88e,L09 Alexander,Alexander_questions,40,Kobold,Genre... un citron ?
0ee250681eda1a08,L09 Alexander,Alexander_questions,41,Alexander,"« Si, possible. » Il n'est rien dont je sois plus certain."
b83a1658171971d7,L09 Alexander,Alexander_questions,42,Alexander,Non. Un citron vert qui est jaune.
a87e0094e62cb429,L09 Alexander,Alexander_questions,43,Kobold,"C'est toi le professeur, ici. Tu dois avoir raison."
e154199e27c1d4a3,L09 Alexander,Alexander_questions,45,Alexander,C'est un sophisme par appel à l'autorité. Mais oui. J'ai raison.
0c137b35abd3f637,L09 Alexander,Alexander_questions,47,Alexander,Vous êtes...
d4efe0db738b52b5,L09 Alexander,Alexander_questions,48,Alexander,Une anomalie.
55c3e5daec20a64d,L09 Alexander,Alexander_questions,49,Kobold,Hein ?
2c291db1ddbe2b9d,L09 Alexander,Alexander_questions,50,Kobold,C'est une bonne chose... ?
df2bc10ba434d57e,L09 Alexander,Alexander_questions,51,Alexander,Au sens où vous êtes unique.
019d328b739d99e6,L09 Alexander,Alexander_questions,52,Kobold,Dans le bon sens ?
c2667b3b3dc54c1a,L09 Alexander,Alexander_questions,53,Kobold,Dans le mauvais sens ?
4f9b4a3cd9b0261a,L09 Alexander,Alexander_questions,54,Alexander,Bien sûr ! Vous êtes merveilleux.
ebb1884c75b23e27,L09 Alexander,Alexander_questions,55,Alexander,Par les étoiles ! Non non. Vous êtes formidable.
3b2c32e616b24822,L09 Alexander,Alexander_questions,56,Alexander,En effet. Votre compagnie est un vrai plaisir.
7e6a62b6d8659273,L09 Alexander,Alexander_questions,57,Alexander,Vous êtes la première personne que je rencontre dont la seule attente est que je sois...
c48241cd21bb0d91,L09 Alexander,Alexander_questions,58,Alexander,Moi.
5a4d28241178ab01,L09 Alexander,Alexander_questions,59,Alexander,Je le suis.
216bb6e650af4cfc,L09 Alexander,Alexander_questions,60,Alexander,Je crois que c'est en partie grâce à vous.
91ff270d6aaba6a4,L09 Alexander,Alexander_questions,61,Kobold,Mais je suis seulement ton laveur ?
f06f453ab3d6251f,L09 Alexander,Alexander_questions,62,Kobold,C'est très gentil.
8c2bdfa25fbde4ed,L09 Alexander,Alexander_questions,63,Alexander,"Je sais. Mais pouvoir s'ouvrir à quelqu'un, même occasionnellement..."
61639ef55caefda4,L09 Alexander,Alexander_questions,64,Alexander,Cela fait des merveilles.
22c1ab2eb72e5b44,L09 Alexander,Alexander_questions,66,Alexander,"Pouvoir s'ouvrir à quelqu'un, même occasionnellement..."
439d8da114ab9162,L09 Alexander,Alexander_questions,68,Alexander,Merci pour cela.
33d3f6495bad4d3c,L09 Alexander,Alexander_questions,69,Alexander,"Oh, le blason autour de ma tête ?"
91d69b4f1f9739cb,L09 Alexander,Alexander_questions,70,Alexander,Beaucoup pensent qu'il fait partie de mon corps.
dd0f2ff5e303f61a,L09 Alexander,Alexander_questions,71,Alexander,"Pourtant, il est ornemental ! Le blason de ma famille. Voyez-vous..."
7271f9e9b21e5401,L09 Alexander,Alexander_questions,72,Alexander,"L'histoire des dragons est complexe. Les blasons ornementaux <size=85%> sont souvent <size=70%> portés par les dragons pour <size=55%>indiquer la famille à laquelle ils appartiennent ! <size=40%> C'est une marque intéressante de leur héritage culturel <size=35%> et familial. Je me suis souvent demandé si je devais continuer à porter le mien. <size=20%> Mais les liens culturels et familiaux sont considérés comme importants dans les traditions des dragons ! je dois donc m'y conformer. <size=10%> L'eau. La terre. Le feu. L'air. Il y a longtemps, les quatre nations vivaient en harmonie. Puis tout a changé quand la Nation du Feu a attaqué."
0006b6926947b91b,L09 Alexander,Alexander_questions,74,Kobold,Tu peux répéter ?
b6d573339ec0b66b,L09 Alexander,Alexander_questions,75,Alexander,"Ah, pardon, ces sujets me passionnent."
9909f3ea3dffb93e,L09 Alexander,Alexander_questions,76,Alexander,Je suis ravi que mon blason vous plaise.
e5bccc3a053371ce,L09 Alexander,Alexander_questions,77,Alexander,...Non
# --- progress: Alexander_3_required_end | if $has_asked_question ---
c225b2626bb24d2c,L09 Alexander,Alexander_3_required_end,1,Alexander,Merci d'avoir demandé. Il est agréable qu'on vous pose des questions personnelles.
# --- jerkoff: Alexander_3_JerkOff_Start ---
8342e51e14980481,L09 Alexander,Alexander_3_JerkOff_Start,1,Alexander,Oh mon... Je ne m'attendais pas à ce que vous soyez si... entreprenant
ce664ef00487ef78,L09 Alexander,Alexander_3_JerkOff_Start,2,Alexander,<size=70%><i>n'hésitez pas à continuer...</i>
# --- cum: Alexander_3_Cum ---
85503a54fcc74839,L09 Alexander,Alexander_3_Cum,1,Alexander,Uunf. C-c'était... plutôt indigne.
afa89c59eece65b9,L09 Alexander,Alexander_3_Cum,2,Alexander,<size=70%><i>mais c'était agréable... Merci.
# --- outro: Alexander_3_Outro ---
d96b34ffac75e750,L09 Alexander,Alexander_3_Outro,1,Alexander,Je suis <i>impeccable</i>.
6dae153117be9e8a,L09 Alexander,Alexander_3_Outro,2,Kobold,Je ne rate jamais un recoin.
941f66ab23bc1b9b,L09 Alexander,Alexander_3_Outro,4,Alexander,"J'en suis bien conscient. Un nettoyage en profondeur, ça se sent !"
4598878b44333749,L09 Alexander,Alexander_3_Outro,5,Alexander,Voilà ce que j'aime entendre.
7ea92f17440d2fae,L09 Alexander,Alexander_3_Outro,6,Alexander,Je reviendrai. C'est agréable de vous avoir comme ami.
7bbef8475c6cdff7,L09 Alexander,Alexander_3_Outro,7,Kobold,J'ai hâte de te revoir bientôt.
17d54d35bc089567,L09 Alexander,Alexander_3_Outro,8,Kobold,Je suis content que tu te sentes bien ici.

# ===== Level 10: Ryan (Sunny) | ends PicnicCompleted =====
# --- intro: Ryan_4_intro ---
379060351b7eda00,L10 Ryan,Ryan_4_intro,1,Ryan,<b><i><size=130%>As-tu suggéré Ryan à Conrad ?
8a798890fe938171,L10 Ryan,Ryan_4_intro,2,Kobold,oui
9390298f3fb0c5b1,L10 Ryan,Ryan_4_intro,3,Kobold,non
578f5563ae25f1ce,L10 Ryan,Ryan_4_intro,4,Kobold,Woah... Qu'est-ce que tu as dans la bouche ?
c03386d6c9efb92a,L10 Ryan,Ryan_4_intro,5,Kobold,"Hé Ryan, qu'est-ce que tu as là ?"
d85dcd17cab55fde,L10 Ryan,Ryan_4_intro,6,Ryan,Panier de pique-nique...
b9c2f8ae41c83ebe,L10 Ryan,Ryan_4_intro,7,Ryan,Peux pas bien parler.
696058e475fae76a,L10 Ryan,Ryan_4_intro,8,Ryan,tu me laisses entrer ?
1f843189eaccc2b6,L10 Ryan,Ryan_4_intro,9,Kobold,Oh ! D'accord. Je vais ouvrir le portail !
9cc8b0255238b35e,L10 Ryan,Ryan_4_intro,10,Kobold,"Bien, je t'ouvre ça tout de suite."
1facde273315d636,L10 Ryan,Ryan_4_intro,11,Ryan,Merfi !
# --- picnic: Ryan_egg_dialog | if $food_number ---
ff7696a47d0cd4ed,L10 Ryan,Ryan_egg_dialog,1,Kobold,ohmondieu je croyais que l'œuf était décoratif.
76dddaed85a8d844,L10 Ryan,Ryan_egg_dialog,2,Kobold,C'était quel genre d'œuf ?
9fe69182b150b8b1,L10 Ryan,Ryan_egg_dialog,3,Ryan,Hein ? bien sûr que non !
f5d2571561dba2b0,L10 Ryan,Ryan_egg_dialog,4,Ryan,OH. Tu n'as pas l'habitude de les manger entiers.
718beb6db0dae659,L10 Ryan,Ryan_egg_dialog,5,Ryan,C'est la meilleure façon de les manger !
c03f60d1d7bd67e5,L10 Ryan,Ryan_egg_dialog,6,Ryan,Euh...
4a7cf2bb1bd01e0b,L10 Ryan,Ryan_egg_dialog,7,Ryan,Bleu... ?
640cee0646ecb66c,L10 Ryan,Ryan_egg_dialog,8,Ryan,Je ne sais pas trop. Il était en promo chez WingCo.
f887a50c6f7d1edc,L10 Ryan,Ryan_egg_dialog,9,Ryan,Mais il était vraiment bon !
# --- picnic: ryan_food_dialogue ---
8b555a411ea346ec,L10 Ryan,ryan_food_dialogue,1,Ryan,Alors... Je pensais à mes relations.
03e1d33ec4a7f6e8,L10 Ryan,ryan_food_dialogue,2,Kobold,Comment ça ?
f1676448791feef6,L10 Ryan,ryan_food_dialogue,3,Ryan,"Genre, l'avenir de mes relations."
9d2e28c9ae2ed8b4,L10 Ryan,ryan_food_dialogue,4,Ryan,Je suis un peu excité.
91b32d6180935501,L10 Ryan,ryan_food_dialogue,5,Kobold,"Eh bien, tu es un sacré bon parti."
e5d632fba39e2f0f,L10 Ryan,ryan_food_dialogue,6,Kobold,Je suis content pour toi !
d228097b23b352e6,L10 Ryan,ryan_food_dialogue,7,Ryan,"Oh, toi. Tu vas me faire rougir."
d94d7310f7d31a45,L10 Ryan,ryan_food_dialogue,9,Ryan,J'ai vraiment hâte de rencontrer de nouvelles personnes.
1121175da09c0008,L10 Ryan,ryan_food_dialogue,10,Ryan,"Bon, encore à manger ?"
6ebac8131d5267ac,L10 Ryan,ryan_food_dialogue,11,Ryan,Hmm...
d2c7e6789d89f523,L10 Ryan,ryan_food_dialogue,13,Ryan,Je réfléchissais.
67c0ce6aff865e1c,L10 Ryan,ryan_food_dialogue,14,Ryan,C'est difficile de trouver des gens en dehors de ma bulle actuelle.
d7f23a9907b74860,L10 Ryan,ryan_food_dialogue,15,Ryan,"Genre, j'adore ceux qui m'entourent, mais il y a beaucoup de bagages là-dedans."
99daac47d7b305f6,L10 Ryan,ryan_food_dialogue,16,Ryan,Tu vois ?
1b4b607607b8c988,L10 Ryan,ryan_food_dialogue,17,Kobold,Ça se comprend.
dfcb7cbdb552d8f5,L10 Ryan,ryan_food_dialogue,18,Kobold,"Je comprends que tu ressentes ça après une rupture, ouais."
f574c59b56179de8,L10 Ryan,ryan_food_dialogue,19,Ryan,"Ouais, depuis la rupture, je cherche quelque chose de nouveau."
0febbd04cce87646,L10 Ryan,ryan_food_dialogue,20,Ryan,Peut-être quelqu'un ?
b7fca6004f2d5325,L10 Ryan,ryan_food_dialogue,22,Ryan,Ouais. C'est dur de démêler les groupes d'amis après un truc pareil.
8da113ef266e587f,L10 Ryan,ryan_food_dialogue,23,Ryan,Je suis prêt à le faire. Mais j'aimerais quelque chose de nouveau.
baf0df26ea4f2e81,L10 Ryan,ryan_food_dialogue,24,Ryan,Peut-être quelqu'un de nouveau...
03ccd297eb346729,L10 Ryan,ryan_food_dialogue,25,Ryan,...À propos de ce que j'ai dit tout à l'heure.
1032684d93c794bf,L10 Ryan,ryan_food_dialogue,26,Kobold,Oui ?
ace8c62e60ec2197,L10 Ryan,ryan_food_dialogue,27,Ryan,Tu connais quelqu'un à qui je pourrais parler ? Tu sais... de trucs de relations ?
0a7119cfe1246546,L10 Ryan,ryan_food_dialogue,28,Kobold,"<gradient=""gold""><b>Je connais un dragon rouge. Je pense qu'il te plairait ! </b></gradient><size=70%> (Met Ryan en couple avec Conrad !)"
4a3b65400e54f8ff,L10 Ryan,ryan_food_dialogue,29,Kobold,"<gradient=""gold""><b>Oh. Euh. <size=70%> Ça ne me dérangerait pas... d'être ce quelqu'un. </b></gradient><size=70%> (Verrouille la romance avec Ryan !)"
bb7a6be711206298,L10 Ryan,ryan_food_dialogue,30,Kobold,"<gradient=""gold""><b>Personne ne me vient à l'esprit, comme ça.</b></gradient><size=70%> (Verrouille la romance avec Conrad !)"
a6a744d6d60ec400,L10 Ryan,ryan_food_dialogue,31,Ryan/Alexander/Kobold,Oh ?
cbe8e4adc9ca52df,L10 Ryan,ryan_food_dialogue,32,Ryan,C'est qui ?
ca545deecbd9950d,L10 Ryan,ryan_food_dialogue,33,Kobold,C'est un drake rouge VRAIMENT mignon qui vient au lavage !
4a94ef80ae21582a,L10 Ryan,ryan_food_dialogue,34,Kobold,C'est un dragon rouge. Je pense que vous vous plairiez !
0ea02ee3f0c5673d,L10 Ryan,ryan_food_dialogue,35,Ryan,"Oh ! Je crois que je l'ai vu. Le tout petit, c'est ça ?"
58b69c47fed8b38f,L10 Ryan,ryan_food_dialogue,36,Kobold,Il préfère « verticalement défavorisé »... Mais oui.
3ae2d547c997ca01,L10 Ryan,ryan_food_dialogue,37,Kobold,Mhm ! il essaie de rencontrer de nouvelles personnes.
474246952e0d1e50,L10 Ryan,ryan_food_dialogue,38,Ryan,Oh...
ed2ece6040ec8b40,L10 Ryan,ryan_food_dialogue,39,Ryan,C'est vraiment mignon.
c0fb8d4f93270198,L10 Ryan,ryan_food_dialogue,40,Ryan,"Oh, merveilleux. On dirait qu'on se ressemble."
82767de7e3e22a4a,L10 Ryan,ryan_food_dialogue,41,Ryan,Je crois que j'aimerais le rencontrer !
b423c91f4f75add4,L10 Ryan,ryan_food_dialogue,42,Kobold,"Je vais vous mettre en contact, alors."
80c500f9c426d4cc,L10 Ryan,ryan_food_dialogue,43,Kobold,Je suis trop content. Je vais vous mettre en contact !
ec786c9a7656b0f9,L10 Ryan,ryan_food_dialogue,45,Ryan,"Moi aussi, merci !"
028dbc8d077c611f,L10 Ryan,ryan_food_dialogue,47,Ryan,<i>Oh...
ae590830c4c03fd1,L10 Ryan,ryan_food_dialogue,48,Ryan,"Je crois que j'aimerais bien que tu sois ce quelqu'un, toi aussi."
b4066b4e58df8005,L10 Ryan,ryan_food_dialogue,49,Kobold,Alors c'est comme... notre premier rencard ?
8c7e5a49ec8fd685,L10 Ryan,ryan_food_dialogue,50,Kobold,Pour être honnête. J'ai le béguin pour toi depuis un moment.
710ea0057247cb51,L10 Ryan,ryan_food_dialogue,51,Ryan,Je suppose que oui !
de4d091acdb6059c,L10 Ryan,ryan_food_dialogue,52,Ryan,"Vraiment ? Oh, c'est vraiment adorable."
35e3561cd36f36d6,L10 Ryan,ryan_food_dialogue,53,Ryan,"Je ne savais pas que quelqu'un pouvait m'apprécier autant, aussi facilement."
f05160456925af3f,L10 Ryan,ryan_food_dialogue,54,Ryan,"Tu es mignon, au fait."
a01d64fcb9d7d3a5,L10 Ryan,ryan_food_dialogue,55,Kobold,Ouais. <size=90%>Oh- <size=80%>tu sais. Je suis genre... <size=70%>Haha. Ouais. Mhm !
65691ff38c85e57c,L10 Ryan,ryan_food_dialogue,56,Kobold,Toi aussi !
d323e565ed8ea749,L10 Ryan,ryan_food_dialogue,57,Ryan,Je ne voulais pas te troubler !
145e6a2d848267cb,L10 Ryan,ryan_food_dialogue,58,Ryan,Je suis juste... Heureux.
0cc014df7d89d3e1,L10 Ryan,ryan_food_dialogue,59,Ryan,"Oh, merci. Si je suis si beau, c'est grâce à tes lavages !"
eea7bdf3ab3f251c,L10 Ryan,ryan_food_dialogue,60,Ryan,Je suis... Heureux.
d619413abc4a1de1,L10 Ryan,ryan_food_dialogue,61,Ryan,C'est pas grave !
c2acc8d962a0c936,L10 Ryan,ryan_food_dialogue,62,Ryan,"Et toi, alors ? Tu vois quelqu'un ?"
2374bdd10aea40ba,L10 Ryan,ryan_food_dialogue,63,Kobold,"Il y a ce dragon rouge, Conrad. Il est... soupe au lait, mais mignon."
58a5e5a5a9482e96,L10 Ryan,ryan_food_dialogue,64,Kobold,"Oui ! Conrad, il est adorable. Même s'il détesterait que je dise ça."
3d14bcafbc3f21c6,L10 Ryan,ryan_food_dialogue,65,Ryan,"Oh tiens, c'est le tout petit drake que j'ai vu entrer il y a un moment, c'est ça ?"
882d8b921688234c,L10 Ryan,ryan_food_dialogue,66,Kobold,Hé ! Il est juste... « verticalement défavorisé ».
1ce76f0141c9f53b,L10 Ryan,ryan_food_dialogue,67,Kobold,Mhm ! c'est lui.
eeedcdd5eaa13110,L10 Ryan,ryan_food_dialogue,68,Ryan,"Oh, pardon."
dcfc67b1e58c5a49,L10 Ryan,ryan_food_dialogue,69,Ryan,Il a l'air mignon !
94ff2c4b836f0aef,L10 Ryan,ryan_food_dialogue,70,Ryan,"C'est merveilleux, il est mignon !"
abe281ce74304803,L10 Ryan,ryan_food_dialogue,71,Ryan,"Hé euh, merci encore une fois."
9144d5ad20e5a9e8,L10 Ryan,ryan_food_dialogue,72,Kobold,Pas de problème ! J'ai hâte que tu rencontres Conrad.
e39b086d1bff71b1,L10 Ryan,ryan_food_dialogue,73,Kobold,"Non, merci à toi. Je suis... Vraiment excité."
1f50e1361eaeacbf,L10 Ryan,ryan_food_dialogue,74,Kobold,Bien sûr ! Merci pour le repas.
489184ee3c2573f9,L10 Ryan,ryan_food_dialogue,75,Ryan,"Hah, ouais. Il a l'air marrant."
28f3547a6af39629,L10 Ryan,ryan_food_dialogue,76,Ryan,"Je te raconterai comment ça se passe, promis ?"
fcd75c87b326482c,L10 Ryan,ryan_food_dialogue,77,Kobold,J'ai hâte d'entendre ça !
a66a9f98f63d5aaf,L10 Ryan,ryan_food_dialogue,78,Kobold,"Ouais. Vous allez être mignons, tous les deux."
39619dc71b15dfde,L10 Ryan,ryan_food_dialogue,79,Ryan,C'était sympa...
b2d03d0e5222d95c,L10 Ryan,ryan_food_dialogue,80,Ryan,"On se revoit bientôt, hein ?"
17c800776b082018,L10 Ryan,ryan_food_dialogue,81,Kobold,J'espère ! Je vais ouvrir le portail.
56372773e401e131,L10 Ryan,ryan_food_dialogue,82,Kobold,Oui ! Merci pour le repas. Je vais ouvrir le portail.
97cffb9a377004b2,L10 Ryan,ryan_food_dialogue,83,Ryan,Ouais... Je n'ai jamais eu de rencard avec un kobold avant.
50ce0561192b6b01,L10 Ryan,ryan_food_dialogue,84,Ryan,Mais je sais déjà que j'aime beaucoup ça.
e823adcc22fd50c2,L10 Ryan,ryan_food_dialogue,85,Kobold,Je t'aime beaucoup.
62e851c911a254bb,L10 Ryan,ryan_food_dialogue,86,Kobold,"Ouais, c'était super sympa."
773c0ce37ffbb546,L10 Ryan,ryan_food_dialogue,87,Ryan,"Hé hé. Ouais. Moi aussi, je t'aime bien."
1c6058ce1c7242cf,L10 Ryan,ryan_food_dialogue,88,Ryan,Vraiment. Tu es merveilleux.
32e4e8851f8ac398,L10 Ryan,ryan_food_dialogue,89,Ryan,Merci d'avoir partagé ce repas avec moi...
0a94f0c3b65c425c,L10 Ryan,ryan_food_dialogue,90,Ryan,J'ai hâte de te revoir
8c39f31ac476e20e,L10 Ryan,ryan_food_dialogue,91,Kobold,J'ai toujours hâte de te revoir. Je vais ouvrir le portail.
db8848bda5df285f,L10 Ryan,ryan_food_dialogue,92,Kobold,Moi aussi ! Je vais ouvrir le portail.
f0394a2181ae8df6,L10 Ryan,ryan_food_dialogue,93,Ryan,D'accord ! À bientôt.
d48a9423f250312c,L10 Ryan,ryan_food_dialogue,94,Ryan,"Alors ce Conrad, on dirait qu'il te plaît ?"
6eb520b95e8c6388,L10 Ryan,ryan_food_dialogue,95,Kobold,"Héhé, ouais."
c97f0b6b1b436f26,L10 Ryan,ryan_food_dialogue,96,Kobold,Il en fait beaucoup. Mais j'aime bien.
6525ecb4cd0f0eea,L10 Ryan,ryan_food_dialogue,97,Ryan,C'est mignon !
6943d0645de48850,L10 Ryan,ryan_food_dialogue,98,Ryan,Qu'est-ce que tu préfères chez lui ?
a695d517f16d1719,L10 Ryan,ryan_food_dialogue,99,Kobold,Il est genre. SUPER bien monté.
dbeb304df456a424,L10 Ryan,ryan_food_dialogue,100,Kobold,"Il mord, mais il est tendre aussi !"
3c29c25f0a23d26a,L10 Ryan,ryan_food_dialogue,101,Kobold,"Il est tout petit, j'aime bien être à sa hauteur."
0911d52bc2d9f70b,L10 Ryan,ryan_food_dialogue,102,Kobold,J'aime... lui.
4aa9ae5f4bbb8541,L10 Ryan,ryan_food_dialogue,103,Ryan,"Oh... Ouais, les dragons plus petits ont tendance à... Compenser."
7859d5c981752171,L10 Ryan,ryan_food_dialogue,104,Ryan,"Mmm, ouais, je connais le genre."
d8c70d62d0457935,L10 Ryan,ryan_food_dialogue,105,Ryan,"Ça se comprend ! Ouais, les petits drakes, c'est marrant."
97a18e09f3f990c5,L10 Ryan,ryan_food_dialogue,106,Ryan,Oh... C'est vraiment adorable
fac3f85c3c835445,L10 Ryan,ryan_food_dialogue,107,Ryan,Il faudra me dire comment ça se passe entre vous !
37e125daa86112bd,L10 Ryan,ryan_food_dialogue,108,Ryan,"Merci d'avoir partagé ce repas avec moi, tu es un super ami."
120807e0d30c65d5,L10 Ryan,ryan_food_dialogue,109,Kobold,Merci pour le repas ! Je vais ouvrir le portail.
94ddf87d22b36d07,L10 Ryan,ryan_food_dialogue,110,Kobold,"Tu es un bon ami aussi, je vais ouvrir le portail."
02ca8c073be8669d,L10 Ryan,ryan_food_dialogue,111,Ryan,"D'accord, à plus tard !"
# --- picnic: Ryan_grab_basket ---
3276ca6f923e3a2e,L10 Ryan,Ryan_grab_basket,1,Ryan,Bleh. Merci de l'avoir pris.
1790d1bc285d158f,L10 Ryan,Ryan_grab_basket,2,Kobold,Tu as apporté à manger ?
fab7cff668586c9b,L10 Ryan,Ryan_grab_basket,3,Kobold,Ryan ! c'est tellement gentil.
3f519f6990d85e4d,L10 Ryan,Ryan_grab_basket,4,Ryan,"Oui ! Il y a de quoi manger pour nous deux, ça devrait aller."
38953523aa1d8dc9,L10 Ryan,Ryan_grab_basket,5,Ryan,"Héhé, merci. Il y a des choses qui devraient convenir à nous deux."
f44e62ce0d92a9c3,L10 Ryan,Ryan_grab_basket,6,Ryan,Même si les portions sont peut-être un peu... taille dragon.
dbe7ccbf37aed06a,L10 Ryan,Ryan_grab_basket,7,Kobold,Pourquoi tu as apporté tout ça ?
96082d9f598cc1db,L10 Ryan,Ryan_grab_basket,8,Kobold,Tu as seulement besoin d'un lavage ?
5be9d07e2e19a321,L10 Ryan,Ryan_grab_basket,9,Ryan,Pour toi !
eea2772cf2ab51f9,L10 Ryan,Ryan_grab_basket,10,Ryan,<size=70%> Et pour moi.
5da686787e870bc2,L10 Ryan,Ryan_grab_basket,11,Ryan,"Non, je ne crois pas."
dfdd49c96bf70312,L10 Ryan,Ryan_grab_basket,12,Ryan,Je suis juste là pour t'apporter à manger !
7efd9697b321d608,L10 Ryan,Ryan_grab_basket,13,Ryan,Je me suis dit que j'apporterais quelque chose de sympa après tout ce que tu as fait.
414c0f3bb81740f3,L10 Ryan,Ryan_grab_basket,14,Ryan,J'espère que ça te va ?
097832ea20a37b63,L10 Ryan,Ryan_grab_basket,15,Kobold,Bien sûr que ça me va !
460dbc14c8f22914,L10 Ryan,Ryan_grab_basket,17,Ryan,"Génial, tant mieux."
6e1aac9408968a3c,L10 Ryan,Ryan_grab_basket,18,Ryan,Ça veut dire que oui ! Tant mieux.
fe3e5d4e4925ddb6,L10 Ryan,Ryan_grab_basket,19,Ryan,Bon... On mange ?
# --- picnic: Ryan_grapes_dialog | if $food_number ---
46ca5d912bed1dcc,L10 Ryan,Ryan_grapes_dialog,1,Kobold,Ces raisins avaient l'air bons.
33f099ac348159d4,L10 Ryan,Ryan_grapes_dialog,2,Kobold,"Ryan, tu n'es pas censé manger les tiges..."
174343e1e975e68b,L10 Ryan,Ryan_grapes_dialog,3,Ryan,"Ils l'étaient ! Mais la tige, c'est ce que je préfère."
976fdc62e4cbffcf,L10 Ryan,Ryan_grapes_dialog,4,Kobold,C'est pas... du bois ?
8e4f1f66ab3b3860,L10 Ryan,Ryan_grapes_dialog,5,Kobold,Jamais goûté.
d053df82397c2f86,L10 Ryan,Ryan_grapes_dialog,6,Ryan,"Ouais, c'est bon !"
c994875a9f5c8520,L10 Ryan,Ryan_grapes_dialog,7,Ryan,Mais tu ne devrais probablement pas en manger.
025e9c74601a1a65,L10 Ryan,Ryan_grapes_dialog,8,Ryan,Les estomacs de dragon sont un peu plus... robustes que le tien.
b689b40a79b968df,L10 Ryan,Ryan_grapes_dialog,9,Ryan,Tu ne devrais probablement pas.
8d834797bd163119,L10 Ryan,Ryan_grapes_dialog,10,Ryan,Il te faudrait d'abord un estomac de dragon !
27935fd7477eba77,L10 Ryan,Ryan_grapes_dialog,11,Ryan,Qui a dit ça ?
0b71d27200d13a33,L10 Ryan,Ryan_grapes_dialog,12,Kobold,Moi ?
47252f2c75dea9ef,L10 Ryan,Ryan_grapes_dialog,13,Kobold,La biologie... ? <size=70%> <i>Je crois ?
5af35db6f8fe39ad,L10 Ryan,Ryan_grapes_dialog,14,Ryan,Eh bien...
79436a008466d243,L10 Ryan,Ryan_grapes_dialog,15,Ryan,Je suis un rebelle !
49e7a64aec55ff2a,L10 Ryan,Ryan_grapes_dialog,16,Ryan,"T'inquiète, les dragons sont faits pour tout manger."
5f82b968ccbb4aaa,L10 Ryan,Ryan_grapes_dialog,17,Ryan,Je peux digérer à peu près n'importe quoi.
f9a3f85545840310,L10 Ryan,Ryan_grapes_dialog,18,Ryan,"La tige, c'est juste de la nourriture en plus."
53494acb38981cff,L10 Ryan,Ryan_grapes_dialog,19,Ryan,Même si les raisins ont toujours comblé une envie bien précise.
77e53d1b1d33b9f0,L10 Ryan,Ryan_grapes_dialog,20,Ryan,"Oh, et on dirait que j'en ai sur la figure. oups."
# --- picnic: Ryan_ham_dialog | if $food_number ---
cb2d2f80636d8a49,L10 Ryan,Ryan_ham_dialog,1,Kobold,"RYAN, L'OS !"
523a9690a00a7803,L10 Ryan,Ryan_ham_dialog,2,Kobold,Tu as vraiment mangé le truc en entier... Woah.
618839c9ee1f8a65,L10 Ryan,Ryan_ham_dialog,3,Ryan,Mmph... Hm ?
5b917e0078e6beb0,L10 Ryan,Ryan_ham_dialog,4,Ryan,"Oh, c'est ce que je préfère !"
7a41a3b5d6e1acf7,L10 Ryan,Ryan_ham_dialog,5,Kobold,Comment tu arrives à digérer ça ?
846f850b875979d4,L10 Ryan,Ryan_ham_dialog,6,Kobold,<size=60%> c'est chaud.
f7d4b26ff67eee38,L10 Ryan,Ryan_ham_dialog,7,Ryan,Je suis un dragon.
b86257f47d85426e,L10 Ryan,Ryan_ham_dialog,8,Ryan,Je suis à peu près sûr de pouvoir digérer n'importe quoi.
a165524a35a75706,L10 Ryan,Ryan_ham_dialog,9,Ryan,Ah oui ? Bon à savoir...
db22d9512845d515,L10 Ryan,Ryan_ham_dialog,10,Ryan,C'est la meilleure façon de profiter de la nourriture.
a5af381d1ec66e2a,L10 Ryan,Ryan_ham_dialog,11,Ryan,"C'est intéressant ; vous, les bipèdes, vous avez tendance à savourer vos repas."
180983e0a4f4e327,L10 Ryan,Ryan_ham_dialog,12,Ryan,Mais rien ne vaut une grosse bouchée avalée d'un coup !
# --- picnic: Ryan_melon_dialog | if $food_number ---
e1d0d09daa3129d9,L10 Ryan,Ryan_melon_dialog,1,Ryan,Celle-là était presque trop grosse...
8725851a4492f86f,L10 Ryan,Ryan_melon_dialog,2,Kobold,Tu n'as même pas ouvert la pastèque.
991947f3461b26a7,L10 Ryan,Ryan_melon_dialog,3,Kobold,Elle avait quel goût ?
7d20121dc2fa0757,L10 Ryan,Ryan_melon_dialog,4,Ryan,Ouaaais.
41f87d2c55073e29,L10 Ryan,Ryan_melon_dialog,5,Ryan,Oups.
4fafd5a0c9f29d5f,L10 Ryan,Ryan_melon_dialog,6,Ryan,C'était bon quand même ! J'aime la sensation quand ça glisse.
dc8488830f9d7192,L10 Ryan,Ryan_melon_dialog,7,Ryan,"J'ai oublié de mordre dedans, alors... Aucun ?"
7dedd07a7558afa9,L10 Ryan,Ryan_melon_dialog,8,Ryan,Mais c'était agréable quand ça glissait !
8b4a775ae776722a,L10 Ryan,Ryan_melon_dialog,9,Kobold,<size=70%> woah.
ef03f59f06da8fa4,L10 Ryan,Ryan_melon_dialog,10,Kobold,C'est dingue tout ce que ton cou peut encaisser.
4fc09f2d61d5cc43,L10 Ryan,Ryan_melon_dialog,11,Ryan,Les kobolds ont toujours l'air fascinés quand je mange.
032ea150ccdf88be,L10 Ryan,Ryan_melon_dialog,12,Ryan,C'est attendrissant !
aad3715a2f685dc3,L10 Ryan,Ryan_melon_dialog,13,Ryan,Il est fait pour avaler les choses en entier.
b0a73a78b7d9045b,L10 Ryan,Ryan_melon_dialog,14,Kobold,<size=70%><i>Ah oui ?
30ff5a696a0def56,L10 Ryan,Ryan_melon_dialog,16,Ryan,Mhm !
901c77872c53d308,L10 Ryan,Ryan_melon_dialog,18,Ryan,Oui ! c'est pratique.
# --- jerkoff: Ryan_4_JerkOff_Start ---
2d434662c42f6a6c,L10 Ryan,Ryan_4_JerkOff_Start,1,Ryan,Tu es sûr... ? Devant la nourriture ?
031703a96ac0df8c,L10 Ryan,Ryan_4_JerkOff_Start,2,Ryan,Hé hé... d'accord.
# --- cum: Ryan_4_Cum ---
3b1c48772bd5889e,L10 Ryan,Ryan_4_Cum,1,Ryan,Ouf... C'était bon... Mais j'ai mis un peu le bazar.
# --- mount_start: Ryan_4_Mount_Start ---
2f31dcbcaa980550,L10 Ryan,Ryan_4_Mount_Start,1,Ryan,Woah... Tu veux que j'utilise ça ? Même avec la nourriture ? D'accord !
# --- mount_finish: Ryan_4_Mount_Finish ---
833d21b8cd952764,L10 Ryan,Ryan_4_Mount_Finish,1,Ryan,J'ai mis un peu le bazar... Ça valait quand même le coup.

# ===== Level 11: Conrad (Sunny) =====
# --- intro: Conrad_Intro_4 ---
a67959dc39353129,L11 Conrad,Conrad_Intro_4,1,Conrad/Ryan/Alexander,Un truc a merdé avec les flags !
c1a949184675fa92,L11 Conrad,Conrad_Intro_4,2,Conrad/Ryan/Alexander,"Aidez les développeurs, s'il vous plaît..."
60f8f02dd7a80d00,L11 Conrad,Conrad_Intro_4,3,Kobold,conrad s'est mis avec ryan
6e98155abad655c3,L11 Conrad,Conrad_Intro_4,4,Kobold,le joueur s'est mis avec conrad
9cf9d4fc71363f68,L11 Conrad,Conrad_Intro_4,5,Kobold,le joueur s'est mis avec ryan
67beed0c39e205b4,L11 Conrad,Conrad_Intro_4,6,Kobold,"Salut, Conrad !"
d22e2236304b2ef0,L11 Conrad,Conrad_Intro_4,7,Kobold,Qu'est-ce qui te rend si joyeux ?
6183e901a5a22ddc,L11 Conrad,Conrad_Intro_4,8,Kobold,"Salut, conrad !"
3c0eb60cca3b1422,L11 Conrad,Conrad_Intro_4,9,Conrad,"Salut, gros kobold."
ad13467d89f77645,L11 Conrad,Conrad_Intro_4,10,Conrad,"T'as fait ton, euh..."
25aab860a8266c4c,L11 Conrad,Conrad_Intro_4,11,Conrad,"Tes écailles, elles sont différentes aujourd'hui ? <size=70%><i>ça existe, ça... ? </i><size=100%>T'as bonne mine aujourd'hui."
42e1b9a73c953f33,L11 Conrad,Conrad_Intro_4,12,Kobold,Merci ! C'est quoi tout ce... Gluant ?
be118711068118d5,L11 Conrad,Conrad_Intro_4,13,Kobold,"Hah. Conrad, tu as bonne mine aussi."
a4008861bf24c47d,L11 Conrad,Conrad_Intro_4,14,Kobold,Ça n'existe pas... Mais merci !
a951e05bf8506af1,L11 Conrad,Conrad_Intro_4,15,Conrad,Des baies.
765af85f1bd7eafe,L11 Conrad,Conrad_Intro_4,17,Conrad,"Bref,"
199e91c738a75b4c,L11 Conrad,Conrad_Intro_4,18,Conrad,Et comment que j'ai bonne mine !
926069483fd35835,L11 Conrad,Conrad_Intro_4,19,Conrad,Haha... Ouais. J'ai pas trop l'habitude de faire des compliments.
8c9dc9229a7630ce,L11 Conrad,Conrad_Intro_4,20,Conrad,"J'ai juste besoin d'un lavage rapide... Et le chevalet, ce serait pas mal aussi."
3ee865676f6e4c99,L11 Conrad,Conrad_Intro_4,21,Kobold/Ryan,Ah oui ?
5fae46a5c8669c29,L11 Conrad,Conrad_Intro_4,22,Kobold,Bien sûr ! Je vais ouvrir le portail.
daa08f627cbbfb9e,L11 Conrad,Conrad_Intro_4,23,Conrad,Ouais... Mais seulement si t'en as envie !
20ee725c28fb397e,L11 Conrad,Conrad_Intro_4,24,Conrad,J'essaie de pas être trop insistant.
374fe9cc22a15007,L11 Conrad,Conrad_Intro_4,25,Kobold,"Oh, je vais t'ouvrir le portail."
ae53715099e0d53d,L11 Conrad,Conrad_Intro_4,28,Conrad,Ryan ! Je l'ai rencontré.
caefb85b87a51126,L11 Conrad,Conrad_Intro_4,29,Kobold,Super ! C'est quoi tout ce... Gluant ?
0452c0f1847f4a72,L11 Conrad,Conrad_Intro_4,30,Kobold,Ça s'est passé comment ?
940b2bb279fbfd8a,L11 Conrad,Conrad_Intro_4,33,Conrad,"Merci de nous avoir mis en contact, Ryan et moi."
6c42e3202026a3e8,L11 Conrad,Conrad_Intro_4,34,Conrad,"Vraiment bien, franchement."
91b34251e9ff7711,L11 Conrad,Conrad_Intro_4,35,Conrad,J'aurais jamais cru que quelqu'un comme lui serait mon genre...
abc0fe0ceed24339,L11 Conrad,Conrad_Intro_4,36,Kobold,Il faudra tout me raconter.
ab20df82132f07cc,L11 Conrad,Conrad_Intro_4,37,Conrad,"Je le ferai. J'ai juste besoin d'un lavage rapide, et j'utiliserais bien le chevalet aujourd'hui."
17c5f180de5a8348,L11 Conrad,Conrad_Intro_4,38,Conrad,"Faut que je <i>m'entraîne</i> pour Ryan, si tu vois ce que je veux dire."
9912569ea696f8ed,L11 Conrad,Conrad_Intro_4,39,Kobold,Conrad !
106f99c061d35f26,L11 Conrad,Conrad_Intro_4,40,Kobold,Bon... bon. Je vais ouvrir le portail.
f71200a57e2d1d7a,L11 Conrad,Conrad_Intro_4,41,Conrad,Quoooi ? C'est bien de s'assurer qu'on est échauffé !
65bee50d904e101d,L11 Conrad,Conrad_Intro_4,43,Conrad,Hé hé. Content que ce soit ouvert.
4d5dda82efc31458,L11 Conrad,Conrad_Intro_4,44,Conrad,"Je cherche un bon coup de jet. Et le chevalet, ça me dirait bien aussi."
0ecdd0ec4c0cf66c,L11 Conrad,Conrad_Intro_4,45,Kobold,"Oooh, d'accord."
3252727dec6314c5,L11 Conrad,Conrad_Intro_4,47,Kobold,C'est quoi tout ce... Gluant ?
91bc8d1d6dc8cdb7,L11 Conrad,Conrad_Intro_4,48,Conrad,Hé hé. Ouais.
1aced2f074444bdc,L11 Conrad,Conrad_Intro_4,54,Kobold,"Oh. D'accord, je vais ouvrir le portail."
# --- progress: Conrad_required_4 ---
a5965f548b64e3cf,L11 Conrad,Conrad_required_4,1,Conrad,"Hé, j'ai une question pour toi."
9ad0664c4ac1572a,L11 Conrad,Conrad_required_4,2,Kobold,Ah oui ?
d448809fdbbeaf11,L11 Conrad,Conrad_required_4,4,Kobold,Ah ouiiiii ?
51dbc8c7be16145b,L11 Conrad,Conrad_required_4,5,Kobold,"Qu'est-ce qu'il y a, grand costaud ?"
# --- progress: Conrad_4_Ryan_Conrad_Romanced | if $ryan_conrad_romanced $conrad_romanced $ryan_romanced ---
e6071cb4e7c448c8,L11 Conrad,Conrad_4_Ryan_Conrad_Romanced,1,Conrad,"Avec Ryan, je suis presque sûr qu'on va avoir un rencard ce soir."
9ee7e6a6ebccf907,L11 Conrad,Conrad_4_Ryan_Conrad_Romanced,2,Conrad,T'as des conseils ?
f7af2bd25c827e3d,L11 Conrad,Conrad_4_Ryan_Conrad_Romanced,3,Kobold,Sois toi-même !
a58248b820567c49,L11 Conrad,Conrad_4_Ryan_Conrad_Romanced,4,Kobold,Assure-toi d'être bien propre. <size=70%><i>héhé.
528e2755301df89e,L11 Conrad,Conrad_4_Ryan_Conrad_Romanced,5,Conrad,Je fais de mon mieux.
71cfcccd17dc37fc,L11 Conrad,Conrad_4_Ryan_Conrad_Romanced,6,Conrad,"Mais pour l'instant, ça se passe bien, non ?"
93a2ca86985333fe,L11 Conrad,Conrad_4_Ryan_Conrad_Romanced,7,Kobold,Je crois bien !
55842427ae2db4e3,L11 Conrad,Conrad_4_Ryan_Conrad_Romanced,8,Kobold,"Si quelqu'un comme Ryan est intéressé, tu t'en sors très bien."
162762064c5d0461,L11 Conrad,Conrad_4_Ryan_Conrad_Romanced,10,Conrad,Hah. Si seulement il y avait un kobold pour me laver.
4ae6d6619b0245f7,L11 Conrad,Conrad_4_Ryan_Conrad_Romanced,11,Kobold,Si seulement.
6267e98361c404ca,L11 Conrad,Conrad_4_Ryan_Conrad_Romanced,12,Kobold,Je vais faire en sorte que tu sois <i>impeccable.</i>
7c0c5a4da3de6046,L11 Conrad,Conrad_4_Ryan_Conrad_Romanced,13,Conrad,"Blague à part, ton lavage est clairement le meilleur."
207d91f2342e8d0c,L11 Conrad,Conrad_4_Ryan_Conrad_Romanced,14,Conrad,"Merci. Être beau, c'est se sentir bien !"
# --- progress: Conrad_4_Conrad_Romanced | if $ryan_conrad_romanced $conrad_romanced $ryan_romanced ---
a8ee5e15400fc208,L11 Conrad,Conrad_4_Conrad_Romanced,1,Conrad,Alors... Un rencard. Je crois que j'aimerais bien en avoir un bientôt !
f2f6817fb49621c2,L11 Conrad,Conrad_4_Conrad_Romanced,3,Kobold,Avec plaisir !
82ddb728ff9d18a9,L11 Conrad,Conrad_4_Conrad_Romanced,4,Conrad,"Je me disais. On pourrait sortir un de ces jours, la semaine prochaine ?"
fc253d9eb67cd473,L11 Conrad,Conrad_4_Conrad_Romanced,5,Kobold,Ça a l'air sympa.
9a03666243082379,L11 Conrad,Conrad_4_Conrad_Romanced,6,Kobold,Ça me dirait bien !
67f68a72462bca9b,L11 Conrad,Conrad_4_Conrad_Romanced,7,Conrad/Ryan,Génial !
45ec6449f36fb5b9,L11 Conrad,Conrad_4_Conrad_Romanced,8,Conrad,"La prochaine fois que je viens pour un lavage, on y va."
ee6194b2fabfafdc,L11 Conrad,Conrad_4_Conrad_Romanced,9,Kobold,J'aimerais bien !
38c7fbb586ed7788,L11 Conrad,Conrad_4_Conrad_Romanced,10,Kobold,Ça me va.
de408e85752b4a9e,L11 Conrad,Conrad_4_Conrad_Romanced,11,Conrad/Kobold/Alexander,J'ai hâte.
# --- progress: Conrad_Ryan_Romanced | if $ryan_conrad_romanced $conrad_romanced $ryan_romanced ---
8dc7f14f91542fe7,L11 Conrad,Conrad_Ryan_Romanced,1,Conrad,"Alors, toi et Ryan, hein ?"
498cb71ee3e20098,L11 Conrad,Conrad_Ryan_Romanced,2,Kobold,"Oh, oui !"
37d827f8025ee687,L11 Conrad,Conrad_Ryan_Romanced,3,Kobold,Il est canon.
64db0ca49ca9563d,L11 Conrad,Conrad_Ryan_Romanced,4,Kobold,C'est le dragon de mes rêves.
bdfc096fee84c4fb,L11 Conrad,Conrad_Ryan_Romanced,5,Conrad,Je suis content pour toi !
cb24c38318e64595,L11 Conrad,Conrad_Ryan_Romanced,6,Conrad,On dirait bien.
0e5b54a94da4725b,L11 Conrad,Conrad_Ryan_Romanced,8,Kobold,Et toi ? Quelqu'un en vue ?
5f9173229e51d947,L11 Conrad,Conrad_Ryan_Romanced,9,Kobold,"Ouais, je suis content aussi."
68fa6f383249196c,L11 Conrad,Conrad_Ryan_Romanced,10,Conrad,Un peu ! Je sors plus souvent.
e589607da4e2983d,L11 Conrad,Conrad_Ryan_Romanced,11,Conrad,J'ai trouvé un griffon. À peu près de ma taille...
d69f5ee422fdf377,L11 Conrad,Conrad_Ryan_Romanced,12,Conrad,Je crois qu'il a le béguin pour moi.
9aab87987aca7783,L11 Conrad,Conrad_Ryan_Romanced,13,Conrad,"...<i><size=70%>Moi, j'ai le béguin pour lui, en tout cas."
7b42e92a68e914e0,L11 Conrad,Conrad_Ryan_Romanced,14,Conrad,Ça fait plaisir à entendre.
88b86bef7b86a770,L11 Conrad,Conrad_Ryan_Romanced,15,Conrad,"Ouais, il a l'air du genre à appuyer là où il faut."
# --- jerkoff: Conrad_4_JerkOff_Start ---
395b9d676b6c01c5,L11 Conrad,Conrad_4_JerkOff_Start,1,Conrad,"Oh... Là, maintenant ? 'ok, je suis partant."
# --- cum: Conrad_4_Cum ---
cf5ea034da108d57,L11 Conrad,Conrad_4_Cum,1,Conrad,Nnnf... C'était vachement mieux que ces baies.
# --- mount_start: Conrad_4_Mount_Start ---
9c4eeb4a7cc4c1e1,L11 Conrad,Conrad_4_Mount_Start,1,Conrad,"Hé ! Le chevalet ! Putain, ouais."
# --- mount_finish: Conrad_4_Mount_Finish ---
307f6f92f16156e7,L11 Conrad,Conrad_4_Mount_Finish,1,Conrad,Haah. C'est le meilleur putain de lavage.
# --- outro: Conrad_Outro_4 ---
4012236175bc195e,L11 Conrad,Conrad_Outro_4,1,Kobold,Tu devrais être tout propre !
4a93a020168bbd0d,L11 Conrad,Conrad_Outro_4,2,Kobold,Je crois que c'est bon.
2ce654e6ba32ebb8,L11 Conrad,Conrad_Outro_4,3,Kobold,"Tu es beau, tout propre comme ça !"
d6d9eff64b0d7187,L11 Conrad,Conrad_Outro_4,4,Kobold,<i>J'aime bien t'asperger d'eau.
feda452e0c677f41,L11 Conrad,Conrad_Outro_4,5,Kobold,Voilà ! Ça devrait être bon.
e2956ac74f8acb8e,L11 Conrad,Conrad_Outro_4,6,Kobold,Je crois que j'ai fait tous les recoins.
# --- outro: Conrad_Outro_4_Ryan_Conrad_Romanced | if $ryan_conrad_romanced $conrad_romanced $ryan_romanced ---
0fa2abeece5fd3de,L11 Conrad,Conrad_Outro_4_Ryan_Conrad_Romanced,1,Conrad,Ouais ! Je me sens propre.
1b5f2f27de868c08,L11 Conrad,Conrad_Outro_4_Ryan_Conrad_Romanced,2,Conrad,"Hé euh, tu crois que Ryan et moi, ça va <i>vraiment</i> marcher ?"
ebc110388e3748fa,L11 Conrad,Conrad_Outro_4_Ryan_Conrad_Romanced,3,Kobold/Alexander,Bien sûr !
5bc10e8175dc9422,L11 Conrad,Conrad_Outro_4_Ryan_Conrad_Romanced,4,Kobold,Je l'espère.
3da3a77980cb9eb9,L11 Conrad,Conrad_Outro_4_Ryan_Conrad_Romanced,5,Conrad,J'espère que t'as raison.
43e42fb816f1d2c2,L11 Conrad,Conrad_Outro_4_Ryan_Conrad_Romanced,6,Conrad,"Ouais, moi aussi. Il est vraiment gentil."
603a3749013e876b,L11 Conrad,Conrad_Outro_4_Ryan_Conrad_Romanced,7,Conrad,C'est dur de pas être nerveux après tout ça...
189f4f64972cc1fe,L11 Conrad,Conrad_Outro_4_Ryan_Conrad_Romanced,8,Conrad,"Mais je suis une bombe, alors ça ira."
40b8366766a655d6,L11 Conrad,Conrad_Outro_4_Ryan_Conrad_Romanced,9,Conrad,J'espère.
dde93c3f47e98763,L11 Conrad,Conrad_Outro_4_Ryan_Conrad_Romanced,10,Conrad,"Notre première rencontre s'est super bien passée, en tout cas !"
0a47996c4c389f39,L11 Conrad,Conrad_Outro_4_Ryan_Conrad_Romanced,11,Kobold,Ah oui ? raconte-moi !
589c19f0d1fb2d81,L11 Conrad,Conrad_Outro_4_Ryan_Conrad_Romanced,12,Kobold,"C'est génial ! c'est quand, votre premier rencard ?"
56345c46f3840a46,L11 Conrad,Conrad_Outro_4_Ryan_Conrad_Romanced,13,Conrad,"Il m'a appelé, on s'est retrouvés. Il est vraiment sympa, putain."
080824870e4c7a15,L11 Conrad,Conrad_Outro_4_Ryan_Conrad_Romanced,14,Conrad,"Il a dit que j'étais cool, on a prévu un rencard..."
d98ca4f1aac91861,L11 Conrad,Conrad_Outro_4_Ryan_Conrad_Romanced,15,Conrad,Et c'est pour ça que je suis là ! Je file le voir juste après ce lavage.
35b34afec858433c,L11 Conrad,Conrad_Outro_4_Ryan_Conrad_Romanced,16,Conrad,Juste après ce lavage !
d925b0f0ac6611e6,L11 Conrad,Conrad_Outro_4_Ryan_Conrad_Romanced,17,Conrad,On va dans un resto de fruits de mer...
5421d19c6a9cd188,L11 Conrad,Conrad_Outro_4_Ryan_Conrad_Romanced,18,Conrad,J'ai déjà une place réservée au club.
6ffd2844813c419e,L11 Conrad,Conrad_Outro_4_Ryan_Conrad_Romanced,19,Kobold,Alors je ferais mieux de te laisser sortir !
d547385bcae74ca2,L11 Conrad,Conrad_Outro_4_Ryan_Conrad_Romanced,20,Kobold,Je suis content pour toi. Je vais ouvrir le portail !
9458fe24a9152c2b,L11 Conrad,Conrad_Outro_4_Ryan_Conrad_Romanced,21,Conrad,"Hah... Ouais, j'ai hâte."
83a4b4bd32149db8,L11 Conrad,Conrad_Outro_4_Ryan_Conrad_Romanced,22,Conrad,"Merci, j'ai hâte aussi."
# --- outro: Conrad_Outro_4_Conrad_Romanced | if $ryan_conrad_romanced $conrad_romanced $ryan_romanced ---
ad0500f8d2500c0f,L11 Conrad,Conrad_Outro_4_Conrad_Romanced,1,Conrad,"Je me sens impeccable, comme toujours."
297d60c9e5c25580,L11 Conrad,Conrad_Outro_4_Conrad_Romanced,2,Conrad,"Oh, et j'ai trouvé où aller."
f22c7f64f7e136d4,L11 Conrad,Conrad_Outro_4_Conrad_Romanced,5,Conrad,Y a ce club en centre-ville. « Wings ». Un vieux favori à moi.
5dcbc1f451fcc29d,L11 Conrad,Conrad_Outro_4_Conrad_Romanced,6,Conrad,Je suis un peu une célébrité là-bas.
99c9d7ee0966d8d1,L11 Conrad,Conrad_Outro_4_Conrad_Romanced,7,Conrad,Je pourrais nous avoir les <i>meilleures</i> places pour leur spectacle.
02f6a5560835daa6,L11 Conrad,Conrad_Outro_4_Conrad_Romanced,8,Kobold,"Hah, d'accord. Je suis partant."
7137eb7d65d8f4d8,L11 Conrad,Conrad_Outro_4_Conrad_Romanced,9,Kobold,"Ooooh, ça doit être une célébrité, alors."
60c5caff4aee58e9,L11 Conrad,Conrad_Outro_4_Conrad_Romanced,10,Conrad,"Putain, mec, je suis trop chaud."
d37d98f486ba54c5,L11 Conrad,Conrad_Outro_4_Conrad_Romanced,11,Conrad,Je vais commencer à préparer ça.
bf3d9317290e56b0,L11 Conrad,Conrad_Outro_4_Conrad_Romanced,12,Conrad,"La prochaine fois que je viens, j'aurai les réservations !"
f11ccc8c0bd5ecbc,L11 Conrad,Conrad_Outro_4_Conrad_Romanced,13,Conrad,Tu peux aller ouvrir le portail ?
ffcc816df16993e6,L11 Conrad,Conrad_Outro_4_Conrad_Romanced,14,Conrad,Et comment.
c25790cd739260fd,L11 Conrad,Conrad_Outro_4_Conrad_Romanced,16,Conrad,"C'est toi, la célébrité"
b18d301dab41755f,L11 Conrad,Conrad_Outro_4_Conrad_Romanced,17,Conrad,"Désolé, je suis nul pour draguer. Tu peux ouvrir le portail ?"
# --- outro: Conrad_Outro_4_Ryan_Romanced | if $ryan_conrad_romanced $conrad_romanced $ryan_romanced ---
6fe24a5cf11acb37,L11 Conrad,Conrad_Outro_4_Ryan_Romanced,1,Conrad,"Ouais ! propre, comme toujours."
8f0378325ead68c7,L11 Conrad,Conrad_Outro_4_Ryan_Romanced,2,Conrad,T'as des projets avec ryan ?
a12011af4e943fb2,L11 Conrad,Conrad_Outro_4_Ryan_Romanced,3,Kobold,Pas encore sûr.
c3393181a97b4208,L11 Conrad,Conrad_Outro_4_Ryan_Romanced,4,Kobold,Je pense à un rencard bientôt.
5ef95c64f52e6263,L11 Conrad,Conrad_Outro_4_Ryan_Romanced,5,Conrad,"Ça se tient. Vous êtes vraiment mignons ensemble, tous les deux."
6d8a46a5e1da81ef,L11 Conrad,Conrad_Outro_4_Ryan_Romanced,6,Conrad,J'espère vraiment que ça va marcher !
1884386d93b6fccd,L11 Conrad,Conrad_Outro_4_Ryan_Romanced,7,Conrad,Ouais ! Ce serait génial.
c5cace2191af6925,L11 Conrad,Conrad_Outro_4_Ryan_Romanced,8,Conrad,Vous êtes vraiment mignons ensemble...
9e806b93dd0d48fe,L11 Conrad,Conrad_Outro_4_Ryan_Romanced,9,Conrad,J'espère que ça va marcher.
83a8afa550485db4,L11 Conrad,Conrad_Outro_4_Ryan_Romanced,10,Conrad,"Bon, ça devrait être tout, tu peux aller ouvrir le portail ?"

# ===== Level 12: Alexander (Rainy) =====
# --- intro: Alexander_4_intro ---
0248808ddaa3479e,L12 Alexander,Alexander_4_intro,1,Alexander,Bonsoir !
d3d306a15d158e29,L12 Alexander,Alexander_4_intro,2,Kobold,Saluuuut ! Salut !
68094c643e49d3c6,L12 Alexander,Alexander_4_intro,3,Kobold,"Hé, Alexander !"
e8c921ab9051f110,L12 Alexander,Alexander_4_intro,4,Alexander,"Hah, toujours aussi enthousiaste."
3b767556f3eeaa3b,L12 Alexander,Alexander_4_intro,5,Alexander,C'est merveilleux d'être de retour !
96ed1471d1f86a4d,L12 Alexander,Alexander_4_intro,6,Alexander,La pluie a été implacable aujourd'hui !
429d93ef0fafbe8a,L12 Alexander,Alexander_4_intro,7,Alexander,L'ambiance est agréable.
a9945cd0cd165325,L12 Alexander,Alexander_4_intro,8,Kobold,"La pluie, c'est agréable."
7259414f82b0b97a,L12 Alexander,Alexander_4_intro,9,Kobold,J'ai toujours détesté la pluie.
bfad19e22f9652cc,L12 Alexander,Alexander_4_intro,10,Alexander,"D'accord, mais j'aimerais tout de même entrer dès que possible."
91a5c27ef059ab24,L12 Alexander,Alexander_4_intro,12,Alexander,Je suppose que je comprends qu'on n'aime pas la boue qu'elle peut causer.
882df59f0a75b295,L12 Alexander,Alexander_4_intro,13,Alexander,Mais c'est bien pour cela que je suis ici !
990e43e4f2687cdf,L12 Alexander,Alexander_4_intro,14,Kobold,D'accord ! Je vais t'ouvrir le portail.
846b613e707ce00d,L12 Alexander,Alexander_4_intro,15,Kobold,Yip ! <size=70%>(Portail)
1ceb64d9cf6889fd,L12 Alexander,Alexander_4_intro,17,Alexander,"Mmm, dois-je comprendre que vous allez ouvrir le portail ?"
56deaef9d6b92a31,L12 Alexander,Alexander_4_intro,18,Kobold,Yip ! <size=70%>(Oui)
fd0d3e3077aaf4ce,L12 Alexander,Alexander_4_intro,19,Alexander,Je ne sais pas trop pourquoi je comprends soudain vos « Yips »
7a919cef111fe275,L12 Alexander,Alexander_4_intro,20,Kobold,Yip ! <size=70%>(C'est parce que la partie dormante de ton esprit draconique se souvient du pont linguistique profondément ancré entre ton espèce et la mienne. Il porte en lui le sens profond et l'intention des « Yips » kobolds. Cette compréhension soudaine vient simplement de notre lien qui grandit avec le temps et qui active cette partie de ton esprit.)
6d8c462224bca1b5,L12 Alexander,Alexander_4_intro,21,Kobold,Yip ! <size=70%>(chais pas)
8e7ead434fce5609,L12 Alexander,Alexander_4_intro,24,Alexander,Pourriez-vous ouvrir le portail... ?
19be549c91d82ff3,L12 Alexander,Alexander_4_intro,25,Alexander,Soit. J'attendrai !
# --- progress: Alexander_4_required ---
c19ca0647cc1a583,L12 Alexander,Alexander_4_required,1,Alexander,J'ai réfléchi...
6d9630067757f781,L12 Alexander,Alexander_4_required,2,Alexander,"Je n'ai pu m'empêcher de remarquer le... dispositif, là-bas."
7bd6925025a24288,L12 Alexander,Alexander_4_required,3,Alexander,"C'est un chevalet, n'est-ce pas ?"
54b9fbcd575cd0a7,L12 Alexander,Alexander_4_required,4,Kobold,Tout à fait !
1f5aad5cbae1a020,L12 Alexander,Alexander_4_required,5,Kobold,Tu veux l'utiliser ?
36a85b3430aa6639,L12 Alexander,Alexander_4_required,6,Alexander,Je me... demande...
d2b8ae469c604bfb,L12 Alexander,Alexander_4_required,7,Alexander,"Si je pourrais, euh..."
577e4edfcd4fa53d,L12 Alexander,Alexander_4_required,8,Alexander,"Peut-être, disons..."
4caa8162834de434,L12 Alexander,Alexander_4_required,9,Alexander,Éventuellement...
d89de41838a75fa0,L12 Alexander,Alexander_4_required,10,Kobold,"Si tu veux l'utiliser, il n'y a pas de souci !"
68ad27123e1df879,L12 Alexander,Alexander_4_required,11,Kobold,"Pas besoin d'être nerveux, Alexander !"
6dece6f0ec399d4e,L12 Alexander,Alexander_4_required,12,Alexander,Je crois que j'aimerais bien ?
08ab3092d83ed1d3,L12 Alexander,Alexander_4_required,13,Alexander,Je sais. Je sais.
81a4fcd2541ac990,L12 Alexander,Alexander_4_required,14,Alexander,Je crois que j'aimerais l'utiliser ?
67c0f2a71f4ff613,L12 Alexander,Alexander_4_required,16,Alexander,Euh... hum...
4640c27322f55d8c,L12 Alexander,Alexander_4_required,17,Alexander,Éventuellement... ?
9739b879143b91cf,L12 Alexander,Alexander_4_required,18,Alexander,Seulement si cela ne pose pas de problème...
e2dce2bed173fba0,L12 Alexander,Alexander_4_required,20,Kobold,Bien sûr que non. C'est grâce à Conrad que je l'ai commandé.
f12929f0cef567d7,L12 Alexander,Alexander_4_required,21,Alexander,"Bon, bon... Alors je crois que j'aimerais l'utiliser ?"
76ea754cd53f21dc,L12 Alexander,Alexander_4_required,22,Alexander,Conrad... ?
18b51cf572e4b49a,L12 Alexander,Alexander_4_required,25,Kobold,Ça me va !
334a54e73cf69dc1,L12 Alexander,Alexander_4_required,26,Kobold,Je vais te le chercher avec plaisir.
7bd62126f382f565,L12 Alexander,Alexander_4_required,27,Alexander,Mhm... Merci.
d2c15503eb28631b,L12 Alexander,Alexander_4_required,28,Alexander,D'accord... Merci.
# --- jerkoff: Alexander_4_JerkOff_Start ---
47122b215cc11a2b,L12 Alexander,Alexander_4_JerkOff_Start,1,Alexander,Oh... Je suppose que cela convient~
# --- cum: Alexander_4_Cum ---
ed6a9612f44b19ea,L12 Alexander,Alexander_4_Cum,1,Alexander,ouf... Merci pour cela.
# --- mount_start: Alexander_4_Mount_Start ---
1db0bf44f69526fc,L12 Alexander,Alexander_4_Mount_Start,1,Alexander,Le chevalet ? Je... suppose !
# --- mount_finish: Alexander_4_Mount_Finish ---
76527d719ccc95a3,L12 Alexander,Alexander_4_Mount_Finish,1,Alexander,C'était... plus agréable que je ne m'y attendais.
# --- outro: Alexander_4_Outro ---
35278dc46019f9b9,L12 Alexander,Alexander_4_Outro,1,Alexander,Je me sens bien mieux.
5547ec33b10091a2,L12 Alexander,Alexander_4_Outro,2,Alexander,Je... sais que cela vient sans prévenir.
3ce3dec2bd740757,L12 Alexander,Alexander_4_Outro,3,Alexander,Mais je crois que vous m'avez appris quelque chose.
5eca8560307cac86,L12 Alexander,Alexander_4_Outro,5,Kobold,Mais c'est toi le dragon professeur.
419ecbf32abefda1,L12 Alexander,Alexander_4_Outro,6,Alexander,"Professeur, mais oui. C'est le cas."
0b1b8529d2c3c5fc,L12 Alexander,Alexander_4_Outro,7,Alexander,Je crois que j'aime qu'on prenne soin de moi ?
4df2487e01509478,L12 Alexander,Alexander_4_Outro,8,Kobold,Comme la plupart des gens !
c9f8ba59379bb60a,L12 Alexander,Alexander_4_Outro,9,Kobold,J'aime prendre soin de toi.
93786b06bef36348,L12 Alexander,Alexander_4_Outro,10,Alexander,"Eh bien, oui. Je veux dire, de façon plus... primale ?"
b868cb066c4b572d,L12 Alexander,Alexander_4_Outro,11,Alexander,C'est agréable à entendre... Mais je veux dire qu'on prenne soin de moi de façon plus... primale ?
565a3630f0cfbcc5,L12 Alexander,Alexander_4_Outro,12,Alexander,J'aime quand vous me dites quoi faire d'une simple tape de la main.
1161a29c118dbaa6,L12 Alexander,Alexander_4_Outro,13,Alexander,J'aime votre assurance. Même si cela ne concerne que le lavage.
32c31015075eeede,L12 Alexander,Alexander_4_Outro,14,Alexander,"C'est agréable de lâcher prise, même un instant."
1651e2418c22d0c0,L12 Alexander,Alexander_4_Outro,15,Kobold,<size=70%> Un gros dragon qui me laisse le contrôle. Woah.
bd051341e68cc04e,L12 Alexander,Alexander_4_Outro,16,Kobold,Je suis content de t'offrir un endroit où te détendre.
2e1f723e42b149be,L12 Alexander,Alexander_4_Outro,17,Alexander,"C'est plutôt inédit, n'est-ce pas ?"
8212cbdd05d21f37,L12 Alexander,Alexander_4_Outro,18,Alexander,"Je reviendrai bientôt, d'accord ? Merci pour le lavage."
b5f8ec9a6918d554,L12 Alexander,Alexander_4_Outro,19,Alexander,"C'est libérateur. Je reviendrai, d'accord ?"

# ===== Level 13: Ryan (Sunny) =====
# --- intro: Ryan_5_intro ---
dcd95465ccb79997,L13 Ryan,Ryan_5_intro,6,Kobold,"Salut, grand costaud."
a4c1cb0899f204fc,L13 Ryan,Ryan_5_intro,8,Ryan,Salut... petit bonhomme !
df50afc7f5e2d994,L13 Ryan,Ryan_5_intro,9,Kobold,Je ne suis pas <i>si</i> petit...
8061d3d1aed7c531,L13 Ryan,Ryan_5_intro,10,Kobold,"Alors, tu viens pour un lavage ?"
1107598aa9bc6c75,L13 Ryan,Ryan_5_intro,11,Ryan,"Oh, pardon..."
061629ac669e11f8,L13 Ryan,Ryan_5_intro,12,Ryan,J'essayais juste de jouer le jeu. Content de te voir !
cdc7ebc001250566,L13 Ryan,Ryan_5_intro,13,Ryan,Ouaip !
f8c3932b65e6bbb0,L13 Ryan,Ryan_5_intro,14,Ryan,"Salut, kobold !"
4a5d3b88460afb6b,L13 Ryan,Ryan_5_intro,15,Ryan,J'ai décidé de me mettre à la pâtisserie.
b483e9c7e323807a,L13 Ryan,Ryan_5_intro,16,Ryan,J'ai eu beaucoup de temps libre ces derniers temps.
afd9ef6045a7191c,L13 Ryan,Ryan_5_intro,17,Ryan,"Il s'avère que la pâtisserie, ça salit !"
808f38835d1deb53,L13 Ryan,Ryan_5_intro,18,Ryan,J'aurais bien besoin d'un lavage.
# --- intro: Ryan_5_intro_ryan_romanced | if $ryan_conrad_romanced $conrad_romanced $ryan_romanced ---
efa367904267d1f9,L13 Ryan,Ryan_5_intro_ryan_romanced,1,Ryan,...Un lavage pour notre rencard de ce soir.
d510da8dc09c7bd7,L13 Ryan,Ryan_5_intro_ryan_romanced,2,Kobold,OH. C'EST VRAI.
cb4f55dc25088cef,L13 Ryan,Ryan_5_intro_ryan_romanced,3,Kobold,J'ai trop hâte.
63b5ec8a662e7e8f,L13 Ryan,Ryan_5_intro_ryan_romanced,4,Ryan,"Heureusement que je suis là pour te le rappeler, alors."
60004e58bb12dd3c,L13 Ryan,Ryan_5_intro_ryan_romanced,6,Ryan,J'attends le portail !
# --- intro: Ryan_5_intro ---
3ff66f86649ed3f4,L13 Ryan,Ryan_5_intro,19,Kobold,"Salut, Ryan !"
bab3e0bf3bfcf52e,L13 Ryan,Ryan_5_intro,20,Ryan,Salut ! Je viens pour un lavage.
747b7932ed2e84f2,L13 Ryan,Ryan_5_intro,24,Kobold,"Génial, je vais ouvrir le portail."
1fa67d86839c19a3,L13 Ryan,Ryan_5_intro,25,Kobold,Bien sûr ! J'ai hâte de te parler de Conrad.
4c5ca3860699fcd3,L13 Ryan,Ryan_5_intro,28,Kobold,Oui ! J'ai bientôt un rencard avec lui.
29301eae6840e128,L13 Ryan,Ryan_5_intro,29,Kobold,"Mmmmhm, je dois me préparer pour un rencard avec lui."
154dbd6d6bdc9f0e,L13 Ryan,Ryan_5_intro,30,Ryan,C'est excitant !
e1867b98d8ce23bd,L13 Ryan,Ryan_5_intro,31,Ryan,Il faudra m'en dire plus à l'intérieur.
10dc92e80220fe9b,L13 Ryan,Ryan_5_intro,33,Kobold,"Saluuuut, Ryan."
b57c370a0fcc7045,L13 Ryan,Ryan_5_intro,34,Ryan,Salut !
cd80a4a851309647,L13 Ryan,Ryan_5_intro,38,Kobold,Comment s'est passé ton rencard avec Conrad ?
26eed1b65d0e1370,L13 Ryan,Ryan_5_intro,39,Kobold,"RACONTE-MOI, TOI ET CONRAD !"
b433dad7fc4cdb18,L13 Ryan,Ryan_5_intro,40,Ryan,Ça s'est super bien passé !
cd235c4d7d27fbdb,L13 Ryan,Ryan_5_intro,41,Ryan,Oh... Impatient !
7b1f5d058f2045c5,L13 Ryan,Ryan_5_intro,43,Ryan,On est sortis manger. On a bien discuté.
4932dbc11ab131d4,L13 Ryan,Ryan_5_intro,44,Ryan,Une chose en entraînant une autre...
1a86226c86c7138f,L13 Ryan,Ryan_5_intro,45,Ryan,On est allés au bar... Ça s'est un peu enflammé. Tu imagines la suite... <size=70%>Hah...
# --- progress: Ryan_5_Required_ryan_romanced | if $ryan_romanced ---
e61676df3c022293,L13 Ryan,Ryan_5_Required_ryan_romanced,1,Ryan,Alors. Notre rencard de ce soir...
c022fa54258553ea,L13 Ryan,Ryan_5_Required_ryan_romanced,2,Ryan,Où aimerais-tu aller ?
6c0884e4717c5d5b,L13 Ryan,Ryan_5_Required_ryan_romanced,3,Kobold,À toi de décider !
bbedb233b6bbe2ea,L13 Ryan,Ryan_5_Required_ryan_romanced,4,Kobold,J'aimerais bien aller au restaurant.
fb57b97d646f43c9,L13 Ryan,Ryan_5_Required_ryan_romanced,5,Kobold,Tu connais de bons bars ?
d2c0f4718541c240,L13 Ryan,Ryan_5_Required_ryan_romanced,6,Kobold,Et un film ?
98ef145fb642c5b6,L13 Ryan,Ryan_5_Required_ryan_romanced,7,Ryan,On pourrait peut-être juste... Se promener ?
4bad2b5ecfe22c4a,L13 Ryan,Ryan_5_Required_ryan_romanced,8,Ryan,J'adore laisser les gens monter sur mon dos.
6e8c399ff118f405,L13 Ryan,Ryan_5_Required_ryan_romanced,9,Ryan,Ça te tenterait ?
7da2aa0d4ef74597,L13 Ryan,Ryan_5_Required_ryan_romanced,10,Kobold,Ça a l'air adorable !
db39ae73af1cfae5,L13 Ryan,Ryan_5_Required_ryan_romanced,11,Kobold,Ce ne serait pas dégradant ?
3185b026252747c6,L13 Ryan,Ryan_5_Required_ryan_romanced,13,Ryan,J'ai toujours adoré porter mes amis bipèdes sur mon dos...
d2994ff918a23d86,L13 Ryan,Ryan_5_Required_ryan_romanced,14,Ryan,"Alors c'est un rencard, j'ai hâte."
3fdcf71c3e2f7ea0,L13 Ryan,Ryan_5_Required_ryan_romanced,15,Ryan,"Oh ! Non, pas du tout. C'est amusant !"
8bacddc318adc2b9,L13 Ryan,Ryan_5_Required_ryan_romanced,16,Ryan,Je porte mes autres amis bipèdes tout le temps.
638c1801c65c6b0c,L13 Ryan,Ryan_5_Required_ryan_romanced,17,Ryan,Je suis sûr qu'on trouvera quelque chose ! retrouve-moi à la jetée !
25f86d817a092ae1,L13 Ryan,Ryan_5_Required_ryan_romanced,18,Ryan,"Ouais, ça a l'air pas mal."
38ae2aec596ab356,L13 Ryan,Ryan_5_Required_ryan_romanced,19,Ryan,Tu aimes les fruits de mer ?
d7456d9e85366bc9,L13 Ryan,Ryan_5_Required_ryan_romanced,20,Kobold,Oui. J'aime le poisson !
925a663e1b23d966,L13 Ryan,Ryan_5_Required_ryan_romanced,21,Kobold,"Hmmm, peut-être autre chose ?"
14d1fddd0115ee0d,L13 Ryan,Ryan_5_Required_ryan_romanced,22,Ryan,"Oh, génial. Je suis un grand amateur de saumon."
6b59acab736bd349,L13 Ryan,Ryan_5_Required_ryan_romanced,23,Ryan,"Enfin, je suis un dragon... mais... Tu vois ce que je veux dire."
334998266afc2476,L13 Ryan,Ryan_5_Required_ryan_romanced,24,Ryan,"Alors c'est un rencard ! Fruits de mer, et ensuite on improvise."
a02af61e18efb0f0,L13 Ryan,Ryan_5_Required_ryan_romanced,25,Ryan,Je connais un endroit équin-kin correct près de la jetée.
cf73a93aa04fdd02,L13 Ryan,Ryan_5_Required_ryan_romanced,26,Ryan,C'est genre un truc de fusion équine...
8771d66a0a1ace3e,L13 Ryan,Ryan_5_Required_ryan_romanced,27,Ryan,J'aime bien ! Je pense que ça te plairait aussi.
8cceef523eb8c739,L13 Ryan,Ryan_5_Required_ryan_romanced,28,Ryan,Alors c'est un rencard !
5a3b18942c9e3040,L13 Ryan,Ryan_5_Required_ryan_romanced,29,Ryan,"Ah oui, il y a ce chouette endroit en centre-ville qui s'appelle Wings."
4d1b2eff2bb69d21,L13 Ryan,Ryan_5_Required_ryan_romanced,30,Ryan,Je pense que ce serait pas mal ! Ils font de bons spectacles tous les soirs.
ebbcfde5ce6709d6,L13 Ryan,Ryan_5_Required_ryan_romanced,31,Ryan,"On pourrait faire ça, puis prendre une chambre d'hôtel... Hmm."
435234dd4f3b1033,L13 Ryan,Ryan_5_Required_ryan_romanced,34,Ryan,"Je pense qu'un film, ça pourrait être sympa !"
0ef6ac4a015fbebd,L13 Ryan,Ryan_5_Required_ryan_romanced,35,Ryan,Tu penses à quel genre de film ?
b64ebbe5369b5bbf,L13 Ryan,Ryan_5_Required_ryan_romanced,37,Kobold,Yip-Man - Le Dernier Yip
45afe74b37ed6bb0,L13 Ryan,Ryan_5_Required_ryan_romanced,38,Kobold,Les Dragons de la galaxie 2
a881cd2440d13252,L13 Ryan,Ryan_5_Required_ryan_romanced,39,Ryan,"Oh, j'en ai entendu du bien."
00712e7d97f1872a,L13 Ryan,Ryan_5_Required_ryan_romanced,41,Ryan,Les films Yip-Man sont vraiment kitsch...
037e3c0c446d2b14,L13 Ryan,Ryan_5_Required_ryan_romanced,42,Ryan,Mais je suis sûr que je l'apprécierais avec toi !
b1ac5509459ca2a4,L13 Ryan,Ryan_5_Required_ryan_romanced,43,Ryan,"Ah oui, j'avais aimé le premier."
eb547bf48bc9637e,L13 Ryan,Ryan_5_Required_ryan_romanced,45,Ryan,Alors c'est un rencard. J'ai hâte.
# --- progress: Ryan_5_Required_conrad_romanced | if $ryan_romanced $conrad_romanced ---
1f2c5ed668dc8972,L13 Ryan,Ryan_5_Required_conrad_romanced,1,Ryan,"Alors, parle-moi encore de conrad !"
522b54ddedc9ae6c,L13 Ryan,Ryan_5_Required_conrad_romanced,2,Kobold,Il est devenu bien plus gentil récemment.
9df47f9485e2d886,L13 Ryan,Ryan_5_Required_conrad_romanced,3,Kobold,Il est genre... un gros tendre entouré de trucs pointus.
2e0446089ab2f237,L13 Ryan,Ryan_5_Required_conrad_romanced,4,Ryan,Ah oui ? On dirait un peu une tête brûlée.
eb926b4bc196ac32,L13 Ryan,Ryan_5_Required_conrad_romanced,5,Ryan,Mais je connais le genre... Ils sont souvent tout tendres à l'intérieur.
8ea9e02ddeed61e3,L13 Ryan,Ryan_5_Required_conrad_romanced,6,Kobold,"Ouais, il s'est beaucoup amélioré."
5085892250461c04,L13 Ryan,Ryan_5_Required_conrad_romanced,7,Kobold,Ouaip. J'aime bien.
53011f72775c8ca4,L13 Ryan,Ryan_5_Required_conrad_romanced,8,Ryan,Ça fait vraiment plaisir à entendre.
4fbcc070e27c4736,L13 Ryan,Ryan_5_Required_conrad_romanced,9,Ryan,Rien de plus séduisant qu'un homme capable de s'améliorer !
aa8e7dea9ad61538,L13 Ryan,Ryan_5_Required_conrad_romanced,10,Ryan,Je suis content que ça marche entre vous.
390bea406a842664,L13 Ryan,Ryan_5_Required_conrad_romanced,11,Ryan,C'est génial. Je suis content que ça marche entre vous.
f147cd900de98aeb,L13 Ryan,Ryan_5_Required_conrad_romanced,12,Ryan,"Ah, ouais, ce genre-là est plutôt mignon."
883fec192f3d1119,L13 Ryan,Ryan_5_Required_conrad_romanced,13,Ryan,"D'après ce qu'on m'a dit, il s'est beaucoup amélioré récemment, non ?"
b5060af9808e8c7c,L13 Ryan,Ryan_5_Required_conrad_romanced,14,Kobold,"Mhm, il fait des efforts."
702195668cf48039,L13 Ryan,Ryan_5_Required_conrad_romanced,15,Kobold,Je crois qu'il était dans un mauvais environnement. Il va mieux maintenant.
1e681c01b417052f,L13 Ryan,Ryan_5_Required_conrad_romanced,16,Ryan,"C'est tout ce qu'on peut demander, non ?"
9056022b2085d3b7,L13 Ryan,Ryan_5_Required_conrad_romanced,17,Ryan,"Je suis content que ça marche entre vous, en tout cas."
932d7df9b58f5376,L13 Ryan,Ryan_5_Required_conrad_romanced,18,Ryan,Ça fait plaisir à entendre.
# --- progress: Ryan_5_Required_ryan_conrad_romanced | if $ryan_romanced $conrad_romanced $ryan_conrad_romanced ---
e76e544c771880f3,L13 Ryan,Ryan_5_Required_ryan_conrad_romanced,1,Ryan,Conrad parlait de toi pendant notre rencard.
2e21aa0b86c092fb,L13 Ryan,Ryan_5_Required_ryan_conrad_romanced,3,Kobold,À quel sujet ?
271a662aed24f160,L13 Ryan,Ryan_5_Required_ryan_conrad_romanced,4,Ryan,Il m'a raconté la fois où il s'est fait tabasser.
1b0b214cb2df69ec,L13 Ryan,Ryan_5_Required_ryan_conrad_romanced,5,Ryan,Je crois que tu l'as aidé bien plus que tu ne le réalises.
ad14c398c575824b,L13 Ryan,Ryan_5_Required_ryan_conrad_romanced,7,Kobold,Je faisais juste mon travail !
daddaa15545566ce,L13 Ryan,Ryan_5_Required_ryan_conrad_romanced,8,Ryan,"Certes, mais il avait besoin de quelqu'un qui se soucie de lui à ce moment-là."
f03747feadc10e71,L13 Ryan,Ryan_5_Required_ryan_conrad_romanced,9,Ryan,"Ça faisait longtemps que... Eh bien, que personne ne s'était soucié de lui, d'après ce que j'ai compris."
2ed3613575959ca6,L13 Ryan,Ryan_5_Required_ryan_conrad_romanced,10,Ryan,Même si tu faisais juste ton travail... Je pense que ça l'a beaucoup aidé.
658add118bb17ed5,L13 Ryan,Ryan_5_Required_ryan_conrad_romanced,11,Ryan,"Alors, merci de sa part de t'être soucié de lui."
8ca78aefdf9d3b44,L13 Ryan,Ryan_5_Required_ryan_conrad_romanced,12,Ryan,Je sais qu'il peut être un peu tête brûlée et oublier de remercier les gens.
9176dd2bd815750c,L13 Ryan,Ryan_5_Required_ryan_conrad_romanced,13,Kobold,Oh... Merci.
5a4dcf1ccff086af,L13 Ryan,Ryan_5_Required_ryan_conrad_romanced,14,Kobold,Ça me fait plaisir d'entendre ça.
6db8bf6280f68edb,L13 Ryan,Ryan_5_Required_ryan_conrad_romanced,15,Ryan,Oh. Et une autre chose.
49e6d82bb7d163af,L13 Ryan,Ryan_5_Required_ryan_conrad_romanced,16,Ryan,On a aussi couché ensemble après notre rencard.
e06e957ec854ab4c,L13 Ryan,Ryan_5_Required_ryan_conrad_romanced,17,Kobold,<size=70%><i>Woah...
9b2ad1c8b149bf00,L13 Ryan,Ryan_5_Required_ryan_conrad_romanced,19,Ryan,"Hah, ouais. Conrad a clairement de l'expérience..."
bc156217e847a8df,L13 Ryan,Ryan_5_Required_ryan_conrad_romanced,20,Ryan,Quoooi. Il n'y a rien de mal à ça ! je me suis dit que tu aimerais le savoir.
# --- jerkoff: Ryan_5_JerkOff_Start ---
9fec39c7cefbaca2,L13 Ryan,Ryan_5_JerkOff_Start,1,Ryan,"Hé hé... Les mains baladeuses, aujourd'hui, hein ?"
# --- cum: Ryan_5_Cum ---
6f8c64dde681ced5,L13 Ryan,Ryan_5_Cum,1,Ryan,Ouf... J'en avais besoin. Merci.
# --- mount_start: Ryan_5_Mount_Start ---
c7f3dbd886d929a7,L13 Ryan,Ryan_5_Mount_Start,1,Ryan,Le chevalet ? Bien sûr !
# --- mount_finish: Ryan_5_Mount_Finish ---
48ffbc93e2486713,L13 Ryan,Ryan_5_Mount_Finish,1,Ryan,Ouf... Merci pour ça.
# --- outro: Ryan_5_Outro_ryan_romanced | if $ryan_romanced ---
6fc39ec69d974bb4,L13 Ryan,Ryan_5_Outro_ryan_romanced,1,Ryan,Je crois que tu as fait tous les recoins.
c9e5fbe3317edd3f,L13 Ryan,Ryan_5_Outro_ryan_romanced,2,Ryan,Tu sais ce que ça veut dire...
f553e58b991e05cc,L13 Ryan,Ryan_5_Outro_ryan_romanced,3,Kobold,SOIRÉE RENCARD !
0eb7accf7a8bffc3,L13 Ryan,Ryan_5_Outro_ryan_romanced,6,Ryan,Ça veut dire que je suis prêt pour un rencard avec un certain kobold.
e7da2124354de72f,L13 Ryan,Ryan_5_Outro_ryan_romanced,7,Ryan,"Je sais que tu dois fermer la boutique. Je te ferai passer l'adresse et on se retrouve là-bas, d'accord ?"
6b7ea0261a825f1b,L13 Ryan,Ryan_5_Outro_ryan_romanced,8,Kobold,Ça me va !
7809df3c2e9fa860,L13 Ryan,Ryan_5_Outro_ryan_romanced,10,Ryan,J'ai vraiment hâte.
dc9e132cf2897c30,L13 Ryan,Ryan_5_Outro_ryan_romanced,12,Ryan,"Bon, va ouvrir le portail et je pars pour l'endroit !"
7d5a43fcbb4e03de,L13 Ryan,Ryan_5_Outro_ryan_romanced,13,Ryan,À tout à l'heure.
# --- outro: Ryan_5_Outro_conrad_romanced | if $ryan_romanced $conrad_romanced ---
b050469dea41d597,L13 Ryan,Ryan_5_Outro_conrad_romanced,2,Ryan,Merci de m'avoir aidé.
25ec1c59caa5e66c,L13 Ryan,Ryan_5_Outro_conrad_romanced,3,Kobold,Je suis toujours content de te laver !
2a67fb93196e8722,L13 Ryan,Ryan_5_Outro_conrad_romanced,5,Ryan,Oh... Pas juste le lavage.
2140dcb75dc2d0f9,L13 Ryan,Ryan_5_Outro_conrad_romanced,6,Ryan,"Genre, en général."
a6d4dab5c8699946,L13 Ryan,Ryan_5_Outro_conrad_romanced,7,Ryan,La rupture que j'ai traversée a été dure.
1fd66775cea2eb4b,L13 Ryan,Ryan_5_Outro_conrad_romanced,8,Ryan,C'était une belle échappatoire.
8f4dc96f133fa75c,L13 Ryan,Ryan_5_Outro_conrad_romanced,9,Ryan,Et je suis vraiment content pour Conrad et toi.
8ed791569d35f02c,L13 Ryan,Ryan_5_Outro_conrad_romanced,10,Ryan,"On se revoit la prochaine fois que je viens, d'accord ?"
d38d6a1844481871,L13 Ryan,Ryan_5_Outro_conrad_romanced,11,Kobold,"Je suis toujours content de te voir, Ryan."
c88980c837fb6592,L13 Ryan,Ryan_5_Outro_conrad_romanced,12,Kobold,Je vais t'ouvrir le portail
b1e1c4e40f4aaeec,L13 Ryan,Ryan_5_Outro_conrad_romanced,13,Ryan,Moi aussi. Merci pour le lavage.
# --- outro: Ryan_5_Outro_ryan_conrad_romanced | if $ryan_romanced $conrad_romanced $ryan_conrad_romanced ---
c5f14714a1e0439c,L13 Ryan,Ryan_5_Outro_ryan_conrad_romanced,8,Ryan,C'était une merveilleuse échappatoire...
3eb55bf5de9c718b,L13 Ryan,Ryan_5_Outro_ryan_conrad_romanced,9,Ryan,Et tu m'as présenté Conrad.
7aa8987bf569468c,L13 Ryan,Ryan_5_Outro_ryan_conrad_romanced,10,Ryan,Il est génial.

# ===== Level 14: Conrad (Night) =====
# --- intro: Conrad_5_intro_ryan_romanced | if $ryan_conrad_romanced $conrad_romanced $ryan_romanced ---
ab4070df9f9d3980,L14 Conrad,Conrad_5_intro_ryan_romanced,1,Conrad,"<size=140%>HÉ, <size=100%>je cherche un lavage."
8597b1ea1423580d,L14 Conrad,Conrad_5_intro_ryan_romanced,2,Kobold,"Salut, Conrad."
3ed1272125c54574,L14 Conrad,Conrad_5_intro_ryan_romanced,3,Kobold,Qu'est-ce qui t'amène si tard ?
d90de33a2137108a,L14 Conrad,Conrad_5_intro_ryan_romanced,4,Conrad,"Ouais, c'est moi."
2ca9d5b1cf89ccc8,L14 Conrad,Conrad_5_intro_ryan_romanced,5,Conrad,Je vais en centre-ville ce soir. Fallait que je sois impeccable. Dis...
f5ebf2a456433609,L14 Conrad,Conrad_5_intro_ryan_romanced,6,Conrad,"J'ai entendu parler de toi et du grand bleu. Ryan, c'est ça ?"
061d649bf4c733b7,L14 Conrad,Conrad_5_intro_ryan_romanced,7,Conrad,Je parie que tu t'es bien amusé.
4193e2b4730c89ad,L14 Conrad,Conrad_5_intro_ryan_romanced,8,Conrad,J'espère que ça s'est bien passé.
63ecf81d4e111712,L14 Conrad,Conrad_5_intro_ryan_romanced,9,Kobold,Oui ! Merci de demander.
0c7c795d2dd5eb76,L14 Conrad,Conrad_5_intro_ryan_romanced,10,Kobold,Ça s'est bien passé.
ae61bf1949b59852,L14 Conrad,Conrad_5_intro_ryan_romanced,12,Conrad,Bon !
25ba5fd876754270,L14 Conrad,Conrad_5_intro_ryan_romanced,13,Conrad,Conrad a besoin d'un lavage !
# --- intro: Conrad_5_intro_conrad_romanced | if $ryan_conrad_romanced $conrad_romanced $ryan_romanced ---
76777c9ea422832b,L14 Conrad,Conrad_5_intro_conrad_romanced,1,Conrad,"Salut, beau gosse"
0b7efee62380b6cd,L14 Conrad,Conrad_5_intro_conrad_romanced,2,Conrad,De quoi j'ai l'air ?
060982be63865e2c,L14 Conrad,Conrad_5_intro_conrad_romanced,3,Kobold,Très cool
b6fff34d007d61c9,L14 Conrad,Conrad_5_intro_conrad_romanced,4,Kobold,Bof...
806a4d3418ed236d,L14 Conrad,Conrad_5_intro_conrad_romanced,5,Conrad,Ouais ! Carrément !
4bd075c280186208,L14 Conrad,Conrad_5_intro_conrad_romanced,6,Conrad,Mais pas pour un rencard.
777560a71762cf9b,L14 Conrad,Conrad_5_intro_conrad_romanced,7,Conrad,"Allons laver tout ça pour notre rencard de ce soir, alors."
364ea49c3b6c9895,L14 Conrad,Conrad_5_intro_conrad_romanced,8,Conrad,Ha !
3ef6b1f5eeda632e,L14 Conrad,Conrad_5_intro_conrad_romanced,9,Conrad,Je déconne.
ec760ba3440257aa,L14 Conrad,Conrad_5_intro_conrad_romanced,10,Conrad,"Ok, allons laver tout ça pour notre rencard de ce soir, alors."
300d848a1b6703e2,L14 Conrad,Conrad_5_intro_conrad_romanced,12,Kobold,Faut que tu sois impeccable !
260d7e3607c0eca1,L14 Conrad,Conrad_5_intro_conrad_romanced,14,Conrad,Hé hé... Et comment.
d875bd1d6febfd53,L14 Conrad,Conrad_5_intro_conrad_romanced,15,Conrad,Je suis à fond.
a652a464f67481de,L14 Conrad,Conrad_5_intro_conrad_romanced,16,Conrad,J'ai déjà des places dans ce bar dont je t'ai parlé.
ce3783abd13119b6,L14 Conrad,Conrad_5_intro_conrad_romanced,17,Conrad,"L'ambiance, la nuit, elle est putain de géniale."
18ed0c57d649df67,L14 Conrad,Conrad_5_intro_conrad_romanced,18,Conrad,Ça va te plaire.
# --- intro: Conrad_5_intro_ryan_conrad_romanced | if $ryan_conrad_romanced $conrad_romanced $ryan_romanced ---
9ec8a28e82bf29dd,L14 Conrad,Conrad_5_intro_ryan_conrad_romanced,1,Conrad,Saluuuut.
ce0517f9b97181e5,L14 Conrad,Conrad_5_intro_ryan_conrad_romanced,2,Kobold,Qu'est-ce qui te met de si bonne humeur ?
9560e52eac466c54,L14 Conrad,Conrad_5_intro_ryan_conrad_romanced,4,Conrad,"Mon rencard avec Ryan, c'était..."
f1afc0e7b46c4e3f,L14 Conrad,Conrad_5_intro_ryan_conrad_romanced,5,Conrad,"Putain, vraiment bien !"
line:ab3a5d9c,L14 Conrad,Conrad_5_intro_ryan_conrad_romanced,6,Conrad,Salut.
4b512432c16ce478,L14 Conrad,Conrad_5_intro_ryan_conrad_romanced,9,Conrad,Désolé de venir si tard. Mon sommeil est complètement déréglé.
258282b3a0c1182a,L14 Conrad,Conrad_5_intro_ryan_conrad_romanced,10,Conrad,"Je suis juste là pour un lavage, par contre."
b67855af6a6d0c66,L14 Conrad,Conrad_5_intro_ryan_conrad_romanced,11,Kobold,Il faudra bientôt me raconter tous les détails sur Ryan.
9ab1cc314a249eac,L14 Conrad,Conrad_5_intro_ryan_conrad_romanced,12,Kobold,D'accord ! Je vais ouvrir le portail.
1d28eb42dcdd879d,L14 Conrad,Conrad_5_intro_ryan_conrad_romanced,13,Conrad,T'inquiète. Je le ferai.
# --- progress: Conrad_5_required_ryan_romanced | if $ryan_romanced ---
189bf8eff795718a,L14 Conrad,Conrad_5_required_ryan_romanced,1,Conrad,"Hé, désolé de venir si tard."
cf69f255df6f95af,L14 Conrad,Conrad_5_required_ryan_romanced,2,Kobold,C'est pas grave. Je ferme dans une heure environ.
3aa0d9279bff43d9,L14 Conrad,Conrad_5_required_ryan_romanced,3,Kobold,Tu peux venir quand tu veux !
f135fa715daf4f0c,L14 Conrad,Conrad_5_required_ryan_romanced,4,Conrad,"Ah. Bon, laisse tomber, je suis pas désolé alors."
b127befdbae1da68,L14 Conrad,Conrad_5_required_ryan_romanced,6,Conrad,Ton rencard avec Ryan.
e00a5000d0f2cd2a,L14 Conrad,Conrad_5_required_ryan_romanced,8,Conrad,"C'était comment, le sexe."
7bd3b05552e5bd75,L14 Conrad,Conrad_5_required_ryan_romanced,10,Kobold,Oh. Euh. <size=70%>Bien.
051b72b94276cf81,L14 Conrad,Conrad_5_required_ryan_romanced,11,Conrad,"Hé, y a pas de mal à demander !"
d5e5e7ee92b23759,L14 Conrad,Conrad_5_required_ryan_romanced,12,Conrad,"On dirait que c'était bien, alors."
83e2bb850a49b35e,L14 Conrad,Conrad_5_required_ryan_romanced,13,Conrad,"Hah, ça m'étonne pas."
9f69f9b215b926ee,L14 Conrad,Conrad_5_required_ryan_romanced,14,Conrad,Tu sais plutôt bien te servir de tes mains.
2c910bcdb2651bf0,L14 Conrad,Conrad_5_required_ryan_romanced,15,Conrad,Je suis jaloux !
9e8a396c1742ffde,L14 Conrad,Conrad_5_required_ryan_romanced,16,Conrad,...Mais pas dans le sens bizarre et malsain.
# --- progress: Conrad_5_required_conrad_romanced | if $ryan_romanced $conrad_romanced ---
63b786e95b90bc5e,L14 Conrad,Conrad_5_required_conrad_romanced,1,Conrad,Alors. Ce soir.
6a74a80cafdccde8,L14 Conrad,Conrad_5_required_conrad_romanced,6,Conrad,T'as raison d'avoir hâte.
06318559748ee640,L14 Conrad,Conrad_5_required_conrad_romanced,7,Conrad,Tu vas adorer.
6c4d5b09c5034364,L14 Conrad,Conrad_5_required_conrad_romanced,8,Conrad,Les lumières du quartier sont géniales aussi.
95e9b7e01259ac1e,L14 Conrad,Conrad_5_required_conrad_romanced,9,Conrad,Ça pose vraiment l'ambiance.
66e39f6379268a82,L14 Conrad,Conrad_5_required_conrad_romanced,10,Kobold,Garde ton ambiance pour ce soir !
f9ae65b8ce359331,L14 Conrad,Conrad_5_required_conrad_romanced,12,Conrad,Hah. D'accord.
1d1baaa8db27cb04,L14 Conrad,Conrad_5_required_conrad_romanced,13,Conrad,Ah oui.
ff84a4b13b8be2a4,L14 Conrad,Conrad_5_required_conrad_romanced,14,Conrad,"Une fois propre, je file préparer notre place."
# --- progress: Conrad_5_required_ryan_conrad_romanced | if $ryan_romanced $conrad_romanced $ryan_conrad_romanced ---
1598446fc49cdf80,L14 Conrad,Conrad_5_required_ryan_conrad_romanced,1,Conrad,Ryan est un dragon tellement gentil.
e2e3e43114ab1531,L14 Conrad,Conrad_5_required_ryan_conrad_romanced,2,Kobold/Conrad,C'est vrai.
73f5014bc8782ad4,L14 Conrad,Conrad_5_required_ryan_conrad_romanced,4,Conrad,"Ouais, il est tellement gentil avec moi."
953a9b287930c86a,L14 Conrad,Conrad_5_required_ryan_conrad_romanced,5,Conrad,Il est... Attentionné. Et vraiment compréhensif aussi.
41d3eda9c195fe48,L14 Conrad,Conrad_5_required_ryan_conrad_romanced,6,Conrad,"Quand je l'ai rencontré, je retombais dans mes vieux réflexes."
42fb7bc16778c0a5,L14 Conrad,Conrad_5_required_ryan_conrad_romanced,7,Conrad,"... En me comportant un peu comme un connard, franchement."
66ad79997bc62825,L14 Conrad,Conrad_5_required_ryan_conrad_romanced,8,Conrad,Il a juste... Su quoi dire pour me sortir de tout ça.
7f8b591142c62352,L14 Conrad,Conrad_5_required_ryan_conrad_romanced,9,Kobold,C'est vraiment chouette !
98e27e864ef9bcd4,L14 Conrad,Conrad_5_required_ryan_conrad_romanced,10,Kobold,Ryan est un amour
7d6c8c039970d352,L14 Conrad,Conrad_5_required_ryan_conrad_romanced,11,Conrad,Ouais... Il est vraiment génial.
5e25d0f2371f53e0,L14 Conrad,Conrad_5_required_ryan_conrad_romanced,13,Conrad,Merci de me l'avoir présenté.
# --- jerkoff: Conrad_5_JerkOff_Start ---
c96d891724f6aacb,L14 Conrad,Conrad_5_JerkOff_Start,1,Conrad,"Hah... Tu vas me branler, là ? Ça me va."
# --- cum: Conrad_5_Cum ---
51bfc34995242b1a,L14 Conrad,Conrad_5_Cum,1,Conrad,Puuutain. Tu sais vraiment t'y prendre avec un dragon !
# --- outro: Conrad_5_outro_ryan_romanced | if $ryan_romanced ---
311729708567a9d6,L14 Conrad,Conrad_5_outro_ryan_romanced,1,Kobold,C'est fini !
84da55b8523dba73,L14 Conrad,Conrad_5_outro_ryan_romanced,2,Kobold,Tu es <i>impeccable.</i>
2bde145654bd4a8f,L14 Conrad,Conrad_5_outro_ryan_romanced,3,Conrad,On dirait bien.
af144d6cb4daa5e6,L14 Conrad,Conrad_5_outro_ryan_romanced,4,Conrad,Putain ouais.
8c873098ac0042a6,L14 Conrad,Conrad_5_outro_ryan_romanced,5,Conrad,Merci pour le lavage si tard dans la nuit.
028e30f8adf6e6ad,L14 Conrad,Conrad_5_outro_ryan_romanced,6,Conrad,"Tu me tiens au courant pour Ryan et toi, hein ?"
a398eca1fb8d9924,L14 Conrad,Conrad_5_outro_ryan_romanced,7,Conrad,Bref...
234fc4abfc8d8619,L14 Conrad,Conrad_5_outro_ryan_romanced,8,Conrad,Laisse sortir le <i>grand C</i> de cet endroit !
a53a782390260e09,L14 Conrad,Conrad_5_outro_ryan_romanced,9,Kobold,grand C... ?
8e369560d1581070,L14 Conrad,Conrad_5_outro_ryan_romanced,10,Kobold,"D'accord, Conrad."
f6b30f28e561466d,L14 Conrad,Conrad_5_outro_ryan_romanced,12,Conrad,"Ouaaais, je vais pas garder celui-là."
ac2b2c6605839727,L14 Conrad,Conrad_5_outro_ryan_romanced,13,Conrad,Hah... Ouais...
fc66fcc7fd7d0e4d,L14 Conrad,Conrad_5_outro_ryan_romanced,14,Conrad,"Allez, à plus !"
# --- outro: Conrad_5_outro_conrad_romanced | if $ryan_romanced $conrad_romanced ---
9333db61bcc08052,L14 Conrad,Conrad_5_outro_conrad_romanced,1,Conrad,Tout propre...
8b45593ada7894a3,L14 Conrad,Conrad_5_outro_conrad_romanced,2,Conrad,Tu sais ce que ça veut dire.
53e54ad7b23e6757,L14 Conrad,Conrad_5_outro_conrad_romanced,3,Kobold,Soirée rencard !
4f319a155b3e572c,L14 Conrad,Conrad_5_outro_conrad_romanced,4,Kobold,Il faut d'abord que je ferme la boutique...
f3296c9825518630,L14 Conrad,Conrad_5_outro_conrad_romanced,6,Conrad,Je vais réserver ta place pendant que tu fermes.
c215e512d572e96c,L14 Conrad,Conrad_5_outro_conrad_romanced,7,Conrad,"Je sais, je vais réserver ta place !"
22d803e60de439a9,L14 Conrad,Conrad_5_outro_conrad_romanced,8,Conrad,Allez ! Je suis prêt à y aller.
092af5ec90bd21c7,L14 Conrad,Conrad_5_outro_conrad_romanced,9,Conrad,Je t'attendrai au bar ce soir !
# --- outro: Conrad_5_outro_ryan_conrad_romanced | if $ryan_romanced $conrad_romanced $ryan_conrad_romanced ---
e079ff157877ea28,L14 Conrad,Conrad_5_outro_ryan_conrad_romanced,1,Conrad,Je crois que t'as fait tous les recoins !
6749954edebda844,L14 Conrad,Conrad_5_outro_ryan_conrad_romanced,2,Conrad,Je vais te lâcher les écailles.
2bc72fd03dd6d9e7,L14 Conrad,Conrad_5_outro_ryan_conrad_romanced,3,Conrad,Merci de m'avoir laissé entrer si tard.
f001e3ed4df7e0ee,L14 Conrad,Conrad_5_outro_ryan_conrad_romanced,4,Kobold,Pas de problème !
9d4a6cd35afcc17e,L14 Conrad,Conrad_5_outro_ryan_conrad_romanced,5,Kobold,"Toujours content de t'avoir ici, Conrad."
5e4e2c64bc630fa1,L14 Conrad,Conrad_5_outro_ryan_conrad_romanced,6,Conrad,Mmmhm. Je vais travailler sur mon rythme de sommeil...
5c58c3e6d4c7dc65,L14 Conrad,Conrad_5_outro_ryan_conrad_romanced,7,Conrad,Merci. Je suis toujours content d'être ici.
163137d1bff25904,L14 Conrad,Conrad_5_outro_ryan_conrad_romanced,8,Conrad,Bref. Tu peux aller ouvrir le portail ?
94d29a68cf0c8c31,L14 Conrad,Conrad_5_outro_ryan_conrad_romanced,9,Conrad,La soirée va pas commencer toute seule !

# ===== Level 15: Alexander (Sunny) =====
# --- intro: Alexander_5_intro ---
bc3d56d7794e4370,L15 Alexander,Alexander_5_intro,6,Kobold,"Salut, Alexander."
1bef44aeb393caf0,L15 Alexander,Alexander_5_intro,7,Kobold,"Salut, grand costaud !"
2d8bd7d9bb5f85ba,L15 Alexander,Alexander_5_intro,8,Alexander,Bonjour.
b048841add4ee6cf,L15 Alexander,Alexander_5_intro,10,Alexander,Je viens pour un lavage.
beeee2948bf1c30a,L15 Alexander,Alexander_5_intro,11,Alexander,J'espère que vous allez bien !
906a59351176dc24,L15 Alexander,Alexander_5_intro,12,Kobold,Oui ! J'ai eu un rencard avec Ryan.
2a75724b922176cf,L15 Alexander,Alexander_5_intro,13,Alexander,Ah oui ? Le drake bleu ciel que j'ai croisé dans les parages ?
1f4da5e1dde7e17c,L15 Alexander,Alexander_5_intro,14,Alexander,Merveilleux d'apprendre que vous fréquentez quelqu'un !
50f1967e1e33cecf,L15 Alexander,Alexander_5_intro,15,Kobold,Oui ! J'ai eu un rencard avec Conrad.
0738da2a76bc2231,L15 Alexander,Alexander_5_intro,16,Alexander,Ah oui ? Le petit drake rouge ?
896dc87e931d64eb,L15 Alexander,Alexander_5_intro,18,Kobold,Oui ! Et encore mieux maintenant que tu es là.
0786859cb08f5ef9,L15 Alexander,Alexander_5_intro,19,Kobold,Je vais bien !
414ed962f4c8a03a,L15 Alexander,Alexander_5_intro,20,Alexander,Oh. C'est... Merveilleux !
10cdda610834ef77,L15 Alexander,Alexander_5_intro,21,Alexander,Je suis heureux d'être ici aussi.
346865d8c1dd9693,L15 Alexander,Alexander_5_intro,22,Alexander,Merveilleux à entendre.
f9ccb379ac224d71,L15 Alexander,Alexander_5_intro,23,Alexander,"Quoi qu'il en soit, j'ai besoin d'un nettoyage."
4e576daaec5a2d15,L15 Alexander,Alexander_5_intro,24,Kobold,Je m'en occupe !
42dbc75670fc6105,L15 Alexander,Alexander_5_intro,26,Alexander,J'ai hâte de ce lavage.
# --- progress: Alexander_5_romance_route | if $ryan_conrad_romanced ---
067e958be39127d9,L15 Alexander,Alexander_5_romance_route,4,Alexander,Je réfléchissais...
4dd6f1ad9c86a533,L15 Alexander,Alexander_5_romance_route,5,Alexander,Me trouvez-vous séduisant ?
303f7b0a567bfb2b,L15 Alexander,Alexander_5_romance_route,6,Kobold,OUI.
09141003dee8665c,L15 Alexander,Alexander_5_romance_route,7,Kobold,Oui !
43c22d680a102c02,L15 Alexander,Alexander_5_romance_route,8,Kobold,Je te trouve beau.
4d433e9df480be59,L15 Alexander,Alexander_5_romance_route,10,Alexander,J'en suis ravi !
c2ec019426b864e2,L15 Alexander,Alexander_5_romance_route,11,Alexander,"Cela... me rend bien plus sûr de moi, alors."
2819c10656ee517a,L15 Alexander,Alexander_5_romance_route,12,Alexander,Sincèrement ?
8fa16c7b8108298a,L15 Alexander,Alexander_5_romance_route,15,Alexander,"Cela me rend bien plus sûr de moi, alors."
4f6ee313463724ba,L15 Alexander,Alexander_5_romance_route,16,Alexander,Ce qui m'amène à ma question suivante...
96ec8add863c6173,L15 Alexander,Alexander_5_romance_route,17,Alexander,Accepteriez-vous de me rejoindre à la bibliothèque de l'université ce soir... ?
558dbfba7857e37d,L15 Alexander,Alexander_5_romance_route,18,Alexander,Ce serait un... rendez-vous galant. Comme diraient la plupart des gens.
76eea215ea7ba450,L15 Alexander,Alexander_5_romance_route,19,Kobold,"<gradient=""gold""><b> Ça me dirait bien ! </b></gradient><size=70%> (Mène à la romance avec Alexander !)"
500188b2a2627768,L15 Alexander,Alexander_5_romance_route,20,Kobold,"<gradient=""gold""><b> Je vais être occupé ce soir. Désolé. </b></gradient><size=70%> (Mène à aucune romance !)"
96b6a8b07a0781d0,L15 Alexander,Alexander_5_romance_route,22,Alexander,Cela fait un moment que j'envisage de vous le demander.
942b49a7c66fb0bf,L15 Alexander,Alexander_5_romance_route,23,Alexander,Ah. Ne vous en faites pas.
b1cb9d9c9d3d9661,L15 Alexander,Alexander_5_romance_route,24,Alexander,"Très bien. Ne me laissez pas interrompre le lavage, alors !"
# --- progress: Alexander_5_required ---
861a7c80ccb8a4ba,L15 Alexander,Alexander_5_required,1,Alexander,"Alors, comment s'est passé votre rendez-vous ?"
3481be04c35d76a2,L15 Alexander,Alexander_5_required,2,Kobold,C'était génial ! Ryan est un amour.
d26f0d306552c44a,L15 Alexander,Alexander_5_required,3,Kobold,C'était génial. Conrad est déchaîné. Dans le bon sens.
cf755b67feb7b6d9,L15 Alexander,Alexander_5_required,4,Kobold,C'était bien. On a couché ensemble.
6af3f2040301f8fa,L15 Alexander,Alexander_5_required,5,Alexander,Tant mieux. Vous méritez un homme convenable.
9b8379de3d387846,L15 Alexander,Alexander_5_required,6,Alexander,Je suis certain qu'il vous trouve tout aussi charmant !
add751924d595d89,L15 Alexander,Alexander_5_required,7,Kobold,"Merci, tu es charmant aussi !"
01cb42db52da342d,L15 Alexander,Alexander_5_required,9,Alexander,Merci. C'est gentil de votre part de le dire.
a8ab7e0a75fdc69c,L15 Alexander,Alexander_5_required,11,Alexander,"Hah, il a l'air du genre déchaîné."
5bac15668ef9b115,L15 Alexander,Alexander_5_required,12,Alexander,Je suis ravi qu'il vous plaise. Je suis certain qu'il vous trouve charmant.
cb8f422bf973d563,L15 Alexander,Alexander_5_required,20,Alexander,Vous devez donc former un beau couple.
# --- jerkoff: Alexander_5_JerkOff_Start ---
caa4d660ab8d004d,L15 Alexander,Alexander_5_JerkOff_Start,1,Alexander,<i> c'est agréable...</i>
# --- cum: Alexander_5_Cum ---
3eb65bb3b11e901c,L15 Alexander,Alexander_5_Cum,1,Alexander,Oh... Pardonnez-moi d'avoir fait des dégâts...
# --- mount_start: Alexander_5_Mount_Start ---
6df0c2c2617b9905,L15 Alexander,Alexander_5_Mount_Start,1,Alexander,Oh mon dieu. Je suppose que je pourrais utiliser le chevalet !
# --- mount_finish: Alexander_5_Mount_Finish ---
31ea4258e44c77e4,L15 Alexander,Alexander_5_Mount_Finish,1,Alexander,Nnf... Je crois que j'en avais besoin. Merci.
# --- outro: Alexander_5_Outro ---
026554f86388b721,L15 Alexander,Alexander_5_Outro,1,Alexander,Merci pour le nettoyage.
7f37ff79ee94bd0b,L15 Alexander,Alexander_5_Outro,2,Alexander,Ce soir... sur le campus. La bibliothèque est le grand bâtiment à la flèche bleue.
f5e9b1cef9c39e89,L15 Alexander,Alexander_5_Outro,3,Alexander,"Présentez-vous à l'entrée des dragons, et je vous ferai entrer."
5832139d604c3ee8,L15 Alexander,Alexander_5_Outro,5,Kobold,Moi aussi !
6ed2300bf162b1de,L15 Alexander,Alexander_5_Outro,6,Kobold,Ça a l'air vraiment cool.
ada4e05c4d451f61,L15 Alexander,Alexander_5_Outro,8,Alexander,C'est en effet plutôt cool.
6068953467a952bf,L15 Alexander,Alexander_5_Outro,9,Alexander,"Je vais vous lâcher les écailles, à présent. Merci pour le lavage."
7ca9216de53b82e5,L15 Alexander,Alexander_5_Outro,10,Alexander,À ce soir.
4f8eb9eeb14b2f7d,L15 Alexander,Alexander_5_Outro,11,Alexander,Ce devrait être tous les recoins.
991fa15e47275ce0,L15 Alexander,Alexander_5_Outro,12,Alexander,Merci pour le nettoyage !
6d1255dd43802973,L15 Alexander,Alexander_5_Outro,13,Alexander,Je suis heureux de vous avoir rencontré.
5d5e0eafc7ef13d6,L15 Alexander,Alexander_5_Outro,14,Kobold,Moi aussi.
63b9a103362edd6c,L15 Alexander,Alexander_5_Outro,15,Kobold,"Oh, merci, Alexander."
6df8f8008c57cbac,L15 Alexander,Alexander_5_Outro,16,Alexander,"Quoi qu'il en soit, je vais vous lâcher les écailles, à présent."
1cb7b221b7adda1c,L15 Alexander,Alexander_5_Outro,17,Alexander,Au revoir !

# ===== Cutscenes (started by game code) =====
# --- Alexander_SexScene ---
266f7a45346224eb,Cutscene,Alexander_SexScene,1,Alexander,Nous pouvons simplement rester allongés là...
43b91c684627d3b6,Cutscene,Alexander_SexScene,2,Alexander,Vous vous occuperez de tout ?
# --- Alexander_SexScene_Loop ---
7d085d9765e3c5d6,Cutscene,Alexander_SexScene_Loop,1,Alexander,Mon dieu...
f70738ec42aa401d,Cutscene,Alexander_SexScene_Loop,2,Alexander,Vous êtes très habile de vos mains
328ad033a139998d,Cutscene,Alexander_SexScene_Loop,3,Alexander,mmm...
5ec1f7e700f37c3d,Cutscene,Alexander_SexScene_Loop,4,Alexander/Conrad/Ryan,..
# --- Alexander_SexScene_Cum | if $alexander_sexscene_loops ---
08ab4c0c6ca5fe6f,Cutscene,Alexander_SexScene_Cum,1,Kobold,"C'est bon, comme ça ?"
069e24aa896ea4cf,Cutscene,Alexander_SexScene_Cum,2,Alexander,Bon... Ce serait le mot juste.
2c33dcef91e06624,Cutscene,Alexander_SexScene_Cum,3,Kobold,Bien.
2d731f1625c8064f,Cutscene,Alexander_SexScene_Cum,4,Alexander,"Je suis... Plutôt proche, maintenant"
4650860eb73dd16f,Cutscene,Alexander_SexScene_Cum,5,Kobold,Tu tiens encore un peu pour moi ?
860ede2808e2507c,Cutscene,Alexander_SexScene_Cum,6,Kobold,Vas-y !
16c36baab1491eb1,Cutscene,Alexander_SexScene_Cum,7,Alexander,T-très bien. Je vais essayer.
24537bfd61baf4a0,Cutscene,Alexander_SexScene_Cum,8,Alexander,Je ne crois pas pouvoir me retenir plus longtemps
a63eed0b6b6a78c7,Cutscene,Alexander_SexScene_Cum,9,Kobold,Pas encore. encore un peu.
35f5ee08b67fc0f5,Cutscene,Alexander_SexScene_Cum,10,Kobold,Laisse-toi aller quand tu es prêt.
82af5427ecb85c11,Cutscene,Alexander_SexScene_Cum,11,Alexander,Oui...
847ec7301eab2bde,Cutscene,Alexander_SexScene_Cum,12,Alexander,Ouf...
c958ed597f3ee7b9,Cutscene,Alexander_SexScene_Cum,13,Alexander,J'ai beaucoup apprécié cela.
f3be3d62065c0791,Cutscene,Alexander_SexScene_Cum,14,Kobold,Ça me fait plaisir à entendre.
6a629fe795ac84d7,Cutscene,Alexander_SexScene_Cum,15,Kobold,Et maintenant ?
4cc4342b97114697,Cutscene,Alexander_SexScene_Cum,16,Alexander,Oui... Mais je crois qu'il va falloir nettoyer le sol.
ee63118710aa5c5b,Cutscene,Alexander_SexScene_Cum,17,Alexander,Il va falloir nettoyer le sol...
8319d1715d2a4149,Cutscene,Alexander_SexScene_Cum,18,Alexander,<i><size=70%>oh oh... et les livres
# --- Conrad_SexScene ---
b6d2d6ccb52c5166,Cutscene,Conrad_SexScene,1,Conrad,Oh putain ! T'es vraiment aventureux !
e5c48d779d6422b5,Cutscene,Conrad_SexScene,2,Kobold,mmph ! (Ouais !)
e0ecc38d8bbe3790,Cutscene,Conrad_SexScene,3,Conrad,Parle pas la bouche pleine
# --- Conrad_SexScene_Loop ---
d7e01674d2776085,Cutscene,Conrad_SexScene_Loop,1,Conrad,"Franchement, je sais pas comment tu fais ça."
9b277d164ba8a630,Cutscene,Conrad_SexScene_Loop,2,Conrad,Mais je me plains pas.
73433af885509f84,Cutscene,Conrad_SexScene_Loop,3,Conrad,Putain ouais
# --- Conrad_SexScene_Cum | if $conrad_sexscene_loops ---
fcfcfc2c31be11e5,Cutscene,Conrad_SexScene_Cum,1,Conrad,T'es prêt pour ça ?
6b426873374bb7a4,Cutscene,Conrad_SexScene_Cum,2,Kobold,Donne-moi un instant
91213ceb7548b8dc,Cutscene,Conrad_SexScene_Cum,3,Kobold,Prêt !
72e3cb39cf4a181a,Cutscene,Conrad_SexScene_Cum,4,Conrad,Conrad peut tenir aussi longtemps qu'il faut
3f2d1b3f808a4ec7,Cutscene,Conrad_SexScene_Cum,5,Conrad,Je peux me lâcher dès que t'es prêt
46438371960f0974,Cutscene,Conrad_SexScene_Cum,6,Kobold,Pas encore.
d893ccbfc95475bc,Cutscene,Conrad_SexScene_Cum,7,Kobold,Envoie la sauce !
aa1a7618e29e4482,Cutscene,Conrad_SexScene_Cum,8,Conrad,"Hé, ça me va !"
aa116a5879e94072,Cutscene,Conrad_SexScene_Cum,9,Conrad,Je suis impressionné.
45a9ad3bf69b0498,Cutscene,Conrad_SexScene_Cum,10,Conrad,Prêt à retourner dans le club ?
4db30f4a0f40d350,Cutscene,Conrad_SexScene_Cum,11,Kobold,Ça me va !
# --- Ryan_Conrad_SexScene ---
e86ce51d1dbf8280,Cutscene,Ryan_Conrad_SexScene,1,Ryan,Ryan : Je n'ai jamais fait ça dehors avant
848d254c8d63e6fb,Cutscene,Ryan_Conrad_SexScene,2,Conrad,Conrad : T'inquiète pas pour ça !
3e0325398f9de675,Cutscene,Ryan_Conrad_SexScene,3,Conrad,Conrad : Je le fais tout le temps
d55845869b2cd946,Cutscene,Ryan_Conrad_SexScene,4,Ryan,Ryan : C'est vrai que c'est plutôt excitant
# --- Ryan_Conrad_SexScene_Loop ---
59a6f968c75b792f,Cutscene,Ryan_Conrad_SexScene_Loop,1,Conrad,Conrad : Tu passes un bon moment ?
836b8c1db049dc01,Cutscene,Ryan_Conrad_SexScene_Loop,2,Ryan,"Ryan : Ouais, carrément. Tu t'inquiètes pour moi ?"
dd91f260275b5093,Cutscene,Ryan_Conrad_SexScene_Loop,3,Conrad,Conrad : Conrad se contente de profiter
bf095ea55cdeb898,Cutscene,Ryan_Conrad_SexScene_Loop,4,Conrad,Conrad : En fait... Je veux dire...
5001d1e4b306b6d9,Cutscene,Ryan_Conrad_SexScene_Loop,5,Conrad,Conrad : Je veux que ça se passe bien
4c3de56e34727c37,Cutscene,Ryan_Conrad_SexScene_Loop,6,Ryan,Ryan : Je dirais que ça se passe très bien
06cb256bd506fa70,Cutscene,Ryan_Conrad_SexScene_Loop,7,Ryan,Ryan : J'aime beaucoup ça
2e028541c13b150b,Cutscene,Ryan_Conrad_SexScene_Loop,8,Conrad,Conrad : T'es bon
# --- Ryan_Conrad_SexScene_Cum | if $ryan_conrad_sexscene_loops ---
5142dd3610e4cc0c,Cutscene,Ryan_Conrad_SexScene_Cum,1,Conrad,Conrad : Je vais exploser
357806c023d4c85e,Cutscene,Ryan_Conrad_SexScene_Cum,2,Kobold,Ils continuent
4e0f42eaaa70c70d,Cutscene,Ryan_Conrad_SexScene_Cum,3,Kobold,Ils jouissent
d8e952b1635e3fe5,Cutscene,Ryan_Conrad_SexScene_Cum,4,Ryan,Ryan : Je crois que je suis proche aussi...
50504d8f1c0a5f1c,Cutscene,Ryan_Conrad_SexScene_Cum,7,Ryan,Ryan : Waouh... Ta taille est vraiment la seule chose petite chez toi.
e7a686aecb078b9e,Cutscene,Ryan_Conrad_SexScene_Cum,8,Conrad,Conrad : Et comment !
98087861fbfaa621,Cutscene,Ryan_Conrad_SexScene_Cum,9,Ryan,Ryan : C'était bien
be1dff750703beb9,Cutscene,Ryan_Conrad_SexScene_Cum,10,Conrad,Conrad : Ouais
# --- Ryan_SexScene ---
caa123c912750ed2,Cutscene,Ryan_SexScene,1,Ryan,Tu es sûr que ça va rentrer ?
c8dda0f1b46383bc,Cutscene,Ryan_SexScene,2,Kobold,Les kobolds sont très souples. Ça va rentrer.
849b442f9a88c950,Cutscene,Ryan_SexScene,3,Kobold,Yip
88f476f3d6ebac8d,Cutscene,Ryan_SexScene,4,Ryan,"Ok, dis-moi juste si tu es mal à l'aise ou quoi que ce soit."
# --- Ryan_SexScene_Loop ---
48cf02e6d9e88966,Cutscene,Ryan_SexScene_Loop,1,Ryan,Oh waouh...
8caf602c6f60f544,Cutscene,Ryan_SexScene_Loop,2,Ryan,C'est ma première fois avec un kobold.
db7bd45c48fe49a2,Cutscene,Ryan_SexScene_Loop,3,Ryan,C'est vraiment bon...
# --- Ryan_SexScene_Cum | if $ryan_sexscene_loops ---
eff478354f7f1b18,Cutscene,Ryan_SexScene_Cum,1,Ryan,Je crois que je suis proche...
ddfa0f7133303565,Cutscene,Ryan_SexScene_Cum,2,Kobold,"Continue encore un peu, s'il te plaît"
f76c951c6c97d8cd,Cutscene,Ryan_SexScene_Cum,3,Kobold,Donne-moi tout !
27cb363532fd0324,Cutscene,Ryan_SexScene_Cum,4,Ryan,"Ok, je peux faire ça"
685d8bfcf6988796,Cutscene,Ryan_SexScene_Cum,5,Ryan,C'est dur de se retenir...
8fdcf9b73762886e,Cutscene,Ryan_SexScene_Cum,6,Kobold,J'en veux encore !
5128d4e4a722127f,Cutscene,Ryan_SexScene_Cum,7,Kobold,Vas-y !
eb41a8966fdf7cfd,Cutscene,Ryan_SexScene_Cum,8,Ryan,Ça rend ça encore plus dur !
9c78a3c6942a7982,Cutscene,Ryan_SexScene_Cum,9,Ryan,"Ok, je gère..."
b9ed3621fb6dfbef,Cutscene,Ryan_SexScene_Cum,10,Ryan,C'était vraiment amusant.
99955b75e0544165,Cutscene,Ryan_SexScene_Cum,11,Kobold,Je suis d'accord
ee60aadc2fcea44d,Cutscene,Ryan_SexScene_Cum,12,Ryan,Tu peux rester ici si tu veux.
9d29fc6dcfe7c05d,Cutscene,Ryan_SexScene_Cum,13,Ryan,J'ai réservé pour la nuit.
3736ec41338c7ad0,Cutscene,Ryan_SexScene_Cum,14,Kobold,Avec plaisir.

# ===== Dragon reactions (started by game code) =====
# --- DragonAlmostClean ---
bae76fc276bb2030,Reaction,DragonAlmostClean,1,Dragon,"Oh, c'est mieux, mais je me sens encore sale."
ce6aaf93738f317e,Reaction,DragonAlmostClean,2,Dragon,Tu veux bien revérifier si je suis propre ?
16584052fd337f09,Reaction,DragonAlmostClean,3,Kobold,D'accord
c54cbee211a25e14,Reaction,DragonAlmostClean,4,Kobold,Bien sûr
# --- DragonAnnoyedByBuzzing ---
d139edc8ffdc22b7,Reaction,DragonAnnoyedByBuzzing,1,Dragon,"Arrête ça, on n'a pas fini. Si ?"
631ef624f4506ea7,Reaction,DragonAnnoyedByBuzzing,2,Kobold,Héhé
# --- DragonColdBalls ---
e820f3ec0397737f,Reaction,DragonColdBalls,1,Dragon,Oh ! C'est froid !
8408ed2f21e73811,Reaction,DragonColdBalls,2,Dragon,Woah ! Froid !
46f3ba9fc7d04fa7,Reaction,DragonColdBalls,3,Dragon,Brrr ! De l'eau froide !
00221b8a2772003a,Reaction,DragonColdBalls,4,Dragon,Iiik !
# --- DragonConfusedAboutDismissal ---
9b99cd22a6f3f85a,Reaction,DragonConfusedAboutDismissal,1,Dragon,"Oh, on a fini ?"
7022570f87a73481,Reaction,DragonConfusedAboutDismissal,2,Dragon,Je crois que tu as encore raté quelques endroits...
27db29faa5e11bb6,Reaction,DragonConfusedAboutDismissal,3,Kobold,"Oups, pardon."
4fff64bb7aeed72f,Reaction,DragonConfusedAboutDismissal,4,Kobold,Je ne savais pas ce que faisait le bouton.
b0869fc4ea46c5bd,Reaction,DragonConfusedAboutDismissal,5,Dragon,"Pas de souci,"
cb554196ac99a428,Reaction,DragonConfusedAboutDismissal,6,Dragon,"Ouais, ça fait BRRT haha."
345b04bed8d1a7e0,Reaction,DragonConfusedAboutDismissal,7,Dragon,"Bref, content que tu n'aies pas fini, continuons !"
# --- DragonSatisfiedAndLeaves ---
7a8942e2613fa23c,Reaction,DragonSatisfiedAndLeaves,1,Dragon,Merci de m'avoir lavé !!
c92c35bb9f44dac4,Reaction,DragonSatisfiedAndLeaves,2,Dragon,On pourrait peut-être traîner ensemble plus tard ?
8aff5108a050bcfa,Reaction,DragonSatisfiedAndLeaves,3,Kobold,Oui !
2cb6318b9f4550a8,Reaction,DragonSatisfiedAndLeaves,4,Kobold,OUI !
28454e931a2d3578,Reaction,DragonSatisfiedAndLeaves,5,Dragon,"Génial ! À plus tard, alors !"

# ===== Unused nodes (not reachable in the current game) =====
# --- Alexander_1 ---
31c53bea307f49d0,Unused,Alexander_1,1,Alexander/Ryan,J'aidais l'alchimiste à atteindre une étagère en hauteur
f00ea25690e17adf,Unused,Alexander_1,2,Alexander,"J'ai entendu un grand bang, je ne crois pas qu'Igwix s'en soit sorti."
# --- Alexander_2 ---
07874aa669e5cb8c,Unused,Alexander_2,1,Alexander,"Si l'on nous surprend à enfreindre une autre règle, ma réputation sera ruinée !"
cfe73695b2bdfe19,Unused,Alexander_2,2,Alexander,"L'université ne doit rien savoir de tout ceci, d'accord ?"
27b11f3f6bf12fe9,Unused,Alexander_2,3,Kobold,Quelle université ?
2d3935f374b6474e,Unused,Alexander_2,5,Alexander,"L'Université Communautaire de Thaumaturgie de Burnswick, bien sûr !"
7a5128354d6171d0,Unused,Alexander_2,6,Alexander,"L'université la plus prestigieuse, accueillant des professeurs prestigieux tels que moi :"
b34663a53a6541a7,Unused,Alexander_2,9,Alexander,"Bien, il ne faut pas que l'Université Communautaire de Thaumaturgie de Burnswick apprenne que son meilleur professeur, Alexander, a causé un nouvel incident."
b39b95373bf40c36,Unused,Alexander_2,11,Alexander,"Oh, zut, oubliez ce que j'ai dit !"
# --- Alexander_3 ---
2501ad553fd20454,Unused,Alexander_3,1,Alexander,"Il va me falloir ressusciter Igwix, oh, quelle honte !"
7b282582fab597eb,Unused,Alexander_3,2,Alexander,L'apothicaire va ternir mon nom pendant des mois.
# --- Alexander_Dirty ---
950b8260a6ca788f,Unused,Alexander_Dirty,1,Alexander,Regardez-moi ! Je vais être la risée de mes étudiants.
97733f8db49fb168,Unused,Alexander_Dirty,2,Alexander,Voudriez-vous bien frotter Igwix de mon dos ?
# --- Alexander_Idle1 ---
6a4162b247e5aae1,Unused,Alexander_Idle1,1,Alexander,Je n'arrive pas à croire qu'Igwix ait pu commettre une telle erreur !
5e971607fa926b31,Unused,Alexander_Idle1,2,Alexander,"Et me voilà dehors, argh !"
# --- Alexander_Idle2 ---
2a1b4481e851f727,Unused,Alexander_Idle2,1,Alexander,"J'ai fait tout ce chemin pour un lavage discret, j'étais certain de ne pas avoir été suivi."
26974d0189f0d75c,Unused,Alexander_Idle2,2,Alexander,Je suis sûr que personne ne le saura...
# --- Alexander_Idle3 ---
db8cc14accf5dfe9,Unused,Alexander_Idle3,1,Alexander,"Ah, la crasse piquait un peu, merci."
# --- Alexander_Soapy ---
e17d9103818204a4,Unused,Alexander_Soapy,1,Alexander,"Ce savon ne convient guère à un professeur, ne trouvez-vous pas ?"
03c418e790b340c3,Unused,Alexander_Soapy,2,Alexander,Dites-moi quand vous aurez terminé de rincer.
# --- Alexander_Intro ---
f82f410ee41cad07,Unused,Alexander_Intro,1,Alexander,Psst... !
fedb00f6c13cec68,Unused,Alexander_Intro,2,Kobold,Euh... Bonjour ?
4359ca4e5c8fc816,Unused,Alexander_Intro,3,Kobold,Qui est là ?
9e2816aaa10403b6,Unused,Alexander_Intro,4,Alexander,Chut ! Je ne suis pas d'ici...
8275f13b67a6687b,Unused,Alexander_Intro,5,Alexander,Êtes-vous ouvert en ce moment ?
7409deaefe456a49,Unused,Alexander_Intro,7,Alexander,Ouf ! J'ai eu un accident dont il faut s'occuper... discrètement.
afb82d57a9c1ba48,Unused,Alexander_Intro,8,Alexander,Retirez cette barrière sur-le-champ afin que je puisse entrer.
# --- Alexander_Outro ---
0c2f6e570964b0c1,Unused,Alexander_Outro,1,Alexander,"Grands dieux, grâce à vous, j'ai une chance de rattraper cette situation."
639110e1c4cc2914,Unused,Alexander_Outro,2,Alexander,"Dites-moi, vous souvenez-vous du nom de l'université où je travaille ?"
e35f2c7dd32a4059,Unused,Alexander_Outro,3,Kobold,L'Université Communautaire de Thaumaturgie de Burnswick
8e3a0c6c1c068e67,Unused,Alexander_Outro,4,Kobold,Tu travailles dans une université ?
7bf1556708efd0d8,Unused,Alexander_Outro,5,Kobold,Nan
79acad09a68bf670,Unused,Alexander_Outro,6,Alexander,"Non ! Enfin, si, mais pour le bien de ma réputation, pourriez-vous garder mon incursion ici pour vous."
3730dccb6a6582be,Unused,Alexander_Outro,7,Alexander,Quoi ? Je suis professeur ! Cela ne se voit-il pas à mon blason ?
56723edcd935d476,Unused,Alexander_Outro,8,Alexander,Oh !
e0723f4408ee3eda,Unused,Alexander_Outro,9,Alexander,"Je vois ce que vous faites, merci."
7973db48113175b5,Unused,Alexander_Outro,10,Alexander,"Eh bien, parfait, j'apprécie votre discrétion, je vais me rendre chez l'apothicaire."
677412526f14044a,Unused,Alexander_Outro,14,Alexander,Je suis très satisfait de ces résultats...
# --- ConradBeatup_1 ---
72f9c6536242f235,Unused,ConradBeatup_1,2,Kobold,Je suis là si tu as besoin de parler à quelqu'un.
67410be84ad1b8ac,Unused,ConradBeatup_1,3,Kobold,"Je m'occupe de ça, ne t'inquiète pas."
5b207ccbfd5d5679,Unused,ConradBeatup_1,4,Conrad,"Non... Non, ça va... merci."
b2139b5e4dc27f14,Unused,ConradBeatup_1,5,Conrad,... Merci...
# --- ConradBeatup_2 ---
b841443b4a7e3b82,Unused,ConradBeatup_2,1,Conrad,"Hé, merci d'être là pour moi..."
02febaeeb5306c30,Unused,ConradBeatup_2,2,Conrad,C'est bien d'avoir des amis sur qui compter.
# --- ConradBeatup_Idle1 ---
7ff77420c3518210,Unused,ConradBeatup_Idle1,1,Conrad,"... Je croyais qu'on était bons potes, on couche ensemble tout le temps !"
13a3bd02487dab16,Unused,ConradBeatup_Idle1,2,Conrad,Je comprends pas...
# --- ConradBeatup_Idle2 ---
861f99e073cd06e2,Unused,ConradBeatup_Idle2,1,Conrad,"Je joue les durs, mais je suis un petit dragon..."
e375cf5dd6f03d34,Unused,ConradBeatup_Idle2,2,Conrad,Ils sont allés trop loin.
# --- ConradBeatup_Intro ---
19aa373fb830a05c,Unused,ConradBeatup_Intro,2,Kobold,"Oh mon dieu, tu es blessé !"
c7e055a695603f2b,Unused,ConradBeatup_Intro,3,Kobold,Ça va ?
e4e0397bea6600f5,Unused,ConradBeatup_Intro,4,Conrad,"Hé, euh, j'ai juste besoin d'un nettoyage."
e36f54f748a69d3e,Unused,ConradBeatup_Intro,5,Kobold,"...D'accord, entre"
# --- ConradBeatup_OutroDirty ---
e17652524a905f18,Unused,ConradBeatup_OutroDirty,1,Conrad,... t'as fini ? Je suis encore sale...
# --- ConradBeatup_OutroSoapy ---
d0b060d51bc87feb,Unused,ConradBeatup_OutroSoapy,1,Conrad,... t'as fini ? Je suis encore plein de savon...
# --- Conrad_1 ---
5a208b2886d87937,Unused,Conrad_1,1,Conrad,"Vous faites aussi les « finitions spéciales », ici ?"
d61259269b75dec9,Unused,Conrad_1,2,Kobold,C'est quoi ?
1ea442a134b2a184,Unused,Conrad_1,4,Kobold,Non
335bcdceb30ec6b8,Unused,Conrad_1,5,Conrad,"Ouais, nan. Mon pote, faut que tu t'y mettes. Je paie bien !"
2f7cc8c297b8d283,Unused,Conrad_1,6,Conrad,Excellent ! Hâte de te voir à l'œuvre !
9d1528cc1118e4dd,Unused,Conrad_1,7,Conrad,Quoi ? Tous les meilleurs endroits le font !
# --- Conrad_2 ---
d892eb1f696177b4,Unused,Conrad_2,1,Conrad,"Cet endroit aurait besoin d'un relooking, je sais ce qu'il lui faudrait !"
0eaacb4d2b730370,Unused,Conrad_2,2,Conrad,"Je connais un gars qui peut déposer un petit cadeau d'ici demain, ça égayerait le tout."
# --- Conrad_5_Mount_Finish ---
28a96495be7701ea,Unused,Conrad_5_Mount_Finish,1,Conrad,Putain... Ça fait toujours du bien.
# --- Conrad_5_Mount_Start ---
cda9c08deb782b6e,Unused,Conrad_5_Mount_Start,1,Conrad,"<i>Ooooh. </i>Le chevalet ? Putain ouais, mec."
# --- Conrad_Idle1 ---
06b2c581e253753a,Unused,Conrad_Idle1,1,Conrad,"On me dit que j'ai une grosse queue, c'est vrai ?"
ba07cdd711c7d570,Unused,Conrad_Idle1,2,Kobold,Oh là là
f2ea9d36d2c4032f,Unused,Conrad_Idle1,3,Kobold,J'ai vu plus gros
25cdc596cd23bedb,Unused,Conrad_Idle1,4,Conrad,Tu devrais la tâter pour vérifier
c3565cd77a3dcba9,Unused,Conrad_Idle1,5,Conrad,"Mais pas dans un paquet de cette taille, hein ??"
# --- Conrad_Intro ---
bc1e29287f60b297,Unused,Conrad_Intro,1,Conrad,"Salut, mon pote !"
f7a29676d9621163,Unused,Conrad_Intro,2,Conrad,"Conrad a besoin d'un nettoyage, t'as un créneau pour lui ?"
8339b88ae51a85f6,Unused,Conrad_Intro,3,Kobold,"Oui, par ici."
255d982b3d4c772e,Unused,Conrad_Intro,5,Conrad,Nickel !
# --- Mount_Alexander_2_6 ---
dcc524605bec9fd8,Unused,Mount_Alexander_2_6,1,Alexander,Qu'est-ce que...
d010c18e5ff478ed,Unused,Mount_Alexander_2_6,2,Alexander,"Oh, grands dieux, non..."
f025190cb1adde9c,Unused,Mount_Alexander_2_6,3,Alexander,"Je ne veux pas être impoli, mais je dois décliner"
eec9d16c87323040,Unused,Mount_Alexander_2_6,4,Alexander,C'est une pratique courante ?
929e50391bfd0646,Unused,Mount_Alexander_2_6,5,Kobold,Oh oui
b6547fc9d980c16e,Unused,Mount_Alexander_2_6,6,Kobold,"Non, en fait, je viens de le recevoir"
40df3c9d9e1d5126,Unused,Mount_Alexander_2_6,7,Alexander,Je vois...
d3acad6a7014a598,Unused,Mount_Alexander_2_6,8,Alexander,Cela semble scandaleux
ab5a3375052f41eb,Unused,Mount_Alexander_2_6,9,Alexander,Bien que je ne puisse nier être curieux
c5ba4f5f1cdff517,Unused,Mount_Alexander_2_6,10,Alexander,Malgré tout. Pas cette fois
# --- RyanDate_1 ---
14ecee0afc63c845,Unused,RyanDate_1,1,Ryan,J'ai tellement hâte pour ce rencard !
90ba900c65607127,Unused,RyanDate_1,2,Ryan,"J'ai apporté de la pastèque, du pain, des raisins et d'autres choses."
# --- RyanDate_2 ---
690cf2b49eb95f79,Unused,RyanDate_2,1,Ryan,Quelque chose te préoccupe ?
1648a912c46f7fec,Unused,RyanDate_2,2,Kobold,Il s'est passé quelque chose hier soir
b3979a44b5b9376a,Unused,RyanDate_2,3,Ryan,Oh non ! Tu veux en parler ?
02c33e4e3c09bc79,Unused,RyanDate_2,4,Kobold,"C'est juste qu'il est arrivé quelque chose à Conrad, j'espère qu'il va bien."
7680ca7ff15f1566,Unused,RyanDate_2,5,Ryan,J'espère qu'il va bien aussi.
# --- RyanDate_3 ---
7ba9e65f61ca2369,Unused,RyanDate_3,1,Ryan,C'est délicieux !
ff74b82dcb8a11d3,Unused,RyanDate_3,2,Kobold,"Waouh, c'est toute une expérience de te voir manger comme ça."
5b14f19a86849ff5,Unused,RyanDate_3,3,Ryan,Comme quoi ?
42af2c2067728998,Unused,RyanDate_3,4,Ryan,"Oh, genre, avaler les choses en entier ?"
37f99dd7cbcf5b6f,Unused,RyanDate_3,5,Ryan,Ça dépend ! Truc de dragon.
# --- RyanDate_Idle1 ---
bcda1f48383d915f,Unused,RyanDate_Idle1,1,Ryan,"Héhé, j'ai hâte de me remettre aux rencards."
# --- RyanDate_Intro ---
d5be54b666b3d38f,Unused,RyanDate_Intro,2,Ryan,"Je repensais à ce que tu as dit,"
ffcaf369ac8b1a74,Unused,RyanDate_Intro,3,Ryan,"tu sais, à propos de me remettre aux rencards..."
89f52a0dc3d757c1,Unused,RyanDate_Intro,4,Kobold,Oui
ecab929d37109ab0,Unused,RyanDate_Intro,5,Ryan,"Je savais que tu étais trop occupé, alors je me suis dit que j'apporterais le rencard jusqu'à toi !"
92d9da0b0b22fd7a,Unused,RyanDate_Intro,6,Kobold,Génial ! Entre donc...
# --- RyanDate_Outro ---
638d7c049f321a6d,Unused,RyanDate_Outro,4,Ryan,C'était merveilleux ! Je me sens tellement mieux vis-à-vis des rencards.
# --- RyanExploded_Intro ---
8e87e6b28fb697c4,Unused,RyanExploded_Intro,1,Ryan,Re-bonjour...
53ca70e25fc42870,Unused,RyanExploded_Intro,3,Kobold,Encore toi ?
b99d68084de082b6,Unused,RyanExploded_Intro,5,Ryan,héhé... ouais... désolé...
81f2cb133d548396,Unused,RyanExploded_Intro,6,Ryan,"Alors voilà, j'ai eu un petit incident..."
d3e25fe68c13c02d,Unused,RyanExploded_Intro,8,Ryan,J'ai entendu un grand bang
ce386faf68f3df7e,Unused,RyanExploded_Intro,9,Ryan,"Je ne sais pas où ils sont passés, mais je me sens de nouveau sale."
60c1424a59a1c912,Unused,RyanExploded_Intro,10,Ryan,Tu pourrais me nettoyer encore une fois ?
917613bbf36e4b93,Unused,RyanExploded_Intro,11,Kobold,Bien sûr ! Par ici !
# --- RyanExploded_OutroDirty ---
f2bdff14318fd81c,Unused,RyanExploded_OutroDirty,1,Ryan,Je crois que je sens encore de la crasse d'explosion sur moi...
6a1900ba2212696d,Unused,RyanExploded_OutroDirty,2,Ryan,Tu veux bien laver encore un peu ?
85a39ab345d672ff,Unused,RyanExploded_OutroDirty,3,Kobold,Oui
1562d2eeb95b795a,Unused,RyanExploded_OutroDirty,4,Kobold,Pardon
3bcf70f39eca74f1,Unused,RyanExploded_OutroDirty,5,Ryan,"Pas de problème, merci !"
# --- RyanExploded_OutroSoapy ---
9df62882448c291b,Unused,RyanExploded_OutroSoapy,1,Ryan,"Euh, je suis encore plein de savon !"
29d1991e26b1773d,Unused,RyanExploded_OutroSoapy,2,Ryan,Tu pourrais le rincer ?
# --- RyanExploded_Outro ---
a45ce5a6357ad76f,Unused,RyanExploded_Outro,4,Ryan,"Ouf, j'avais peur de tout gâcher encore une fois."
ca1dd92cfbe2dcd5,Unused,RyanExploded_Outro,5,Ryan,"Maintenant, ils n'auront jamais besoin de le savoir !"
# --- RyanMuddy_Dirty ---
58246ed8cfcdfa19,Unused,RyanMuddy_Dirty,1,Ryan,"Ouais, alors je suis tout plein de boue et tout, j'adore gambader dans le parc public."
f27e94e23a2cc6eb,Unused,RyanMuddy_Dirty,2,Ryan,"Je suis encore très boueux, si tu pouvais me savonner, ce serait super."
# --- RyanMuddy_Idle1 ---
c24aaf031df991a1,Unused,RyanMuddy_Idle1,1,Ryan,"Alors euh, dis-moi si tu as besoin que je bouge."
8bb630e0c8dc64ac,Unused,RyanMuddy_Idle1,2,Ryan,Touche-moi simplement de la main et j'essaierai de t'aider.
# --- RyanMuddy_Idle2 ---
bcee068ce8220b8e,Unused,RyanMuddy_Idle2,1,Ryan,Merci de me nettoyer !
2c4f3b41240d00cd,Unused,RyanMuddy_Idle2,2,Ryan,J'attendais ça avec impatience.
# --- RyanMuddy_Idle3 ---
e304ea7f521df3f2,Unused,RyanMuddy_Idle3,1,Ryan,"Quand tu auras fini, appuie sur le bouton."
ac51ca95656fffdd,Unused,RyanMuddy_Idle3,2,Ryan,"Le bouton sur le mur, je veux dire."
# --- RyanMuddy_Idle4 ---
8fd85e09be693fbf,Unused,RyanMuddy_Idle4,1,Ryan,"Max dit que je suis un dragon maladroit,"
d2261edb51b885d9,Unused,RyanMuddy_Idle4,2,Ryan,j'espère que tu m'aideras à prouver le contraire !
# --- RyanMuddy_Idle5 ---
9df1eb0e35a5d36a,Unused,RyanMuddy_Idle5,1,Ryan,"Savon, puis rinçage !"
5e7b1eae20d0fb72,Unused,RyanMuddy_Idle5,2,Ryan,"Enfin, c'est ce qu'on m'a dit, en tout cas."
# --- RyanMuddy_Soapy ---
73d08af95ae8835e,Unused,RyanMuddy_Soapy,1,Ryan,"J'adore les bulles, ça chatouille !"
83af94fb3d626970,Unused,RyanMuddy_Soapy,2,Ryan,Mais j'ai hâte de les voir filer dans l'évacuation.
6bc811f815ef9e24,Unused,RyanMuddy_Soapy,3,Ryan,Utilise le jet sur le mur pour me rincer.
# --- RyanMuddy_Idle7 ---
255bd9c513473506,Unused,RyanMuddy_Idle7,1,Ryan,"Waouh, merci, ça fait du bien."
77ff00f75a7c2083,Unused,RyanMuddy_Idle7,2,Ryan,"Être plein de boue, c'est vraiment amusant, jusqu'à ce que ça commence à sécher."
620caab5d90b8d3f,Unused,RyanMuddy_Idle7,3,Ryan,Content de m'en débarrasser.
# --- RyanMuddy_Idle8 ---
afa88441bc4fc8d9,Unused,RyanMuddy_Idle8,1,Ryan,"Qui aurait cru qu'un dragon pouvait se salir autant, hein ?"
2ea6d5d46861d1bf,Unused,RyanMuddy_Idle8,2,Ryan,Je gambadais dans la forêt
c65b5342f0285c16,Unused,RyanMuddy_Idle8,3,Ryan,"Je n'ai réalisé le bazar que j'avais fait qu'après que Max m'a crié dessus, haha."
# --- RyanMuddy_Intro ---
299e9d1e919c3a49,Unused,RyanMuddy_Intro,4,Ryan,J'ai entendu dire qu'il y avait des kobolds ici qui pouvaient me laver ?
05d9cdcce06b0c12,Unused,RyanMuddy_Intro,6,Kobold,Je suis LE kobold. Yip !
d12499a3f17512de,Unused,RyanMuddy_Intro,7,Kobold,"Oui, bienvenue chez Drag'N Wash !"
213c112ac748eb9e,Unused,RyanMuddy_Intro,9,Ryan,"Super, alors euh,"
44beadf6316d890e,Unused,RyanMuddy_Intro,12,Ryan,"Oh, je vois le bouton, là, compris !"
af8d3a1f26de30ef,Unused,RyanMuddy_Intro,13,Ryan,"Merci, j'attends !"
# --- RyanMuddy_Nag1 ---
3605a9273b22288b,Unused,RyanMuddy_Nag1,1,Ryan,"Hé, tu pourrais venir devant, là où je peux te voir ?"
720febc2a9d251aa,Unused,RyanMuddy_Nag1,2,Ryan,J'ai quelque chose à dire !
# --- RyanMuddy_Nag2 ---
6852c864bbd2afef,Unused,RyanMuddy_Nag2,1,Ryan,Je veux parler en face à face !
0918205f97d74d78,Unused,RyanMuddy_Nag2,2,Ryan,Si tu pouvais venir devant pour qu'on puisse parler.
# --- RyanMuddy_Nag3 ---
c8f453084718c8cc,Unused,RyanMuddy_Nag3,1,Ryan,On m'a dit que c'est poli de parler aux petites gens en face à face.
# --- RyanMuddy_NaughtyTouch ---
4d13604e28159e56,Unused,RyanMuddy_NaughtyTouch,1,Ryan,"Fais attention où tu mets ces pattes, tu veux bien ?"
# --- RyanMuddy_Outro ---
a46a0805bb6a5eda,Unused,RyanMuddy_Outro,1,Ryan,Merci pour ce nettoyage rapide !
168c7d0bb7743dec,Unused,RyanMuddy_Outro,2,Ryan,"Au fait, tu serais fâché si ton partenaire mettait le bazar à la maison ?"
3ae7f278ef092258,Unused,RyanMuddy_Outro,4,Kobold,Ça dépend
0dfd80e1f981faca,Unused,RyanMuddy_Outro,6,Ryan,"Oh ! Oui, c'est logique..."
8f207ab27746c010,Unused,RyanMuddy_Outro,7,Ryan,Je suppose que ça dépend des circonstances.
86b57f75d4c04b75,Unused,RyanMuddy_Outro,8,Ryan,Je savais que tu me soutiendrais
# --- RyanMuddy_SmallTalk ---
0bf9a145c66c512b,Unused,RyanMuddy_SmallTalk,3,Kobold,"C'est ma première fois, en fait !"
4eb8bdb270c030ae,Unused,RyanMuddy_SmallTalk,5,Ryan,"Oh, alors c'est nouveau pour nous deux !"
ff152503516900ee,Unused,RyanMuddy_SmallTalk,6,Ryan,C'est nouveau pour moi aussi...
13d1c29ec8784cae,Unused,RyanMuddy_SmallTalk,7,Ryan,Je suis surpris que ce soit aussi agréable.
# --- Ryan_3_wont_use_mount ---
9221ab210b374d30,Unused,Ryan_3_wont_use_mount,1,Ryan,Oh... ça ne me dit pas trop d'utiliser ça pour l'instant.
f3f18c2eea794920,Unused,Ryan_3_wont_use_mount,2,Ryan,Peut-être plus tard... ?

# ===== UI and other text (not part of the dialogue script) =====
bc1b88907d3b748a,UI,,,UI,Audio
b3f848c2a09aa9ed,UI,,,UI,Volume de la musique
de7b57b57b05d020,UI,,,UI,Effets sonores
59a4a3f7f7caa060,UI,,,UI,Volume d'ambiance
31bcb8940fffb7d1,UI,,,UI,Jouabilité
a874fca87cdd5e4e,UI,,,UI,Graphismes
d0db8b5e364b6989,UI,,,UI,Options
28f9044138a54b95,UI,,,UI,Nouvelle partie
2a6b24ad28722034,UI,,,UI,Crédits
b3eb37acb66ba4bb,UI,,,UI,Quitter
76900f1bfd16c8d4,UI,,,UI,Retour
6a3041fb3ecba173,UI,,,UI,Champ de vision
d4055fafa3794fa8,UI,,,UI,Résolution
41ca171b0cbae01e,UI,,,UI,Luminosité
42e7fdbd13ba2a01,UI,,,UI,Fréquence d'images cible
052810dae19607f5,UI,,,UI,VSync
b63e857488f49396,UI,,,UI,Mode d'affichage
c461dbb2bab7d8bc,UI,,,UI,Plein écran
4571896d8a4d4162,UI,,,UI,Sensibilité de la souris
43ff6e9485bf371e,UI,,,UI,Commande accroupi
3d03a1dea561d0db,UI,,,UI,Basculer
91d6e30620d99810,UI,,,UI,Appui/Maintien
8e685d5409b3a543,UI,,,UI,Maintenir
6c359dddb1d4c36e,UI,,,UI,Icônes des touches
fd9baf7f335aa154,UI,,,UI,Inverser la vue verticale
4d654c19179796ef,UI,,,UI,Pulvérisateur : moins de mouvement
2316810a5de343dd,UI,,,UI,Clavier
0286249762f7c943,UI,,,UI,Auto
c77c3af22c6429b2,UI,,,UI,Anticrénelage
130011756125313c,UI,,,UI,Activé
ca7981b46ecf2c17,UI,,,UI,Désactivé
4883b7dfffb02e36,UI,,,UI,Exclusif
da43a1983d819a4d,UI,,,UI,Fenêtre maximisée
3f26603a2748fed3,UI,,,UI,Fenêtré
d640c7421da06661,UI,,,UI,Reprendre
b6dcb96448c66497,UI,,,UI,CHARGEMENT...
f942d1e183d020b6,UI,,,UI,SUPPRIMER LA SAUVEGARDE
fae07a8540ff237b,UI,,,UI,Supprimer vraiment la sauvegarde ?
ffb3c5f2edc34373,UI,,,UI,Menu pause
3e49dd16f3893026,UI,,,UI,PROPRE
4b36f28b2cf37677,UI,,,UI,SAVONNEUX
e4e9ab13fc711176,UI,,,UI,DÉBRIS
c9c8bf1eae99e1dc,UI,,,UI,BESOIN DE PARLER
b98b0ff714ab5417,UI,,,UI,BESOIN DE BANDAGES
dde8c08738fe9e59,UI,,,UI,BESOIN D'UNE BRANLETTE
a462b8c590652563,UI,,,UI,Saisir du texte...
bb23ec0586e24df5,UI,,,UI,C'est de la pastèque !
fa6bb50727553976,UI,,,UI,Bien.
77b845d22632a9ef,UI,,,UI,Content de te revoir.
ed172a475c84204f,UI,,,UI,Je suis professeur !
43cc9e298a30c3af,UI,,,UI,"Vous autres, les bipèdes, vous avez tendance à savourer vos repas."
b735b39b4eea8b70,UI,,,Ryan,C'est la première fois que je le fais dehors
c913913d57c38493,UI,,,Conrad,T'inquiète pas !
d0ee8dcf7035040c,UI,,,Conrad,Je fais ça tout le temps
b00675617fbac31a,UI,,,Ryan,C'est vrai que c'est plutôt excitant
816c197dfe2ac7e7,UI,,,Conrad,Je vais jouir
fb490e9880f63f05,UI,,,Ryan,"Moi aussi, je vais bientôt jouir..."
cb9cc6fadcf02cd5,UI,,,Ryan,Waouh... il n'y a vraiment que ta taille qui est petite.
b77039c811832311,UI,,,Ryan,C'était bon
cbc2935aebe3ca1f,UI,,,Conrad,Ouais
1b01a1658c9a5adf,UI,,,Conrad,Tu t'amuses bien ?
0d8490d07a321596,UI,,,Ryan,"Oui, beaucoup. Tu t'inquiètes pour moi ?"
3d42325316477a3a,UI,,,Conrad,Sa Majesté Conrad se contente de profiter
2fafbe5f3e7ff469,UI,,,Conrad,Non... enfin...
df9b23df54ab5518,UI,,,Conrad,Je veux que ça se passe bien
b0bfa8fe9e70154c,UI,,,Ryan,Je trouve que ça se passe super bien
46fa21135fd9811b,UI,,,Ryan,J'aime beaucoup ça
b439ffe3e5553ddc,UI,,,Conrad,"Putain, c'est bon"
b92f91849d855b40,UI,,,UI,Conrad
2d1e830624b2572a,UI,,,UI,Ryan
e3becbaee46cc0df,UI,,,UI,Langue (Mod)
6e58b577a084052a,UI,,,UI,Mods
4850b174b713d88c,UI,,,UI,Requis
37fe885f1406e372,UI,,,UI,Désactivé au prochain lancement
9cc5c7f026ce0ca7,UI,,,UI,Activé au prochain lancement
fa20beae3754ffb1,UI,,,UI,D'autres mods ont besoin de celui-ci. Appuyez de nouveau sur Désactivé pour le désactiver quand même.
d57274b504a45b33,UI,,,UI,"Installé hors de BepInEx/plugins, impossible de le désactiver ici"
fd35647f8ecb2f7d,UI,,,UI,Requis par
9e6151acb057025d,UI,,,UI,Utilise
b9d0dd131d07b5ad,UI,,,UI,"Outils communs aux mods de Drag'n Wash, dont cet écran des mods."
6b4075522b85ca52,UI,,,UI,"Jouez à Drag'n Wash dans de nombreuses langues. Traduit les dialogues, les choix, l'interface et les options."
1cd1ca858aaea1d0,UI,,,UI,Non chargé. Il a besoin de
eda662e0b5033180,UI,,,UI,Non chargé. Il ne peut pas fonctionner avec
a8d12a246b72d98c,UI,,,UI,Non chargé. La raison figure dans BepInEx/LogOutput.log.
7c862b0749e737c4,UI,,,UI,Patcheur de préchargement. Il s'exécute avant les autres mods et ne peut pas être désactivé ici.
74a883a037bc227f,UI,,,UI,Paramètres
21b111cbfe6e8fca,UI,,,UI,Par défaut
bc5b45ae7b60692a,UI,,,UI,Rétablir la valeur par défaut
67529e7fdc6098a0,UI,,,UI,Enregistré immédiatement. Certains mods n'appliquent un changement qu'après un redémarrage.
3d19e2d0333d7b19,UI,,,UI,"Modifiez-le dans le fichier de configuration du mod, dans BepInEx/config."
dc20b3d5d2cddf82,UI,,,UI,Bibliothèque
e0aaa77caac35ceb,UI,,,UI,Permet aux mods de voir et de remplacer le texte avant que le jeu ne l'affiche.
e33072d0f0267e46,UI,,,UI,"Indique aux mods quelle réplique ou quel choix va s'afficher, avec son identifiant de ligne et son locuteur."
e6af4688a3314648,UI,,,UI,"Une fenêtre commune dans le jeu (F1) où les mods ajoutent des onglets pour leurs outils de développement et de débogage. Utilisable à la souris, à la manette et sur Steam Deck."
3839cc8c85e0dab6,UI,,,UI,"Des polices pour le texte que les polices du jeu ne peuvent pas afficher, et le chargement de textures et de bundles de ressources, faits pour ne pas planter Direct3D 12."
507e6f82c57c2096,UI,,,UI,"Lit et modifie les emplacements de sauvegarde et les indicateurs d'événements du jeu, et garde une copie de chaque version de chaque sauvegarde pour pouvoir annuler toute modification."
77777bd04fb7c9ae,UI,,,UI,Indisponible sur cette version du jeu :
014659ab9d98c8fe,UI,,,UI,Conflit
02e19c617a19bae7,UI,,,UI,Modifie le même code du jeu que :
61ec4dc622c31ea9,UI,,,UI,Modifie le même code du jeu que ces mods et peut les court-circuiter :
c1c1009d3f37ec05,UI,,,UI,Mise à jour
4168cfb8a090a98c,UI,,,UI,Nouvelle version disponible :
cd6c9851e91ad7b6,UI,,,UI,Ouvrir la page de la version
22e2bada8f1c65cd,UI,,,UI,Mises à jour
f26f3275e735bdf6,UI,,,UI,Rechercher des mises à jour
a6a1b13028fd8c9c,UI,,,UI,"Une fois par jour, demande à GitHub si les mods qui indiquent leur dépôt GitHub ont une version plus récente. Aucune information sur vous ou votre jeu n'est envoyée."
fe199528850a4e24,UI,,,UI,Désinstaller
63e38bd4b036193a,UI,,,UI,Annuler
86965245a1d725c1,UI,,,UI,Appuyez à nouveau sur « Désinstaller » pour supprimer ce mod au prochain lancement du jeu. Ses réglages sont aussi supprimés.
e2b9759e2326caba,UI,,,UI,Supprimé au prochain lancement
0d21bd52022ca7f7,UI,,,UI,En ligne
4128f75bc14cb290,UI,,,UI,Utilise Internet :
df0880be16beba51,UI,,,UI,S'est connecté sans le déclarer à :
57e8a431deec0d70,UI,,,UI,Internet
08b39d1ef62da47d,UI,,,UI,Ce mod n'indique pas qu'il utilise Internet.
5abdf73450d24379,UI,,,UI,À quoi ça sert :
c1e450770d88b778,UI,,,UI,Ce qui est envoyé :
3090d827c103d5fb,UI,,,UI,Comment le désactiver :
068109fd3f73fbbb,UI,,,UI,Non précisé
e21a8c81f7921504,UI,,,UI,Vu pendant cette session
da5cbc2185c976ff,UI,,,UI,Aucune connexion pour l'instant.
285202c5ed5c42de,UI,,,UI,non déclaré par le mod
a9043748d4bf169d,UI,,,UI,La surveillance des connexions est désactivée (Mods → Drag'n Wash ModFramework → Paramètres → Surveiller les connexions).
1c0285d6d7fef2fc,UI,,,UI,"Le framework ne fait que surveiller : il ne bloque rien, et un mod peut le contourner."
1744b96470b51bf3,UI,,,UI,Réseau
fa25265454345a35,UI,,,UI,Surveiller les connexions
4e9ec4e264c704c6,UI,,,UI,"Note quels mods se connectent à Internet et signale dans l'écran des mods ceux qui le font sans le déclarer. Il ne fait que surveiller : rien n'est bloqué, et un mod peut le contourner."
