key,section,node,order,speaker,translation
# Language: toki pona (tok)
# Created by TomXV. Provisional translation, not reviewed by a native speaker:
# some lines may read unnaturally. Corrections are welcome as pull requests.
# Only the Japanese (ja) and Simplified Chinese (zh-Hans) files were supervised by the author.

# ===== Level 1: Ryan (Sunny) | sets level_1 | ends level_1_complete =====
# --- intro: Ryan_1_intro ---
0da72197e898ebe1,L01 Ryan,Ryan_1_intro,1,Ryan,toki?
334d016f755cd6dc,L01 Ryan,Ryan_1_intro,2,Kobold,toki a!
dfba3eb46cb5fc14,L01 Ryan,Ryan_1_intro,3,Ryan,"a, toki! n..."
30985c07d735bdc3,L01 Ryan,Ryan_1_intro,4,Ryan,mi kute e ni: jan lili li lon anpa ni. ona li ken telo e mi.
08c8207cff7cb565,L01 Ryan,Ryan_1_intro,5,Ryan,ni li ma pona anu seme?
32cfb777c0a1ca30,L01 Ryan,Ryan_1_intro,6,Kobold,n a! mi li <i>jan lili</i> a!
eec1e26d3338868e,L01 Ryan,Ryan_1_intro,7,Kobold,lon. o kama pona tawa tomo Telo Akula!
b8e3a13e8da1caf6,L01 Ryan,Ryan_1_intro,8,Ryan,a a! lon a! sina jan lili a!
84f325bca745e504,L01 Ryan,Ryan_1_intro,9,Ryan/Alexander,ni li pona mute a!
900e8c593033c189,L01 Ryan,Ryan_1_intro,10,Ryan,mi jan Lajan. n...
092808653667e9ff,L01 Ryan,Ryan_1_intro,11,Ryan,mi kama insa kepeken nasin seme?
0f3f0b7e817061e6,L01 Ryan,Ryan_1_intro,12,Kobold,o awen lili. mi wile open e lupa.
b8a4a2d6c54c16d8,L01 Ryan,Ryan_1_intro,13,Kobold,jip!
273533e355fd12cf,L01 Ryan,Ryan_1_intro,14,Ryan,seme...?
3faa3f1d46e0e544,L01 Ryan,Ryan_1_intro,15,Kobold,a- mi wile toki e ni: mi tawa open e lupa!
ce6db45f1866ad91,L01 Ryan,Ryan_1_intro,16,Ryan,"a, mi lukin e nena. mi sona!"
425d9584e840b683,L01 Ryan,Ryan_1_intro,17,Ryan,pona. mi awen. sina pona.
# --- phone: Ryan_1_PhoneTutorial ---
9bb3073cec0eb0c7,L01 Ryan,Ryan_1_PhoneTutorial,1,Phone,toki. <i>ni li tomo Telo Akula nanpa 223...</i> sina toki ala toki tawa jan esun nanpa wan sina?
276bc2be4d36787f,L01 Ryan,Ryan_1_PhoneTutorial,2,Kobold,mi pini toki a!
d3c6dd1cf6eefa2a,L01 Ryan,Ryan_1_PhoneTutorial,3,Kobold,lon. mi toki tawa ona.
38526f3244d3b009,L01 Ryan,Ryan_1_PhoneTutorial,4,Phone,a. pona.
ab5df625bc76dbd4,L01 Ryan,Ryan_1_PhoneTutorial,5,Phone/Ryan/Alexander/Conrad/Kobold,...
4d4a3684433b7f10,L01 Ryan,Ryan_1_PhoneTutorial,6,Phone,ni la- o pali pona lon tenpo suno ni.
07c91bff06f38512,L01 Ryan,Ryan_1_PhoneTutorial,7,Phone,toki. <i>ni li tomo Telo Akula nanpa 223...</i> sina sona ala sona e nasin pali?
3d08b37cdf5c2183,L01 Ryan,Ryan_1_PhoneTutorial,8,Kobold,ala.
01888febaebd67cd,L01 Ryan,Ryan_1_PhoneTutorial,9,Kobold,mi sona a!
085283be600618d2,L01 Ryan,Ryan_1_PhoneTutorial,10,Phone,a...
4ad86617a918d8ec,L01 Ryan,Ryan_1_PhoneTutorial,11,Phone,ni la o tawa lupa lukin. o toki tawa jan esun sina.
af789b5c60f24630,L01 Ryan,Ryan_1_PhoneTutorial,12,Phone,tenpo kama la sina wile open e lupa tawa ona.
bb645759b5bd99d4,L01 Ryan,Ryan_1_PhoneTutorial,13,Phone,pona mute. ni la o tawa lupa lukin. o toki pona tawa jan esun sina.
474ab3afa218a5df,L01 Ryan,Ryan_1_PhoneTutorial,14,Kobold,pona!
7d869361bdb13d98,L01 Ryan,Ryan_1_PhoneTutorial,15,Phone,o pali pona lon tenpo suno ni.
# --- progress: Ryan_1_required ---
098ac93ca7999f8c,L01 Ryan,Ryan_1_required,1,Ryan,sina jan pi telo akesi suli. sina jo e lipu sona. anu seme?
7b999e621945fe90,L01 Ryan,Ryan_1_required,2,Kobold,lon a!
1cb7709c2b6cdc0b,L01 Ryan,Ryan_1_required,3,Kobold,mi telo e jan lon tenpo lili taso!
9b9024cada67653e,L01 Ryan,Ryan_1_required,4,Ryan,"a, pona a!"
fbd8fe3b49aed7c5,L01 Ryan,Ryan_1_required,5,Ryan,tenpo mute la mi telo e mi kepeken linja telo lon tomo mi taso...
3f742efbf9edb2ee,L01 Ryan,Ryan_1_required,6,Ryan,a! ni li sin tawa mi tu a!
e6c276d67e994ed5,L01 Ryan,Ryan_1_required,7,Ryan,lon la mi pilin nasa: ni li pona mute.
e99ba1a86146f1aa,L01 Ryan,Ryan_1_required,8,Ryan,ni li ma pona pi weka tan ijo ale pi ma ante.
# --- nag: Ryan_1_nag ---
c2aa03c999eb7731,L01 Ryan,Ryan_1_nag,1,Ryan,o! mi wile toki e ijo!
5b798fca0ab51d6c,L01 Ryan,Ryan_1_nag,2,Ryan,o kama tawa poka mi. mi wile lukin e sina.
# --- jerkoff: ryan_jerk_off_no ---
2e75bb6a3610c11b,L01 Ryan,ryan_jerk_off_no,1,Ryan,"o toki- tenpo kama la sina ken kepeken e luka sina, anu seme?"
# --- mount_start: ryan_mount_no ---
91c3bf04fb99ce8b,L01 Ryan,ryan_mount_no,1,Ryan,"n, mi wile ala e supa unpa lon tenpo ni."
# --- outro: Ryan_1_Outro ---
0d26aa953ca02c41,L01 Ryan,Ryan_1_Outro,1,Ryan,mi pilin e ni: jaki ala li lon mi a!
699cdec6a62f5ff3,L01 Ryan,Ryan_1_Outro,2,Ryan,ni li pona mute. linja telo li pona lili taso.
c3bbf19f280c6dde,L01 Ryan,Ryan_1_Outro,3,Kobold,ni li pona tawa mi.
66984a1e53d3e869,L01 Ryan,Ryan_1_Outro,4,Kobold,n! o kama sin lon tenpo ale.
d629b0ed3f97727c,L01 Ryan,Ryan_1_Outro,6,Ryan,mi toki e tomo ni tawa jan ante.
e12cf68db48908a3,L01 Ryan,Ryan_1_Outro,7,Ryan,mi awen sona e tomo ni lon lawa mi.
29a9062b9b45c6ef,L01 Ryan,Ryan_1_Outro,8,Ryan,a a. 'jip' tawa sina kin.
0712e97652e51758,L01 Ryan,Ryan_1_Outro,9,Ryan,tenpo ni li pona tawa mi. mi tawa. o lukin e mi lon tenpo kama!
17f93a33eafe382c,L01 Ryan,Ryan_1_Outro,10,Ryan,sina ken ala ken open e lupa? mi wile tawa weka.
1aa7b1c1d5fb1fd6,L01 Ryan,Ryan_1_Outro,12,Ryan/Conrad/Kobold/Dragon,sina pona!

# ===== Level 2: Conrad (Sunny) =====
# --- intro: Conrad_Intro_1 ---
d391aece578e396f,L02 Conrad,Conrad_Intro_1,1,Conrad,"<gradient=""yellow - orange""><size=140%>o kute a! </gradient><size=100%>ni li tomo telo, anu seme?"
e2b71fbe0e3a8220,L02 Conrad,Conrad_Intro_1,2,Conrad,mi wile e sijelo pi jaki ala. ni li pali sina a. <size=70%> a.
198e07bd20a7e40b,L02 Conrad,Conrad_Intro_1,3,Kobold,"n, o kama lon nasin ni."
d474060b980dd4bb,L02 Conrad,Conrad_Intro_1,4,Kobold,mi ken open e nasin tawa sina.
6c70580a9b88273d,L02 Conrad,Conrad_Intro_1,5,Conrad,pona. taso sina wile open e lupa. o pana e jan Kolan tawa insa a!
# --- progress: Conrad_required_1 ---
87e002767e44df8e,L02 Conrad,Conrad_required_1,1,Conrad,n<size=90%>n<size=80%>n<size=70%>n<size=60%>n... <size=100%>mi wile sona e ijo.
2d6d31d664759240,L02 Conrad,Conrad_required_1,2,Conrad,"sina pali kin e <i>pini pona</i> lon ni, anu seme?"
906e9b3e20a54dc2,L02 Conrad,Conrad_required_1,3,Kobold,pini ale lon tomo ni li pona a!
c41cb150dfd261d8,L02 Conrad,Conrad_required_1,4,Kobold,sama... ijo unpa anu seme?
0c503978e6cd3a78,L02 Conrad,Conrad_required_1,5,Conrad,n... ni li ala-
c9ce0c4dd28236fa,L02 Conrad,Conrad_required_1,6,Conrad,"sina pali ala pali e ni: akesi suli, <size=60%>sama mi, <size=100%>li pana e telo unpa lon ni?"
daac14e0bc00f0ad,L02 Conrad,Conrad_required_1,7,Kobold,a- seme- <size=80%>a a. <size=60%>mi ala-
824dda92c5ffbad9,L02 Conrad,Conrad_required_1,8,Kobold,"a, ala."
33cb9fb42cd6a080,L02 Conrad,Conrad_required_1,9,Conrad,seme a! ni li ike mute! sina jo ala e supa unpa...?
96b0e7561e23fcbb,L02 Conrad,Conrad_required_1,10,Kobold,n... <size=60%>ala?
175ccc13192756d4,L02 Conrad,Conrad_required_1,11,Conrad,ni la o esun e ona a!
fcc67c51c62fb4e9,L02 Conrad,Conrad_required_1,12,Conrad,taso sina ken awen kepeken e luka sina. a.
a29919179016a4e8,L02 Conrad,Conrad_required_1,13,Conrad,lon anu seme? mi lukin ala e supa unpa.
6ec80eb8deb5afd8,L02 Conrad,Conrad_required_1,14,Kobold,a... lon. mi jo ala e ona.
22706d3faee3b165,L02 Conrad,Conrad_required_1,15,Kobold,ala. mi pana ala e ijo sama lon tomo ni.
4a8d1297fbe8f246,L02 Conrad,Conrad_required_1,16,Conrad,ni li ike a. o ante e ni.
# --- jerkoff: Conrad_1_JerkOff_Start ---
6d4db2b6b39822b2,L02 Conrad,Conrad_1_JerkOff_Start,1,Conrad,a pakala a! pona mute!
8fc6411ffc04a8f3,L02 Conrad,Conrad_1_JerkOff_Start,2,Conrad,o awen pali.
# --- cum: Conrad_1_Cum ---
e51f82fb1e4773ad,L02 Conrad,Conrad_1_Cum,1,Conrad,<size=140%> a! pakala pona a!
6d721d6e2ad2ae1c,L02 Conrad,Conrad_1_Cum,2,Conrad,<size=100%> ni li pona mute tawa mi a!
# --- mount_start: conrad_mount_no ---
b902443f60bdba87,L02 Conrad,conrad_mount_no,1,Conrad,a. n.
ccdcfc48472b3533,L02 Conrad,conrad_mount_no,2,Conrad,tenpo mute la mi wile e supa unpa. taso tenpo ni la ala.
# --- outro: Conrad_Outro_1 ---
2edaf16ee5b742a8,L02 Conrad,Conrad_Outro_1,1,Conrad,telo li pona lili.
882508b81f97e7cf,L02 Conrad,Conrad_Outro_1,2,Conrad,taso tomo telo ante ale li jo e supa unpa.
51335374627e92a3,L02 Conrad,Conrad_Outro_1,3,Kobold,mi pakala...
598e348ffe7cc978,L02 Conrad,Conrad_Outro_1,4,Kobold,mi esun e ona a! lon!
3eba607f0573bf98,L02 Conrad,Conrad_Outro_1,5,Conrad,o toki ala e pakala! o esun e supa unpa!
4e52b9a8b0ae1335,L02 Conrad,Conrad_Outro_1,6,Conrad,jan telo pona ale li sona e nasin pi pana pilin pona tawa akesi suli.
25d0b6008550c533,L02 Conrad,Conrad_Outro_1,7,Kobold,pona. mi esun e supa unpa.
2e92d12d86bf03a5,L02 Conrad,Conrad_Outro_1,8,Conrad,"pona. n, o open e lupa. mi tawa weka."
426726c5d08284a8,L02 Conrad,Conrad_Outro_1,9,Conrad,pona. o pali a. mi kama sin la supa unpa li lon ala la...
28c3830dac3b9c5b,L02 Conrad,Conrad_Outro_1,10,Kobold,ni li toki utala anu seme...?
fac432bdcfb4b753,L02 Conrad,Conrad_Outro_1,11,Conrad,"n, ala. taso pilin mi li kama ike mute a."
ee7433c3dd161b65,L02 Conrad,Conrad_Outro_1,12,Conrad,n- o open e lupa. mi tawa.

# ===== Level 3: Alexander (Sunny) =====
# --- intro: Alexander_1_intro ---
dbca31128a900488,L03 Alexander,Alexander_1_intro,1,Alexander,"toki. tenpo pimeja li pona. tomo ni li kama jo e jan esun pi tenpo ni, anu seme?"
a6208f4370193b60,L03 Alexander,Alexander_1_intro,2,Kobold,lon a! sina... tan tomo sona anu seme...?
fdf9d60aca05c19e,L03 Alexander,Alexander_1_intro,4,Alexander,lon. sina sona e sitelen mi. mi pana e sona pi ante ijo tawa jan.
12456a9c2599222e,L03 Alexander,Alexander_1_intro,5,Alexander,...mi pana e sona ni lon tenpo lili kama.
cccd2e909950ad59,L03 Alexander,Alexander_1_intro,6,Alexander,ni li pona mute.
f5b90500599eaa0a,L03 Alexander,Alexander_1_intro,7,Alexander,mi wile e ni: pali li kama pini kepeken tenpo lili. jan pi kama sona li ken ala pana e sona tawa ona sama.
26f8788d21d9fd7d,L03 Alexander,Alexander_1_intro,8,Kobold,mi telo ala e akesi suli pi pana sona lon tenpo pini... a.
7cc55c8bb6442b93,L03 Alexander,Alexander_1_intro,9,Kobold,"pona, mi open e lupa!"
c9b9bda16ee1d468,L03 Alexander,Alexander_1_intro,10,Alexander,mi jan pi pana sona suli- taso lon. tenpo mute la mi tawa ala e tomo telo pi jan ale.
8569efc4ed5a6273,L03 Alexander,Alexander_1_intro,11,Alexander/Ryan,sina pona.
57c2b1f349d8b9e9,L03 Alexander,Alexander_1_intro,12,Alexander,"a, kin la mi toki e pakala mi: jaki mute li lon sijelo mi."
c44510120d3f5f7e,L03 Alexander,Alexander_1_intro,13,Alexander,mi lon ijo ike ni. mi pilin ike tan ona...
550840616bc8148d,L03 Alexander,Alexander_1_intro,14,Kobold,sina... jaki mute ala.
21e1f6bc71429bdb,L03 Alexander,Alexander_1_intro,15,Kobold,ike ala. mi open e lupa tawa sina!
14ddfac745bc0ec3,L03 Alexander,Alexander_1_intro,16,Alexander,ala. jaki li lon mi.
65b94d53036df4ac,L03 Alexander,Alexander_1_intro,18,Alexander,sina ken ala ken open e lupa?
f602395a77ff68c4,L03 Alexander,Alexander_1_intro,19,Kobold,a. lon. mi pakala.
# --- progress: Alexander_1_required ---
8bb197f659df9e12,L03 Alexander,Alexander_1_required,1,Alexander,n... ma ni li pona tawa mi. ona li... pi jan pali.
c3971608b1a13f1b,L03 Alexander,Alexander_1_required,2,Kobold,pi jan- <i><size=70%>seme?
3afdda2c098fc834,L03 Alexander,Alexander_1_required,3,Kobold/Alexander/Ryan,sina pona a!
90d6678c9549b1e0,L03 Alexander,Alexander_1_required,4,Alexander,"a, ni li sama... kulupu pi jan pali?"
55c80016618e1bc5,L03 Alexander,Alexander_1_required,5,Alexander,mi pakala. mi wile toki e ni taso: tomo telo sina li pona tawa mi.
02fa2a9691178177,L03 Alexander,Alexander_1_required,6,Alexander,lon a
32e117cdd1f56f3f,L03 Alexander,Alexander_1_required,7,Alexander,"jan seme li sona e ni: tomo sama ni li lon, li ken kama jo tawa jan ale!"
# --- jerkoff: alexander_jerk_off_no ---
f33ca08a17779409,L03 Alexander,alexander_jerk_off_no,1,Alexander,<i>a.</i> mi pilin e ni: mi ken ala e ijo ni lon tenpo ni.
# --- mount_start: alexander_mount_no ---
170ebd10775afd58,L03 Alexander,alexander_mount_no,1,Alexander,mi... sona ala e ni: mi wile ala wile kepeken e ijo ni lon tenpo suno ni.
# --- outro: Alexander_1_Outro ---
d202075090a8960b,L03 Alexander,Alexander_1_Outro,1,Alexander,mi wile toki e ni: pali sina li pona sama pali pi jan telo pi jan wan taso.
b6069e62e167364f,L03 Alexander,Alexander_1_Outro,3,Kobold,"n n, mi pali kepeken wawa ale mi lon tenpo ale."
981447d1952fe850,L03 Alexander,Alexander_1_Outro,4,Alexander,"a a, 'jip' a. lon."
5d7279822bcee7dd,L03 Alexander,Alexander_1_Outro,5,Alexander,jan pi kama sona mi li ken kama sona e ijo tan nasin pali sina!
8117291ab8529b4f,L03 Alexander,Alexander_1_Outro,6,Alexander,lon la mi wile mute toki e ijo mute. taso tenpo pi pana sona li kama lon tenpo lili.
dae0c0aa3ae01c37,L03 Alexander,Alexander_1_Outro,7,Alexander,...sina pona tan ijo ni.

# ===== Level 4: Ryan (Sunny) =====
# --- intro: Ryan_2_intro ---
7825d92f67bdcdef,L04 Ryan,Ryan_2_intro,1,Ryan,toki sin!
cd26586143766826,L04 Ryan,Ryan_2_intro,2,Kobold,"toki, jan Lajan!"
6a67a8866ec70c09,L04 Ryan,Ryan_2_intro,4,Ryan,toki. mi pilin pona tan kama sin mi.
921bd4effdaa2a2f,L04 Ryan,Ryan_2_intro,5,Ryan,a... kalama ni li pona tawa sina a.
387d0da740d0826e,L04 Ryan,Ryan_2_intro,6,Ryan,mi wile e telo sin.
e542b800ecfc350a,L04 Ryan,Ryan_2_intro,7,Ryan,mi wile weka lili tan tomo mi.
78b22bcc76942425,L04 Ryan,Ryan_2_intro,8,Ryan,mi tawa musi poka jan pona mi.
21abbb56e463a200,L04 Ryan,Ryan_2_intro,9,Ryan,ilo sitelen li musi mute.
da3405e1151a476e,L04 Ryan,Ryan_2_intro,10,Ryan,taso tenpo ni la mi wile weka e jaki.
41dc14e2cd744b1b,L04 Ryan,Ryan_2_intro,11,Kobold,"a, pona. o kama insa."
b231225bfcc08d4c,L04 Ryan,Ryan_2_intro,12,Kobold,ijo ale li pona anu seme?
056b5511850d7220,L04 Ryan,Ryan_2_intro,13,Ryan,pona. sina pona.
b4e4d893367947a0,L04 Ryan,Ryan_2_intro,14,Ryan,lon. ale li pona. mi pakala.
c9cdea9d31e53d5b,L04 Ryan,Ryan_2_intro,15,Ryan,tenpo suno ni li ike taso. mi wile e ni: ni li pona e pilin mi!
ab74167fe23c9db5,L04 Ryan,Ryan_2_intro,17,Ryan,n... lupa?
5cbc0ceea57587db,L04 Ryan,Ryan_2_intro,18,Kobold,a- lon. mi pali.
08411b780900fb59,L04 Ryan,Ryan_2_intro,19,Kobold,lon a. o awen lili!
a386908e3024f35e,L04 Ryan,Ryan_2_intro,20,Ryan,pona a.
# --- progress: Ryan_2_required ---
580684f8909e025d,L04 Ryan,Ryan_2_required,1,Ryan,o.
b4eff799a0271863,L04 Ryan,Ryan_2_required,2,Kobold,n?
fad448038cd06268,L04 Ryan,Ryan_2_required,3,Kobold,seme li lon?
a1dd2ff2d1ef6beb,L04 Ryan,Ryan_2_required,4,Ryan,mi ken ala ken pana e wile sona tawa sina?
2acd4405a7f14ae3,L04 Ryan,Ryan_2_required,5,Kobold,sina pali e ni lon tenpo ni a. seme li lon?
c10c037156053bfe,L04 Ryan,Ryan_2_required,6,Kobold,pona.
4f6d869aa239596c,L04 Ryan,Ryan_2_required,7,Ryan,"a, lon. mi pakala."
0fa0dff561f86016,L04 Ryan,Ryan_2_required,8,Ryan,"n, mi toki e ni: olin."
9a38b89ed035e464,L04 Ryan,Ryan_2_required,9,Ryan,"olin li ike <i>mute</i> la, sina sona e ni: ona li kama pini."
9b943020b9ae2658,L04 Ryan,Ryan_2_required,10,Ryan,sina pali e nasin ale.
954ba66a076849a5,L04 Ryan,Ryan_2_required,12,Ryan,sina pini e olin lon tenpo seme?
f173e528733bb05a,L04 Ryan,Ryan_2_required,13,Kobold,a- jan Lajan...
7b102f547a549072,L04 Ryan,Ryan_2_required,14,Kobold,mi... ken ala toki e sona ni tawa sina.
d74bb8fcbf89b62a,L04 Ryan,Ryan_2_required,15,Ryan,mi sona. mi sona e ni: mi o pana ala e ijo ike ni tawa sina.
64973f6ac9ac08be,L04 Ryan,Ryan_2_required,16,Ryan,taso sina jan pi pilin pona. lon poka sina li pona.
93fa9e1a16f34a7d,L04 Ryan,Ryan_2_required,17,Ryan,sina toki lon... nasin li lon ala.
797653f5e081152e,L04 Ryan,Ryan_2_required,18,Ryan,mi pilin pona tan ni: lon tomo ni la jan li toki ike ala tawa mi.
b11d41e01fefb995,L04 Ryan,Ryan_2_required,20,Kobold,sina pona. lon poka sina li pona tawa mi kin.
c6df1e087ef5d8e4,L04 Ryan,Ryan_2_required,21,Kobold,mi wile e ni: ijo li kama pona.
ebb96171ea7628a0,L04 Ryan,Ryan_2_required,22,Ryan/Kobold/Alexander,mi pilin pona.
91c0e3e9014024af,L04 Ryan,Ryan_2_required,23,Ryan,mi kin.
# --- outro: Ryan_2_Outro ---
cb57ee6155ed6ca5,L04 Ryan,Ryan_2_Outro,1,Ryan,pona. jaki ala li lon mi.
f6d370e531334fab,L04 Ryan,Ryan_2_Outro,2,Ryan,tenpo pini la mi pana e ijo ike ale ni tawa sina. mi pakala.
a402a75e0522e087,L04 Ryan,Ryan_2_Outro,3,Kobold,ale li pona!
94e0ea6f97e24a81,L04 Ryan,Ryan_2_Outro,4,Kobold,mi sona e ni: ijo li ken ike mute.
4f66abc45de7ff53,L04 Ryan,Ryan_2_Outro,5,Ryan/Alexander,sina jan suwi mute.
ee65a6c9748b539c,L04 Ryan,Ryan_2_Outro,6,Ryan,sitelen tawa la ijo ni li pona. mi wile e ni sama.
0e95dd9dae12e50e,L04 Ryan,Ryan_2_Outro,7,Kobold,"o kama sin lon tenpo ale, jan Lajan."
78c778b6ee0575d9,L04 Ryan,Ryan_2_Outro,8,Kobold,sina wile toki sin e ni la mi jo e tenpo.
f204fcc6b711621e,L04 Ryan,Ryan_2_Outro,9,Ryan,mi kama sin. sina pona.
72eaafd8ad3f6b0d,L04 Ryan,Ryan_2_Outro,10,Ryan,sina sona anu seme? ni li... musi ala.
fe454a1e25772898,L04 Ryan,Ryan_2_Outro,11,Kobold,sina toki lon. mi o alasa ala e sona sina.
513af1a2eeeef9b6,L04 Ryan,Ryan_2_Outro,12,Kobold,ale li pona. mi pilin e ni: sina wile toki.
f3ff11acd1b54309,L04 Ryan,Ryan_2_Outro,13,Ryan,sina pakala ala. sina pona.
0b61ba409dc46906,L04 Ryan,Ryan_2_Outro,14,Ryan,lon. sina toki lon.
5459b9d74fb7a529,L04 Ryan,Ryan_2_Outro,15,Ryan,n. meli olin mi li lon tomo lon tenpo pini mi. ona li akesi suli pi pali lon tomo.
2cd54468954ee8c7,L04 Ryan,Ryan_2_Outro,16,Ryan,mi kama tawa tomo kepeken jaki lili. ona la ona li toki wawa ike tawa mi.
f7e4ec27dd7d6527,L04 Ryan,Ryan_2_Outro,17,Ryan,ona li toki e ni: o tawa tomo telo. ona li pilin ike mute a.
2880304176197c02,L04 Ryan,Ryan_2_Outro,18,Ryan,ona li pilin ike <i>mute</i> tan ko ma lon sijelo mi.
250b97243d1df1f7,L04 Ryan,Ryan_2_Outro,19,Kobold,ni li tan pi kama nanpa wan sina anu seme?
bc78d04f7d5861dc,L04 Ryan,Ryan_2_Outro,20,Kobold,mi pilin e ni: pilin ona li suli mute ike.
08a70054f59e703a,L04 Ryan,Ryan_2_Outro,21,Ryan,lon...
6079131a1c79adef,L04 Ryan,Ryan_2_Outro,22,Ryan,taso lon la sina pona e mi mute.
92536deee525f694,L04 Ryan,Ryan_2_Outro,23,Ryan,sina pana e tenpo pi pilin sona tawa mi.
c3be2f1d3fa4404d,L04 Ryan,Ryan_2_Outro,25,Ryan,mi pilin sama.
9ebcf8a46cc189b7,L04 Ryan,Ryan_2_Outro,26,Ryan,mi pilin e ni: ona li pilin ike tan ijo ante...
8c3115a4e2a9a664,L04 Ryan,Ryan_2_Outro,27,Ryan,taso ni li ike tawa mi: ona li pana e pilin ike ona tawa mi.
393d8e5925dc5937,L04 Ryan,Ryan_2_Outro,31,Ryan,n-
7258b4e037805024,L04 Ryan,Ryan_2_Outro,32,Ryan,sina kute e mi. sina pona.
951382e00968439d,L04 Ryan,Ryan_2_Outro,33,Kobold,"lon tenpo ale, jan Lajan."
c41f39341b6c49ef,L04 Ryan,Ryan_2_Outro,34,Kobold,lon a. mi pilin ike tan ijo ike ale ni lon sina.
553b3b011e56f6e2,L04 Ryan,Ryan_2_Outro,36,Ryan,ale li pona. mi kama sona e nasin.
bd7468846a30d095,L04 Ryan,Ryan_2_Outro,37,Kobold,mi tawa open e lupa tawa sina.
a7f68522a6e41971,L04 Ryan,Ryan_2_Outro,38,Ryan,pona. mi tawa!

# ===== Level 5: Conrad (Rainy) | sets level_5 | ends MedkitCompleted, level_5_complete =====
# --- intro: Conrad_Intro_2 ---
ed1060b120921b51,L05 Conrad,Conrad_Intro_2,1,Conrad,sina jo ala jo e poki pi pona sijelo?
33b8a4a45ccc09d4,L05 Conrad,Conrad_Intro_2,2,Kobold,seme li kama a!?
0a1daca6a7ffe060,L05 Conrad,Conrad_Intro_2,3,Kobold,"a ike, jan Kolan. sina pona anu seme?"
20e5d8710e635ec0,L05 Conrad,Conrad_Intro_2,4,Conrad,mi wile ala toki e ni tawa sina.
20e7bf03f9acda80,L05 Conrad,Conrad_Intro_2,5,Conrad,o toki: sina jo ala jo e poki pi pona sijelo?
b5df9715ed2e91ed,L05 Conrad,Conrad_Intro_2,6,Conrad,mi lukin pona anu seme?
b91e8be1b03d1b61,L05 Conrad,Conrad_Intro_2,7,Conrad,ala. mi pona ala. sina jo ala jo e poki pi pona sijelo?
f974998c16103aa0,L05 Conrad,Conrad_Intro_2,8,Kobold,"lon, mi jo e ona."
8ca82a3bb03f138c,L05 Conrad,Conrad_Intro_2,9,Kobold,mi jo e ona. taso seme li kama?
a94b34f629b2029a,L05 Conrad,Conrad_Intro_2,10,Conrad,o... open e lupa.
# --- progress: Conrad_required_2 ---
4356fa179bb80e09,L05 Conrad,Conrad_required_2,1,Conrad,mi jan pi sona ala a.
d886f3d923f9c796,L05 Conrad,Conrad_required_2,2,Conrad,mi wile weka tan ijo jaki sama ni a!
ea8c1853a7d5966c,L05 Conrad,Conrad_required_2,3,Kobold,sina wile ala wile toki e ijo kama...?
bded00d07cb1e457,L05 Conrad,Conrad_required_2,4,Kobold,sina kama pakala. mi pilin ike tan ni...
02f000041eb5ab82,L05 Conrad,Conrad_required_2,5,Conrad,pakala! ala a! ni li ike mute tawa pilin mi.
58356b98fdf40dc3,L05 Conrad,Conrad_required_2,7,Conrad,mi wile ala e pilin ike sina tawa mi!
cb7847cb63566364,L05 Conrad,Conrad_required_2,9,Conrad,taso ni li lon...
b48f291ebc6b18fe,L05 Conrad,Conrad_required_2,10,Conrad,ni li ike mute tawa mi: tenpo ale la mi kama lon ijo ike sama ni.
519b07c299436f2a,L05 Conrad,Conrad_required_2,11,Conrad,mi kama pilin e ni: pakala li tan <i>mi</i>.
f5ad489eeba50b01,L05 Conrad,Conrad_required_2,12,Kobold,"<i>ni</i> li tan ala sina, jan Kolan."
6402f4608ceb7bbb,L05 Conrad,Conrad_required_2,13,Kobold,sina kama pakala. mi pilin ike mute tan ni. jan seme li pali e ni?
8e59613d6cd60464,L05 Conrad,Conrad_required_2,14,Conrad,tenpo ni la mi pilin e ni: pakala li tan mi...
7058e362e43623f0,L05 Conrad,Conrad_required_2,15,Conrad,akesi suli wan lon tomo pi telo nasa... mi sona ala. mi ken ala pini e toki mi.
ea289ebcdd7e81ef,L05 Conrad,Conrad_required_2,16,Conrad,akesi suli wan lon tomo pi telo nasa taso. mi sona ala... mi ken ala pini e toki mi.
aff317c06781bc70,L05 Conrad,Conrad_required_2,17,Conrad,mi sona ala a! mi pali kepeken nasin ni tan seme?
da5eed4c72eb1073,L05 Conrad,Conrad_required_2,18,Kobold,nasin seme?
193bb66a944990a8,L05 Conrad,Conrad_required_2,19,Kobold,"mi pilin e ni: sina pona a, jan Kolan."
c69250ea092a7fcd,L05 Conrad,Conrad_required_2,20,Conrad,sama... jan ike? mi sona e ni: lon poka mi li ike tawa jan.
c2f21da58e28df4f,L05 Conrad,Conrad_required_2,21,Conrad,sina jan pona. mi ken ala kama jo e pona sama ni.
9c529e9f79f39a21,L05 Conrad,Conrad_required_2,22,Conrad,mi jan ike. mi sona e ni.
4b7317a793a0f728,L05 Conrad,Conrad_required_2,23,Conrad,tenpo pini la mi toki wawa ike tawa sina. mi pakala.
c4c0c9950baa723f,L05 Conrad,Conrad_required_2,24,Conrad,sina o kama jo ala e ike sama ni.
9fa8cd9193124e79,L05 Conrad,Conrad_required_2,25,Kobold,sina pona. mi lukin e ni: ijo ike mute li lon sina.
249133e0671a807b,L05 Conrad,Conrad_required_2,26,Kobold,ale li pona.
c61717fe95ec2b9c,L05 Conrad,Conrad_required_2,27,Conrad,taso ni la mi o toki wawa ala tawa sina.
652daa6043287e1b,L05 Conrad,Conrad_required_2,28,Conrad,mi toki ala e tan pi pakala mi.
65b4e7b9caad6028,L05 Conrad,Conrad_required_2,29,Conrad,ala. ni li pona ala. mi toki ala e tan pi pakala mi.
334ade0356dff453,L05 Conrad,Conrad_required_2,30,Conrad,mi wile kama pona. mi <i>wile </i>kama pona a.
1d190e45e1ddc239,L05 Conrad,Conrad_required_2,31,Conrad,taso n... o toki ala e toki mi ni tawa jan ante.
3969155d983b9b32,L05 Conrad,Conrad_required_2,32,Kobold,mi awen e sona len sina.
bd7f2cf961e397ca,L05 Conrad,Conrad_required_2,33,Kobold,mi toki ala e ona.
0cd12abef67edc64,L05 Conrad,Conrad_required_2,34,Conrad,...sina pona.
bbaef120c3a81475,L05 Conrad,Conrad_required_2,35,Conrad,kin la mi pilin pona tan poki pi pona sijelo sina... sina awen pona tawa tenpo ike.
# --- jerkoff: conrad_jerk_off_no ---
f81a53c29135dfa5,L05 Conrad,conrad_jerk_off_no,1,Conrad,n... ala lon tenpo ni.
# --- outro: Conrad_Outro_2 ---
7f9f3c8d0db46cbf,L05 Conrad,Conrad_Outro_2,1,Conrad,mi pilin pona mute lon tenpo ni.
d4a62b147d5a622b,L05 Conrad,Conrad_Outro_2,2,Kobold,sijelo anu pilin?
0d49a74e82a2356a,L05 Conrad,Conrad_Outro_2,4,Conrad,tu.
c38c5771c6cf6118,L05 Conrad,Conrad_Outro_2,5,Conrad/Ryan,mi kin.
7e30c436a9112ecd,L05 Conrad,Conrad_Outro_2,6,Conrad,sina... pona a.
229bd072e07a3d53,L05 Conrad,Conrad_Outro_2,7,Conrad,mi toki lon. a.
ba15304b6e669701,L05 Conrad,Conrad_Outro_2,8,Kobold,mi pali e ijo pona taso.
1fb463b57138c081,L05 Conrad,Conrad_Outro_2,9,Kobold,mi pilin e ni: sina pona kin. pali pi pona sina sama li ike mute.
56c81331bdf0858e,L05 Conrad,Conrad_Outro_2,10,Conrad,mi wile kama sona tan ni.
3e2cb05f5d39c6e5,L05 Conrad,Conrad_Outro_2,11,Conrad,sina pona. taso mi kama pona. mi toki lon.
8a3ca437a0d6d164,L05 Conrad,Conrad_Outro_2,12,Conrad,mi weka tan selo sina...
c90e3d1d20fadd0f,L05 Conrad,Conrad_Outro_2,13,Conrad,mi kama sin a.

# ===== Level 6: Alexander (Night) | sets level_6_started =====
# --- intro: Alexander_2_intro ---
44aa15e695b4e0d5,L06 Alexander,Alexander_2_intro,1,Alexander,mun li pona a! sina open.
840851d0f7570dd9,L06 Alexander,Alexander_2_intro,2,Kobold,jan Alekante...?
d786fe5166ed78b0,L06 Alexander,Alexander_2_intro,3,Kobold,n n n... mi open ala a.
b5707c134254e827,L06 Alexander,Alexander_2_intro,4,Alexander,lon. mi wile e telo. ijo ni li ike mute a!
5962824d5ad2d472,L06 Alexander,Alexander_2_intro,5,Alexander,sina taso li ken pali e ni.
4006d568c80ab534,L06 Alexander,Alexander_2_intro,6,Alexander,mi pana e mani tu. mani tu wan- sina taso li ken pali e ni!
a17a2764777e0b60,L06 Alexander,Alexander_2_intro,7,Kobold,"a. ni la lon, mi open."
1e5b9c4d7c7853fa,L06 Alexander,Alexander_2_intro,8,Alexander,ni li pona mute a!
e36d5a8ffbc61b8c,L06 Alexander,Alexander_2_intro,9,Kobold,seme li kama?
c43599f1e3538c5c,L06 Alexander,Alexander_2_intro,10,Kobold,sina lon ni lon tenpo pimeja ni tan seme?
c63c466c3e28f286,L06 Alexander,Alexander_2_intro,11,Alexander,"jan pali poka mi, jan Ikiwi pi pana sona, li wile kepeken e mi sama supa."
dfb6e95e4715f76e,L06 Alexander,Alexander_2_intro,12,Alexander,"mi pana e ken tawa ona, tan ni: sijelo mi li suli li sewi mute."
9da4c08f2c9d94f9,L06 Alexander,Alexander_2_intro,13,Alexander,taso...
149351e2d565febf,L06 Alexander,Alexander_2_intro,14,Alexander,pakala li lon nasin ona.
b54a89ba26aaeaa1,L06 Alexander,Alexander_2_intro,15,Kobold,ona li moli a!?
0ee302086c5ae61a,L06 Alexander,Alexander_2_intro,16,Kobold,ona li tawa ma seme...?
2cc9a59ae14e4845,L06 Alexander,Alexander_2_intro,17,Alexander,seme?
3b20ece829b0bd68,L06 Alexander,Alexander_2_intro,18,Alexander,ala.
93f6d587969b0e78,L06 Alexander,Alexander_2_intro,19,Alexander,"seli li kama lon ona lon tenpo pi wile ala. ni la mi weka, mi pana e tenpo len tawa ona."
1d37ba6f405ce0fd,L06 Alexander,Alexander_2_intro,20,Alexander,sijelo ona li kama sin lon tomo lape pi jan pali.
27c227129d961114,L06 Alexander,Alexander_2_intro,21,Alexander,jan nasa wawa pona ale li awen jo e linja pi waso seli.
9e99fec970b38818,L06 Alexander,Alexander_2_intro,22,Kobold,lon. linja pi waso seli. mi sona a.
0549826a698aad1c,L06 Alexander,Alexander_2_intro,23,Kobold,pona. mi open e tomo esun. o awen lili.
9e85e9ab574cfc16,L06 Alexander,Alexander_2_intro,24,Alexander,mi weka sona e ni: jan mute li sona ala e ijo ni. mi toki e pakala mi.
359439ec513e7e35,L06 Alexander,Alexander_2_intro,25,Kobold,"n n, mi tawa open e lupa"
28fa9c1bb5161161,L06 Alexander,Alexander_2_intro,26,Alexander,o tawa wawa a! nimi pona mi li lon nasin ike!
# --- progress: Alexander_2_required ---
cc99c01887a9b5f1,L06 Alexander,Alexander_2_required,1,Alexander,ijo ike ale ni li pana e pilin ike suli tawa mi.
e33e953efb157171,L06 Alexander,Alexander_2_required,2,Kobold,ni li suli ala. mi pilin e ni: jan ale li pona.
c054502c35602985,L06 Alexander,Alexander_2_required,3,Kobold,sina o pilin ike ala.
98cbb728e5fb19f2,L06 Alexander,Alexander_2_required,4,Alexander,mi pilin ike ala tan ni. mi akesi suli pi wile ala pi ijo ike.
c1d152bd1a4b22f1,L06 Alexander,Alexander_2_required,5,Alexander,toki sina li pona tawa mi.
0da1bbeb76d9ef60,L06 Alexander,Alexander_2_required,6,Alexander,"taso, <i>sitelen</i> mi lon lukin pi jan ante li awen suli. sijelo pi jan Ikiwi li awen lili taso."
54021b5f26568c41,L06 Alexander,Alexander_2_required,7,Alexander,ni li tan pi pilin ike mi...
3a363409d3ae72f1,L06 Alexander,Alexander_2_required,8,Alexander,kin la ni li tan ni: sina jan nanpa wan pi pali ni!
# --- outro: Alexander_2_Outro ---
abc1043955962614,L06 Alexander,Alexander_2_Outro,1,Alexander,jaki ala li lon mi sin. sina open e tomo lon tenpo pimeja ni. sina pona.
2de23f0bdf3de327,L06 Alexander,Alexander_2_Outro,2,Kobold,mani... n n n...
082cb158de32f2d9,L06 Alexander,Alexander_2_Outro,3,Kobold,ike ala.
374214d86f810d53,L06 Alexander,Alexander_2_Outro,4,Alexander,"a, mani li pana e wile pali."
7ff22bb553842005,L06 Alexander,Alexander_2_Outro,5,Alexander,taso ni li pini!
01b524bd7165a166,L06 Alexander,Alexander_2_Outro,6,Alexander,mi sona ala e ni lon tenpo pini: mi ken toki e ijo len ike ni tawa jan.
704866fd76bd9fb8,L06 Alexander,Alexander_2_Outro,7,Kobold,mi pilin pona tan pali pona. <i><size=70%> akesi suli la ni li pona mute.
dd573253630e8021,L06 Alexander,Alexander_2_Outro,8,Kobold,mi pilin pona tan ni: sina sona e pona mi.
d6b066332b6d8b9a,L06 Alexander,Alexander_2_Outro,9,Alexander,sina kama jo e pilin pona tan ni kin. ni li pona tawa mi.
762c20b866b7b263,L06 Alexander,Alexander_2_Outro,10,Alexander,mi kin.
5fc37d4eda289c06,L06 Alexander,Alexander_2_Outro,11,Alexander,toki tawa sina li pona li ike ala. mi sona ala e tan.
5a2661b79c536b73,L06 Alexander,Alexander_2_Outro,12,Alexander,lukin pi jan ante ale li suli mute li ike.
0ddbb1a880fb5b54,L06 Alexander,Alexander_2_Outro,13,Alexander,lukin sina li sama ala. ona li pona.
df9e3e9397757b17,L06 Alexander,Alexander_2_Outro,14,Kobold,wile pi jan ante li ike a a a.
5b4ce4081cac21b5,L06 Alexander,Alexander_2_Outro,15,Kobold,mi pali taso!
1acd1b8d362287ec,L06 Alexander,Alexander_2_Outro,16,Alexander,lon. ona li ike...
cbbaf40d803468a2,L06 Alexander,Alexander_2_Outro,17,Alexander,sina pali pona.

# ===== Level 7: Ryan (Sunny) =====
# --- intro: Ryan_3_intro ---
49e50c5be7d1583e,L07 Ryan,Ryan_3_intro,2,Kobold,jan Lajan!
346181d6c9954315,L07 Ryan,Ryan_3_intro,3,Kobold,o kama pona sin!
c1cff3dbff6bfce2,L07 Ryan,Ryan_3_intro,4,Ryan,ni li mi.
03810482331af8e2,L07 Ryan,Ryan_3_intro,5,Ryan,mi pilin pona tan lon mi lon tomo ni.
e1a42aae663ccf1f,L07 Ryan,Ryan_3_intro,6,Ryan,mi kama tan wile pi telo sin.
fc7ed7b68999fdae,L07 Ryan,Ryan_3_intro,7,Ryan,mi...
be0667bb01a8cd65,L07 Ryan,Ryan_3_intro,8,Ryan,ijo ala. sina ken ala ken open e lupa?
20ed966db540aaaf,L07 Ryan,Ryan_3_intro,9,Kobold,lon. mi open e ona tawa sina.
6c0973b0166d3528,L07 Ryan,Ryan_3_intro,10,Kobold,jan Lajan? ale li pona anu seme...?
8dff101cb2298f67,L07 Ryan,Ryan_3_intro,12,Ryan,ala. ale li pona ala.
1990b3ec8cd88a48,L07 Ryan,Ryan_3_intro,13,Ryan,mi toki e ona lon tenpo lili kama. tenpo ni la sina ken ala ken open e lupa?
85fec70372b092bb,L07 Ryan,Ryan_3_intro,14,Kobold/Conrad,lon.
33e04b2f805d0e1a,L07 Ryan,Ryan_3_intro,15,Kobold,pona. taso mi wile e ni: sina pilin pona.
f51bead488e14b65,L07 Ryan,Ryan_3_intro,16,Ryan/Conrad/Alexander,sina pona.
aac215f048e8ee54,L07 Ryan,Ryan_3_intro,17,Ryan,mi ken awen.
# --- progress: Ryan_3_required ---
eb256f4dcddfee94,L07 Ryan,Ryan_3_required,1,Ryan,mi toki e tenpo pini.
1a17d73907f63be1,L07 Ryan,Ryan_3_required,2,Ryan,lon tenpo suno pini lili...
87a781aa9b0c0136,L07 Ryan,Ryan_3_required,3,Ryan,mi pini e olin mi...
f68b8d76138a2a69,L07 Ryan,Ryan_3_required,4,Kobold,a... mi pilin ike mute tan ni.
d6077ef6cdb59db1,L07 Ryan,Ryan_3_required,5,Kobold,"a, jan Lajan."
d296154ff317814a,L07 Ryan,Ryan_3_required,6,Ryan,ale li pona. mi wile e ni. ona li pana ala e pilin pona tawa mi.
8a2e2803c1bc2ea7,L07 Ryan,Ryan_3_required,7,Ryan,mi pana ala e pilin pona tawa ona kin.
d9e1edc2e966ec26,L07 Ryan,Ryan_3_required,8,Ryan,taso tan pona ale li ken ala pona e pilin mi.
769c31039308d04d,L07 Ryan,Ryan_3_required,9,Kobold,sina ken pali e nasin pona tawa sina. ni li pona tawa mi.
460c50191c964260,L07 Ryan,Ryan_3_required,10,Kobold,pini pi ijo li ike lon tenpo ale.
8825be71018f7f88,L07 Ryan,Ryan_3_required,11,Ryan,lon. taso tan ni la mi kama sona e sina.
3e43d550d0572c10,L07 Ryan,Ryan_3_required,12,Ryan,lon... ona li ike a.
8948d011be56c311,L07 Ryan,Ryan_3_required,13,Ryan,taso mi kama sona e sina a!
e484863d425a58e8,L07 Ryan,Ryan_3_required,14,Kobold,"sina pona, jan Lajan. mi kama sona e sina kin. ni li pona tawa mi"
1af4464c602a423a,L07 Ryan,Ryan_3_required,15,Kobold/Conrad,"a, sina pona."
e39173e934f56c78,L07 Ryan,Ryan_3_required,16,Ryan,telo ni li pona e ale a.
94f45fc9f39121cd,L07 Ryan,Ryan_3_required,17,Ryan,kin la ona li pona mute tawa sijelo mi.
# --- outro: Ryan_3_Outro ---
01e6332ab274c6d3,L07 Ryan,Ryan_3_Outro,1,Ryan,mi pilin e ni: ale li pini.
26fef1581467462d,L07 Ryan,Ryan_3_Outro,2,Ryan,sina pona. sina pona e nasin ike ni tawa mi.
021d801f68652852,L07 Ryan,Ryan_3_Outro,3,Kobold,"o kama lon tenpo ale, jan Lajan. ni li pona tawa mi."
dc18b85912d460dd,L07 Ryan,Ryan_3_Outro,4,Kobold,sina jan esun pona nanpa wan mi!
7ee443bc5e93fadb,L07 Ryan,Ryan_3_Outro,5,Ryan,tenpo ale la mi pilin pona lon tomo sina.
c851929ab3cd9537,L07 Ryan,Ryan_3_Outro,6,Ryan,a... sina pona. ni li nasa anu seme: mi pilin e ni: sina...
e0464d0955af808a,L07 Ryan,Ryan_3_Outro,7,Ryan,jan pona suli mi?
674d9f74349966ca,L07 Ryan,Ryan_3_Outro,8,Kobold,<size=70%><i>a a-</i> ala. ni li pona mute a.
e2c8744d410cb6f6,L07 Ryan,Ryan_3_Outro,9,Kobold,mi pilin e ni kin: sina jan pona mi
29fee2ec355f7967,L07 Ryan,Ryan_3_Outro,10,Ryan,a- mi pilin pona!
51200db7892ee7e1,L07 Ryan,Ryan_3_Outro,11,Ryan,a... sina pona.
91c56a4e9213a4b0,L07 Ryan,Ryan_3_Outro,12,Ryan,pona. mi o weka tan selo sina.
523791f6550c3508,L07 Ryan,Ryan_3_Outro,13,Ryan,"mi kama sin, anu seme?"
667cadad21e120f0,L07 Ryan,Ryan_3_Outro,14,Kobold,pona! mi tawa open e lupa tawa sina.
18f0197237db4a52,L07 Ryan,Ryan_3_Outro,15,Kobold,mi wile lukin e sina lon tenpo kama
952d54adb781ab58,L07 Ryan,Ryan_3_Outro,16,Ryan,sina pona. mi lukin e sina lon tenpo kama lili.

# ===== Level 8: Conrad (Sunny) | sets DeliveredMountFrame =====
# --- intro: Conrad_Intro_3 ---
c2ce80cda53b3e12,L08 Conrad,Conrad_Intro_3,1,Conrad,"o toki, soweli suli."
ef92f8b9796dcaad,L08 Conrad,Conrad_Intro_3,2,Kobold,mi... jan lili.
3faf8798d815fbcc,L08 Conrad,Conrad_Intro_3,3,Kobold,"toki, jan Kolan."
fe810d1ef6bbca3f,L08 Conrad,Conrad_Intro_3,4,Conrad,n... lon.
fe59e121f203b436,L08 Conrad,Conrad_Intro_3,5,Conrad,a. lon. ni li mi.
a911f2d8e77038c7,L08 Conrad,Conrad_Intro_3,6,Conrad,"sina kama jo e ijo sin, anu seme?"
403e617f71fdbd7d,L08 Conrad,Conrad_Intro_3,7,Conrad,poki open ni li jo e seme?
2fa26a557574f06d,L08 Conrad,Conrad_Intro_3,8,Kobold,mi kama jo e supa unpa.
ba689238087b547e,L08 Conrad,Conrad_Intro_3,9,Kobold,ni li supa unpa. sina wile e ona.
a1d3f8d9c7e16f54,L08 Conrad,Conrad_Intro_3,10,Conrad,<size=160%>a a a! pona mute a!
24f5fb4981989960,L08 Conrad,Conrad_Intro_3,11,Conrad,<size=100%>mi wile toki e ni- ona li pona.
086c8ec178979d9b,L08 Conrad,Conrad_Intro_3,12,Conrad,o pana e mi tawa insa a! mi wile kepeken e ijo ni!
8b742c36f3da7059,L08 Conrad,Conrad_Intro_3,13,Kobold,pona...
3a1b28ba58f06ac8,L08 Conrad,Conrad_Intro_3,14,Kobold,mi tawa open e lupa.
c2ac4efff25192d6,L08 Conrad,Conrad_Intro_3,15,Conrad,o... toki ala kepeken nasin ni.
faa0b4a641d866a4,L08 Conrad,Conrad_Intro_3,17,Conrad,o tawa a~!
f030a371b944e9be,L08 Conrad,Conrad_Intro_3,18,Conrad/Ryan,lon a!
# --- phone: Conrad_3_PhoneTutorial ---
eb8e96751da9e008,L08 Conrad,Conrad_3_PhoneTutorial,1,Phone,mi kama jo e wile sina pi supa unpa!
4369749a5a3394e9,L08 Conrad,Conrad_3_PhoneTutorial,2,Kobold,seme..?
339397c0d1c1f21f,L08 Conrad,Conrad_3_PhoneTutorial,3,Phone,ona li kama lon tenpo suno open ni. ona li lon poka lupa.
f1968abec4612ffb,L08 Conrad,Conrad_3_PhoneTutorial,4,Phone,o kepeken e palisa kiwen. o open e poki. o pana e ona tawa tomo poki. sina ken ala ken?
435c7e974ca94c84,L08 Conrad,Conrad_3_PhoneTutorial,6,Phone,pona mute. o pali <i>pona</i> lon tenpo suno ni.
# --- idle: Conrad_idle_3_1 ---
37950c8a8db90865,L08 Conrad,Conrad_idle_3_1,1,Conrad,sina pana e supa unpa la mi kepeken e ona.
8f224115163c0dbe,L08 Conrad,Conrad_idle_3_1,2,Conrad,o! o kepeken e luka sina lon palisa unpa mi- ni li pona mute!
785bfdcdb6a67739,L08 Conrad,Conrad_idle_3_1,3,Conrad,"n, sina ken ala ken open e lupa?"
# --- idle: Conrad_idle_3_2 ---
c1dc3477631255b7,L08 Conrad,Conrad_idle_3_2,1,Conrad,supa unpa pi wile sina li pona tawa mi. sina ken ala ken kama jo e ona?
4557c47a615d9810,L08 Conrad,Conrad_idle_3_2,2,Conrad,n n n. sina kepeken ala kepeken e luka sina lon palisa mi?
7e079188b55eb03d,L08 Conrad,Conrad_idle_3_2,3,Conrad,sina pona tan ni. ni li pona mute a.
# --- jerkoff: Conrad_started_jerkoff_3 ---
ccd88381d07a0b21,L08 Conrad,Conrad_started_jerkoff_3,1,Conrad,"a lon, ni li pona a.. o awen."
# --- cum: Conrad_finished_jerkoff_3 ---
10069c101bcc95c1,L08 Conrad,Conrad_finished_jerkoff_3,1,Conrad,...!
82d37703a9140210,L08 Conrad,Conrad_finished_jerkoff_3,2,Conrad,a! sina sona kepeken e luka sina a.
95be71f702fae4a6,L08 Conrad,Conrad_finished_jerkoff_3,5,Kobold,a... <size=70%> lon.
b60c2f975eedb833,L08 Conrad,Conrad_finished_jerkoff_3,6,Kobold,lon a. mi jan pali <i>sona</i>.
f9e0d3cba1f3548e,L08 Conrad,Conrad_finished_jerkoff_3,7,Conrad,jan lili li sona e wile ona la ni li pona lon tenpo ale.
0eb2a1e25a35e85e,L08 Conrad,Conrad_finished_jerkoff_3,8,Conrad,mi kin.
83d081eadc40b86b,L08 Conrad,Conrad_finished_jerkoff_3,10,Conrad,lon ni: kama jo e pali luka sina.
# --- cum: Conrad_Outro_3 | if $conrad_jerked_off_3 $conrad_used_mount_3 ---
6f64e0cc9b162541,L08 Conrad,Conrad_Outro_3,1,Conrad,o. n. mi pilin e ijo.
dd5acacdb6c59489,L08 Conrad,Conrad_Outro_3,2,Conrad,wile sona mi li ken nasa lon tenpo ni. tasoooo.
7f39f874a107d858,L08 Conrad,Conrad_Outro_3,3,Conrad,"sina sona ala sona e ma pona, e jan pona? mi wile lon poka ona."
df48dbfe82678dea,L08 Conrad,Conrad_Outro_3,4,Kobold,"<gradient=""gold""><b> mi sona e akesi suli. nimi ona li Lajan. mi ken pana e sina tawa ona. </b></gradient><size=70%>(ni li open e unpa pi jan Kolan en jan Lajan anu olin pi jan Lajan)"
7b870878852ee72d,L08 Conrad,Conrad_Outro_3,5,Kobold,"<gradient=""gold""><b> mi ken lon poka sina... </b></gradient><size=70%> (ni li open e olin pi jan Kolan)"
ac6820f366b18b44,L08 Conrad,Conrad_Outro_3,6,Conrad,akesi suli ante? tenpo mute la mi pona ala tawa ona...
de6f58682bdaacf9,L08 Conrad,Conrad_Outro_3,7,Kobold,"a, ala. jan Lajan li jan suwi."
d4185d9f80a34228,L08 Conrad,Conrad_Outro_3,8,Kobold,o pilin ike ala. ona li pona mute.
9df619228ba627fc,L08 Conrad,Conrad_Outro_3,9,Conrad,pona. ni la mi wile pali e ni.
d88679eede302f8e,L08 Conrad,Conrad_Outro_3,10,Kobold,mi lukin e ona lon tenpo kama la mi toki e ni tawa ona.
7984d45df6290f6c,L08 Conrad,Conrad_Outro_3,11,Kobold,mi pilin e ni: sina sin li pona tawa ona!
bf35fcb679c816dd,L08 Conrad,Conrad_Outro_3,12,Conrad,sina pona. ni li pona mute tawa mi
d32db8ee98680d0f,L08 Conrad,Conrad_Outro_3,13,Conrad,mi wile e ni. mi wile mute e open sin poka jan.
8623a4b26a9521d8,L08 Conrad,Conrad_Outro_3,14,Conrad,taso mi wile tawa weka.
30dcd5391100eeba,L08 Conrad,Conrad_Outro_3,15,Conrad,sina pana e nasin pona. sina pona!
f1ad7345d30997b4,L08 Conrad,Conrad_Outro_3,16,Kobold,o toki ala e pona. mi open e lupa.
404cba15a4acdcfe,L08 Conrad,Conrad_Outro_3,17,Kobold,lon a.
8bf9f7d2ecce0105,L08 Conrad,Conrad_Outro_3,18,Conrad,a a a a.
8929fe2569ae7455,L08 Conrad,Conrad_Outro_3,19,Conrad,mi pilin e ni: ni li pona tawa mi!
2358a2257260501f,L08 Conrad,Conrad_Outro_3,20,Conrad,sina pona lukin mute.
c650e0aadadba99c,L08 Conrad,Conrad_Outro_3,21,Conrad,...kin la sina pona.
296f2ab03f8676ef,L08 Conrad,Conrad_Outro_3,23,Kobold,mi pilin e ni: sina pona nanpa wan kin.
17cf3cc7179b6817,L08 Conrad,Conrad_Outro_3,24,Conrad,ni li... 'jip' nanpa wan sina tawa mi.
c2599750a4dd9247,L08 Conrad,Conrad_Outro_3,25,Kobold,lon toki pi jan lili la ni li toki e ni: sina pali pona.
6f2ff920e860570d,L08 Conrad,Conrad_Outro_3,26,Conrad,a... a. ni li pona tawa mi.
8b7bdfb88553e72f,L08 Conrad,Conrad_Outro_3,27,Conrad,kute pi toki ni li pana e pilin pona tawa mi.
e8ae0da9edb0a314,L08 Conrad,Conrad_Outro_3,28,Conrad,"n. mi tu li ken tawa musi, anu seme?"
781cbcfcd7920f3f,L08 Conrad,Conrad_Outro_3,29,Kobold,ni li kama kepeken tenpo lili mute... taso mi wile a!
5f9a2b795615ba6a,L08 Conrad,Conrad_Outro_3,30,Kobold,lon.
508f3cf175389841,L08 Conrad,Conrad_Outro_3,31,Conrad,mi wile pali e ni!
c282dd1133ff96d4,L08 Conrad,Conrad_Outro_3,32,Conrad,pona a! mi kama sin lon tenpo kama.
bfc65061708379d6,L08 Conrad,Conrad_Outro_3,33,Kobold,"<size=70%><i> pakala a, mi kama jo e tenpo musi poka akesi suli."
cf78ef26075ae223,L08 Conrad,Conrad_Outro_3,34,Kobold,lon! mi open e lupa.
6b8aa4fb55221728,L08 Conrad,Conrad_Outro_3,35,Conrad,n?
c395eb5878798c08,L08 Conrad,Conrad_Outro_3,36,Kobold,a! ijo ala. mi open e lupa.
102e28eb7d17c7dd,L08 Conrad,Conrad_Outro_3,37,Conrad,"a, pona. sina pona."
ca518354e1f14735,L08 Conrad,Conrad_Outro_3,38,Conrad,pona. sina pona.
# --- cum: Conrad_finished_jerkoff_3 ---
5dffcc40132f0ec4,L08 Conrad,Conrad_finished_jerkoff_3,11,Conrad,tenpo ni la mi lukin e supa unpa...
45c2b89acdcfd55d,L08 Conrad,Conrad_finished_jerkoff_3,12,Conrad,mi wile kepeken e ona!
57725c300be82fa5,L08 Conrad,Conrad_finished_jerkoff_3,13,Kobold,a pona. mi tawa kama jo e ona.
1976e7477a26b680,L08 Conrad,Conrad_finished_jerkoff_3,14,Kobold/Ryan,pona!
9e50b8e48f012f1f,L08 Conrad,Conrad_finished_jerkoff_3,15,Conrad,pona mute a
# --- mount_start: Conrad_placed_mount_3 ---
b9778eb1fe076168,L08 Conrad,Conrad_placed_mount_3,1,Conrad,a! supa unpa li lon!
86b1b615d536c6c9,L08 Conrad,Conrad_placed_mount_3,2,Conrad,n<size=90%>n<size=80%>n<size=70%>n<size=60%>n... <size=100%>jaki li lon ala mi. taso mi <i>~jaki~</i> lon insa. sina sona anu seme?
449244744c8bbd8a,L08 Conrad,Conrad_placed_mount_3,3,Kobold,ni la sina kama tan ni taso:...
f8c28806b84cad3d,L08 Conrad,Conrad_placed_mount_3,4,Kobold,lon. mani ona li suli ala mute.
cd4ecc87775c0780,L08 Conrad,Conrad_placed_mount_3,5,Conrad,mi wile unpa e ijo. ni la mi wile kama jo e pali luka sina.
01e3f480dfe7930d,L08 Conrad,Conrad_placed_mount_3,6,Conrad,mi wile kama jo e pali luka sina. mi wile unpa e supa ni.
7f9240260973e0ce,L08 Conrad,Conrad_placed_mount_3,7,Kobold,sina... toki lon mute a.
e0b48878cb57c01f,L08 Conrad,Conrad_placed_mount_3,8,Conrad,lon a! mi sona e ni: mi li mute...
1bd882b6a6343777,L08 Conrad,Conrad_placed_mount_3,9,Conrad,pona.
557321787688acff,L08 Conrad,Conrad_placed_mount_3,11,Conrad,n. tenpo ni la mi kepeken e ijo ni!
78e9c032e409d82d,L08 Conrad,Conrad_placed_mount_3,12,Conrad,"a, pona. o open e kepeken pi ijo ni!"
# --- mount_finish: Conrad_finished_mount_3 ---
81b18a3cc2f69ea7,L08 Conrad,Conrad_finished_mount_3,1,Conrad,a a.
748b06c5c3f0552b,L08 Conrad,Conrad_finished_mount_3,2,Conrad,ni.
e92da2c203110197,L08 Conrad,Conrad_finished_mount_3,3,Conrad,ni li <i>pona</i> mute tawa mi.
bcd00a8f7b94c7f1,L08 Conrad,Conrad_finished_mount_3,4,Kobold,sina pali wawa mute a.
67d7d2492d388d84,L08 Conrad,Conrad_finished_mount_3,5,Kobold,mi lukin e ni: sina pilin pona.
65e7a40050eb4acf,L08 Conrad,Conrad_finished_mount_3,6,Conrad,tenpo ale la mi pilin pona~
5c9126f1405a306c,L08 Conrad,Conrad_finished_mount_3,7,Conrad,lon a! mi pilin pona mute!
d45c21a765584d3b,L08 Conrad,Conrad_finished_mount_3,8,Kobold,ni li pona... tenpo ni la seme?
ae7bb31b012d1f51,L08 Conrad,Conrad_finished_mount_3,9,Conrad,"tenpo ni la, nanpa tu a!"
18b0b44df315e792,L08 Conrad,Conrad_finished_mount_3,10,Kobold,sin...?
f395d053e5dcf326,L08 Conrad,Conrad_finished_mount_3,11,Conrad,"ala ala. sina jan telo pi lipu sona, anu seme?"
5117686f8d936e47,L08 Conrad,Conrad_finished_mount_3,12,Conrad,ni la sina sona kepeken e luka sina a!
a441237f7aea8d53,L08 Conrad,Conrad_finished_mount_3,13,Kobold,a a. <size=70%>pona.
d2e773775c5bf598,L08 Conrad,Conrad_finished_mount_3,14,Kobold,lon. mi open e pali.
d126a37255fb8144,L08 Conrad,Conrad_finished_mount_3,15,Conrad,a. lon. <size=70%><i>tomo sona pi telo jan li pana e sona pi luka unpa tawa akesi suli. ni li pona a...
fba1924f5f79713e,L08 Conrad,Conrad_finished_mount_3,16,Conrad,"n, luka sina li lili. mi suli mute. o pali wawa a."
# --- mount_finish: Conrad_OutroDirty ---
9b363afaa9dc8a5f,L08 Conrad,Conrad_OutroDirty,1,Conrad,jaki li awen lon mi a!
44aa54eec876d22e,L08 Conrad,Conrad_OutroDirty,2,Kobold,"a, mi pakala"
85d8ae405abc5722,L08 Conrad,Conrad_OutroDirty,3,Kobold,a pakala
# --- mount_finish: Conrad_OutroSoapy ---
d7bb84bfc322967e,L08 Conrad,Conrad_OutroSoapy,1,Conrad,ko telo li awen lon mi a!
# --- mount_finish: ErrorHasOccurred ---
9241fa9324783298,L08 Conrad,ErrorHasOccurred,1,ErrorHasOccurred,a pakala. ijo li pakala
fbc99d34c317d087,L08 Conrad,ErrorHasOccurred,2,ErrorHasOccurred,sina lukin e ni la o toki tawa jan Nael anu o pana e lipu pi toki pakala
be7e08152c8d1556,L08 Conrad,ErrorHasOccurred,3,ErrorHasOccurred,mi pakala!
# --- mount_finish: Conrad_Outro | if $conrad_jerked_off_3 $conrad_used_mount_3 ---
c571db95fc1e4f78,L08 Conrad,Conrad_Outro,4,Conrad,"a, jaki ala li lon mi. kin la poki unpa mi li kama lili."
e374c1b3adfa0cf8,L08 Conrad,Conrad_Outro,5,Conrad,"sina pona, jan pona. mi lukin e sina lon tenpo suno kama."

# ===== Level 9: Alexander (Sunny) =====
# --- intro: Alexander_3_intro ---
36cd0d2b83086eeb,L09 Alexander,Alexander_3_intro,1,Alexander/Conrad,toki.
bc15783521246457,L09 Alexander,Alexander_3_intro,2,Kobold/Alexander,jan Alekante!
3cbf350078abb1bf,L09 Alexander,Alexander_3_intro,3,Kobold,toki! o kama pona sin!
516ad83185e96dfb,L09 Alexander,Alexander_3_intro,4,Alexander,"a a, lon. mi pilin pona tan lukin mi e sina."
f1d9c9797985d9a2,L09 Alexander,Alexander_3_intro,5,Alexander,mi pilin pona tan kama sin mi.
9f59b5e841a0d2ad,L09 Alexander,Alexander_3_intro,6,Alexander,telo sitelen pimeja li lon sijelo mi ale a!
fda3c419d5174cb2,L09 Alexander,Alexander_3_intro,7,Alexander,"ni li ike mute a, anu seme?"
b5d76009b084e709,L09 Alexander,Alexander_3_intro,8,Kobold,ni li tan pi lon mi!
4f921c2b968fe884,L09 Alexander,Alexander_3_intro,9,Kobold,a a! ona li lon sijelo sina ale a!
256ae0739ddd2dbc,L09 Alexander,Alexander_3_intro,10,Alexander,lon a! tenpo ni la sina taso li jan lili pi wile mi. sina o telo e mi.
f114f26d23d53dc1,L09 Alexander,Alexander_3_intro,11,Kobold,"a, sina pona, jan Alekante."
1f01b93ae3777189,L09 Alexander,Alexander_3_intro,12,Kobold,jan telo pi tomo sina la seme?
92b7fef7172975fa,L09 Alexander,Alexander_3_intro,13,Alexander,lon a! tomo esun sina li pona mute.
df2a4df0381808af,L09 Alexander,Alexander_3_intro,14,Alexander,o pilin ike ala. kulupu pi jan telo li... wawa mute tawa mi.
1bdc19a56262fbc5,L09 Alexander,Alexander_3_intro,15,Alexander,<size=70%>mi awen pana e mani tawa ona.
b0134babb7e75550,L09 Alexander,Alexander_3_intro,16,Alexander,ni li nasin pona: mi ken lukin e jan lili pona nanpa wan mi.
7d926d6395419270,L09 Alexander,Alexander_3_intro,17,Kobold,a... sina pona!
6ad0fe6dcc2efa30,L09 Alexander,Alexander_3_intro,19,Alexander,lon a. tomo esun sina li pona mute.
f38b3b8fcf6bf031,L09 Alexander,Alexander_3_intro,20,Alexander,seme? toki pona lon li pana ala e ike!
350955b9410d95a5,L09 Alexander,Alexander_3_intro,21,Kobold,mi sona ala e ni: sina ken kama jaki mute!
3cf6fd8e7e50386c,L09 Alexander,Alexander_3_intro,22,Kobold,telo sitelen li lon sijelo sina tan seme?
5d2cee363540fc7a,L09 Alexander,Alexander_3_intro,23,Alexander,mi... n.
26b3089f5ee4a463,L09 Alexander,Alexander_3_intro,24,Alexander,mi <i>pilin </i> e ni: mi pakala e poki pi telo sitelen <i>lon nasin tawa ni</i>. mi pakala a!
7f1cf0605a577a0a,L09 Alexander,Alexander_3_intro,25,Kobold,"'pilin', 'lon nasin tawa ni'? ni la telo sitelen li lon ala sina lon tenpo pini..."
b356a126e4318643,L09 Alexander,Alexander_3_intro,26,Alexander/Kobold/Ryan,a.
cd5592e5e3140daa,L09 Alexander,Alexander_3_intro,27,Alexander,lon.
2a0200c46ee1b662,L09 Alexander,Alexander_3_intro,29,Alexander,lon la mi pana e jaki tawa mi sama. mi wile kama tawa ni.
b4d680dde83d7847,L09 Alexander,Alexander_3_intro,30,Kobold,a a a. sina wile ala e telo sitelen lon sijelo sina. sina ken toki taso tawa mi!
42d72aa4b0b39750,L09 Alexander,Alexander_3_intro,31,Kobold,a! ni la mi o pana e sina tawa insa. mi tawa open e lupa.
9eb8cd756595cf24,L09 Alexander,Alexander_3_intro,32,Alexander,lon anu seme?
5f9846717183dcc1,L09 Alexander,Alexander_3_intro,33,Alexander,mi awen sona e ni. tenpo mute la ijo ale li esun taso tawa mi.
2ea5b920a0a9a519,L09 Alexander,Alexander_3_intro,34,Kobold,tenpo ale la mi pilin pona tan lukin mi e sina. mi tawa open e lupa tawa sina.
# --- progress: Alexander_3_required ---
a59f7f35644dcdbb,L09 Alexander,Alexander_3_required,1,Alexander,jan Ikiwi pi pana sona- jan pali poka mi. tenpo pini la ona li kama seli.
10b4110dad07d576,L09 Alexander,Alexander_3_required,2,Alexander,ona li pali sin lon tenpo ni. sina pona e ijo ale ni. sina pona.
b8baebdff88a847f,L09 Alexander,Alexander_3_required,3,Kobold,lon. lon tenpo open la mi pilin ike wawa tan ni.
a2aff5b173ae96bb,L09 Alexander,Alexander_3_required,4,Kobold,"a, ni li pona. mi pilin pona tan pona ona."
4b29556a255aea95,L09 Alexander,Alexander_3_required,5,Alexander,lon tenpo ni la jan li ken weka e moli tan seli pi wile ala. ni li pona a.
ababfd6e7703460e,L09 Alexander,Alexander_3_required,6,Alexander,lon. sina ken pona e ni. mi pilin pona tan ona.
69f278cd5a2eb111,L09 Alexander,Alexander_3_required,7,Alexander,...mi ken toki e ale tawa sina. ni li nasa tawa mi.
6221337862dcba2c,L09 Alexander,Alexander_3_required,8,Alexander,mi pilin e ni: mi ken toki e ijo ale tawa sina.
cecec36c55a564ee,L09 Alexander,Alexander_3_required,9,Kobold,ijo ale?
7dbde0758389bd7b,L09 Alexander,Alexander_3_required,11,Alexander,lon. toki lon li pana e wawa tawa mi.
9bc918ab274337a8,L09 Alexander,Alexander_3_required,12,Alexander,toki sina li lon mute. toki pi jan ante ale li lon lili taso.
35af415ffcb7f757,L09 Alexander,Alexander_3_required,13,Alexander,o kute...
c66fb72552f1fa4c,L09 Alexander,Alexander_3_required,14,Alexander,mi jo e wile sona.
bbff7b98d6da7061,L09 Alexander,Alexander_3_required,15,Kobold,ona li seme?
834032dfb827138e,L09 Alexander,Alexander_3_required,16,Kobold,seme li lon?
71291e2e0c7ce300,L09 Alexander,Alexander_3_required,17,Alexander,sina ken ala ken pana e wile sona tawa <i>mi</i>?
c8ac7dce03b1b9b7,L09 Alexander,Alexander_3_required,18,Kobold,sina toki e seme?
10f232e68c0c0443,L09 Alexander,Alexander_3_required,19,Kobold,wile sona seme?
5956cbc43e2c8c2b,L09 Alexander,Alexander_3_required,20,Alexander,mi wile taso e ni: sina pana e wile sona tawa mi. ona li ken ijo ale.
7bf3b1fff483809e,L09 Alexander,Alexander_3_required,21,Alexander,ijo ale. mi wile sona taso.
# --- progress: Alexander_questions ---
9da08a79c3f86ee0,L09 Alexander,Alexander_questions,1,Kobold,pana sona li sama seme?
337d9f85511815eb,L09 Alexander,Alexander_questions,2,Kobold/Alexander,kule loje laso li pona ala pona tawa sina?
70523c9a506d9676,L09 Alexander,Alexander_questions,3,Kobold,suli sina li pona ala pona tawa sina?
3fbd83d375d6fa05,L09 Alexander,Alexander_questions,4,Kobold,nanpa 7 li jo e pilin uta seme?
767b6d6bdc5b806a,L09 Alexander,Alexander_questions,5,Kobold,sina pilin e seme tan mi?
8ed9fdad93b0f690,L09 Alexander,Alexander_questions,6,Kobold,sina pilin pona anu seme?
e5263ec7185a5166,L09 Alexander,Alexander_questions,7,Kobold,sewi lawa sina li pona lukin. ona li seme?
bc116106c2929c42,L09 Alexander,Alexander_questions,8,Kobold,mi wile sona e ijo ante ala.
a04d5511812a415b,L09 Alexander,Alexander_questions,9,Alexander,ni li wile suli mi.
6861f7c274e3de2c,L09 Alexander,Alexander_questions,10,Alexander,"mi kama lon tenpo pi jan mute, li pana e pona tawa ona. ni li pona tawa mi."
8743d170a315e668,L09 Alexander,Alexander_questions,11,Alexander,...ona li lukin sewi e mi mute. sona pi ni li pana e pilin ike tawa mi.
7aebce70febcfb8c,L09 Alexander,Alexander_questions,12,Alexander,kin la mi toki ala e suli sijelo mi taso.
0ad864ff0c0b3f21,L09 Alexander,Alexander_questions,13,Kobold,sina pana e sona seme?
24244e96851180ca,L09 Alexander,Alexander_questions,14,Kobold,sina jan pona. jan ante li ken lukin e sina.
f58328ac8301872f,L09 Alexander,Alexander_questions,15,Alexander,mi pana e sona pi ante ijo. tenpo lili la mi pana e sona pi tenpo pini ma.
771e997edf959694,L09 Alexander,Alexander_questions,16,Alexander,kin la mi wile kama sona e nasin pi kulupu jan.
9986ef8860d34d9e,L09 Alexander,Alexander_questions,17,Alexander,ni li pana e pilin ike tawa mi.
e947bbc260ec1dad,L09 Alexander,Alexander_questions,18,Alexander,lon poka sina la mi pilin ike ala tan pakala. ni li pona tawa mi.
818a4fe04a76ce19,L09 Alexander,Alexander_questions,19,Alexander,sina toki e ni tan kule sijelo mi anu seme?
54a1b0b8e5f6fa32,L09 Alexander,Alexander_questions,20,Kobold,lon.
046427d028c69e4b,L09 Alexander,Alexander_questions,21,Kobold,ala.
b849ed1e855cd6f5,L09 Alexander,Alexander_questions,22,Alexander,"n, kule ni li pona tawa mi. taso mi pilin e ni: ona li tan ala kule sijelo mi."
bbb1e1b8cec716b3,L09 Alexander,Alexander_questions,23,Alexander,kule ni li pona tawa mi. taso mi pilin e ni: ona li tan ala kule sijelo mi.
525ba3c4a2511183,L09 Alexander,Alexander_questions,27,Alexander,a. pona.
3885f7429496059d,L09 Alexander,Alexander_questions,29,Alexander,a. pona.
8133434681c5d0c2,L09 Alexander,Alexander_questions,31,Alexander,toki pi wile sona ni li ike lili.
a3e6072e41a2ff07,L09 Alexander,Alexander_questions,32,Alexander,ijo lili la ni li pona tawa mi. lukin sewi pi jan ante li pona...
b1ca0efdea534b71,L09 Alexander,Alexander_questions,33,Alexander,taso lukin sewi ni la jan li wile e ni: mi o pali sama lukin mi. ni li pana e pilin ike wawa mute.
186edb7d24ea9459,L09 Alexander,Alexander_questions,34,Kobold,lon poka mi la sina ken pali kepeken nasin ale pi wile sina.
1a6be1fd03e5ae6f,L09 Alexander,Alexander_questions,35,Kobold,sina li sina. ni li pona tawa mi.
08063aff652b7108,L09 Alexander,Alexander_questions,36,Alexander,toki sina li pona mute tawa mi.
4f9390dd28090827,L09 Alexander,Alexander_questions,37,Alexander,mi wile kama open mute. ni li pona tawa pilin mi.
b38834ce4594ad5c,L09 Alexander,Alexander_questions,38,Alexander,kili laso jelo.
5f6bb166b079c336,L09 Alexander,Alexander_questions,39,Kobold,ni li lon ala!
aac4af2b645cf88e,L09 Alexander,Alexander_questions,40,Kobold,sama... kili jelo anu seme?
0ee250681eda1a08,L09 Alexander,Alexander_questions,41,Alexander,'ni li lon'. mi sona wawa e ni. mi sona e ijo ante kepeken wawa lili taso.
b83a1658171971d7,L09 Alexander,Alexander_questions,42,Alexander,ala. kili laso li jelo.
a87e0094e62cb429,L09 Alexander,Alexander_questions,43,Kobold,sina jan pi pana sona. ni la toki sina li lon.
e154199e27c1d4a3,L09 Alexander,Alexander_questions,45,Alexander,ni li nasin pakala pi toki sona: 'jan lawa li toki la ona li lon'. taso lon. toki mi li lon.
0c137b35abd3f637,L09 Alexander,Alexander_questions,47,Alexander,sina li...
d4efe0db738b52b5,L09 Alexander,Alexander_questions,48,Alexander,ijo ante a.
55c3e5daec20a64d,L09 Alexander,Alexander_questions,49,Kobold,seme?
2c291db1ddbe2b9d,L09 Alexander,Alexander_questions,50,Kobold,ni li pona anu seme...?
df2bc10ba434d57e,L09 Alexander,Alexander_questions,51,Alexander,mi toki e ni: sina wan. jan ante li sama ala sina.
019d328b739d99e6,L09 Alexander,Alexander_questions,52,Kobold,lon nasin pona anu seme?
c2667b3b3dc54c1a,L09 Alexander,Alexander_questions,53,Kobold,lon nasin ike anu seme?
4f9b4a3cd9b0261a,L09 Alexander,Alexander_questions,54,Alexander,lon a! sina pona mute.
ebb1884c75b23e27,L09 Alexander,Alexander_questions,55,Alexander,mun a! ala ala. sina pona mute.
3b2c32e616b24822,L09 Alexander,Alexander_questions,56,Alexander,lon. lon poka sina li pona mute.
7e6a62b6d8659273,L09 Alexander,Alexander_questions,57,Alexander,sina jan nanpa wan pi wile ni taso: mi o kama...
c48241cd21bb0d91,L09 Alexander,Alexander_questions,58,Alexander,mi.
5a4d28241178ab01,L09 Alexander,Alexander_questions,59,Alexander,lon. mi pilin pona.
216bb6e650af4cfc,L09 Alexander,Alexander_questions,60,Alexander,mi pilin e ni: ni li tan sina lili.
91ff270d6aaba6a4,L09 Alexander,Alexander_questions,61,Kobold,taso mi jan telo sina taso anu seme?
f06f453ab3d6251f,L09 Alexander,Alexander_questions,62,Kobold,ni li suwi mute.
8c2bdfa25fbde4ed,L09 Alexander,Alexander_questions,63,Alexander,"mi sona. taso ken pi open pilin tawa jan, lon tenpo lili kin-"
61639ef55caefda4,L09 Alexander,Alexander_questions,64,Alexander,ni li pona mute a.
22c1ab2eb72e5b44,L09 Alexander,Alexander_questions,66,Alexander,"ken pi open pilin tawa jan, lon tenpo lili kin..."
439d8da114ab9162,L09 Alexander,Alexander_questions,68,Alexander,sina pona tan ni.
33d3f6495bad4d3c,L09 Alexander,Alexander_questions,69,Alexander,"a, sewi pi lawa mi anu seme?"
91d69b4f1f9739cb,L09 Alexander,Alexander_questions,70,Alexander,jan mute li pilin e ni: ona li sijelo mi.
dd0f2ff5e303f61a,L09 Alexander,Alexander_questions,71,Alexander,taso ona li ijo pona lukin taso! ona li sitelen pi mama mi. o kute...
7271f9e9b21e5401,L09 Alexander,Alexander_questions,72,Alexander,tenpo pini pi akesi suli li suli li ike sona. sitelen sewi <size=85%> li lon lawa <size=70%> pi akesi suli mute. ona li toki e <size=55%>mama pi akesi ni! <size=40%> ona li sitelen pi nasin kulupu <size=35%> en mama ona. tenpo mute la mi pilin e ni: mi o awen jo ala jo e sitelen mi? <size=20%> taso nasin kulupu en mama li suli mute lon nasin pi akesi suli! ni la mi wile awen e nasin ni. <size=10%> telo. ma. seli. kon. lon tenpo pini mute la kulupu tu tu li lon poka pona. taso kulupu Seli li open utala la ale li kama ante.
0006b6926947b91b,L09 Alexander,Alexander_questions,74,Kobold,sina ken ala ken toki sin e ni?
b6d573339ec0b66b,L09 Alexander,Alexander_questions,75,Alexander,"a, mi pakala. ijo ni li suli mute tawa pilin mi."
9909f3ea3dffb93e,L09 Alexander,Alexander_questions,76,Alexander,sewi lawa mi li pona tawa sina. ni li pona tawa mi.
e5bccc3a053371ce,L09 Alexander,Alexander_questions,77,Alexander,...ala
# --- progress: Alexander_3_required_end | if $has_asked_question ---
c225b2626bb24d2c,L09 Alexander,Alexander_3_required_end,1,Alexander,sina pana e wile sona. sina pona. wile sona pi ijo mi li pona tawa mi.
# --- jerkoff: Alexander_3_JerkOff_Start ---
8342e51e14980481,L09 Alexander,Alexander_3_JerkOff_Start,1,Alexander,a a- mi sona ala e ni: sina kepeken e luka sina lon nasin ni
ce664ef00487ef78,L09 Alexander,Alexander_3_JerkOff_Start,2,Alexander,<size=70%><i>o awen. ni li pona tawa mi-</i>
# --- cum: Alexander_3_Cum ---
85503a54fcc74839,L09 Alexander,Alexander_3_Cum,1,Alexander,n a. n-ni li... pi nasin pona ala lili.
afa89c59eece65b9,L09 Alexander,Alexander_3_Cum,2,Alexander,<size=70%><i>taso ona li pona... sina pona.
# --- outro: Alexander_3_Outro ---
d96b34ffac75e750,L09 Alexander,Alexander_3_Outro,1,Alexander,jaki li lon <i>ala</i> mi.
6dae153117be9e8a,L09 Alexander,Alexander_3_Outro,2,Kobold,mi weka e jaki ale lon tenpo ale.
941f66ab23bc1b9b,L09 Alexander,Alexander_3_Outro,4,Alexander,mi sona e ni. telo pi insa ale li pana e pilin ante pona!
4598878b44333749,L09 Alexander,Alexander_3_Outro,5,Alexander,toki ni li pona tawa mi.
7ea92f17440d2fae,L09 Alexander,Alexander_3_Outro,6,Alexander,mi kama sin. sina jan pona mi. ni li pona tawa mi.
7bbef8475c6cdff7,L09 Alexander,Alexander_3_Outro,7,Kobold,mi wile lukin e sina lon tenpo kama lili.
17d54d35bc089567,L09 Alexander,Alexander_3_Outro,8,Kobold,sina pilin pona lon tomo ni. ni li pona tawa mi.

# ===== Level 10: Ryan (Sunny) | ends PicnicCompleted =====
# --- intro: Ryan_4_intro ---
379060351b7eda00,L10 Ryan,Ryan_4_intro,1,Ryan,<b><i><size=130%>sina toki ala toki e jan Lajan tawa jan Kolan?
8a798890fe938171,L10 Ryan,Ryan_4_intro,2,Kobold,lon
9390298f3fb0c5b1,L10 Ryan,Ryan_4_intro,3,Kobold,ala
578f5563ae25f1ce,L10 Ryan,Ryan_4_intro,4,Kobold,a... seme li lon uta sina?
c03386d6c9efb92a,L10 Ryan,Ryan_4_intro,5,Kobold,toki jan Lajan. sina jo e seme?
d85dcd17cab55fde,L10 Ryan,Ryan_4_intro,6,Ryan,poki moku pi moku lon ma-
b9c2f8ae41c83ebe,L10 Ryan,Ryan_4_intro,7,Ryan,mi ken ala toki pona. uta mi li jo e ijo.
696058e475fae76a,L10 Ryan,Ryan_4_intro,8,Ryan,mi ken ala ken kama insa?
1f843189eaccc2b6,L10 Ryan,Ryan_4_intro,9,Kobold,a! pona. mi open e lupa!
9cc8b0255238b35e,L10 Ryan,Ryan_4_intro,10,Kobold,lon. mi pali e ni kepeken tenpo lili.
1facde273315d636,L10 Ryan,Ryan_4_intro,11,Ryan,sina pona!
# --- picnic: Ryan_egg_dialog | if $food_number ---
ff7696a47d0cd4ed,L10 Ryan,Ryan_egg_dialog,1,Kobold,a a a! mi pilin e ni: sike mama li ijo pona lukin taso.
76dddaed85a8d844,L10 Ryan,Ryan_egg_dialog,2,Kobold,ni li sike mama pi soweli seme?
9fe69182b150b8b1,L10 Ryan,Ryan_egg_dialog,3,Ryan,seme? ala a!
f5d2571561dba2b0,L10 Ryan,Ryan_egg_dialog,4,Ryan,a. sina moku ala e sike mama ale lon tenpo ale. mi sona.
718beb6db0dae659,L10 Ryan,Ryan_egg_dialog,5,Ryan,nasin moku ni li pona nanpa wan!
c03f60d1d7bd67e5,L10 Ryan,Ryan_egg_dialog,6,Ryan,n...
4a7cf2bb1bd01e0b,L10 Ryan,Ryan_egg_dialog,7,Ryan,laso...?
640cee0646ecb66c,L10 Ryan,Ryan_egg_dialog,8,Ryan,mi sona mute ala. ona li mani lili lon tomo esun Wiko.
f887a50c6f7d1edc,L10 Ryan,Ryan_egg_dialog,9,Ryan,taso ona li pona mute tawa uta mi!
# --- picnic: ryan_food_dialogue ---
8b555a411ea346ec,L10 Ryan,ryan_food_dialogue,1,Ryan,n... mi pilin e olin mi.
03e1d33ec4a7f6e8,L10 Ryan,ryan_food_dialogue,2,Kobold,nasin seme?
f1676448791feef6,L10 Ryan,ryan_food_dialogue,3,Ryan,mi pilin e olin mi pi tenpo kama.
9d2e28c9ae2ed8b4,L10 Ryan,ryan_food_dialogue,4,Ryan,mi pilin pona wawa lili.
91b32d6180935501,L10 Ryan,ryan_food_dialogue,5,Kobold,"n, jan mute li wile mute e sina a."
e5d632fba39e2f0f,L10 Ryan,ryan_food_dialogue,6,Kobold,mi pilin pona tan sina!
d228097b23b352e6,L10 Ryan,ryan_food_dialogue,7,Ryan,a sina. sinpin mi li kama loje.
d94d7310f7d31a45,L10 Ryan,ryan_food_dialogue,9,Ryan,mi wile mute alasa e jan sin.
1121175da09c0008,L10 Ryan,ryan_food_dialogue,10,Ryan,"tenpo ni la, moku sin anu seme?"
6ebac8131d5267ac,L10 Ryan,ryan_food_dialogue,11,Ryan,n...
d2c7e6789d89f523,L10 Ryan,ryan_food_dialogue,13,Ryan,mi pilin e ijo.
67c0ce6aff865e1c,L10 Ryan,ryan_food_dialogue,14,Ryan,alasa pi jan lon poka ala pi kulupu mi li ike.
d7f23a9907b74860,L10 Ryan,ryan_food_dialogue,15,Ryan,mi olin e jan lon poka mi. taso ijo ike mute pi tenpo pini li lon poka ona kin.
99daac47d7b305f6,L10 Ryan,ryan_food_dialogue,16,Ryan,sina sona anu seme?
1b4b607607b8c988,L10 Ryan,ryan_food_dialogue,17,Kobold,ni li pona tawa sona mi.
dfcb7cbdb552d8f5,L10 Ryan,ryan_food_dialogue,18,Kobold,lon. pini olin la jan li ken pilin sama ni. mi sona e ni.
f574c59b56179de8,L10 Ryan,ryan_food_dialogue,19,Ryan,lon. tan pini olin mi la mi alasa e ijo sin.
0febbd04cce87646,L10 Ryan,ryan_food_dialogue,20,Ryan,jan sin anu seme?
b7fca6004f2d5325,L10 Ryan,ryan_food_dialogue,22,Ryan,lon. ijo sama ni li kama la ante pi kulupu jan li ike mute.
8da113ef266e587f,L10 Ryan,ryan_food_dialogue,23,Ryan,mi ken pali e ni. taso mi wile e ijo sin.
baf0df26ea4f2e81,L10 Ryan,ryan_food_dialogue,24,Ryan,jan sin anu seme...
03ccd297eb346729,L10 Ryan,ryan_food_dialogue,25,Ryan,...mi toki sin e ijo pi tenpo pini.
1032684d93c794bf,L10 Ryan,ryan_food_dialogue,26,Kobold,lon?
ace8c62e60ec2197,L10 Ryan,ryan_food_dialogue,27,Ryan,sina sona ala sona e jan pi ken toki tawa mi? n... lon ijo pi olin?
0a7119cfe1246546,L10 Ryan,ryan_food_dialogue,28,Kobold,"<gradient=""gold""><b>mi sona e akesi loje wan. mi pilin e ni: ona li pona tawa sina! </b></gradient><size=70%> (ni li wan e jan Lajan en jan Kolan!)"
4a3b65400e54f8ff,L10 Ryan,ryan_food_dialogue,29,Kobold,"<gradient=""gold""><b>a. n. <size=70%> mi ken pilin pona... mi li ken jan ni. </b></gradient><size=70%> (ni li awen e olin pi jan Lajan!)"
bb7a6be711206298,L10 Ryan,ryan_food_dialogue,30,Kobold,"<gradient=""gold""><b>mi sona ala e jan lon tenpo ni.</b></gradient><size=70%> (ni li awen e olin pi jan Kolan!)"
a6a744d6d60ec400,L10 Ryan,ryan_food_dialogue,31,Ryan/Alexander/Kobold,a?
cbe8e4adc9ca52df,L10 Ryan,ryan_food_dialogue,32,Ryan,ona li jan seme?
ca545deecbd9950d,L10 Ryan,ryan_food_dialogue,33,Kobold,ona li akesi loje. ona li suwi mute a! ona li kama tawa tomo telo ni!
4a94ef80ae21582a,L10 Ryan,ryan_food_dialogue,34,Kobold,ona li akesi suli loje. mi pilin e ni: sina tu li kama pona tawa sina tu!
0ea02ee3f0c5673d,L10 Ryan,ryan_food_dialogue,35,Ryan,"a! mi pilin e ni: mi lukin e ona. ona li lili, anu seme?"
58b69c47fed8b38f,L10 Ryan,ryan_food_dialogue,36,Kobold,ona li wile e nimi ante: 'sewi lili'... taso lon.
3ae2d547c997ca01,L10 Ryan,ryan_food_dialogue,37,Kobold,n! ona li alasa e jan sin.
474246952e0d1e50,L10 Ryan,ryan_food_dialogue,38,Ryan,a...
ed2ece6040ec8b40,L10 Ryan,ryan_food_dialogue,39,Ryan,ni li suwi mute.
c0fb8d4f93270198,L10 Ryan,ryan_food_dialogue,40,Ryan,"a, pona mute. mi tu li sama."
82767de7e3e22a4a,L10 Ryan,ryan_food_dialogue,41,Ryan,mi wile kama sona e ona!
b423c91f4f75add4,L10 Ryan,ryan_food_dialogue,42,Kobold,ni la mi pali e ni: sina tu li ken toki.
80c500f9c426d4cc,L10 Ryan,ryan_food_dialogue,43,Kobold,mi pilin pona mute. mi pali e ni: sina tu li ken toki!
ec786c9a7656b0f9,L10 Ryan,ryan_food_dialogue,45,Ryan,mi kin. sina pona!
028dbc8d077c611f,L10 Ryan,ryan_food_dialogue,47,Ryan,<i>a...
ae590830c4c03fd1,L10 Ryan,ryan_food_dialogue,48,Ryan,mi pilin e ni kin: sina o jan ni.
b4066b4e58df8005,L10 Ryan,ryan_food_dialogue,49,Kobold,ni la... ni li tenpo musi olin nanpa wan pi mi tu anu seme?
8c7e5a49ec8fd685,L10 Ryan,ryan_food_dialogue,50,Kobold,mi toki lon: lon tenpo pini lili la mi olin lili e sina.
710ea0057247cb51,L10 Ryan,ryan_food_dialogue,51,Ryan,mi pilin e ni: lon!
de4d091acdb6059c,L10 Ryan,ryan_food_dialogue,52,Ryan,"lon anu seme? a, ni li suwi mute."
35e3561cd36f36d6,L10 Ryan,ryan_food_dialogue,53,Ryan,mi sona ala e ni: jan li ken olin wawa e mi kepeken nasin pona ni.
f05160456925af3f,L10 Ryan,ryan_food_dialogue,54,Ryan,kin la sina suwi.
a01d64fcb9d7d3a5,L10 Ryan,ryan_food_dialogue,55,Kobold,lon. <size=90%>a- <size=80%>sina sona. mi li... <size=70%>a a. lon. n!
65691ff38c85e57c,L10 Ryan,ryan_food_dialogue,56,Kobold,sina kin!
d323e565ed8ea749,L10 Ryan,ryan_food_dialogue,57,Ryan,mi wile ala pana e pilin nasa tawa sina!
145e6a2d848267cb,L10 Ryan,ryan_food_dialogue,58,Ryan,mi... pilin pona taso.
0cc014df7d89d3e1,L10 Ryan,ryan_food_dialogue,59,Ryan,"a, sina pona. mi pona lukin tan telo sina taso!"
eea7bdf3ab3f251c,L10 Ryan,ryan_food_dialogue,60,Ryan,mi... pilin pona.
d619413abc4a1de1,L10 Ryan,ryan_food_dialogue,61,Ryan,ni li pona!
c2acc8d962a0c936,L10 Ryan,ryan_food_dialogue,62,Ryan,taso sina la seme? sina lon poka pi jan olin anu seme?
2374bdd10aea40ba,L10 Ryan,ryan_food_dialogue,63,Kobold,akesi suli loje wan li lon: jan Kolan. ona li... jan pi pilin seli. taso ona li suwi.
58a5e5a5a9482e96,L10 Ryan,ryan_food_dialogue,64,Kobold,lon! jan Kolan li suwi mute. taso toki ni li ike tawa ona.
3d14bcafbc3f21c6,L10 Ryan,ryan_food_dialogue,65,Ryan,"a, ona li akesi lili. mi lukin e ona lon tenpo pini lili, anu seme?"
882d8b921688234c,L10 Ryan,ryan_food_dialogue,66,Kobold,o! ona li... 'sewi lili' taso.
1ce76f0141c9f53b,L10 Ryan,ryan_food_dialogue,67,Kobold,n! ona li ona.
eeedcdd5eaa13110,L10 Ryan,ryan_food_dialogue,68,Ryan,"a, mi pakala."
dcfc67b1e58c5a49,L10 Ryan,ryan_food_dialogue,69,Ryan,ona li suwi a!
94ff2c4b836f0aef,L10 Ryan,ryan_food_dialogue,70,Ryan,ni li pona mute. ona li suwi!
abe281ce74304803,L10 Ryan,ryan_food_dialogue,71,Ryan,"o, n, sina pona sin."
9144d5ad20e5a9e8,L10 Ryan,ryan_food_dialogue,72,Kobold,ike ala! mi wile e ni: sina kama sona e jan Kolan lon tenpo lili.
e39b086d1bff71b1,L10 Ryan,ryan_food_dialogue,73,Kobold,ala. sina pona. mi... pilin pona mute.
1f50e1361eaeacbf,L10 Ryan,ryan_food_dialogue,74,Kobold,lon a! sina pana e moku. sina pona.
489184ee3c2573f9,L10 Ryan,ryan_food_dialogue,75,Ryan,"a, lon. mi pilin e ni: ona li musi."
28f3547a6af39629,L10 Ryan,ryan_food_dialogue,76,Ryan,"mi toki e ijo kama tawa sina, anu seme?"
fcd75c87b326482c,L10 Ryan,ryan_food_dialogue,77,Kobold,mi wile kute e ona a!
a66a9f98f63d5aaf,L10 Ryan,ryan_food_dialogue,78,Kobold,lon. sina tu li kama suwi.
39619dc71b15dfde,L10 Ryan,ryan_food_dialogue,79,Ryan,ni li pona...
b2d03d0e5222d95c,L10 Ryan,ryan_food_dialogue,80,Ryan,"mi lukin sin e sina lon tenpo kama lili, anu seme?"
17c800776b082018,L10 Ryan,ryan_food_dialogue,81,Kobold,mi wile e ni! mi tawa open e lupa.
56372773e401e131,L10 Ryan,ryan_food_dialogue,82,Kobold,lon! sina pana e moku. sina pona. mi tawa open e lupa.
97cffb9a377004b2,L10 Ryan,ryan_food_dialogue,83,Ryan,lon... lon tenpo pini la mi tawa ala musi olin poka jan lili.
50ce0561192b6b01,L10 Ryan,ryan_food_dialogue,84,Ryan,taso mi sona e ni: ni li pona mute tawa mi.
e823adcc22fd50c2,L10 Ryan,ryan_food_dialogue,85,Kobold,sina pona mute tawa mi.
62e851c911a254bb,L10 Ryan,ryan_food_dialogue,86,Kobold,lon. ni li pona mute.
773c0ce37ffbb546,L10 Ryan,ryan_food_dialogue,87,Ryan,a. lon. sina pona tawa mi kin.
1c6058ce1c7242cf,L10 Ryan,ryan_food_dialogue,88,Ryan,lon a. sina pona mute.
32e4e8851f8ac398,L10 Ryan,ryan_food_dialogue,89,Ryan,sina pana e moku tawa mi. sina pona...
0a94f0c3b65c425c,L10 Ryan,ryan_food_dialogue,90,Ryan,mi wile lukin sin e sina
8c39f31ac476e20e,L10 Ryan,ryan_food_dialogue,91,Kobold,tenpo ale la mi wile lukin e sina. mi tawa open e lupa.
db8848bda5df285f,L10 Ryan,ryan_food_dialogue,92,Kobold,sina kin! mi tawa open e lupa.
f0394a2181ae8df6,L10 Ryan,ryan_food_dialogue,93,Ryan,pona! mi lukin e sina lon tenpo kama lili.
d48a9423f250312c,L10 Ryan,ryan_food_dialogue,94,Ryan,"jan Kolan ni la, ona li pona tawa sina, anu seme?"
6eb520b95e8c6388,L10 Ryan,ryan_food_dialogue,95,Kobold,"a a, lon."
c97f0b6b1b436f26,L10 Ryan,ryan_food_dialogue,96,Kobold,ona li mute mute. taso ni li pona tawa mi.
6525ecb4cd0f0eea,L10 Ryan,ryan_food_dialogue,97,Ryan,ni li suwi!
6943d0645de48850,L10 Ryan,ryan_food_dialogue,98,Ryan,seme pi jan ni li pona nanpa wan tawa sina?
a695d517f16d1719,L10 Ryan,ryan_food_dialogue,99,Kobold,palisa unpa ona li suli mute a.
dbeb304df456a424,L10 Ryan,ryan_food_dialogue,100,Kobold,ona li toki wawa. taso ona li suwi kin!
3c29c25f0a23d26a,L10 Ryan,ryan_food_dialogue,101,Kobold,ona li lili. lukin mi en lukin ona li lon sewi sama. ni li pona tawa mi.
0911d52bc2d9f70b,L10 Ryan,ryan_food_dialogue,102,Kobold,mi olin e... ona.
4aa9ae5f4bbb8541,L10 Ryan,ryan_food_dialogue,103,Ryan,a... lon. akesi lili la ijo ante ona li kama suli...
7859d5c981752171,L10 Ryan,ryan_food_dialogue,104,Ryan,"n, lon. mi sona e jan sama ni."
d8c70d62d0457935,L10 Ryan,ryan_food_dialogue,105,Ryan,ni li lon! akesi lili li musi.
97a18e09f3f990c5,L10 Ryan,ryan_food_dialogue,106,Ryan,a... ni li suwi mute
fac3f85c3c835445,L10 Ryan,ryan_food_dialogue,107,Ryan,o toki tawa mi e ijo kama pi sina tu!
37e125daa86112bd,L10 Ryan,ryan_food_dialogue,108,Ryan,sina pana e moku tawa mi. sina pona. sina jan pona suli.
120807e0d30c65d5,L10 Ryan,ryan_food_dialogue,109,Kobold,sina pana e moku. sina pona! mi tawa open e lupa.
94ddf87d22b36d07,L10 Ryan,ryan_food_dialogue,110,Kobold,sina jan pona mi kin. mi tawa open e lupa.
02ca8c073be8669d,L10 Ryan,ryan_food_dialogue,111,Ryan,pona. mi lukin e sina lon tenpo kama!
# --- picnic: Ryan_grab_basket ---
3276ca6f923e3a2e,L10 Ryan,Ryan_grab_basket,1,Ryan,n a. sina kama jo e ona. sina pona.
1790d1bc285d158f,L10 Ryan,Ryan_grab_basket,2,Kobold,sina kama jo e moku tawa ni anu seme?
fab7cff668586c9b,L10 Ryan,Ryan_grab_basket,3,Kobold,jan Lajan! ni li suwi mute.
3f519f6990d85e4d,L10 Ryan,Ryan_grab_basket,4,Ryan,lon! moku ni li ken pona tawa mi tu.
38953523aa1d8dc9,L10 Ryan,Ryan_grab_basket,5,Ryan,"a a, sina pona. ijo lon poki li ken pona tawa mi tu."
f44e62ce0d92a9c3,L10 Ryan,Ryan_grab_basket,6,Ryan,taso moku li ken suli lili... ona li suli sama moku pi akesi suli.
dbe7ccbf37aed06a,L10 Ryan,Ryan_grab_basket,7,Kobold,sina kama jo e ale ni tan seme?
96082d9f598cc1db,L10 Ryan,Ryan_grab_basket,8,Kobold,sina wile ala wile e telo?
5be9d07e2e19a321,L10 Ryan,Ryan_grab_basket,9,Ryan,tawa sina!
eea2772cf2ab51f9,L10 Ryan,Ryan_grab_basket,10,Ryan,<size=70%> tawa mi kin.
5da686787e870bc2,L10 Ryan,Ryan_grab_basket,11,Ryan,ala. mi pilin e ni: mi wile ala.
dfdd49c96bf70312,L10 Ryan,Ryan_grab_basket,12,Ryan,mi kama tan ni taso: mi pana e moku tawa sina!
7efd9697b321d608,L10 Ryan,Ryan_grab_basket,13,Ryan,sina pali e ijo pona mute tawa mi. ni la mi wile pana e ijo pona tawa sina.
414c0f3bb81740f3,L10 Ryan,Ryan_grab_basket,14,Ryan,ni li pona anu seme?
097832ea20a37b63,L10 Ryan,Ryan_grab_basket,15,Kobold,lon a!
460dbc14c8f22914,L10 Ryan,Ryan_grab_basket,17,Ryan,pona a. mi pilin pona.
6e1aac9408968a3c,L10 Ryan,Ryan_grab_basket,18,Ryan,ni la ona li pona! mi pilin pona.
fe3e5d4e4925ddb6,L10 Ryan,Ryan_grab_basket,19,Ryan,tenpo ni la... moku anu seme?
# --- picnic: Ryan_grapes_dialog | if $food_number ---
46ca5d912bed1dcc,L10 Ryan,Ryan_grapes_dialog,1,Kobold,kili lili ni li pona lukin.
33f099ac348159d4,L10 Ryan,Ryan_grapes_dialog,2,Kobold,"jan Lajan, sina o moku ala e palisa kasi-"
174343e1e975e68b,L10 Ryan,Ryan_grapes_dialog,3,Ryan,lon a! taso palisa kasi li pona nanpa wan tawa mi.
976fdc62e4cbffcf,L10 Ryan,Ryan_grapes_dialog,4,Kobold,ona li... kiwen kasi anu seme?
8e4f1f66ab3b3860,L10 Ryan,Ryan_grapes_dialog,5,Kobold,mi moku ala e ona lon tenpo pini.
d053df82397c2f86,L10 Ryan,Ryan_grapes_dialog,6,Ryan,"lon, ona li pona tawa uta!"
c994875a9f5c8520,L10 Ryan,Ryan_grapes_dialog,7,Ryan,taso sina o moku ala e ona.
025e9c74601a1a65,L10 Ryan,Ryan_grapes_dialog,8,Ryan,insa moku pi akesi suli li... wawa mute. insa sina li wawa lili taso.
b689b40a79b968df,L10 Ryan,Ryan_grapes_dialog,9,Ryan,sina o pali ala e ni.
8d834797bd163119,L10 Ryan,Ryan_grapes_dialog,10,Ryan,sina wile jo e insa pi akesi suli lon tenpo open!
27935fd7477eba77,L10 Ryan,Ryan_grapes_dialog,11,Ryan,jan seme li toki e ni?
0b71d27200d13a33,L10 Ryan,Ryan_grapes_dialog,12,Kobold,mi?
47252f2c75dea9ef,L10 Ryan,Ryan_grapes_dialog,13,Kobold,nasin pi sijelo jan...? <size=70%> <i>mi pilin e ni?
5af35db6f8fe39ad,L10 Ryan,Ryan_grapes_dialog,14,Ryan,n...
79436a008466d243,L10 Ryan,Ryan_grapes_dialog,15,Ryan,mi pakala e nasin lawa a!
49e7a64aec55ff2a,L10 Ryan,Ryan_grapes_dialog,16,Ryan,o pilin ike ala. akesi suli li ken moku e ijo ale.
5f82b968ccbb4aaa,L10 Ryan,Ryan_grapes_dialog,17,Ryan,insa mi li ken moku e ijo ale.
f9a3f85545840310,L10 Ryan,Ryan_grapes_dialog,18,Ryan,palisa kasi li moku sin taso.
53494acb38981cff,L10 Ryan,Ryan_grapes_dialog,19,Ryan,taso tenpo ale la kili lili ni li pona tawa wile mi.
77e53d1b1d33b9f0,L10 Ryan,Ryan_grapes_dialog,20,Ryan,"a, kin la ona li lon sinpin mi. mi pakala."
# --- picnic: Ryan_ham_dialog | if $food_number ---
cb2d2f80636d8a49,L10 Ryan,Ryan_ham_dialog,1,Kobold,jan Lajan a! kiwen sijelo a!
523a9690a00a7803,L10 Ryan,Ryan_ham_dialog,2,Kobold,sina moku e ale ona a... a.
618839c9ee1f8a65,L10 Ryan,Ryan_ham_dialog,3,Ryan,n n- n?
5b917e0078e6beb0,L10 Ryan,Ryan_ham_dialog,4,Ryan,"a, ona li pona nanpa wan tawa mi!"
7a41a3b5d6e1acf7,L10 Ryan,Ryan_ham_dialog,5,Kobold,insa sina li moku e ona kepeken nasin seme?
846f850b875979d4,L10 Ryan,Ryan_ham_dialog,6,Kobold,<size=60%> ni li pona lukin a.
f7d4b26ff67eee38,L10 Ryan,Ryan_ham_dialog,7,Ryan,mi akesi suli.
b86257f47d85426e,L10 Ryan,Ryan_ham_dialog,8,Ryan,mi pilin e ni: insa mi li ken moku e ijo ale.
a165524a35a75706,L10 Ryan,Ryan_ham_dialog,9,Ryan,ni li lon anu seme? mi kama sona...
db22d9512845d515,L10 Ryan,Ryan_ham_dialog,10,Ryan,nasin ni li pona nanpa wan tawa moku.
a5af381d1ec66e2a,L10 Ryan,Ryan_ham_dialog,11,Ryan,ni li pona sona: jan pi noka tu li moku kepeken tenpo suli.
180983e0a4f4e327,L10 Ryan,Ryan_ham_dialog,12,Ryan,taso moku wawa wan li pona nanpa wan a!
# --- picnic: Ryan_melon_dialog | if $food_number ---
e1d0d09daa3129d9,L10 Ryan,Ryan_melon_dialog,1,Ryan,ona li suli mute... ona li suli ike lili-
8725851a4492f86f,L10 Ryan,Ryan_melon_dialog,2,Kobold,sina open ala e kili telo suli.
991947f3461b26a7,L10 Ryan,Ryan_melon_dialog,3,Kobold,ona li pona ala pona tawa uta sina?
7d20121dc2fa0757,L10 Ryan,Ryan_melon_dialog,4,Ryan,lon a a a.
41f87d2c55073e29,L10 Ryan,Ryan_melon_dialog,5,Ryan,mi pakala.
4fafd5a0c9f29d5f,L10 Ryan,Ryan_melon_dialog,6,Ryan,taso ona li pona! pilin pi tawa anpa ona li pona tawa mi.
dc8488830f9d7192,L10 Ryan,Ryan_melon_dialog,7,Ryan,mi uta ala e ona. ni la... ijo ala?
7dedd07a7558afa9,L10 Ryan,Ryan_melon_dialog,8,Ryan,taso tawa anpa ona li pilin pona!
8b4a775ae776722a,L10 Ryan,Ryan_melon_dialog,9,Kobold,<size=70%> a.
ef03f59f06da8fa4,L10 Ryan,Ryan_melon_dialog,10,Kobold,anpa lawa sina li ken e ijo mute a. ni li nasa.
4fc09f2d61d5cc43,L10 Ryan,Ryan_melon_dialog,11,Ryan,tenpo ale la moku mi li pona mute tawa jan lili.
032ea150ccdf88be,L10 Ryan,Ryan_melon_dialog,12,Ryan,ni li suwi!
aad3715a2f685dc3,L10 Ryan,Ryan_melon_dialog,13,Ryan,ona li pali tan ni: moku e ijo ale.
b0a73a78b7d9045b,L10 Ryan,Ryan_melon_dialog,14,Kobold,<size=70%><i>lon?
30ff5a696a0def56,L10 Ryan,Ryan_melon_dialog,16,Ryan,n!
901c77872c53d308,L10 Ryan,Ryan_melon_dialog,18,Ryan,lon! ona li pona tawa pali.
# --- jerkoff: Ryan_4_JerkOff_Start ---
2d434662c42f6a6c,L10 Ryan,Ryan_4_JerkOff_Start,1,Ryan,sina wile lon anu seme...? lon sinpin moku?
031703a96ac0df8c,L10 Ryan,Ryan_4_JerkOff_Start,2,Ryan,a... pona.
# --- cum: Ryan_4_Cum ---
3b1c48772bd5889e,L10 Ryan,Ryan_4_Cum,1,Ryan,n a... ni li pona... taso jaki lili li kama lon.
# --- mount_start: Ryan_4_Mount_Start ---
2f31dcbcaa980550,L10 Ryan,Ryan_4_Mount_Start,1,Ryan,a... sina wile e ni: mi kepeken e supa ni? lon poka moku? pona!
# --- mount_finish: Ryan_4_Mount_Finish ---
833d21b8cd952764,L10 Ryan,Ryan_4_Mount_Finish,1,Ryan,jaki lili li kama lon... taso ni li pona.

# ===== Level 11: Conrad (Sunny) =====
# --- intro: Conrad_Intro_4 ---
a67959dc39353129,L11 Conrad,Conrad_Intro_4,1,Conrad/Ryan/Alexander,ijo li pakala lon nasin sona pi ilo musi!
c1a949184675fa92,L11 Conrad,Conrad_Intro_4,2,Conrad/Ryan/Alexander,o pona e jan pali pi ilo musi..
60f8f02dd7a80d00,L11 Conrad,Conrad_Intro_4,3,Kobold,jan Kolan li kama unpa poka jan Lajan
6e98155abad655c3,L11 Conrad,Conrad_Intro_4,4,Kobold,jan musi li kama unpa poka jan Kolan
9cf9d4fc71363f68,L11 Conrad,Conrad_Intro_4,5,Kobold,jan musi li kama unpa poka jan Lajan
67beed0c39e205b4,L11 Conrad,Conrad_Intro_4,6,Kobold,"toki, jan Kolan!"
d22e2236304b2ef0,L11 Conrad,Conrad_Intro_4,7,Kobold,sina pilin pona mute tan seme?
6183e901a5a22ddc,L11 Conrad,Conrad_Intro_4,8,Kobold,"toki, jan Kolan!"
3c0eb60cca3b1422,L11 Conrad,Conrad_Intro_4,9,Conrad,"o toki, jan lili suli."
ad13467d89f77645,L11 Conrad,Conrad_Intro_4,10,Conrad,sina ante ala ante e... n...
25aab860a8266c4c,L11 Conrad,Conrad_Intro_4,11,Conrad,sina ante e selo sina lon tenpo suno ni? <size=70%><i>jan li pali e ni anu seme...? </i><size=100%>sina pona lukin lon tenpo suno ni.
42e1b9a73c953f33,L11 Conrad,Conrad_Intro_4,12,Kobold,sina pona! taso ko ni li seme?
be118711068118d5,L11 Conrad,Conrad_Intro_4,13,Kobold,"a. jan Kolan, sina pona lukin kin."
a4008861bf24c47d,L11 Conrad,Conrad_Intro_4,14,Kobold,jan li pali ala e ni... taso sina pona!
a951e05bf8506af1,L11 Conrad,Conrad_Intro_4,15,Conrad,kili lili.
765af85f1bd7eafe,L11 Conrad,Conrad_Intro_4,17,Conrad,"n,"
199e91c738a75b4c,L11 Conrad,Conrad_Intro_4,18,Conrad,lon a! mi pona lukin a!
926069483fd35835,L11 Conrad,Conrad_Intro_4,19,Conrad,a a... lon. mi pana ala e toki pona lon tenpo mute.
8c9dc9229a7630ce,L11 Conrad,Conrad_Intro_4,20,Conrad,mi wile e telo pi tenpo lili taso... kin la supa unpa li ken pona.
3ee865676f6e4c99,L11 Conrad,Conrad_Intro_4,21,Kobold/Ryan,"a, lon?"
5fae46a5c8669c29,L11 Conrad,Conrad_Intro_4,22,Kobold,pona! mi tawa open e lupa.
daa08f627cbbfb9e,L11 Conrad,Conrad_Intro_4,23,Conrad,lon- taso wile sina la taso!
20ee725c28fb397e,L11 Conrad,Conrad_Intro_4,24,Conrad,mi wile ala wawa e wile mi tawa sina.
374fe9cc22a15007,L11 Conrad,Conrad_Intro_4,25,Kobold,a. mi tawa open e lupa tawa sina.
ae53715099e0d53d,L11 Conrad,Conrad_Intro_4,28,Conrad,jan Lajan a! mi kama sona e ona.
caefb85b87a51126,L11 Conrad,Conrad_Intro_4,29,Kobold,pona! taso ko ni li seme?
0452c0f1847f4a72,L11 Conrad,Conrad_Intro_4,30,Kobold,ijo li kama seme?
940b2bb279fbfd8a,L11 Conrad,Conrad_Intro_4,33,Conrad,sina pali e ni: mi en jan Lajan li ken toki. sina pona.
6c42e3202026a3e8,L11 Conrad,Conrad_Intro_4,34,Conrad,lon la ona li pona mute.
91b34251e9ff7711,L11 Conrad,Conrad_Intro_4,35,Conrad,mi sona ala e ni: jan sama ona li ken pona tawa mi...
abc0fe0ceed24339,L11 Conrad,Conrad_Intro_4,36,Kobold,o toki tawa mi e ale ni!
ab20df82132f07cc,L11 Conrad,Conrad_Intro_4,37,Conrad,mi toki e ona. taso tenpo ni la mi wile e telo pi tenpo lili. kin la mi wile kepeken e supa unpa.
17c5f180de5a8348,L11 Conrad,Conrad_Intro_4,38,Conrad,"mi wile <i>pali sin</i> tan jan Lajan. sina sona e toki mi, anu seme?"
9912569ea696f8ed,L11 Conrad,Conrad_Intro_4,39,Kobold,jan Kolan a!
106f99c061d35f26,L11 Conrad,Conrad_Intro_4,40,Kobold,pona- pona. mi tawa open e lupa.
f71200a57e2d1d7a,L11 Conrad,Conrad_Intro_4,41,Conrad,semeee? kama seli pi sijelo mi li pona a!
65bee50d904e101d,L11 Conrad,Conrad_Intro_4,43,Conrad,toki toki. sina open. ni li pona tawa mi.
4d5dda82efc31458,L11 Conrad,Conrad_Intro_4,44,Conrad,mi wile e telo tan linja telo. kin la mi wile kepeken e supa unpa.
0ecdd0ec4c0cf66c,L11 Conrad,Conrad_Intro_4,45,Kobold,"a a a, pona."
3252727dec6314c5,L11 Conrad,Conrad_Intro_4,47,Kobold,taso ko ni li seme?
91bc8d1d6dc8cdb7,L11 Conrad,Conrad_Intro_4,48,Conrad,a. lon.
1aced2f074444bdc,L11 Conrad,Conrad_Intro_4,54,Kobold,a. pona. mi tawa open e lupa.
# --- progress: Conrad_required_4 ---
a5965f548b64e3cf,L11 Conrad,Conrad_required_4,1,Conrad,o. mi jo e wile sona tawa sina.
9ad0664c4ac1572a,L11 Conrad,Conrad_required_4,2,Kobold,"a, lon?"
d448809fdbbeaf11,L11 Conrad,Conrad_required_4,4,Kobold,"a, looon?"
51dbc8c7be16145b,L11 Conrad,Conrad_required_4,5,Kobold,"seme li lon, jan suli?"
# --- progress: Conrad_4_Ryan_Conrad_Romanced | if $ryan_conrad_romanced $conrad_romanced $ryan_romanced ---
e6071cb4e7c448c8,L11 Conrad,Conrad_4_Ryan_Conrad_Romanced,1,Conrad,"jan Lajan la, mi pilin e ni: mi tu li tawa musi olin lon tenpo pimeja ni."
9ee7e6a6ebccf907,L11 Conrad,Conrad_4_Ryan_Conrad_Romanced,2,Conrad,sina jo ala jo e toki sona tawa mi?
f7af2bd25c827e3d,L11 Conrad,Conrad_4_Ryan_Conrad_Romanced,3,Kobold,o pali sama sina!
a58248b820567c49,L11 Conrad,Conrad_4_Ryan_Conrad_Romanced,4,Kobold,o awen e ni: jaki li lon ala sina. <size=70%><i>a a.
528e2755301df89e,L11 Conrad,Conrad_4_Ryan_Conrad_Romanced,5,Conrad,mi pali kepeken wawa ale mi.
71cfcccd17dc37fc,L11 Conrad,Conrad_4_Ryan_Conrad_Romanced,6,Conrad,"tenpo ni la ale li pona, anu seme?"
93a2ca86985333fe,L11 Conrad,Conrad_4_Ryan_Conrad_Romanced,7,Kobold,mi pilin e ni: lon!
55842427ae2db4e3,L11 Conrad,Conrad_4_Ryan_Conrad_Romanced,8,Kobold,jan sama jan Lajan li wile e sina la sina pali pona mute.
162762064c5d0461,L11 Conrad,Conrad_4_Ryan_Conrad_Romanced,10,Conrad,a. mi wile e jan lili pi ken telo e mi. jan ni li lon anu seme?
4ae6d6619b0245f7,L11 Conrad,Conrad_4_Ryan_Conrad_Romanced,11,Kobold,"a, ona li lon ala, la."
6267e98361c404ca,L11 Conrad,Conrad_4_Ryan_Conrad_Romanced,12,Kobold,mi pali e ni: jaki li lon <i>ala sina.
7c0c5a4da3de6046,L11 Conrad,Conrad_4_Ryan_Conrad_Romanced,13,Conrad,musi li pini. lon la telo sina li pona nanpa wan.
207d91f2342e8d0c,L11 Conrad,Conrad_4_Ryan_Conrad_Romanced,14,Conrad,sina pona. mi pona lukin la mi pilin pona!
# --- progress: Conrad_4_Conrad_Romanced | if $ryan_conrad_romanced $conrad_romanced $ryan_romanced ---
a8ee5e15400fc208,L11 Conrad,Conrad_4_Conrad_Romanced,1,Conrad,n... tenpo musi olin. mi wile e ona lon tenpo kama lili!
f2f6817fb49621c2,L11 Conrad,Conrad_4_Conrad_Romanced,3,Kobold,mi wile mute e ni!
82ddb728ff9d18a9,L11 Conrad,Conrad_4_Conrad_Romanced,4,Conrad,"mi pilin e ni: mi tu li ken tawa musi lon tenpo suno kama, anu seme?"
fc253d9eb67cd473,L11 Conrad,Conrad_4_Conrad_Romanced,5,Kobold,ni li pona.
9a03666243082379,L11 Conrad,Conrad_4_Conrad_Romanced,6,Kobold,ni li pona tawa mi!
67f68a72462bca9b,L11 Conrad,Conrad_4_Conrad_Romanced,7,Conrad/Ryan,pona a!
45ec6449f36fb5b9,L11 Conrad,Conrad_4_Conrad_Romanced,8,Conrad,mi kama sin tawa telo la mi tu li tawa.
ee6194b2fabfafdc,L11 Conrad,Conrad_4_Conrad_Romanced,9,Kobold,ni li pona tawa mi!
38c7fbb586ed7788,L11 Conrad,Conrad_4_Conrad_Romanced,10,Kobold,nasin ni li pona.
de408e85752b4a9e,L11 Conrad,Conrad_4_Conrad_Romanced,11,Conrad/Kobold/Alexander,mi pilin pona wawa.
# --- progress: Conrad_Ryan_Romanced | if $ryan_conrad_romanced $conrad_romanced $ryan_romanced ---
8dc7f14f91542fe7,L11 Conrad,Conrad_Ryan_Romanced,1,Conrad,"sina en jan Lajan la, seme?"
498cb71ee3e20098,L11 Conrad,Conrad_Ryan_Romanced,2,Kobold,"a, lon!"
37d827f8025ee687,L11 Conrad,Conrad_Ryan_Romanced,3,Kobold,ona li pona lukin mute.
64db0ca49ca9563d,L11 Conrad,Conrad_Ryan_Romanced,4,Kobold,ona li akesi suli pi wile suli mi.
bdfc096fee84c4fb,L11 Conrad,Conrad_Ryan_Romanced,5,Conrad,mi pilin pona tan sina!
cb24c38318e64595,L11 Conrad,Conrad_Ryan_Romanced,6,Conrad,mi kute e ni lon toki sina.
0e5b54a94da4725b,L11 Conrad,Conrad_Ryan_Romanced,8,Kobold,sina la seme? jan pona li lon anu seme?
5f9173229e51d947,L11 Conrad,Conrad_Ryan_Romanced,9,Kobold,lon. mi pilin pona kin.
68fa6f383249196c,L11 Conrad,Conrad_Ryan_Romanced,10,Conrad,lili a! mi tawa weka tan tomo mi lon tenpo mute.
e589607da4e2983d,L11 Conrad,Conrad_Ryan_Romanced,11,Conrad,mi lukin e waso soweli wan. ona li suli sama mi...
d69f5ee422fdf377,L11 Conrad,Conrad_Ryan_Romanced,12,Conrad,mi pilin e ni: ona li olin lili e mi.
9aab87987aca7783,L11 Conrad,Conrad_Ryan_Romanced,13,Conrad,...<i><size=70%>mi olin lili e ona kin.
7b42e92a68e914e0,L11 Conrad,Conrad_Ryan_Romanced,14,Conrad,kute pi toki ni li pona.
88b86bef7b86a770,L11 Conrad,Conrad_Ryan_Romanced,15,Conrad,lon. mi pilin e ni: ona li ken ante e pilin sina a.
# --- jerkoff: Conrad_4_JerkOff_Start ---
395b9d676b6c01c5,L11 Conrad,Conrad_4_JerkOff_Start,1,Conrad,"a- lon tenpo ni? pona, mi wile."
# --- cum: Conrad_4_Cum ---
cf5ea034da108d57,L11 Conrad,Conrad_4_Cum,1,Conrad,n n n... ni li pona mute. kili lili li pona lili taso.
# --- mount_start: Conrad_4_Mount_Start ---
9c4eeb4a7cc4c1e1,L11 Conrad,Conrad_4_Mount_Start,1,Conrad,o! supa unpa a! pakala pona a.
# --- mount_finish: Conrad_4_Mount_Finish ---
307f6f92f16156e7,L11 Conrad,Conrad_4_Mount_Finish,1,Conrad,a a. tomo telo ni li pona nanpa wan a.
# --- outro: Conrad_Outro_4 ---
4012236175bc195e,L11 Conrad,Conrad_Outro_4,1,Kobold,jaki li lon ala sina a!
4a93a020168bbd0d,L11 Conrad,Conrad_Outro_4,2,Kobold,mi pilin e ni: ale li pini.
2ce654e6ba32ebb8,L11 Conrad,Conrad_Outro_4,3,Kobold,jaki ala la sina pona lukin!
d6d9eff64b0d7187,L11 Conrad,Conrad_Outro_4,4,Kobold,<i>pana mi pi telo tawa sina li pona tawa mi.
feda452e0c677f41,L11 Conrad,Conrad_Outro_4,5,Kobold,pona! ale li pini.
e2956ac74f8acb8e,L11 Conrad,Conrad_Outro_4,6,Kobold,mi pilin e ni: mi telo e ma ale pi sijelo sina.
# --- outro: Conrad_Outro_4_Ryan_Conrad_Romanced | if $ryan_conrad_romanced $conrad_romanced $ryan_romanced ---
0fa2abeece5fd3de,L11 Conrad,Conrad_Outro_4_Ryan_Conrad_Romanced,1,Conrad,lon! mi pilin pi jaki ala.
1b5f2f27de868c08,L11 Conrad,Conrad_Outro_4_Ryan_Conrad_Romanced,2,Conrad,"o, n, sina pilin e seme: mi en jan Lajan li kama pona <i>lon</i> anu seme?"
ebc110388e3748fa,L11 Conrad,Conrad_Outro_4_Ryan_Conrad_Romanced,3,Kobold/Alexander,lon a!
5bc10e8175dc9422,L11 Conrad,Conrad_Outro_4_Ryan_Conrad_Romanced,4,Kobold,mi wile e ni.
3da3a77980cb9eb9,L11 Conrad,Conrad_Outro_4_Ryan_Conrad_Romanced,5,Conrad,mi wile e ni: toki sina li lon.
43e42fb816f1d2c2,L11 Conrad,Conrad_Outro_4_Ryan_Conrad_Romanced,6,Conrad,lon. mi kin. ona li pona mute.
603a3749013e876b,L11 Conrad,Conrad_Outro_4_Ryan_Conrad_Romanced,7,Conrad,ijo ale ni li kama la weka pi pilin ike li ike...
189f4f64972cc1fe,L11 Conrad,Conrad_Outro_4_Ryan_Conrad_Romanced,8,Conrad,taso mi pona lukin mute. ni la mi kama pona.
40b8366766a655d6,L11 Conrad,Conrad_Outro_4_Ryan_Conrad_Romanced,9,Conrad,mi wile e ni.
dde93c3f47e98763,L11 Conrad,Conrad_Outro_4_Ryan_Conrad_Romanced,10,Conrad,taso tenpo nanpa wan pi mi tu li pona mute!
0a47996c4c389f39,L11 Conrad,Conrad_Outro_4_Ryan_Conrad_Romanced,11,Kobold,lon? o toki e ona tawa mi!
589c19f0d1fb2d81,L11 Conrad,Conrad_Outro_4_Ryan_Conrad_Romanced,12,Kobold,ni li pona mute! tenpo musi olin nanpa wan sina li lon tenpo seme?
56345c46f3840a46,L11 Conrad,Conrad_Outro_4_Ryan_Conrad_Romanced,13,Conrad,ona li toki tawa mi kepeken ilo. mi tu li kama lon ma sama. ona li pona mute a.
080824870e4c7a15,L11 Conrad,Conrad_Outro_4_Ryan_Conrad_Romanced,14,Conrad,ona li toki e ni: mi jan pona. mi tu li pali e nasin pi tenpo musi olin...
d98ca4f1aac91861,L11 Conrad,Conrad_Outro_4_Ryan_Conrad_Romanced,15,Conrad,ni li tan pi lon mi! telo ni li pini la mi tawa weka. mi tawa lukin e ona.
35b34afec858433c,L11 Conrad,Conrad_Outro_4_Ryan_Conrad_Romanced,16,Conrad,telo ni li pini la mi tawa a!
d925b0f0ac6611e6,L11 Conrad,Conrad_Outro_4_Ryan_Conrad_Romanced,17,Conrad,mi tu li tawa tomo moku pi moku kala-
5421d19c6a9cd188,L11 Conrad,Conrad_Outro_4_Ryan_Conrad_Romanced,18,Conrad,mi jo e supa lon tomo musi lon tenpo ni.
6ffd2844813c419e,L11 Conrad,Conrad_Outro_4_Ryan_Conrad_Romanced,19,Kobold,ni la mi o open e lupa tawa sina!
d547385bcae74ca2,L11 Conrad,Conrad_Outro_4_Ryan_Conrad_Romanced,20,Kobold,mi pilin pona tan sina. mi open e lupa!
9458fe24a9152c2b,L11 Conrad,Conrad_Outro_4_Ryan_Conrad_Romanced,21,Conrad,a... lon. mi pilin pona wawa.
83a4b4bd32149db8,L11 Conrad,Conrad_Outro_4_Ryan_Conrad_Romanced,22,Conrad,sina pona. mi pilin pona wawa kin.
# --- outro: Conrad_Outro_4_Conrad_Romanced | if $ryan_conrad_romanced $conrad_romanced $ryan_romanced ---
ad0500f8d2500c0f,L11 Conrad,Conrad_Outro_4_Conrad_Romanced,1,Conrad,tenpo ale la mi pilin pi jaki ala lon pini pi telo sina.
297d60c9e5c25580,L11 Conrad,Conrad_Outro_4_Conrad_Romanced,2,Conrad,"a, kin la mi sona e ma pi tawa mi tu."
f22c7f64f7e136d4,L11 Conrad,Conrad_Outro_4_Conrad_Romanced,5,Conrad,tomo musi li lon insa pi ma tomo. nimi ona li Wini. ona li pona tawa mi lon tenpo mute pini.
5dcbc1f451fcc29d,L11 Conrad,Conrad_Outro_4_Conrad_Romanced,6,Conrad,lon ma ni la mi jan suli lili.
99c9d7ee0966d8d1,L11 Conrad,Conrad_Outro_4_Conrad_Romanced,7,Conrad,mi ken kama jo e supa <i>pona nanpa wan</i> tawa mi tu lon tenpo pi sitelen musi ona.
02f6a5560835daa6,L11 Conrad,Conrad_Outro_4_Conrad_Romanced,8,Kobold,"a, pona. mi wile."
7137eb7d65d8f4d8,L11 Conrad,Conrad_Outro_4_Conrad_Romanced,9,Kobold,a a a a. ni la sina jan suli a.
60c5caff4aee58e9,L11 Conrad,Conrad_Outro_4_Conrad_Romanced,10,Conrad,pakala a! mi pilin wawa mute.
d37d98f486ba54c5,L11 Conrad,Conrad_Outro_4_Conrad_Romanced,11,Conrad,mi open e pali pi tenpo ni.
bf3d9317290e56b0,L11 Conrad,Conrad_Outro_4_Conrad_Romanced,12,Conrad,mi kama sin la mi jo e supa lon tomo musi!
f11ccc8c0bd5ecbc,L11 Conrad,Conrad_Outro_4_Conrad_Romanced,13,Conrad,sina ken ala ken open e lupa?
ffcc816df16993e6,L11 Conrad,Conrad_Outro_4_Conrad_Romanced,14,Conrad,lon a.
c25790cd739260fd,L11 Conrad,Conrad_Outro_4_Conrad_Romanced,16,Conrad,sina jan suli
b18d301dab41755f,L11 Conrad,Conrad_Outro_4_Conrad_Romanced,17,Conrad,mi pakala. mi sona lili e toki olin. sina ken ala ken open e lupa?
# --- outro: Conrad_Outro_4_Ryan_Romanced | if $ryan_conrad_romanced $conrad_romanced $ryan_romanced ---
6fe24a5cf11acb37,L11 Conrad,Conrad_Outro_4_Ryan_Romanced,1,Conrad,"lon! jaki ala, sama tenpo ale."
8f0378325ead68c7,L11 Conrad,Conrad_Outro_4_Ryan_Romanced,2,Conrad,sina jo ala jo e nasin pi tenpo kama poka jan Lajan?
a12011af4e943fb2,L11 Conrad,Conrad_Outro_4_Ryan_Romanced,3,Kobold,mi sona ala lon tenpo ni.
c3393181a97b4208,L11 Conrad,Conrad_Outro_4_Ryan_Romanced,4,Kobold,mi pilin e ni: tenpo musi olin li kama lon tenpo lili.
5ef95c64f52e6263,L11 Conrad,Conrad_Outro_4_Ryan_Romanced,5,Conrad,pona. sina tu li suwi lon poka pi sina tu.
6d8a46a5e1da81ef,L11 Conrad,Conrad_Outro_4_Ryan_Romanced,6,Conrad,mi wile mute e ni: ale li kama pona!
1884386d93b6fccd,L11 Conrad,Conrad_Outro_4_Ryan_Romanced,7,Conrad,lon! ni li pona mute.
c5cace2191af6925,L11 Conrad,Conrad_Outro_4_Ryan_Romanced,8,Conrad,sina tu li suwi mute lon poka pi sina tu...
9e806b93dd0d48fe,L11 Conrad,Conrad_Outro_4_Ryan_Romanced,9,Conrad,mi wile e ni: ale li kama pona.
83a8afa550485db4,L11 Conrad,Conrad_Outro_4_Ryan_Romanced,10,Conrad,ale li pini. sina ken ala ken open e lupa?

# ===== Level 12: Alexander (Rainy) =====
# --- intro: Alexander_4_intro ---
0248808ddaa3479e,L12 Alexander,Alexander_4_intro,1,Alexander,toki! tenpo pimeja li pona!
d3d306a15d158e29,L12 Alexander,Alexander_4_intro,2,Kobold,tokiii! tokii!
68094c643e49d3c6,L12 Alexander,Alexander_4_intro,3,Kobold,"toki, jan Alekante!"
e8c921ab9051f110,L12 Alexander,Alexander_4_intro,4,Alexander,"a, sina wile wawa lon tenpo ale."
3b767556f3eeaa3b,L12 Alexander,Alexander_4_intro,5,Alexander,kama sin mi li pona mute!
96ed1471d1f86a4d,L12 Alexander,Alexander_4_intro,6,Alexander,telo sewi li awen kama lon tenpo suno ni a!
429d93ef0fafbe8a,L12 Alexander,Alexander_4_intro,7,Alexander,kon pi ma ni li pona.
a9945cd0cd165325,L12 Alexander,Alexander_4_intro,8,Kobold,telo sewi li pona.
7259414f82b0b97a,L12 Alexander,Alexander_4_intro,9,Kobold,tenpo ale la telo sewi li ike tawa mi.
bfad19e22f9652cc,L12 Alexander,Alexander_4_intro,10,Alexander,mi pilin sama. taso mi wile awen e ni: mi kama insa lon tenpo lili.
91a5c27ef059ab24,L12 Alexander,Alexander_4_intro,12,Alexander,telo sewi li pana e jaki. ni li ike. mi sona e pilin sina.
882df59f0a75b295,L12 Alexander,Alexander_4_intro,13,Alexander,taso ni li tan pi lon mi!
990e43e4f2687cdf,L12 Alexander,Alexander_4_intro,14,Kobold,pona! mi tawa open e lupa tawa sina.
846b613e707ce00d,L12 Alexander,Alexander_4_intro,15,Kobold,jip! <size=70%>(lupa)
1ceb64d9cf6889fd,L12 Alexander,Alexander_4_intro,17,Alexander,"n, mi sona e ni: sina open e lupa, anu seme?"
56deaef9d6b92a31,L12 Alexander,Alexander_4_intro,18,Kobold,jip! <size=70%>(lon)
fd0d3e3077aaf4ce,L12 Alexander,Alexander_4_intro,19,Alexander,mi kama sona e 'jip' sina. mi sona ala e tan
7a919cef111fe275,L12 Alexander,Alexander_4_intro,20,Kobold,jip! <size=70%>(ni li tan ni: insa lawa sina pi akesi suli li awen lape. ona li kama sona sin e nasin toki suli pi kulupu sina en kulupu mi. nasin toki ni li jo e kon suli pi 'jip' mi. mi tu li kama poka lon tenpo mute la insa lawa ni li kama open. ni taso li tan.)
6d8c462224bca1b5,L12 Alexander,Alexander_4_intro,21,Kobold,jip! <size=70%>(mi sona ala)
8e7ead434fce5609,L12 Alexander,Alexander_4_intro,24,Alexander,sina ken ala ken open e lupa...?
19be549c91d82ff3,L12 Alexander,Alexander_4_intro,25,Alexander,pona. mi awen!
# --- progress: Alexander_4_required ---
c19ca0647cc1a583,L12 Alexander,Alexander_4_required,1,Alexander,mi pilin e ijo...
6d9630067757f781,L12 Alexander,Alexander_4_required,2,Alexander,mi ken ala weka e lukin mi tan... ilo lon poka ni.
7bd6925025a24288,L12 Alexander,Alexander_4_required,3,Alexander,"ona li supa unpa, anu seme?"
54b9fbcd575cd0a7,L12 Alexander,Alexander_4_required,4,Kobold,lon a!
1f5aad5cbae1a020,L12 Alexander,Alexander_4_required,5,Kobold,sina wile ala wile kepeken e ona?
36a85b3430aa6639,L12 Alexander,Alexander_4_required,6,Alexander,mi... wile sona...
d2b8ae469c604bfb,L12 Alexander,Alexander_4_required,7,Alexander,mi ken ala ken... n...
577e4edfcd4fa53d,L12 Alexander,Alexander_4_required,8,Alexander,ken la...
4caa8162834de434,L12 Alexander,Alexander_4_required,9,Alexander,ken lili taso...
d89de41838a75fa0,L12 Alexander,Alexander_4_required,10,Kobold,sina wile kepeken e ona la ni li pona!
68ad27123e1df879,L12 Alexander,Alexander_4_required,11,Kobold,"o pilin ike ala, jan Alekante!"
6dece6f0ec399d4e,L12 Alexander,Alexander_4_required,12,Alexander,mi pilin e ni: mi wile?
08ab3092d83ed1d3,L12 Alexander,Alexander_4_required,13,Alexander,mi sona. mi sona.
81a4fcd2541ac990,L12 Alexander,Alexander_4_required,14,Alexander,mi pilin e ni: mi wile kepeken e ona?
67c0f2a71f4ff613,L12 Alexander,Alexander_4_required,16,Alexander,n... n n...
4640c27322f55d8c,L12 Alexander,Alexander_4_required,17,Alexander,ken...?
9739b879143b91cf,L12 Alexander,Alexander_4_required,18,Alexander,ni li pona tawa sina la taso-
e2dce2bed173fba0,L12 Alexander,Alexander_4_required,20,Kobold,ni li pona. jan Kolan li toki e ni tawa mi: o kama jo e ona. ona li pona.
f12929f0cef567d7,L12 Alexander,Alexander_4_required,21,Alexander,pona pona... ni la mi pilin e ni: mi wile kepeken e ona?
76ea754cd53f21dc,L12 Alexander,Alexander_4_required,22,Alexander,jan Kolan...?
18b51cf572e4b49a,L12 Alexander,Alexander_4_required,25,Kobold,ni li pona tawa mi!
334a54e73cf69dc1,L12 Alexander,Alexander_4_required,26,Kobold,mi pana e ona tawa sina. mi pilin pona tan ni.
7bd62126f382f565,L12 Alexander,Alexander_4_required,27,Alexander,n... sina pona.
d2c15503eb28631b,L12 Alexander,Alexander_4_required,28,Alexander,pona- sina pona.
# --- jerkoff: Alexander_4_JerkOff_Start ---
47122b215cc11a2b,L12 Alexander,Alexander_4_JerkOff_Start,1,Alexander,"a... ni li pona, la~"
# --- cum: Alexander_4_Cum ---
ed6a9612f44b19ea,L12 Alexander,Alexander_4_Cum,1,Alexander,n a... sina pona tan ni.
# --- mount_start: Alexander_4_Mount_Start ---
1db0bf44f69526fc,L12 Alexander,Alexander_4_Mount_Start,1,Alexander,"supa unpa anu seme? mi... wile, la!"
# --- mount_finish: Alexander_4_Mount_Finish ---
76527d719ccc95a3,L12 Alexander,Alexander_4_Mount_Finish,1,Alexander,ni li... pona mute. mi sona ala e ni lon tenpo pini.
# --- outro: Alexander_4_Outro ---
35278dc46019f9b9,L12 Alexander,Alexander_4_Outro,1,Alexander,mi pilin pona mute.
5547ec33b10091a2,L12 Alexander,Alexander_4_Outro,2,Alexander,mi... sona e ni: sina wile ala e toki ni.
3ce3dec2bd740757,L12 Alexander,Alexander_4_Outro,3,Alexander,taso mi pilin e ni: sina pana e sona tawa mi.
5eca8560307cac86,L12 Alexander,Alexander_4_Outro,5,Kobold,taso sina akesi suli pi pana sona.
419ecbf32abefda1,L12 Alexander,Alexander_4_Outro,6,Alexander,mi jan pi pana sona suli. taso lon. sina pana e sona tawa mi.
0b1b8529d2c3c5fc,L12 Alexander,Alexander_4_Outro,7,Alexander,mi pilin e ni: pona sina tawa mi li pona tawa mi?
4df2487e01509478,L12 Alexander,Alexander_4_Outro,8,Kobold,jan mute li pilin sama!
c9f8ba59379bb60a,L12 Alexander,Alexander_4_Outro,9,Kobold,pali pona mi tawa sina li pona tawa mi.
93786b06bef36348,L12 Alexander,Alexander_4_Outro,10,Alexander,lon. taso mi toki e nasin pi insa wawa... nasin pi soweli.
b868cb066c4b572d,L12 Alexander,Alexander_4_Outro,11,Alexander,"toki ni li pona... taso mi toki e pona sina tawa mi lon nasin pi soweli, la?"
565a3630f0cfbcc5,L12 Alexander,Alexander_4_Outro,12,Alexander,"sina luka e sijelo mi, li toki e wile sina tawa mi. ni li pona tawa mi."
1161a29c118dbaa6,L12 Alexander,Alexander_4_Outro,13,Alexander,sina sona e wile sina. ni li pona tawa mi. sina sona e nasin telo taso la ni li pona kin.
32c31015075eeede,L12 Alexander,Alexander_4_Outro,14,Alexander,"weka pi lawa mi li pona, lon tenpo lili kin."
1651e2418c22d0c0,L12 Alexander,Alexander_4_Outro,15,Kobold,<size=70%> akesi suli li pana e lawa tawa mi. a.
bd051341e68cc04e,L12 Alexander,Alexander_4_Outro,16,Kobold,mi pana e ma pi lape pilin tawa sina. ni li pona tawa mi.
2e1f723e42b149be,L12 Alexander,Alexander_4_Outro,17,Alexander,"ni li sin mute, anu seme?"
8212cbdd05d21f37,L12 Alexander,Alexander_4_Outro,18,Alexander,"mi kama sin lon tenpo lili, anu seme? sina telo e mi. sina pona."
b5f8ec9a6918d554,L12 Alexander,Alexander_4_Outro,19,Alexander,"ni li pana e ken tawa mi. mi kama sin, anu seme?"

# ===== Level 13: Ryan (Sunny) =====
# --- intro: Ryan_5_intro ---
dcd95465ccb79997,L13 Ryan,Ryan_5_intro,6,Kobold,"toki, jan suli."
a4c1cb0899f204fc,L13 Ryan,Ryan_5_intro,8,Ryan,toki... jan lili!
df50afc7f5e2d994,L13 Ryan,Ryan_5_intro,9,Kobold,mi lili <i>mute</i> ala-
8061d3d1aed7c531,L13 Ryan,Ryan_5_intro,10,Kobold,"ni la, sina kama tan telo anu seme?"
1107598aa9bc6c75,L13 Ryan,Ryan_5_intro,11,Ryan,"a, mi pakala-"
061629ac669e11f8,L13 Ryan,Ryan_5_intro,12,Ryan,mi musi taso. mi pilin pona tan lukin mi e sina!
cdc7ebc001250566,L13 Ryan,Ryan_5_intro,13,Ryan,lon!
f8c3932b65e6bbb0,L13 Ryan,Ryan_5_intro,14,Ryan,"toki, jan lili!"
4a5d3b88460afb6b,L13 Ryan,Ryan_5_intro,15,Ryan,mi wile pali e pan.
b483e9c7e323807a,L13 Ryan,Ryan_5_intro,16,Ryan,lon tenpo ni la mi jo e tenpo mute pi pali ala.
afd9ef6045a7191c,L13 Ryan,Ryan_5_intro,17,Ryan,pali pan li pana e jaki mute a!
808f38835d1deb53,L13 Ryan,Ryan_5_intro,18,Ryan,mi wile e telo.
# --- intro: Ryan_5_intro_ryan_romanced | if $ryan_conrad_romanced $conrad_romanced $ryan_romanced ---
efa367904267d1f9,L13 Ryan,Ryan_5_intro_ryan_romanced,1,Ryan,...telo tan tenpo musi olin pi mi tu lon tenpo pimeja ni.
d510da8dc09c7bd7,L13 Ryan,Ryan_5_intro_ryan_romanced,2,Kobold,a! lon a!
cb4f55dc25088cef,L13 Ryan,Ryan_5_intro_ryan_romanced,3,Kobold,mi pilin pona mute.
63b5ec8a662e7e8f,L13 Ryan,Ryan_5_intro_ryan_romanced,4,Ryan,ni la mi pona: mi pana sin e sona tawa sina.
60004e58bb12dd3c,L13 Ryan,Ryan_5_intro_ryan_romanced,6,Ryan,mi awen tawa open pi lupa!
# --- intro: Ryan_5_intro ---
3ff66f86649ed3f4,L13 Ryan,Ryan_5_intro,19,Kobold,"toki, jan Lajan!"
bab3e0bf3bfcf52e,L13 Ryan,Ryan_5_intro,20,Ryan,toki! mi kama tan telo.
747b7932ed2e84f2,L13 Ryan,Ryan_5_intro,24,Kobold,pona a. mi tawa open e lupa.
1fa67d86839c19a3,L13 Ryan,Ryan_5_intro,25,Kobold,pona! mi wile mute toki e jan Kolan tawa sina.
4c5ca3860699fcd3,L13 Ryan,Ryan_5_intro,28,Kobold,lon! mi tawa musi olin poka ona lon tenpo kama lili.
29301eae6840e128,L13 Ryan,Ryan_5_intro,29,Kobold,"n n n, mi wile pali tan tenpo musi olin poka ona."
154dbd6d6bdc9f0e,L13 Ryan,Ryan_5_intro,30,Ryan,ni li pana e pilin pona!
e1867b98d8ce23bd,L13 Ryan,Ryan_5_intro,31,Ryan,o toki sin e ona lon insa.
10dc92e80220fe9b,L13 Ryan,Ryan_5_intro,33,Kobold,"tokiii, jan Lajan."
b57c370a0fcc7045,L13 Ryan,Ryan_5_intro,34,Ryan,toki!
cd80a4a851309647,L13 Ryan,Ryan_5_intro,38,Kobold,tenpo musi olin sina poka jan Kolan li kama seme?
26eed1b65d0e1370,L13 Ryan,Ryan_5_intro,39,Kobold,o toki tawa mi e sina en jan Kolan a!
b433dad7fc4cdb18,L13 Ryan,Ryan_5_intro,40,Ryan,ona li pona mute!
cd235c4d7d27fbdb,L13 Ryan,Ryan_5_intro,41,Ryan,a- sina wile wawa!
7b1f5d058f2045c5,L13 Ryan,Ryan_5_intro,43,Ryan,mi tu li tawa moku. toki pi mi tu li pona.
4932dbc11ab131d4,L13 Ryan,Ryan_5_intro,44,Ryan,ijo wan li kama e ijo ante...
1a86226c86c7138f,L13 Ryan,Ryan_5_intro,45,Ryan,mi tu li tawa tomo pi telo nasa... ijo li kama seli. sina ken pilin e ijo kama... <size=70%>a...
# --- progress: Ryan_5_Required_ryan_romanced | if $ryan_romanced ---
e61676df3c022293,L13 Ryan,Ryan_5_Required_ryan_romanced,1,Ryan,n. tenpo musi olin pi mi tu lon tenpo pimeja ni...
c022fa54258553ea,L13 Ryan,Ryan_5_Required_ryan_romanced,2,Ryan,sina wile tawa ma seme?
6c0884e4717c5d5b,L13 Ryan,Ryan_5_Required_ryan_romanced,3,Kobold,sina o lawa!
bbedb233b6bbe2ea,L13 Ryan,Ryan_5_Required_ryan_romanced,4,Kobold,mi wile tawa tomo moku.
fb57b97d646f43c9,L13 Ryan,Ryan_5_Required_ryan_romanced,5,Kobold,sina sona ala sona e tomo pona pi telo nasa?
d2c0f4718541c240,L13 Ryan,Ryan_5_Required_ryan_romanced,6,Kobold,sitelen tawa la seme?
98ef145fb642c5b6,L13 Ryan,Ryan_5_Required_ryan_romanced,7,Ryan,ken la mi tu li... tawa noka taso?
4bad2b5ecfe22c4a,L13 Ryan,Ryan_5_Required_ryan_romanced,8,Ryan,jan li lon monsi mi la mi pilin pona mute.
6e8c399ff118f405,L13 Ryan,Ryan_5_Required_ryan_romanced,9,Ryan,ni li pona ala pona tawa sina?
7da2aa0d4ef74597,L13 Ryan,Ryan_5_Required_ryan_romanced,10,Kobold,ni li pona mute!
db39ae73af1cfae5,L13 Ryan,Ryan_5_Required_ryan_romanced,11,Kobold,ni li anpa ike ala anpa ike tawa mi?
3185b026252747c6,L13 Ryan,Ryan_5_Required_ryan_romanced,13,Ryan,tenpo ale la mi olin e ni: mi tawa e jan pona mi pi noka tu...
d2994ff918a23d86,L13 Ryan,Ryan_5_Required_ryan_romanced,14,Ryan,ni la mi tu li jo e tenpo musi olin. mi pilin pona.
3fdcf71c3e2f7ea0,L13 Ryan,Ryan_5_Required_ryan_romanced,15,Ryan,a! ala. ni li musi!
8bacddc318adc2b9,L13 Ryan,Ryan_5_Required_ryan_romanced,16,Ryan,tenpo ale la mi tawa e jan pona ante mi pi noka tu.
638c1801c65c6b0c,L13 Ryan,Ryan_5_Required_ryan_romanced,17,Ryan,mi tu li kama sona e nasin! o kama tawa mi lon poka pi telo suli!
25f86d817a092ae1,L13 Ryan,Ryan_5_Required_ryan_romanced,18,Ryan,lon. ni li pona.
38ae2aec596ab356,L13 Ryan,Ryan_5_Required_ryan_romanced,19,Ryan,moku kala la sina pilin e seme?
d7456d9e85366bc9,L13 Ryan,Ryan_5_Required_ryan_romanced,20,Kobold,lon. kala li pona tawa mi!
925a663e1b23d966,L13 Ryan,Ryan_5_Required_ryan_romanced,21,Kobold,"n n n, ijo ante anu seme?"
14d1fddd0115ee0d,L13 Ryan,Ryan_5_Required_ryan_romanced,22,Ryan,"a, pona. kala loje li pona mute tawa mi."
6b59acab736bd349,L13 Ryan,Ryan_5_Required_ryan_romanced,23,Ryan,"n, mi akesi suli- taso... sina sona e toki mi."
334998266afc2476,L13 Ryan,Ryan_5_Required_ryan_romanced,24,Ryan,ni la mi tu li jo e tenpo musi olin! moku kala lon open. ni li pini la mi tu li lukin e tenpo.
a02af61e18efb0f0,L13 Ryan,Ryan_5_Required_ryan_romanced,25,Ryan,"mi sona e tomo moku pona pi kulupu soweli, lon poka pi telo suli."
cf73a93aa04fdd02,L13 Ryan,Ryan_5_Required_ryan_romanced,26,Ryan,ona li wan e nasin moku pi kulupu soweli en nasin ante...
8771d66a0a1ace3e,L13 Ryan,Ryan_5_Required_ryan_romanced,27,Ryan,ona li pona tawa mi! mi pilin e ni: ona li pona tawa sina kin.
8cceef523eb8c739,L13 Ryan,Ryan_5_Required_ryan_romanced,28,Ryan,ni la mi tu li jo e tenpo musi olin!
5a3b18942c9e3040,L13 Ryan,Ryan_5_Required_ryan_romanced,29,Ryan,"a lon, tomo pona li lon insa pi ma tomo. nimi ona li Wini."
4d1b2eff2bb69d21,L13 Ryan,Ryan_5_Required_ryan_romanced,30,Ryan,mi pilin e ni: ona li ma pona! tenpo pimeja ale la ona li pana e sitelen musi pona.
ebbcfde5ce6709d6,L13 Ryan,Ryan_5_Required_ryan_romanced,31,Ryan,mi tu li ken pali e ni. ni li pini la mi tu li kama jo e tomo lape... n.
435234dd4f3b1033,L13 Ryan,Ryan_5_Required_ryan_romanced,34,Ryan,mi pilin e ni: sitelen tawa li ken musi!
0ef6ac4a015fbebd,L13 Ryan,Ryan_5_Required_ryan_romanced,35,Ryan,sina pilin e sitelen tawa seme?
b64ebbe5369b5bbf,L13 Ryan,Ryan_5_Required_ryan_romanced,37,Kobold,jan Jip - jip pi pini ale
45afe74b37ed6bb0,L13 Ryan,Ryan_5_Required_ryan_romanced,38,Kobold,"akesi suli pi mun ale, nanpa tu"
a881cd2440d13252,L13 Ryan,Ryan_5_Required_ryan_romanced,39,Ryan,"a, mi kute e toki pona tan ona."
00712e7d97f1872a,L13 Ryan,Ryan_5_Required_ryan_romanced,41,Ryan,sitelen tawa pi jan Jip li nasa musi mute...
037e3c0c446d2b14,L13 Ryan,Ryan_5_Required_ryan_romanced,42,Ryan,taso lon poka sina la ona li kama pona tawa mi!
b1ac5509459ca2a4,L13 Ryan,Ryan_5_Required_ryan_romanced,43,Ryan,a lon. nanpa wan li pona tawa mi.
eb547bf48bc9637e,L13 Ryan,Ryan_5_Required_ryan_romanced,45,Ryan,ni la mi tu li jo e tenpo musi olin. mi pilin pona.
# --- progress: Ryan_5_Required_conrad_romanced | if $ryan_romanced $conrad_romanced ---
1f2c5ed668dc8972,L13 Ryan,Ryan_5_Required_conrad_romanced,1,Ryan,o toki sin tawa mi e jan Kolan!
522b54ddedc9ae6c,L13 Ryan,Ryan_5_Required_conrad_romanced,2,Kobold,lon tenpo ni la ona li kama pona mute.
9df47f9485e2d886,L13 Ryan,Ryan_5_Required_conrad_romanced,3,Kobold,ona li... jan suwi lon insa. taso selo ona li jo e palisa utala.
2e0446089ab2f237,L13 Ryan,Ryan_5_Required_conrad_romanced,4,Ryan,"a, lon? mi pilin e ni: ona li jan pi pilin seli."
eb926b4bc196ac32,L13 Ryan,Ryan_5_Required_conrad_romanced,5,Ryan,taso mi sona e jan sama ona... insa ona li suwi mute.
8ea9e02ddeed61e3,L13 Ryan,Ryan_5_Required_conrad_romanced,6,Kobold,lon. ona li kama pona mute.
5085892250461c04,L13 Ryan,Ryan_5_Required_conrad_romanced,7,Kobold,lon. ni li pona tawa mi.
53011f72775c8ca4,L13 Ryan,Ryan_5_Required_conrad_romanced,8,Ryan,kute pi toki ni li pona mute.
4fbcc070e27c4736,L13 Ryan,Ryan_5_Required_conrad_romanced,9,Ryan,jan pi kama pona li pona lukin nanpa wan a!
aa8e7dea9ad61538,L13 Ryan,Ryan_5_Required_conrad_romanced,10,Ryan,sina tu li kama pona. mi pilin pona tan ni.
390bea406a842664,L13 Ryan,Ryan_5_Required_conrad_romanced,11,Ryan,ni li pona mute. sina tu li kama pona. mi pilin pona.
f147cd900de98aeb,L13 Ryan,Ryan_5_Required_conrad_romanced,12,Ryan,"a, lon, jan sama ona li suwi mute."
883fec192f3d1119,L13 Ryan,Ryan_5_Required_conrad_romanced,13,Ryan,"mi kute e ni: lon tenpo ni la ona li kama pona mute. ni li lon, anu seme?"
b5060af9808e8c7c,L13 Ryan,Ryan_5_Required_conrad_romanced,14,Kobold,"n, ona li pali wawa."
702195668cf48039,L13 Ryan,Ryan_5_Required_conrad_romanced,15,Kobold,mi pilin e ni: ona li lon ma ike. tenpo ni la ona li kama pona.
1e681c01b417052f,L13 Ryan,Ryan_5_Required_conrad_romanced,16,Ryan,"ni li wile ale pi jan ale, anu seme?"
9056022b2085d3b7,L13 Ryan,Ryan_5_Required_conrad_romanced,17,Ryan,taso sina tu li kama pona. mi pilin pona tan ni.
932d7df9b58f5376,L13 Ryan,Ryan_5_Required_conrad_romanced,18,Ryan,kute pi toki ni li pona.
# --- progress: Ryan_5_Required_ryan_conrad_romanced | if $ryan_romanced $conrad_romanced $ryan_conrad_romanced ---
e76e544c771880f3,L13 Ryan,Ryan_5_Required_ryan_conrad_romanced,1,Ryan,lon tenpo musi olin pi mi tu la jan Kolan li toki e sina.
2e21aa0b86c092fb,L13 Ryan,Ryan_5_Required_ryan_conrad_romanced,3,Kobold,ona li toki e seme?
271a662aed24f160,L13 Ryan,Ryan_5_Required_ryan_conrad_romanced,4,Ryan,ona li toki e tenpo pi kama pakala ona.
1b0b214cb2df69ec,L13 Ryan,Ryan_5_Required_ryan_conrad_romanced,5,Ryan,mi pilin e ni: sina pona e ona mute. sina sona lili taso e ni.
ad14c398c575824b,L13 Ryan,Ryan_5_Required_ryan_conrad_romanced,7,Kobold,mi pali taso!
daddaa15545566ce,L13 Ryan,Ryan_5_Required_ryan_conrad_romanced,8,Ryan,lon. taso lon tenpo ni la ona li wile e jan pi pilin pona tawa ona.
f03747feadc10e71,L13 Ryan,Ryan_5_Required_ryan_conrad_romanced,9,Ryan,"mi kama sona e ni: lon tenpo suli pini la jan li... n, jan li pilin pona ala tawa ona."
2ed3613575959ca6,L13 Ryan,Ryan_5_Required_ryan_conrad_romanced,10,Ryan,sina pali taso la... mi pilin e ni: ni li pona e ona mute.
658add118bb17ed5,L13 Ryan,Ryan_5_Required_ryan_conrad_romanced,11,Ryan,"ni la, sina pilin pona tawa ona. mi toki e pona tan ona."
8ca78aefdf9d3b44,L13 Ryan,Ryan_5_Required_ryan_conrad_romanced,12,Ryan,mi sona e ni: ona li jan pi pilin seli. ona li weka sona e toki pona tawa jan.
9176dd2bd815750c,L13 Ryan,Ryan_5_Required_ryan_conrad_romanced,13,Kobold,a... sina pona.
5a4dcf1ccff086af,L13 Ryan,Ryan_5_Required_ryan_conrad_romanced,14,Kobold,kute pi toki ni li pana e pilin pona tawa mi.
6db8bf6280f68edb,L13 Ryan,Ryan_5_Required_ryan_conrad_romanced,15,Ryan,a. kin la ijo wan li lon.
49e6d82bb7d163af,L13 Ryan,Ryan_5_Required_ryan_conrad_romanced,16,Ryan,tenpo musi olin li pini la mi tu li unpa kin.
e06e957ec854ab4c,L13 Ryan,Ryan_5_Required_ryan_conrad_romanced,17,Kobold,<size=70%><i>a...
9b2ad1c8b149bf00,L13 Ryan,Ryan_5_Required_ryan_conrad_romanced,19,Ryan,"a, lon. jan Kolan li sona mute e nasin unpa..."
bc156217e847a8df,L13 Ryan,Ryan_5_Required_ryan_conrad_romanced,20,Ryan,semeee. ike li lon ala! mi pilin e ni: sina wile sona.
# --- jerkoff: Ryan_5_JerkOff_Start ---
9fec39c7cefbaca2,L13 Ryan,Ryan_5_JerkOff_Start,1,Ryan,"a... luka sina li wile mute lon tenpo suno ni, anu seme?"
# --- cum: Ryan_5_Cum ---
6f8c64dde681ced5,L13 Ryan,Ryan_5_Cum,1,Ryan,n a... mi wile e ni. sina pona.
# --- mount_start: Ryan_5_Mount_Start ---
c7f3dbd886d929a7,L13 Ryan,Ryan_5_Mount_Start,1,Ryan,supa unpa anu seme? pona!
# --- mount_finish: Ryan_5_Mount_Finish ---
48ffbc93e2486713,L13 Ryan,Ryan_5_Mount_Finish,1,Ryan,n a... sina pona tan ni.
# --- outro: Ryan_5_Outro_ryan_romanced | if $ryan_romanced ---
6fc39ec69d974bb4,L13 Ryan,Ryan_5_Outro_ryan_romanced,1,Ryan,mi pilin e ni: sina telo e ma ale pi sijelo mi.
c9e5fbe3317edd3f,L13 Ryan,Ryan_5_Outro_ryan_romanced,2,Ryan,sina sona e kon pi ni...
f553e58b991e05cc,L13 Ryan,Ryan_5_Outro_ryan_romanced,3,Kobold,tenpo musi olin a!
0eb7accf7a8bffc3,L13 Ryan,Ryan_5_Outro_ryan_romanced,6,Ryan,ni la mi ken tawa musi olin poka jan lili wan.
e7da2124354de72f,L13 Ryan,Ryan_5_Outro_ryan_romanced,7,Ryan,"mi sona e ni: sina wile pini e tomo esun. mi pana e nimi ma tawa sina. mi tu li ken kama lon ma ni, anu seme?"
6b7ea0261a825f1b,L13 Ryan,Ryan_5_Outro_ryan_romanced,8,Kobold,ni li pona!
7809df3c2e9fa860,L13 Ryan,Ryan_5_Outro_ryan_romanced,10,Ryan,mi wile mute e tenpo ni.
dc9e132cf2897c30,L13 Ryan,Ryan_5_Outro_ryan_romanced,12,Ryan,pona. o open e lupa. mi tawa ma ni!
7d5a43fcbb4e03de,L13 Ryan,Ryan_5_Outro_ryan_romanced,13,Ryan,mi lukin e sina lon tenpo kama lili.
# --- outro: Ryan_5_Outro_conrad_romanced | if $ryan_romanced $conrad_romanced ---
b050469dea41d597,L13 Ryan,Ryan_5_Outro_conrad_romanced,2,Ryan,sina pona e mi. sina pona.
25ec1c59caa5e66c,L13 Ryan,Ryan_5_Outro_conrad_romanced,3,Kobold,tenpo ale la telo mi tawa sina li pona tawa mi!
2a67fb93196e8722,L13 Ryan,Ryan_5_Outro_conrad_romanced,5,Ryan,a- mi toki ala e telo taso.
2140dcb75dc2d0f9,L13 Ryan,Ryan_5_Outro_conrad_romanced,6,Ryan,mi toki e ale.
a6d4dab5c8699946,L13 Ryan,Ryan_5_Outro_conrad_romanced,7,Ryan,pini olin pi tenpo pini li ike mute tawa mi.
1fd66775cea2eb4b,L13 Ryan,Ryan_5_Outro_conrad_romanced,8,Ryan,tomo ni li ma pona pi weka mi.
8f4dc96f133fa75c,L13 Ryan,Ryan_5_Outro_conrad_romanced,9,Ryan,kin la mi pilin pona mute tan sina en jan Kolan.
8ed791569d35f02c,L13 Ryan,Ryan_5_Outro_conrad_romanced,10,Ryan,"mi kama sin la mi lukin e sina, anu seme?"
d38d6a1844481871,L13 Ryan,Ryan_5_Outro_conrad_romanced,11,Kobold,"tenpo ale la mi pilin pona tan lukin mi e sina, jan Lajan."
c88980c837fb6592,L13 Ryan,Ryan_5_Outro_conrad_romanced,12,Kobold,mi tawa open e lupa tawa sina
b1e1c4e40f4aaeec,L13 Ryan,Ryan_5_Outro_conrad_romanced,13,Ryan,sina kin. sina telo e mi. sina pona.
# --- outro: Ryan_5_Outro_ryan_conrad_romanced | if $ryan_romanced $conrad_romanced $ryan_conrad_romanced ---
c5f14714a1e0439c,L13 Ryan,Ryan_5_Outro_ryan_conrad_romanced,8,Ryan,tomo ni li ma pona mute pi weka mi...
3eb55bf5de9c718b,L13 Ryan,Ryan_5_Outro_ryan_conrad_romanced,9,Ryan,kin la sina pana e jan Kolan tawa mi.
7aa8987bf569468c,L13 Ryan,Ryan_5_Outro_ryan_conrad_romanced,10,Ryan,ona li pona mute.

# ===== Level 14: Conrad (Night) =====
# --- intro: Conrad_5_intro_ryan_romanced | if $ryan_conrad_romanced $conrad_romanced $ryan_romanced ---
ab4070df9f9d3980,L14 Conrad,Conrad_5_intro_ryan_romanced,1,Conrad,"<size=140%>o kute a, <size=100%>mi wile e telo."
8597b1ea1423580d,L14 Conrad,Conrad_5_intro_ryan_romanced,2,Kobold,"toki, jan Kolan."
3ed1272125c54574,L14 Conrad,Conrad_5_intro_ryan_romanced,3,Kobold,sina kama lon tenpo pimeja ni tan seme?
d90de33a2137108a,L14 Conrad,Conrad_5_intro_ryan_romanced,4,Conrad,"lon, ni li mi."
2ca9d5b1cf89ccc8,L14 Conrad,Conrad_5_intro_ryan_romanced,5,Conrad,lon tenpo pimeja ni la mi tawa insa pi ma tomo. mi wile e ni: jaki li lon ala mi. o kute...
f5ebf2a456433609,L14 Conrad,Conrad_5_intro_ryan_romanced,6,Conrad,"mi kute e sina en jan laso suli. nimi ona li Lajan, anu seme?"
061d649bf4c733b7,L14 Conrad,Conrad_5_intro_ryan_romanced,7,Conrad,mi pilin e ni: sina musi mute.
4193e2b4730c89ad,L14 Conrad,Conrad_5_intro_ryan_romanced,8,Conrad,mi wile e ni: ona li pona.
63ecf81d4e111712,L14 Conrad,Conrad_5_intro_ryan_romanced,9,Kobold,ona li pona a! sina wile sona. sina pona.
0c7c795d2dd5eb76,L14 Conrad,Conrad_5_intro_ryan_romanced,10,Kobold,ona li pona.
ae61bf1949b59852,L14 Conrad,Conrad_5_intro_ryan_romanced,12,Conrad,tenpo ni la!
25ba5fd876754270,L14 Conrad,Conrad_5_intro_ryan_romanced,13,Conrad,jan Kolan li wile e telo a!
# --- intro: Conrad_5_intro_conrad_romanced | if $ryan_conrad_romanced $conrad_romanced $ryan_romanced ---
76777c9ea422832b,L14 Conrad,Conrad_5_intro_conrad_romanced,1,Conrad,"toki, jan pona lukin"
0b7efee62380b6cd,L14 Conrad,Conrad_5_intro_conrad_romanced,2,Conrad,mi lukin seme?
060982be63865e2c,L14 Conrad,Conrad_5_intro_conrad_romanced,3,Kobold,sina pona mute
b6fff34d007d61c9,L14 Conrad,Conrad_5_intro_conrad_romanced,4,Kobold,n n..
806a4d3418ed236d,L14 Conrad,Conrad_5_intro_conrad_romanced,5,Conrad,lon a! mi pona!
4bd075c280186208,L14 Conrad,Conrad_5_intro_conrad_romanced,6,Conrad,taso ni li pona ala tawa tenpo musi olin.
777560a71762cf9b,L14 Conrad,Conrad_5_intro_conrad_romanced,7,Conrad,ni la o weka e ona kepeken telo. mi tu li jo e tenpo musi olin lon tenpo pimeja ni.
364ea49c3b6c9895,L14 Conrad,Conrad_5_intro_conrad_romanced,8,Conrad,a!
3ef6b1f5eeda632e,L14 Conrad,Conrad_5_intro_conrad_romanced,9,Conrad,mi musi taso.
ec760ba3440257aa,L14 Conrad,Conrad_5_intro_conrad_romanced,10,Conrad,pona. o weka e ona kepeken telo tan tenpo musi olin pi mi tu.
300d848a1b6703e2,L14 Conrad,Conrad_5_intro_conrad_romanced,12,Kobold,mi wile e ni: jaki li lon ala sina!
260d7e3607c0eca1,L14 Conrad,Conrad_5_intro_conrad_romanced,14,Conrad,a... lon a.
d875bd1d6febfd53,L14 Conrad,Conrad_5_intro_conrad_romanced,15,Conrad,mi pilin wawa.
a652a464f67481de,L14 Conrad,Conrad_5_intro_conrad_romanced,16,Conrad,mi jo e supa lon tomo pi telo nasa. mi toki e ona lon tenpo pini.
ce3783abd13119b6,L14 Conrad,Conrad_5_intro_conrad_romanced,17,Conrad,kon pi tenpo pimeja li pona mute a.
18ed0c57d649df67,L14 Conrad,Conrad_5_intro_conrad_romanced,18,Conrad,ona li kama pona tawa sina.
# --- intro: Conrad_5_intro_ryan_conrad_romanced | if $ryan_conrad_romanced $conrad_romanced $ryan_romanced ---
9ec8a28e82bf29dd,L14 Conrad,Conrad_5_intro_ryan_conrad_romanced,1,Conrad,tokiii.
ce0517f9b97181e5,L14 Conrad,Conrad_5_intro_ryan_conrad_romanced,2,Kobold,sina pilin pona tan seme?
9560e52eac466c54,L14 Conrad,Conrad_5_intro_ryan_conrad_romanced,4,Conrad,tenpo musi olin mi poka jan Lajan li...
f1afc0e7b46c4e3f,L14 Conrad,Conrad_5_intro_ryan_conrad_romanced,5,Conrad,pona mute a!
4b512432c16ce478,L14 Conrad,Conrad_5_intro_ryan_conrad_romanced,9,Conrad,mi kama lon tenpo pimeja. mi pakala. lape mi li pakala.
258282b3a0c1182a,L14 Conrad,Conrad_5_intro_ryan_conrad_romanced,10,Conrad,taso mi kama tan telo taso.
b67855af6a6d0c66,L14 Conrad,Conrad_5_intro_ryan_conrad_romanced,11,Kobold,o toki tawa mi e ijo ale pi jan Lajan lon tenpo lili.
9ab1cc314a249eac,L14 Conrad,Conrad_5_intro_ryan_conrad_romanced,12,Kobold,pona! mi tawa open e lupa.
1d28eb42dcdd879d,L14 Conrad,Conrad_5_intro_ryan_conrad_romanced,13,Conrad,o pilin ike ala. mi toki e ona.
# --- progress: Conrad_5_required_ryan_romanced | if $ryan_romanced ---
189bf8eff795718a,L14 Conrad,Conrad_5_required_ryan_romanced,1,Conrad,"o, mi kama lon tenpo pimeja. mi pakala."
cf69f255df6f95af,L14 Conrad,Conrad_5_required_ryan_romanced,2,Kobold,ale li pona. mi pini e tomo lon tenpo lili kama.
3aa0d9279bff43d9,L14 Conrad,Conrad_5_required_ryan_romanced,3,Kobold,sina ken kama lon tenpo ale!
f135fa715daf4f0c,L14 Conrad,Conrad_5_required_ryan_romanced,4,Conrad,a. pona. ni la mi pakala ala.
b127befdbae1da68,L14 Conrad,Conrad_5_required_ryan_romanced,6,Conrad,tenpo musi olin sina poka jan Lajan.
e00a5000d0f2cd2a,L14 Conrad,Conrad_5_required_ryan_romanced,8,Conrad,unpa li kama seme.
7bd3b05552e5bd75,L14 Conrad,Conrad_5_required_ryan_romanced,10,Kobold,a. n. <size=70%>pona.
051b72b94276cf81,L14 Conrad,Conrad_5_required_ryan_romanced,11,Conrad,o! wile sona li ike ala!
d5e5e7ee92b23759,L14 Conrad,Conrad_5_required_ryan_romanced,12,Conrad,"ni la ona li pona, la."
83e2bb850a49b35e,L14 Conrad,Conrad_5_required_ryan_romanced,13,Conrad,"a, mi pilin e ni: ona li pona."
9f69f9b215b926ee,L14 Conrad,Conrad_5_required_ryan_romanced,14,Conrad,sina sona pona kepeken e luka sina a.
2c910bcdb2651bf0,L14 Conrad,Conrad_5_required_ryan_romanced,15,Conrad,mi wile e ni kin!
9e8a396c1742ffde,L14 Conrad,Conrad_5_required_ryan_romanced,16,Conrad,...taso mi toki ala kepeken nasin ike nasa.
# --- progress: Conrad_5_required_conrad_romanced | if $ryan_romanced $conrad_romanced ---
63b786e95b90bc5e,L14 Conrad,Conrad_5_required_conrad_romanced,1,Conrad,n. tenpo pimeja ni.
6a74a80cafdccde8,L14 Conrad,Conrad_5_required_conrad_romanced,6,Conrad,sina o pilin pona a.
06318559748ee640,L14 Conrad,Conrad_5_required_conrad_romanced,7,Conrad,ona li kama pona mute tawa sina.
6c4d5b09c5034364,L14 Conrad,Conrad_5_required_conrad_romanced,8,Conrad,suno pi ma ni li pona kin.
95e9b7e01259ac1e,L14 Conrad,Conrad_5_required_conrad_romanced,9,Conrad,ona li pana e kon pona a.
66e39f6379268a82,L14 Conrad,Conrad_5_required_conrad_romanced,10,Kobold,o awen e kon ni tawa tenpo pimeja ni!
f9ae65b8ce359331,L14 Conrad,Conrad_5_required_conrad_romanced,12,Conrad,a. pona.
1d1baaa8db27cb04,L14 Conrad,Conrad_5_required_conrad_romanced,13,Conrad,a lon.
ff84a4b13b8be2a4,L14 Conrad,Conrad_5_required_conrad_romanced,14,Conrad,jaki mi li weka la mi tawa weka. mi pali e ma pi mi tu.
# --- progress: Conrad_5_required_ryan_conrad_romanced | if $ryan_romanced $conrad_romanced $ryan_conrad_romanced ---
1598446fc49cdf80,L14 Conrad,Conrad_5_required_ryan_conrad_romanced,1,Conrad,jan Lajan li akesi suli pona mute.
e2e3e43114ab1531,L14 Conrad,Conrad_5_required_ryan_conrad_romanced,2,Kobold/Conrad,lon a.
73f5014bc8782ad4,L14 Conrad,Conrad_5_required_ryan_conrad_romanced,4,Conrad,lon. ona li pona mute tawa mi.
953a9b287930c86a,L14 Conrad,Conrad_5_required_ryan_conrad_romanced,5,Conrad,ona li... pilin e jan ante. ona li sona e pilin mi kin.
41d3eda9c195fe48,L14 Conrad,Conrad_5_required_ryan_conrad_romanced,6,Conrad,mi kama sona e ona lon tenpo open la mi kepeken sin e nasin toki pi tenpo pini mi.
42fb7bc16778c0a5,L14 Conrad,Conrad_5_required_ryan_conrad_romanced,7,Conrad,...lon la mi jan ike lili.
66ad79997bc62825,L14 Conrad,Conrad_5_required_ryan_conrad_romanced,8,Conrad,taso ona li... sona e toki pi weka mi tan nasin ike ni.
7f8b591142c62352,L14 Conrad,Conrad_5_required_ryan_conrad_romanced,9,Kobold,ni li pona mute!
98e27e864ef9bcd4,L14 Conrad,Conrad_5_required_ryan_conrad_romanced,10,Kobold,jan Lajan li jan suwi
7d6c8c039970d352,L14 Conrad,Conrad_5_required_ryan_conrad_romanced,11,Conrad,lon... ona li pona mute.
5e25d0f2371f53e0,L14 Conrad,Conrad_5_required_ryan_conrad_romanced,13,Conrad,sina pana e ona tawa mi. sina pona.
# --- jerkoff: Conrad_5_JerkOff_Start ---
c96d891724f6aacb,L14 Conrad,Conrad_5_JerkOff_Start,1,Conrad,a... sina kepeken e luka sina lon palisa mi anu seme? ni li pona.
# --- cum: Conrad_5_Cum ---
51bfc34995242b1a,L14 Conrad,Conrad_5_Cum,1,Conrad,pakalaaa. sina sona e nasin pi pali akesi a!
# --- outro: Conrad_5_outro_ryan_romanced | if $ryan_romanced ---
311729708567a9d6,L14 Conrad,Conrad_5_outro_ryan_romanced,1,Kobold,ale li pini!
84da55b8523dba73,L14 Conrad,Conrad_5_outro_ryan_romanced,2,Kobold,jaki li lon <i>ala sina.
2bde145654bd4a8f,L14 Conrad,Conrad_5_outro_ryan_romanced,3,Conrad,"ni li lon, la."
af144d6cb4daa5e6,L14 Conrad,Conrad_5_outro_ryan_romanced,4,Conrad,pona mute a.
8c873098ac0042a6,L14 Conrad,Conrad_5_outro_ryan_romanced,5,Conrad,sina telo e mi lon tenpo pimeja suli. sina pona.
028e30f8adf6e6ad,L14 Conrad,Conrad_5_outro_ryan_romanced,6,Conrad,"o toki tawa mi e sina en jan Lajan lon tenpo ale, anu seme?"
a398eca1fb8d9924,L14 Conrad,Conrad_5_outro_ryan_romanced,7,Conrad,n...
234fc4abfc8d8619,L14 Conrad,Conrad_5_outro_ryan_romanced,8,Conrad,o pana e <i>jan K suli</i> tawa weka pi tomo ni!
a53a782390260e09,L14 Conrad,Conrad_5_outro_ryan_romanced,9,Kobold,jan K suli...?
8e369560d1581070,L14 Conrad,Conrad_5_outro_ryan_romanced,10,Kobold,"pona, jan Kolan."
f6b30f28e561466d,L14 Conrad,Conrad_5_outro_ryan_romanced,12,Conrad,loon... mi awen ala e nimi ni.
ac2b2c6605839727,L14 Conrad,Conrad_5_outro_ryan_romanced,13,Conrad,a... lon...
fc66fcc7fd7d0e4d,L14 Conrad,Conrad_5_outro_ryan_romanced,14,Conrad,pona. mi lukin e sina lon tenpo kama!
# --- outro: Conrad_5_outro_conrad_romanced | if $ryan_romanced $conrad_romanced ---
9333db61bcc08052,L14 Conrad,Conrad_5_outro_conrad_romanced,1,Conrad,jaki ala...
8b45593ada7894a3,L14 Conrad,Conrad_5_outro_conrad_romanced,2,Conrad,sina sona e kon pi ni.
53e54ad7b23e6757,L14 Conrad,Conrad_5_outro_conrad_romanced,3,Kobold,tenpo musi olin!
4f319a155b3e572c,L14 Conrad,Conrad_5_outro_conrad_romanced,4,Kobold,mi wile pini e tomo esun lon open-
f3296c9825518630,L14 Conrad,Conrad_5_outro_conrad_romanced,6,Conrad,sina pini e tomo la mi awen e supa sina.
c215e512d572e96c,L14 Conrad,Conrad_5_outro_conrad_romanced,7,Conrad,mi sona. mi awen e supa sina!
22d803e60de439a9,L14 Conrad,Conrad_5_outro_conrad_romanced,8,Conrad,pona! mi ken tawa.
092af5ec90bd21c7,L14 Conrad,Conrad_5_outro_conrad_romanced,9,Conrad,lon tenpo pimeja ni la mi awen e sina lon tomo pi telo nasa!
# --- outro: Conrad_5_outro_ryan_conrad_romanced | if $ryan_romanced $conrad_romanced $ryan_conrad_romanced ---
e079ff157877ea28,L14 Conrad,Conrad_5_outro_ryan_conrad_romanced,1,Conrad,mi pilin e ni: sina telo e ma ale pi sijelo mi!
6749954edebda844,L14 Conrad,Conrad_5_outro_ryan_conrad_romanced,2,Conrad,mi weka tan selo sina.
2bc72fd03dd6d9e7,L14 Conrad,Conrad_5_outro_ryan_conrad_romanced,3,Conrad,sina pana e mi tawa insa lon tenpo pimeja. sina pona.
f001e3ed4df7e0ee,L14 Conrad,Conrad_5_outro_ryan_conrad_romanced,4,Kobold,ike ala!
9d4a6cd35afcc17e,L14 Conrad,Conrad_5_outro_ryan_conrad_romanced,5,Kobold,"tenpo ale la lon sina li pona tawa mi, jan Kolan."
5e4e2c64bc630fa1,L14 Conrad,Conrad_5_outro_ryan_conrad_romanced,6,Conrad,n n. mi pona e tenpo lape mi...
5c58c3e6d4c7dc65,L14 Conrad,Conrad_5_outro_ryan_conrad_romanced,7,Conrad,sina pona. tenpo ale la mi pilin pona lon tomo ni.
163137d1bff25904,L14 Conrad,Conrad_5_outro_ryan_conrad_romanced,8,Conrad,n. sina ken ala ken open e lupa?
94d29a68cf0c8c31,L14 Conrad,Conrad_5_outro_ryan_conrad_romanced,9,Conrad,tenpo pimeja li open ala e ona sama a!

# ===== Level 15: Alexander (Sunny) =====
# --- intro: Alexander_5_intro ---
bc3d56d7794e4370,L15 Alexander,Alexander_5_intro,6,Kobold,"toki, jan Alekante."
1bef44aeb393caf0,L15 Alexander,Alexander_5_intro,7,Kobold,"toki, jan suli!"
2d8bd7d9bb5f85ba,L15 Alexander,Alexander_5_intro,8,Alexander,toki.
b048841add4ee6cf,L15 Alexander,Alexander_5_intro,10,Alexander,mi kama tan telo.
beeee2948bf1c30a,L15 Alexander,Alexander_5_intro,11,Alexander,mi wile e ni: sina pilin pona!
906a59351176dc24,L15 Alexander,Alexander_5_intro,12,Kobold,lon! lon tenpo pini lili la mi tawa musi olin poka jan Lajan.
2a75724b922176cf,L15 Alexander,Alexander_5_intro,13,Alexander,"a, lon? akesi laso pi kule sewi anu seme? mi lukin e ona lon ma ni."
1f4da5e1dde7e17c,L15 Alexander,Alexander_5_intro,14,Alexander,sina lon poka pi jan olin. kute pi toki ni li pona mute!
50f1967e1e33cecf,L15 Alexander,Alexander_5_intro,15,Kobold,lon! lon tenpo pini lili la mi tawa musi olin poka jan Kolan.
0738da2a76bc2231,L15 Alexander,Alexander_5_intro,16,Alexander,"a, lon? akesi loje lili anu seme?"
896dc87e931d64eb,L15 Alexander,Alexander_5_intro,18,Kobold,lon! sina lon ni la mi pilin pona mute.
0786859cb08f5ef9,L15 Alexander,Alexander_5_intro,19,Kobold,mi pilin pona!
414ed962f4c8a03a,L15 Alexander,Alexander_5_intro,20,Alexander,a. ni li... pona mute!
10cdda610834ef77,L15 Alexander,Alexander_5_intro,21,Alexander,mi pilin pona tan lon mi lon ni kin.
346865d8c1dd9693,L15 Alexander,Alexander_5_intro,22,Alexander,kute pi toki ni li pona mute.
f9ccb379ac224d71,L15 Alexander,Alexander_5_intro,23,Alexander,"n, mi wile e telo."
4e576daaec5a2d15,L15 Alexander,Alexander_5_intro,24,Kobold,mi pali!
42dbc75670fc6105,L15 Alexander,Alexander_5_intro,26,Alexander,mi wile e telo sina.
# --- progress: Alexander_5_romance_route | if $ryan_conrad_romanced ---
067e958be39127d9,L15 Alexander,Alexander_5_romance_route,4,Alexander,mi pilin e ijo...
4dd6f1ad9c86a533,L15 Alexander,Alexander_5_romance_route,5,Alexander,sina pilin ala pilin e ni: mi pona lukin?
303f7b0a567bfb2b,L15 Alexander,Alexander_5_romance_route,6,Kobold,lon a!
09141003dee8665c,L15 Alexander,Alexander_5_romance_route,7,Kobold,mi pilin e ni!
43c22d680a102c02,L15 Alexander,Alexander_5_romance_route,8,Kobold,mi pilin e ni: sina pona lukin.
4d433e9df480be59,L15 Alexander,Alexander_5_romance_route,10,Alexander,mi pilin pona!
c2ec019426b864e2,L15 Alexander,Alexander_5_romance_route,11,Alexander,ni la mi... kama sona wawa e pona mi.
2819c10656ee517a,L15 Alexander,Alexander_5_romance_route,12,Alexander,lon anu seme?
8fa16c7b8108298a,L15 Alexander,Alexander_5_romance_route,15,Alexander,ni la mi kama sona wawa e pona mi.
4f6ee313463724ba,L15 Alexander,Alexander_5_romance_route,16,Alexander,ni la mi pana e wile sona kama mi...
96ec8add863c6173,L15 Alexander,Alexander_5_romance_route,17,Alexander,"sina wile ala wile kama lon poka mi lon tomo lipu pi tomo sona, lon tenpo pimeja ni...?"
558dbfba7857e37d,L15 Alexander,Alexander_5_romance_route,18,Alexander,ona li... tenpo musi olin. jan mute li toki e nimi ni.
76eea215ea7ba450,L15 Alexander,Alexander_5_romance_route,19,Kobold,"<gradient=""gold""><b> mi wile a! </b></gradient><size=70%> (ni li kama e olin pi jan Alekante!)"
500188b2a2627768,L15 Alexander,Alexander_5_romance_route,20,Kobold,"<gradient=""gold""><b> mi jo e pali mute lon tenpo pimeja ni. mi pakala. </b></gradient><size=70%> (ni li kama e olin ala!)"
96b6a8b07a0781d0,L15 Alexander,Alexander_5_romance_route,22,Alexander,lon tenpo suli la mi pilin e ni: mi o pana e wile sona ni tawa sina.
942b49a7c66fb0bf,L15 Alexander,Alexander_5_romance_route,23,Alexander,a. o pilin ike ala.
b1cb9d9c9d3d9661,L15 Alexander,Alexander_5_romance_route,24,Alexander,pona. ni la o awen e telo. mi pini ala e ona!
# --- progress: Alexander_5_required ---
861a7c80ccb8a4ba,L15 Alexander,Alexander_5_required,1,Alexander,tenpo musi olin sina li kama seme?
3481be04c35d76a2,L15 Alexander,Alexander_5_required,2,Kobold,ona li pona mute! jan Lajan li jan suwi.
d26f0d306552c44a,L15 Alexander,Alexander_5_required,3,Kobold,ona li pona mute. jan Kolan li nasa. ona li nasa pona.
cf755b67feb7b6d9,L15 Alexander,Alexander_5_required,4,Kobold,ona li pona. mi tu li unpa.
6af3f2040301f8fa,L15 Alexander,Alexander_5_required,5,Alexander,ni li pona. sina o kama jo e jan pona.
9b8379de3d387846,L15 Alexander,Alexander_5_required,6,Alexander,mi sona e ni: sina pona tawa ona kin!
add751924d595d89,L15 Alexander,Alexander_5_required,7,Kobold,sina pona. sina pona tawa mi kin!
01cb42db52da342d,L15 Alexander,Alexander_5_required,9,Alexander,sina pona. toki sina li pona.
a8ab7e0a75fdc69c,L15 Alexander,Alexander_5_required,11,Alexander,"a, mi pilin e ni: ona li jan nasa."
5bac15668ef9b115,L15 Alexander,Alexander_5_required,12,Alexander,ona li pona tawa sina. mi pilin pona tan ni. mi sona e ni: sina pona tawa ona kin.
cb8f422bf973d563,L15 Alexander,Alexander_5_required,20,Alexander,ni la sina tu li pona tawa sina tu.
# --- jerkoff: Alexander_5_JerkOff_Start ---
caa4d660ab8d004d,L15 Alexander,Alexander_5_JerkOff_Start,1,Alexander,<i> ni li pona tawa pilin mi...</i>
# --- cum: Alexander_5_Cum ---
3eb65bb3b11e901c,L15 Alexander,Alexander_5_Cum,1,Alexander,a- jaki li kama lon. mi pakala...
# --- mount_start: Alexander_5_Mount_Start ---
6df0c2c2617b9905,L15 Alexander,Alexander_5_Mount_Start,1,Alexander,"a a. mi ken kepeken e supa unpa, la!"
# --- mount_finish: Alexander_5_Mount_Finish ---
31ea4258e44c77e4,L15 Alexander,Alexander_5_Mount_Finish,1,Alexander,n n... mi pilin e ni: mi wile e ni. sina pona.
# --- outro: Alexander_5_Outro ---
026554f86388b721,L15 Alexander,Alexander_5_Outro,1,Alexander,sina telo e mi. sina pona.
7f37ff79ee94bd0b,L15 Alexander,Alexander_5_Outro,2,Alexander,lon tenpo pimeja ni- lon ma pi tomo sona. tomo lipu li tomo suli laso pi palisa sewi.
f5e9b1cef9c39e89,L15 Alexander,Alexander_5_Outro,3,Alexander,o kama tawa lupa pi akesi suli. mi pana e sina tawa insa.
5832139d604c3ee8,L15 Alexander,Alexander_5_Outro,5,Kobold,mi kin!
6ed2300bf162b1de,L15 Alexander,Alexander_5_Outro,6,Kobold,ni li pona mute.
ada4e05c4d451f61,L15 Alexander,Alexander_5_Outro,8,Alexander,lon. ona li pona mute.
6068953467a952bf,L15 Alexander,Alexander_5_Outro,9,Alexander,tenpo ni la mi weka tan selo sina. sina telo e mi. sina pona.
7ca9216de53b82e5,L15 Alexander,Alexander_5_Outro,10,Alexander,mi lukin e sina lon tenpo pimeja ni.
4f8eb9eeb14b2f7d,L15 Alexander,Alexander_5_Outro,11,Alexander,mi pilin e ni: ma ale pi sijelo mi li kama telo.
991fa15e47275ce0,L15 Alexander,Alexander_5_Outro,12,Alexander,sina telo e mi. sina pona!
6d1255dd43802973,L15 Alexander,Alexander_5_Outro,13,Alexander,mi kama sona e sina. ni li pona tawa mi.
5d5e0eafc7ef13d6,L15 Alexander,Alexander_5_Outro,14,Kobold,mi kin.
63b9a103362edd6c,L15 Alexander,Alexander_5_Outro,15,Kobold,"a, sina pona, jan Alekante."
6df8f8008c57cbac,L15 Alexander,Alexander_5_Outro,16,Alexander,"n, tenpo ni la mi weka tan selo sina."
1cb7b221b7adda1c,L15 Alexander,Alexander_5_Outro,17,Alexander,mi tawa! o awen pona!

# ===== Cutscenes (started by game code) =====
# --- Alexander_SexScene ---
266f7a45346224eb,Cutscene,Alexander_SexScene,1,Alexander,mi tu li ken lape lon ni taso...
43b91c684627d3b6,Cutscene,Alexander_SexScene,2,Alexander,"sina pali e ale, anu seme?"
# --- Alexander_SexScene_Loop ---
7d085d9765e3c5d6,Cutscene,Alexander_SexScene_Loop,1,Alexander,a-
f70738ec42aa401d,Cutscene,Alexander_SexScene_Loop,2,Alexander,luka sina li sona mute
328ad033a139998d,Cutscene,Alexander_SexScene_Loop,3,Alexander,n n n..
5ec1f7e700f37c3d,Cutscene,Alexander_SexScene_Loop,4,Alexander/Conrad/Ryan,..
# --- Alexander_SexScene_Cum | if $alexander_sexscene_loops ---
08ab4c0c6ca5fe6f,Cutscene,Alexander_SexScene_Cum,1,Kobold,ni li pona anu seme?
069e24aa896ea4cf,Cutscene,Alexander_SexScene_Cum,2,Alexander,pona... toki sina li lon.
2c33dcef91e06624,Cutscene,Alexander_SexScene_Cum,3,Kobold,pona.
2d731f1625c8064f,Cutscene,Alexander_SexScene_Cum,4,Alexander,mi... kama pini lon tenpo lili
4650860eb73dd16f,Cutscene,Alexander_SexScene_Cum,5,Kobold,"o awen lon tenpo lili sin, tan mi?"
860ede2808e2507c,Cutscene,Alexander_SexScene_Cum,6,Kobold,o pana a!
16c36baab1491eb1,Cutscene,Alexander_SexScene_Cum,7,Alexander,p-pona. mi pali e ni.
24537bfd61baf4a0,Cutscene,Alexander_SexScene_Cum,8,Alexander,mi ken ala awen lon tenpo sin
a63eed0b6b6a78c7,Cutscene,Alexander_SexScene_Cum,9,Kobold,ala lon tenpo ni. o awen lon tenpo lili.
35f5ee08b67fc0f5,Cutscene,Alexander_SexScene_Cum,10,Kobold,sina ken la o pana.
82af5427ecb85c11,Cutscene,Alexander_SexScene_Cum,11,Alexander,lon..
847ec7301eab2bde,Cutscene,Alexander_SexScene_Cum,12,Alexander,n a...
c958ed597f3ee7b9,Cutscene,Alexander_SexScene_Cum,13,Alexander,ni li pona mute tawa mi.
f3be3d62065c0791,Cutscene,Alexander_SexScene_Cum,14,Kobold,kute pi toki ni li pona tawa mi.
6a629fe795ac84d7,Cutscene,Alexander_SexScene_Cum,15,Kobold,tenpo ni la seme?
4cc4342b97114697,Cutscene,Alexander_SexScene_Cum,16,Alexander,lon... taso mi pilin e ni: mi tu li wile telo e supa anpa.
ee63118710aa5c5b,Cutscene,Alexander_SexScene_Cum,17,Alexander,mi tu li wile telo e supa anpa...
8319d1715d2a4149,Cutscene,Alexander_SexScene_Cum,18,Alexander,<i><size=70%>a pakala.. lipu kin
# --- Conrad_SexScene ---
b6d2d6ccb52c5166,Cutscene,Conrad_SexScene,1,Conrad,a pakala! sina jan pi wile sin a!
e5c48d779d6422b5,Cutscene,Conrad_SexScene,2,Kobold,n n! (lon!)
e0ecc38d8bbe3790,Cutscene,Conrad_SexScene,3,Conrad,uta sina li jo e ijo. o toki ala
# --- Conrad_SexScene_Loop ---
d7e01674d2776085,Cutscene,Conrad_SexScene_Loop,1,Conrad,lon la mi sona ala e nasin pali sina.
9b277d164ba8a630,Cutscene,Conrad_SexScene_Loop,2,Conrad,taso mi toki ike ala.
73433af885509f84,Cutscene,Conrad_SexScene_Loop,3,Conrad,pona mute a
# --- Conrad_SexScene_Cum | if $conrad_sexscene_loops ---
fcfcfc2c31be11e5,Cutscene,Conrad_SexScene_Cum,1,Conrad,sina ken anu seme?
6b426873374bb7a4,Cutscene,Conrad_SexScene_Cum,2,Kobold,o pana e tenpo lili tawa mi
91213ceb7548b8dc,Cutscene,Conrad_SexScene_Cum,3,Kobold,mi ken!
72e3cb39cf4a181a,Cutscene,Conrad_SexScene_Cum,4,Conrad,jan Kolan li ken awen lon tenpo suli
3f2d1b3f808a4ec7,Cutscene,Conrad_SexScene_Cum,5,Conrad,sina ken la mi pana
46438371960f0974,Cutscene,Conrad_SexScene_Cum,6,Kobold,ala lon tenpo ni.
d893ccbfc95475bc,Cutscene,Conrad_SexScene_Cum,7,Kobold,o pana a!
aa1a7618e29e4482,Cutscene,Conrad_SexScene_Cum,8,Conrad,o! ni li pona tawa mi!
aa116a5879e94072,Cutscene,Conrad_SexScene_Cum,9,Conrad,sina pona a. mi pilin nasa pona.
45a9ad3bf69b0498,Cutscene,Conrad_SexScene_Cum,10,Conrad,sina ken ala ken tawa sin lon tomo musi?
4db30f4a0f40d350,Cutscene,Conrad_SexScene_Cum,11,Kobold,ni li pona tawa mi!
# --- Ryan_Conrad_SexScene ---
e86ce51d1dbf8280,Cutscene,Ryan_Conrad_SexScene,1,Ryan,jan Lajan: lon tenpo pini la mi pali ala e ni lon ma pi tomo ala
848d254c8d63e6fb,Cutscene,Ryan_Conrad_SexScene,2,Conrad,jan Kolan: o pilin ike ala!
3e0325398f9de675,Cutscene,Ryan_Conrad_SexScene,3,Conrad,jan Kolan: tenpo ale la mi pali e ni
d55845869b2cd946,Cutscene,Ryan_Conrad_SexScene,4,Ryan,jan Lajan: lon. ni li pana e pilin wawa
# --- Ryan_Conrad_SexScene_Loop ---
59a6f968c75b792f,Cutscene,Ryan_Conrad_SexScene_Loop,1,Conrad,jan Kolan: sina pilin pona anu seme?
836b8c1db049dc01,Cutscene,Ryan_Conrad_SexScene_Loop,2,Ryan,jan Lajan: lon a. sina pilin ike tan mi anu seme?
dd91f260275b5093,Cutscene,Ryan_Conrad_SexScene_Loop,3,Conrad,jan Kolan: jan Kolan li pilin pona taso
bf095ea55cdeb898,Cutscene,Ryan_Conrad_SexScene_Loop,4,Conrad,jan Kolan: lon la.. mi wile toki e ni..
5001d1e4b306b6d9,Cutscene,Ryan_Conrad_SexScene_Loop,5,Conrad,jan Kolan: mi wile e ni: ni li pona
4c3de56e34727c37,Cutscene,Ryan_Conrad_SexScene_Loop,6,Ryan,jan Lajan: mi pilin e ni: ni li pona mute
06cb256bd506fa70,Cutscene,Ryan_Conrad_SexScene_Loop,7,Ryan,jan Lajan: ni li pona mute tawa mi
2e028541c13b150b,Cutscene,Ryan_Conrad_SexScene_Loop,8,Conrad,jan Kolan: sijelo sina li pona a
# --- Ryan_Conrad_SexScene_Cum | if $ryan_conrad_sexscene_loops ---
5142dd3610e4cc0c,Cutscene,Ryan_Conrad_SexScene_Cum,1,Conrad,jan Kolan: mi kama pana e telo unpa a!
357806c023d4c85e,Cutscene,Ryan_Conrad_SexScene_Cum,2,Kobold,ona tu li awen unpa
4e0f42eaaa70c70d,Cutscene,Ryan_Conrad_SexScene_Cum,3,Kobold,ona tu li pana e telo unpa
d8e952b1635e3fe5,Cutscene,Ryan_Conrad_SexScene_Cum,4,Ryan,jan Lajan: mi kin kama pini lon tenpo lili..
50504d8f1c0a5f1c,Cutscene,Ryan_Conrad_SexScene_Cum,7,Ryan,jan Lajan: a.. sijelo sina li lili. taso ijo ante ale sina li lili ala.
e7a686aecb078b9e,Cutscene,Ryan_Conrad_SexScene_Cum,8,Conrad,"jan Kolan: lon a, pakala!"
98087861fbfaa621,Cutscene,Ryan_Conrad_SexScene_Cum,9,Ryan,jan Lajan: ni li pona
be1dff750703beb9,Cutscene,Ryan_Conrad_SexScene_Cum,10,Conrad,jan Kolan: lon
# --- Ryan_SexScene ---
caa123c912750ed2,Cutscene,Ryan_SexScene,1,Ryan,sina sona ala sona e ni: ona li ken lon insa sina?
c8dda0f1b46383bc,Cutscene,Ryan_SexScene,2,Kobold,sijelo pi jan lili li ken ante mute. ona li ken lon insa.
849b442f9a88c950,Cutscene,Ryan_SexScene,3,Kobold,jip
88f476f3d6ebac8d,Cutscene,Ryan_SexScene,4,Ryan,pona. sina pilin ike la o toki tawa mi.
# --- Ryan_SexScene_Loop ---
48cf02e6d9e88966,Cutscene,Ryan_SexScene_Loop,1,Ryan,a.. wawa..
8caf602c6f60f544,Cutscene,Ryan_SexScene_Loop,2,Ryan,ni li unpa nanpa wan mi poka jan lili.
db7bd45c48fe49a2,Cutscene,Ryan_SexScene_Loop,3,Ryan,ni li pona mute..
# --- Ryan_SexScene_Cum | if $ryan_sexscene_loops ---
eff478354f7f1b18,Cutscene,Ryan_SexScene_Cum,1,Ryan,mi pilin e ni: mi kama pini lon tenpo lili..
ddfa0f7133303565,Cutscene,Ryan_SexScene_Cum,2,Kobold,o awen lon tenpo lili sin
f76c951c6c97d8cd,Cutscene,Ryan_SexScene_Cum,3,Kobold,o pana e ona tawa mi!
27cb363532fd0324,Cutscene,Ryan_SexScene_Cum,4,Ryan,pona. mi ken pali e ni
685d8bfcf6988796,Cutscene,Ryan_SexScene_Cum,5,Ryan,mi ken ala awen lon tenpo suli..
8fdcf9b73762886e,Cutscene,Ryan_SexScene_Cum,6,Kobold,mi awen wile e mute!
5128d4e4a722127f,Cutscene,Ryan_SexScene_Cum,7,Kobold,o pali e ni!
eb41a8966fdf7cfd,Cutscene,Ryan_SexScene_Cum,8,Ryan,ni la awen li kama ike mute a!
9c78a3c6942a7982,Cutscene,Ryan_SexScene_Cum,9,Ryan,pona. mi ken..
b9ed3621fb6dfbef,Cutscene,Ryan_SexScene_Cum,10,Ryan,ni li musi mute.
99955b75e0544165,Cutscene,Ryan_SexScene_Cum,11,Kobold,mi pilin sama
ee60aadc2fcea44d,Cutscene,Ryan_SexScene_Cum,12,Ryan,sina wile la sina ken awen lon ni.
9d29fc6dcfe7c05d,Cutscene,Ryan_SexScene_Cum,13,Ryan,mi esun e tenpo pimeja ni lon tomo ni.
3736ec41338c7ad0,Cutscene,Ryan_SexScene_Cum,14,Kobold,mi wile mute a.

# ===== Dragon reactions (started by game code) =====
# --- DragonAlmostClean ---
bae76fc276bb2030,Reaction,DragonAlmostClean,1,Dragon,"a, ni li pona. taso mi pilin e ni: jaki li awen lon mi."
ce6aaf93738f317e,Reaction,DragonAlmostClean,2,Dragon,sina ken ala ken lukin sin e ni: jaki li lon ala lon mi?
16584052fd337f09,Reaction,DragonAlmostClean,3,Kobold,pona
c54cbee211a25e14,Reaction,DragonAlmostClean,4,Kobold,lon
# --- DragonAnnoyedByBuzzing ---
d139edc8ffdc22b7,Reaction,DragonAnnoyedByBuzzing,1,Dragon,o pini e ni. mi tu li pini ala. lon anu seme?
631ef624f4506ea7,Reaction,DragonAnnoyedByBuzzing,2,Kobold,a a
# --- DragonColdBalls ---
e820f3ec0397737f,Reaction,DragonColdBalls,1,Dragon,a! ni li lete!
8408ed2f21e73811,Reaction,DragonColdBalls,2,Dragon,o! lete!
46f3ba9fc7d04fa7,Reaction,DragonColdBalls,3,Dragon,a a a! telo lete!
00221b8a2772003a,Reaction,DragonColdBalls,4,Dragon,a!
# --- DragonConfusedAboutDismissal ---
9b99cd22a6f3f85a,Reaction,DragonConfusedAboutDismissal,1,Dragon,"a, mi tu li pini anu seme?"
7022570f87a73481,Reaction,DragonConfusedAboutDismissal,2,Dragon,mi pilin e ni: jaki li awen lon ma lili pi sijelo mi...
27db29faa5e11bb6,Reaction,DragonConfusedAboutDismissal,3,Kobold,"a, mi pakala."
4fff64bb7aeed72f,Reaction,DragonConfusedAboutDismissal,4,Kobold,mi sona ala e pali pi nena ni.
b0869fc4ea46c5bd,Reaction,DragonConfusedAboutDismissal,5,Dragon,"o pilin ike ala,"
cb554196ac99a428,Reaction,DragonConfusedAboutDismissal,6,Dragon,"lon, ona li kalama mmmmm a a."
345b04bed8d1a7e0,Reaction,DragonConfusedAboutDismissal,7,Dragon,ni la sina pini ala. ni li pona. o awen pali!
# --- DragonSatisfiedAndLeaves ---
7a8942e2613fa23c,Reaction,DragonSatisfiedAndLeaves,1,Dragon,sina telo e mi. sina pona a!!
c92c35bb9f44dac4,Reaction,DragonSatisfiedAndLeaves,2,Dragon,tenpo kama la mi tu li ken musi poka anu seme?
8aff5108a050bcfa,Reaction,DragonSatisfiedAndLeaves,3,Kobold,lon!
2cb6318b9f4550a8,Reaction,DragonSatisfiedAndLeaves,4,Kobold,looon!
28454e931a2d3578,Reaction,DragonSatisfiedAndLeaves,5,Dragon,pona a! mi lukin e sina lon tenpo kama!

# ===== Unused nodes (not reachable in the current game) =====
# --- Alexander_1 ---
31c53bea307f49d0,Unused,Alexander_1,1,Alexander/Ryan,mi pana e pona tawa jan pi ante ijo. ona li wile kama jo e ijo lon supa sewi.
f00ea25690e17adf,Unused,Alexander_1,2,Alexander,mi kute e kalama suli. mi pilin e ni: jan Ikiwi li awen ala lon.
# --- Alexander_2 ---
07874aa669e5cb8c,Unused,Alexander_2,1,Alexander,jan li lukin e ni: mi pakala sin e lawa la nimi pona mi li pakala ale a!
cfe73695b2bdfe19,Unused,Alexander_2,2,Alexander,tomo sona o sona ala e ni. sina sona anu seme?
27b11f3f6bf12fe9,Unused,Alexander_2,3,Kobold,tomo sona seme?
2d3935f374b6474e,Unused,Alexander_2,5,Alexander,tomo sona Pansuwi pi wawa nasa. sina sona a!
7a5128354d6171d0,Unused,Alexander_2,6,Alexander,"tomo sona pi nimi suli nanpa wan. jan pi pana sona suli li lon ona, sama mi:"
b34663a53a6541a7,Unused,Alexander_2,9,Alexander,"pona. tomo sona Pansuwi pi wawa nasa o sona ala e ni: jan pi pana sona nanpa wan ona, jan Alekante, li pakala sin."
b39b95373bf40c36,Unused,Alexander_2,11,Alexander,"a, ike! o weka e toki ni tan lawa sina!"
# --- Alexander_3 ---
2501ad553fd20454,Unused,Alexander_3,1,Alexander,"mi o pana sin e lon tawa jan Ikiwi. a, mi pilin ike mute tan ni!"
7b282582fab597eb,Unused,Alexander_3,2,Alexander,jan pi telo pona li pakala e nimi mi lon tenpo mun mute.
# --- Alexander_Dirty ---
950b8260a6ca788f,Unused,Alexander_Dirty,1,Alexander,o lukin e mi! jan pi kama sona mi ale li kama musi tan mi.
97733f8db49fb168,Unused,Alexander_Dirty,2,Alexander,sina ken ala ken weka e jan Ikiwi tan monsi mi?
# --- Alexander_Idle1 ---
6a4162b247e5aae1,Unused,Alexander_Idle1,1,Alexander,jan Ikiwi li pakala sama ni. mi ken ala pilin e ni: ni li lon!
5e971607fa926b31,Unused,Alexander_Idle1,2,Alexander,tenpo ni la mi lon ni. a!
# --- Alexander_Idle2 ---
2a1b4481e851f727,Unused,Alexander_Idle2,1,Alexander,mi tawa lon nasin suli tan ni: mi wile e telo pi len. mi sona e ni: jan ala li tawa monsi mi.
26974d0189f0d75c,Unused,Alexander_Idle2,2,Alexander,mi pilin e ni: jan ala li kama sona...
# --- Alexander_Idle3 ---
db8cc14accf5dfe9,Unused,Alexander_Idle3,1,Alexander,"a, jaki li pana e pilin ike lili. sina pona."
# --- Alexander_Soapy ---
e17d9103818204a4,Unused,Alexander_Soapy,1,Alexander,ko telo ni li pona ala tawa jan pi pana sona. sina pilin sama anu seme?
03c418e790b340c3,Unused,Alexander_Soapy,2,Alexander,sina pini e telo la o toki tawa mi.
# --- Alexander_Intro ---
f82f410ee41cad07,Unused,Alexander_Intro,1,Alexander,o..!
fedb00f6c13cec68,Unused,Alexander_Intro,2,Kobold,n... toki?
4359ca4e5c8fc816,Unused,Alexander_Intro,3,Kobold,jan seme li lon?
9e2816aaa10403b6,Unused,Alexander_Intro,4,Alexander,o kalama ala! mi tan ma ni ala...
8275f13b67a6687b,Unused,Alexander_Intro,5,Alexander,tenpo ni la tomo sina li open ala open?
7409deaefe456a49,Unused,Alexander_Intro,7,Alexander,a! pakala li kama tawa mi. mi wile e pona... lon len.
afb82d57a9c1ba48,Unused,Alexander_Intro,8,Alexander,o open e lupa ni lon tenpo ni. ni la mi ken kama insa.
# --- Alexander_Outro ---
0c2f6e570964b0c1,Unused,Alexander_Outro,1,Alexander,"a, tan sina la mi ken pona e ijo ike ni."
639110e1c4cc2914,Unused,Alexander_Outro,2,Alexander,"o, sina sona ala sona e nimi pi tomo sona mi?"
e35f2c7dd32a4059,Unused,Alexander_Outro,3,Kobold,tomo sona Pansuwi pi wawa nasa
8e3a0c6c1c068e67,Unused,Alexander_Outro,4,Kobold,sina pali lon tomo sona anu seme?
7bf1556708efd0d8,Unused,Alexander_Outro,5,Kobold,ala
79acad09a68bf670,Unused,Alexander_Outro,6,Alexander,"ala! a, lon la lon. taso tan nimi pona mi la o toki ala e kama mi lon ni tawa jan ante."
3730dccb6a6582be,Unused,Alexander_Outro,7,Alexander,seme? mi jan pi pana sona! sina ken ala ken sona tan sitelen sewi mi?
56723edcd935d476,Unused,Alexander_Outro,8,Alexander,a!
e0723f4408ee3eda,Unused,Alexander_Outro,9,Alexander,mi sona e pali sina. sina pona.
7973db48113175b5,Unused,Alexander_Outro,10,Alexander,pona mute. sina toki ala e ni tawa jan ante. mi pilin pona tan ni. tenpo ni la mi tawa tomo pi telo pona.
677412526f14044a,Unused,Alexander_Outro,14,Alexander,pali sina li pona mute tawa mi..
# --- ConradBeatup_1 ---
72f9c6536242f235,Unused,ConradBeatup_1,2,Kobold,sina wile toki tawa jan la mi lon.
67410be84ad1b8ac,Unused,ConradBeatup_1,3,Kobold,mi pona e ni. o pilin ike ala.
5b207ccbfd5d5679,Unused,ConradBeatup_1,4,Conrad,"ala.. ala, ale li pona... sina pona."
b2139b5e4dc27f14,Unused,ConradBeatup_1,5,Conrad,... sina pona..
# --- ConradBeatup_2 ---
b841443b4a7e3b82,Unused,ConradBeatup_2,1,Conrad,"o, sina lon poka mi. sina pona..."
02febaeeb5306c30,Unused,ConradBeatup_2,2,Conrad,jan pona li lon poka la ni li pona.
# --- ConradBeatup_Idle1 ---
7ff77420c3518210,Unused,ConradBeatup_Idle1,1,Conrad,... mi pilin e ni: mi mute li jan pona. tenpo ale la mi mute li unpa a!
13a3bd02487dab16,Unused,ConradBeatup_Idle1,2,Conrad,mi sona ala..
# --- ConradBeatup_Idle2 ---
861f99e073cd06e2,Unused,ConradBeatup_Idle2,1,Conrad,mi pali sama jan wawa. taso mi akesi lili...
e375cf5dd6f03d34,Unused,ConradBeatup_Idle2,2,Conrad,ona li pali ike mute a.
# --- ConradBeatup_Intro ---
19aa373fb830a05c,Unused,ConradBeatup_Intro,2,Kobold,a a! sina pakala!
c7e055a695603f2b,Unused,ConradBeatup_Intro,3,Kobold,sina pona ala pona?
e4e0397bea6600f5,Unused,ConradBeatup_Intro,4,Conrad,"o, n, mi wile e telo taso."
e36f54f748a69d3e,Unused,ConradBeatup_Intro,5,Kobold,"...pona, o kama insa"
# --- ConradBeatup_OutroDirty ---
e17652524a905f18,Unused,ConradBeatup_OutroDirty,1,Conrad,... sina pini anu seme? jaki li awen lon mi..
# --- ConradBeatup_OutroSoapy ---
d0b060d51bc87feb,Unused,ConradBeatup_OutroSoapy,1,Conrad,... sina pini anu seme? ko telo li awen lon mi..
# --- Conrad_1 ---
5a208b2886d87937,Unused,Conrad_1,1,Conrad,"sina pali kin e ""pini pona"" lon ni anu seme?"
d61259269b75dec9,Unused,Conrad_1,2,Kobold,ni li seme?
1ea442a134b2a184,Unused,Conrad_1,4,Kobold,ala
335bcdceb30ec6b8,Unused,Conrad_1,5,Conrad,"lon, ala. jan pona o, sina o pali e ni a! mi pana e mani mute!"
2f7cc8c297b8d283,Unused,Conrad_1,6,Conrad,pona a! mi wile lukin e pali sina!
9d1528cc1118e4dd,Unused,Conrad_1,7,Conrad,seme? tomo pona ale li pali e ni!
# --- Conrad_2 ---
d892eb1f696177b4,Unused,Conrad_2,1,Conrad,tomo ni li wile e ante. mi sona e ijo pi wile ona!
0eaacb4d2b730370,Unused,Conrad_2,2,Conrad,mi sona e jan. lon tenpo suno kama la ona li ken pana e ijo pona. ijo ni li pona e tomo.
# --- Conrad_5_Mount_Finish ---
28a96495be7701ea,Unused,Conrad_5_Mount_Finish,1,Conrad,pakala... tenpo ale la ni li pona.
# --- Conrad_5_Mount_Start ---
cda9c08deb782b6e,Unused,Conrad_5_Mount_Start,1,Conrad,"<i>oooo. </i>supa unpa anu seme? lon a, jan!"
# --- Conrad_Idle1 ---
06b2c581e253753a,Unused,Conrad_Idle1,1,Conrad,jan mute li toki e ni: palisa unpa mi li suli. ni li lon anu seme?
ba07cdd711c7d570,Unused,Conrad_Idle1,2,Kobold,a a
f2ea9d36d2c4032f,Unused,Conrad_Idle1,3,Kobold,mi lukin e ijo pi suli mute
25cdc596cd23bedb,Unused,Conrad_Idle1,4,Conrad,sina o pilin e ona. o sona e ni tawa mi
c3565cd77a3dcba9,Unused,Conrad_Idle1,5,Conrad,"taso ona li lon ala sijelo lili sama ni, lon anu seme??"
# --- Conrad_Intro ---
bc1e29287f60b297,Unused,Conrad_Intro,1,Conrad,"toki, jan pona!"
f7a29676d9621163,Unused,Conrad_Intro,2,Conrad,jan Kolan li wile e telo. tenpo li lon tawa ona anu seme?
8339b88ae51a85f6,Unused,Conrad_Intro,3,Kobold,lon. o kama tawa ni.
255d982b3d4c772e,Unused,Conrad_Intro,5,Conrad,pona a!
# --- Mount_Alexander_2_6 ---
dcc524605bec9fd8,Unused,Mount_Alexander_2_6,1,Alexander,ni li seme..
d010c18e5ff478ed,Unused,Mount_Alexander_2_6,2,Alexander,"a, ala a.."
f025190cb1adde9c,Unused,Mount_Alexander_2_6,3,Alexander,mi wile ala ike tawa sina. taso mi o wile ala e ni
eec9d16c87323040,Unused,Mount_Alexander_2_6,4,Alexander,jan mute li pali e ni anu seme?
929e50391bfd0646,Unused,Mount_Alexander_2_6,5,Kobold,"a, lon"
b6547fc9d980c16e,Unused,Mount_Alexander_2_6,6,Kobold,ala. lon la mi kama jo e ona lon tenpo poka
40df3c9d9e1d5126,Unused,Mount_Alexander_2_6,7,Alexander,mi sona..
d3acad6a7014a598,Unused,Mount_Alexander_2_6,8,Alexander,mi pilin e ni: ni li ike nasa
ab5a3375052f41eb,Unused,Mount_Alexander_2_6,9,Alexander,taso mi ken ala toki e ni: mi wile ala sona
c5ba4f5f1cdff517,Unused,Mount_Alexander_2_6,10,Alexander,taso. tenpo ni la ala
# --- RyanDate_1 ---
14ecee0afc63c845,Unused,RyanDate_1,1,Ryan,tenpo musi olin ni li pona mute tawa mi a!
90ba900c65607127,Unused,RyanDate_1,2,Ryan,"mi kama jo e kili telo suli, e pan, e kili lili, e ijo ante."
# --- RyanDate_2 ---
690cf2b49eb95f79,Unused,RyanDate_2,1,Ryan,ijo li lon lawa sina anu seme?
1648a912c46f7fec,Unused,RyanDate_2,2,Kobold,ijo li kama lon tenpo pimeja pini
b3979a44b5b9376a,Unused,RyanDate_2,3,Ryan,"a, ike! sina wile ala wile toki e ona?"
02c33e4e3c09bc79,Unused,RyanDate_2,4,Kobold,ijo ike li kama tawa jan Kolan. mi wile e ni: ona li pona.
7680ca7ff15f1566,Unused,RyanDate_2,5,Ryan,mi wile kin e ni: ona li pona.
# --- RyanDate_3 ---
7ba9e65f61ca2369,Unused,RyanDate_3,1,Ryan,ni li moku pona a!
ff74b82dcb8a11d3,Unused,RyanDate_3,2,Kobold,"a, lukin pi moku sina li nasa mute."
5b14f19a86849ff5,Unused,RyanDate_3,3,Ryan,nasa seme?
42af2c2067728998,Unused,RyanDate_3,4,Ryan,"a, mi moku e ijo ale lon tenpo wan anu seme?"
37f99dd7cbcf5b6f,Unused,RyanDate_3,5,Ryan,ni li ante! nasin pi akesi suli.
# --- RyanDate_Idle1 ---
bcda1f48383d915f,Unused,RyanDate_Idle1,1,Ryan,"a a, mi wile alasa sin e olin."
# --- RyanDate_Intro ---
d5be54b666b3d38f,Unused,RyanDate_Intro,2,Ryan,"mi pilin e toki sina,"
ffcaf369ac8b1a74,Unused,RyanDate_Intro,3,Ryan,"sina sona, toki pi alasa sin e olin..."
89f52a0dc3d757c1,Unused,RyanDate_Intro,4,Kobold,lon
ecab929d37109ab0,Unused,RyanDate_Intro,5,Ryan,mi sona e ni: pali sina li mute. ni la mi pana e tenpo musi olin tawa sina!
92d9da0b0b22fd7a,Unused,RyanDate_Intro,6,Kobold,pona a! o kama insa..
# --- RyanDate_Outro ---
638d7c049f321a6d,Unused,RyanDate_Outro,4,Ryan,ni li pona mute! tenpo ni la alasa olin li pona mute tawa pilin mi.
# --- RyanExploded_Intro ---
8e87e6b28fb697c4,Unused,RyanExploded_Intro,1,Ryan,toki sin..
53ca70e25fc42870,Unused,RyanExploded_Intro,3,Kobold,sina sin anu seme?
b99d68084de082b6,Unused,RyanExploded_Intro,5,Ryan,a.. lon.. mi pakala..
81f2cb133d548396,Unused,RyanExploded_Intro,6,Ryan,"ni la, lon, pakala li kama tawa mi.."
d3e25fe68c13c02d,Unused,RyanExploded_Intro,8,Ryan,mi kute e kalama suli
ce386faf68f3df7e,Unused,RyanExploded_Intro,9,Ryan,mi sona ala e ma pi tawa ona. taso mi pilin jaki sin.
60c1424a59a1c912,Unused,RyanExploded_Intro,10,Ryan,sina ken ala ken telo sin e mi?
917613bbf36e4b93,Unused,RyanExploded_Intro,11,Kobold,lon a! o kama tawa ni!
# --- RyanExploded_OutroDirty ---
f2bdff14318fd81c,Unused,RyanExploded_OutroDirty,1,Ryan,mi pilin e ni: jaki pi seli pakala li awen lon mi...
6a1900ba2212696d,Unused,RyanExploded_OutroDirty,2,Ryan,sina ken ala ken telo e mi kin?
85a39ab345d672ff,Unused,RyanExploded_OutroDirty,3,Kobold,lon
1562d2eeb95b795a,Unused,RyanExploded_OutroDirty,4,Kobold,mi pakala
3bcf70f39eca74f1,Unused,RyanExploded_OutroDirty,5,Ryan,"ike ala, sina pona!"
# --- RyanExploded_OutroSoapy ---
9df62882448c291b,Unused,RyanExploded_OutroSoapy,1,Ryan,"n, ko telo mute li awen lon mi!"
29d1991e26b1773d,Unused,RyanExploded_OutroSoapy,2,Ryan,sina ken ala ken weka e ona kepeken telo?
# --- RyanExploded_Outro ---
a45ce5a6357ad76f,Unused,RyanExploded_Outro,4,Ryan,"a, mi pilin ike tan ni: mi ken pakala sin e ijo."
ca1dd92cfbe2dcd5,Unused,RyanExploded_Outro,5,Ryan,tenpo ni la ona li kama sona ala lon tenpo ale!
# --- RyanMuddy_Dirty ---
58246ed8cfcdfa19,Unused,RyanMuddy_Dirty,1,Ryan,"lon, ko ma li lon sijelo mi ale. tawa musi lon ma kasi pi jan ale li pona tawa mi."
f27e94e23a2cc6eb,Unused,RyanMuddy_Dirty,2,Ryan,ko ma mute li awen lon mi. sina pana e ko telo tawa mi la ni li pona mute.
# --- RyanMuddy_Idle1 ---
c24aaf031df991a1,Unused,RyanMuddy_Idle1,1,Ryan,n.. sina wile e ni: mi tawa la o toki tawa mi.
8bb630e0c8dc64ac,Unused,RyanMuddy_Idle1,2,Ryan,o pilin e mi kepeken luka sina. mi alasa pana e pona.
# --- RyanMuddy_Idle2 ---
bcee068ce8220b8e,Unused,RyanMuddy_Idle2,1,Ryan,sina telo e mi. sina pona!
2c4f3b41240d00cd,Unused,RyanMuddy_Idle2,2,Ryan,tenpo suli la mi wile e ni.
# --- RyanMuddy_Idle3 ---
e304ea7f521df3f2,Unused,RyanMuddy_Idle3,1,Ryan,sina pini la o luka e nena.
ac51ca95656fffdd,Unused,RyanMuddy_Idle3,2,Ryan,nena lon sinpin tomo.
# --- RyanMuddy_Idle4 ---
8fd85e09be693fbf,Unused,RyanMuddy_Idle4,1,Ryan,"jan Maka li toki e ni: mi akesi suli pi pakala mute,"
d2261edb51b885d9,Unused,RyanMuddy_Idle4,2,Ryan,mi wile e ni: sina pana e pona tawa mi. ni la mi ken pana e sona: toki ona li lon ala!
# --- RyanMuddy_Idle5 ---
9df1eb0e35a5d36a,Unused,RyanMuddy_Idle5,1,Ryan,"ko telo, ni la telo!"
5e7b1eae20d0fb72,Unused,RyanMuddy_Idle5,2,Ryan,mi kute e ni tan jan ante.
# --- RyanMuddy_Soapy ---
73d08af95ae8835e,Unused,RyanMuddy_Soapy,1,Ryan,sike telo li pona mute tawa mi. ona li pana e pilin musi!
83af94fb3d626970,Unused,RyanMuddy_Soapy,2,Ryan,taso mi wile lukin e ni: ona li tawa anpa lon lupa telo.
6bc811f815ef9e24,Unused,RyanMuddy_Soapy,3,Ryan,o kepeken ilo telo lon sinpin tomo. o telo e mi.
# --- RyanMuddy_Idle7 ---
255bd9c513473506,Unused,RyanMuddy_Idle7,1,Ryan,"a, sina pona. ni li pilin pona."
77ff00f75a7c2083,Unused,RyanMuddy_Idle7,2,Ryan,ko ma li musi mute. taso ona li kama kiwen la ona li musi ala.
620caab5d90b8d3f,Unused,RyanMuddy_Idle7,3,Ryan,ona li weka la mi pilin pona.
# --- RyanMuddy_Idle8 ---
afa88441bc4fc8d9,Unused,RyanMuddy_Idle8,1,Ryan,jan seme li sona e ni: akesi suli li ken jaki mute sama ni?
2ea6d5d46861d1bf,Unused,RyanMuddy_Idle8,2,Ryan,mi tawa musi lon ma kasi
c65b5342f0285c16,Unused,RyanMuddy_Idle8,3,Ryan,jan Maka li toki wawa tawa mi. ni la mi kama sona e jaki mute mi. a a.
# --- RyanMuddy_Intro ---
299e9d1e919c3a49,Unused,RyanMuddy_Intro,4,Ryan,mi kute e ni: jan lili li lon anpa ni. ona li ken telo e mi anu seme?
05d9cdcce06b0c12,Unused,RyanMuddy_Intro,6,Kobold,mi jan lili pi nanpa wan a. jip!
d12499a3f17512de,Unused,RyanMuddy_Intro,7,Kobold,lon. o kama pona tawa tomo Telo Akula!
213c112ac748eb9e,Unused,RyanMuddy_Intro,9,Ryan,"pona, ni la, n,"
44beadf6316d890e,Unused,RyanMuddy_Intro,12,Ryan,"a, mi lukin e nena. mi sona!"
af8d3a1f26de30ef,Unused,RyanMuddy_Intro,13,Ryan,sina pona. mi awen!
# --- RyanMuddy_Nag1 ---
3605a9273b22288b,Unused,RyanMuddy_Nag1,1,Ryan,"o, sina ken ala ken kama lon sinpin mi? ni la mi ken lukin e sina."
720febc2a9d251aa,Unused,RyanMuddy_Nag1,2,Ryan,mi wile toki e ijo!
# --- RyanMuddy_Nag2 ---
6852c864bbd2afef,Unused,RyanMuddy_Nag2,1,Ryan,mi wile toki lon sinpin sina!
0918205f97d74d78,Unused,RyanMuddy_Nag2,2,Ryan,sina ken kama lon sinpin la mi ken toki.
# --- RyanMuddy_Nag3 ---
c8f453084718c8cc,Unused,RyanMuddy_Nag3,1,Ryan,jan li toki e ni tawa mi: toki lon sinpin pi jan lili li pona.
# --- RyanMuddy_NaughtyTouch ---
4d13604e28159e56,Unused,RyanMuddy_NaughtyTouch,1,Ryan,o lukin e nasin pi luka sina a?
# --- RyanMuddy_Outro ---
a46a0805bb6a5eda,Unused,RyanMuddy_Outro,1,Ryan,sina telo e mi lon tenpo lili. sina pona!
168c7d0bb7743dec,Unused,RyanMuddy_Outro,2,Ryan,"o, jan olin sina li jaki e tomo la sina pilin ike anu seme?"
3ae7f278ef092258,Unused,RyanMuddy_Outro,4,Kobold,ken
0dfd80e1f981faca,Unused,RyanMuddy_Outro,6,Ryan,"a! lon, ni li pona tawa sona..."
8f207ab27746c010,Unused,RyanMuddy_Outro,7,Ryan,mi pilin e ni: ni li ante tan ijo ante.
86b57f75d4c04b75,Unused,RyanMuddy_Outro,8,Ryan,mi sona e ni: sina lon poka mi
# --- RyanMuddy_SmallTalk ---
0bf9a145c66c512b,Unused,RyanMuddy_SmallTalk,3,Kobold,lon la ni li tenpo nanpa wan mi!
4eb8bdb270c030ae,Unused,RyanMuddy_SmallTalk,5,Ryan,"a, ni la ni li sin tawa mi tu!"
ff152503516900ee,Unused,RyanMuddy_SmallTalk,6,Ryan,ni li sin tawa mi kin...
13d1c29ec8784cae,Unused,RyanMuddy_SmallTalk,7,Ryan,ona li pona mute. mi pilin nasa tan ni.
# --- Ryan_3_wont_use_mount ---
9221ab210b374d30,Unused,Ryan_3_wont_use_mount,1,Ryan,a- tenpo ni la mi wile ala kepeken e ona.
f3f18c2eea794920,Unused,Ryan_3_wont_use_mount,2,Ryan,tenpo kama la ken...?

# ===== UI and other text (not part of the dialogue script) =====
bc1b88907d3b748a,UI,,,UI,kalama
b3f848c2a09aa9ed,UI,,,UI,suli pi kalama musi
de7b57b57b05d020,UI,,,UI,kalama ijo
59a4a3f7f7caa060,UI,,,UI,suli pi kalama ma
31bcb8940fffb7d1,UI,,,UI,musi
a874fca87cdd5e4e,UI,,,UI,sitelen
d0db8b5e364b6989,UI,,,UI,ken ante
28f9044138a54b95,UI,,,UI,musi sin
2a6b24ad28722034,UI,,,UI,jan pali
b3eb37acb66ba4bb,UI,,,UI,pini
76900f1bfd16c8d4,UI,,,UI,tawa monsi
6a3041fb3ecba173,UI,,,UI,suli lukin
d4055fafa3794fa8,UI,,,UI,suli sitelen
41ca171b0cbae01e,UI,,,UI,suno sitelen
42e7fdbd13ba2a01,UI,,,UI,mute sitelen
052810dae19607f5,UI,,,UI,VSync
b63e857488f49396,UI,,,UI,nasin lupa
c461dbb2bab7d8bc,UI,,,UI,sitelen ale
4571896d8a4d4162,UI,,,UI,wawa pi ilo luka
43ff6e9485bf371e,UI,,,UI,nasin anpa
3d03a1dea561d0db,UI,,,UI,ante
91d6e30620d99810,UI,,,UI,luka/awen
8e685d5409b3a543,UI,,,UI,awen
6c359dddb1d4c36e,UI,,,UI,sitelen nena
fd9baf7f335aa154,UI,,,UI,lukin sewi anpa li ante
4d654c19179796ef,UI,,,UI,ilo telo: tawa lili
2316810a5de343dd,UI,,,UI,ilo sitelen
0286249762f7c943,UI,,,UI,ilo lawa
c77c3af22c6429b2,UI,,,UI,linja pona
130011756125313c,UI,,,UI,open
ca7981b46ecf2c17,UI,,,UI,pini
4883b7dfffb02e36,UI,,,UI,taso
da43a1983d819a4d,UI,,,UI,lupa suli
3f26603a2748fed3,UI,,,UI,lupa
d640c7421da06661,UI,,,UI,awen musi
b6dcb96448c66497,UI,,,UI,o awen...
f942d1e183d020b6,UI,,,UI,o weka e musi awen
fae07a8540ff237b,UI,,,UI,sina wile ala wile weka e awen musi?
ffb3c5f2edc34373,UI,,,UI,lipu awen
3e49dd16f3893026,UI,,,UI,jaki ala
4b36f28b2cf37677,UI,,,UI,ko telo
e4e9ab13fc711176,UI,,,UI,jaki
c9c8bf1eae99e1dc,UI,,,UI,wile toki
b98b0ff714ab5417,UI,,,UI,wile e len pona
dde8c08738fe9e59,UI,,,UI,wile e pali luka
a462b8c590652563,UI,,,UI,o sitelen...
bb23ec0586e24df5,UI,,,UI,kili telo suli a!
fa6bb50727553976,UI,,,UI,pona.
77b845d22632a9ef,UI,,,UI,mi lukin sin e sina. ni li pona tawa mi.
ed172a475c84204f,UI,,,UI,mi jan pi pana sona!
43cc9e298a30c3af,UI,,,UI,jan pi noka tu li moku lon tenpo suli li pilin e pona moku.
b735b39b4eea8b70,UI,,,Ryan,lon tenpo pini la mi pali ala e ni lon ma pi tomo ala
c913913d57c38493,UI,,,Conrad,o pilin ike ala!
d0ee8dcf7035040c,UI,,,Conrad,tenpo ale la mi pali e ni
b00675617fbac31a,UI,,,Ryan,lon. ni li pana e pilin wawa
816c197dfe2ac7e7,UI,,,Conrad,mi kama pana e telo unpa a!
fb490e9880f63f05,UI,,,Ryan,mi kin kama pini lon tenpo lili..
cb9cc6fadcf02cd5,UI,,,Ryan,a.. sijelo sina li lili. taso ijo ante ale sina li lili ala.
b77039c811832311,UI,,,Ryan,ni li pona
cbc2935aebe3ca1f,UI,,,Conrad,lon
1b01a1658c9a5adf,UI,,,Conrad,sina pilin pona anu seme?
0d8490d07a321596,UI,,,Ryan,lon a. sina pilin ike tan mi anu seme?
3d42325316477a3a,UI,,,Conrad,jan Kolan li pilin pona taso
2fafbe5f3e7ff469,UI,,,Conrad,lon la.. mi wile toki e ni..
df9b23df54ab5518,UI,,,Conrad,mi wile e ni: ni li pona
b0bfa8fe9e70154c,UI,,,Ryan,mi pilin e ni: ni li pona mute
46fa21135fd9811b,UI,,,Ryan,ni li pona mute tawa mi
b439ffe3e5553ddc,UI,,,Conrad,sijelo sina li pona a
b92f91849d855b40,UI,,,UI,jan Kolan
2d1e830624b2572a,UI,,,UI,jan Lajan
e3becbaee46cc0df,UI,,,UI,toki (Mod)
