key,section,node,order,speaker,translation

# ===== Level 1: Ryan (Sunny) | sets level_1 | ends level_1_complete =====
# --- intro: Ryan_1_intro ---
0da72197e898ebe1,L01 Ryan,Ryan_1_intro,1,Ryan,もしもし？
334d016f755cd6dc,L01 Ryan,Ryan_1_intro,2,Kobold,こんにちは！
dfba3eb46cb5fc14,L01 Ryan,Ryan_1_intro,3,Ryan,あ、どうも！ えっと……
30985c07d735bdc3,L01 Ryan,Ryan_1_intro,4,Ryan,この辺に、洗ってくれるコボルドがいるって聞いたんだけど？
08c8207cff7cb565,L01 Ryan,Ryan_1_intro,5,Ryan,ここで合ってる？
32cfb777c0a1ca30,L01 Ryan,Ryan_1_intro,6,Kobold,ええ！ 私が<i>その</i>コボルドですよ！
eec1e26d3338868e,L01 Ryan,Ryan_1_intro,7,Kobold,はい、Drag'n washへようこそ！
b8e3a13e8da1caf6,L01 Ryan,Ryan_1_intro,8,Ryan,はは、確かにそうみたいだね！
84f325bca745e504,L01 Ryan,Ryan_1_intro,9,Ryan/Alexander,素晴らしい！
line:6046bedf,L01 Ryan,Ryan_1_intro,9,Ryan,よかった！
900e8c593033c189,L01 Ryan,Ryan_1_intro,10,Ryan,僕はライアン。それで……
092808653667e9ff,L01 Ryan,Ryan_1_intro,11,Ryan,どうやって入ればいいの？
0f3f0b7e817061e6,L01 Ryan,Ryan_1_intro,12,Kobold,ちょっと待ってくださいね、ゲートを開けますから。
b8a4a2d6c54c16d8,L01 Ryan,Ryan_1_intro,13,Kobold,イップ！
273533e355fd12cf,L01 Ryan,Ryan_1_intro,14,Ryan,えっ……？
3faa3f1d46e0e544,L01 Ryan,Ryan_1_intro,15,Kobold,あっ——じゃなくて。ゲートを開けてきますね！
ce6db45f1866ad91,L01 Ryan,Ryan_1_intro,16,Ryan,ああ、あそこにボタンがあるんだね、了解！
425d9584e840b683,L01 Ryan,Ryan_1_intro,17,Ryan,うん、待ってるね。ありがとう。
# --- phone: Ryan_1_PhoneTutorial ---
9bb3073cec0eb0c7,L01 Ryan,Ryan_1_PhoneTutorial,1,Phone,もしもし、<i>「Drag'n wash フランチャイズ223号店」</i>……最初のお客様とはもうお話しされましたか？
276bc2be4d36787f,L01 Ryan,Ryan_1_PhoneTutorial,2,Kobold,今ちょうど！
d3c6dd1cf6eefa2a,L01 Ryan,Ryan_1_PhoneTutorial,3,Kobold,はい、しました。
38526f3244d3b009,L01 Ryan,Ryan_1_PhoneTutorial,4,Phone,ああ、結構です。
ab5df625bc76dbd4,L01 Ryan,Ryan_1_PhoneTutorial,5,Phone/Ryan/Alexander/Conrad/Kobold,……
4d4a3684433b7f10,L01 Ryan,Ryan_1_PhoneTutorial,6,Phone,では——実りある一日を。
07c91bff06f38512,L01 Ryan,Ryan_1_PhoneTutorial,7,Phone,もしもし、<i>「Drag'n wash フランチャイズ223号店」</i>……操作の仕方はもうお分かりになりましたか？
3d08b37cdf5c2183,L01 Ryan,Ryan_1_PhoneTutorial,8,Kobold,いいえ。
01888febaebd67cd,L01 Ryan,Ryan_1_PhoneTutorial,9,Kobold,わかったと思います！
085283be600618d2,L01 Ryan,Ryan_1_PhoneTutorial,10,Phone,ああ……
4ad86617a918d8ec,L01 Ryan,Ryan_1_PhoneTutorial,11,Phone,では、窓口へ行ってお客様とお話しください。
af789b5c60f24630,L01 Ryan,Ryan_1_PhoneTutorial,12,Phone,その後は、当然ながらお客様を中へお通しください。
bb645759b5bd99d4,L01 Ryan,Ryan_1_PhoneTutorial,13,Phone,結構です。では、必ず窓口でお客様をお迎えください。
474ab3afa218a5df,L01 Ryan,Ryan_1_PhoneTutorial,14,Kobold,わかりました！
7d869361bdb13d98,L01 Ryan,Ryan_1_PhoneTutorial,15,Phone,実りある一日を。
# --- progress: Ryan_1_required ---
098ac93ca7999f8c,L01 Ryan,Ryan_1_required,1,Ryan,君って、認定ドラゴン洗い師なんだね？
7b999e621945fe90,L01 Ryan,Ryan_1_required,2,Kobold,はい！
1cb7709c2b6cdc0b,L01 Ryan,Ryan_1_required,3,Kobold,洗い屋を始めてまだ数週間なんです！
9b9024cada67653e,L01 Ryan,Ryan_1_required,4,Ryan,へえ、いいね！
fbd8fe3b49aed7c5,L01 Ryan,Ryan_1_required,5,Ryan,普段は家でホースで済ませてるんだ……
3f742efbf9edb2ee,L01 Ryan,Ryan_1_required,6,Ryan,じゃあ、お互い初めてなんだね！
e6c276d67e994ed5,L01 Ryan,Ryan_1_required,7,Ryan,正直、こんなに気持ちいいなんてびっくりだよ。
e99ba1a86146f1aa,L01 Ryan,Ryan_1_required,8,Ryan,外の色々から離れられて、いい息抜きになるんだ。
# --- nag: Ryan_1_nag ---
c2aa03c999eb7731,L01 Ryan,Ryan_1_nag,1,Ryan,ねえ、話したいことがあるんだ！
5b798fca0ab51d6c,L01 Ryan,Ryan_1_nag,2,Ryan,見えるところまで来てくれるかな。
# --- jerkoff: ryan_jerk_off_no ---
2e75bb6a3610c11b,L01 Ryan,ryan_jerk_off_no,1,Ryan,ねえ——「手を使う」のは、また今度でいいかな？
# --- mount_start: ryan_mount_no ---
91c3bf04fb99ce8b,L01 Ryan,ryan_mount_no,1,Ryan,うーん、マウントはやめておこうかな。
# --- outro: Ryan_1_Outro ---
0d26aa953ca02c41,L01 Ryan,Ryan_1_Outro,1,Ryan,もうすっかり綺麗になったと思う！
699cdec6a62f5ff3,L01 Ryan,Ryan_1_Outro,2,Ryan,ホースよりずっと気持ちよかったよ。
c3bbf19f280c6dde,L01 Ryan,Ryan_1_Outro,3,Kobold,どういたしまして。
66984a1e53d3e869,L01 Ryan,Ryan_1_Outro,4,Kobold,ええ！ いつでも来てくださいね。
d629b0ed3f97727c,L01 Ryan,Ryan_1_Outro,6,Ryan,この店のこと、みんなに教えておくね
e12cf68db48908a3,L01 Ryan,Ryan_1_Outro,7,Ryan,この店、絶対覚えておくよ。
29a9062b9b45c6ef,L01 Ryan,Ryan_1_Outro,8,Ryan,はは。君にも「イップ」！
0712e97652e51758,L01 Ryan,Ryan_1_Outro,9,Ryan,楽しかったよ、じゃあまたね！
17f93a33eafe382c,L01 Ryan,Ryan_1_Outro,10,Ryan,出られるように、ゲートを開けてもらえる？
1aa7b1c1d5fb1fd6,L01 Ryan,Ryan_1_Outro,12,Ryan/Conrad/Kobold/Dragon,ありがとう！

# ===== Level 2: Conrad (Sunny) =====
# --- intro: Conrad_Intro_1 ---
d391aece578e396f,L02 Conrad,Conrad_Intro_1,1,Conrad,"<gradient=""yellow - orange""><size=140%>よお！ </gradient><size=100%>ここが洗い屋だろ、な？"
e2b71fbe0e3a8220,L02 Conrad,Conrad_Intro_1,2,Conrad,ピカピカにしてほしいんだ。そのためにお前がいるんだろ。<size=70%> はっ。
198e07bd20a7e40b,L02 Conrad,Conrad_Intro_1,3,Kobold,ええ、こちらへどうぞ。
d474060b980dd4bb,L02 Conrad,Conrad_Intro_1,4,Kobold,空きを作れますよ。
6c70580a9b88273d,L02 Conrad,Conrad_Intro_1,5,Conrad,いいね。けどゲートを開けてくれねえとな。コンラッド様を入れろ！
# --- progress: Conrad_required_1 ---
87e002767e44df8e,L02 Conrad,Conrad_required_1,1,Conrad,でぇ<size=90%>ぇ<size=80%>ぇ<size=70%>ぇ<size=60%>ぇ……<size=100%>気になってたんだけどよ
2d6d31d664759240,L02 Conrad,Conrad_required_1,2,Conrad,ここって<i>特別な仕上げ</i>もやってんだろ、な？
906e9b3e20a54dc2,L02 Conrad,Conrad_required_1,3,Kobold,うちの仕上げは全部特別ですよ！
c41cb150dfd261d8,L02 Conrad,Conrad_required_1,4,Kobold,それって……えっちなこと、ですか？
0c503978e6cd3a78,L02 Conrad,Conrad_required_1,5,Conrad,えー……そういうんじゃ——
c9ce0c4dd28236fa,L02 Conrad,Conrad_required_1,6,Conrad,ここじゃ、でかいドラゴンを、<size=60%>俺みたいなのを、<size=100%>イかせてくれんのか？
daac14e0bc00f0ad,L02 Conrad,Conrad_required_1,7,Kobold,わ——え——<size=80%>うわ。<size=60%>うちはそういう——
824dda92c5ffbad9,L02 Conrad,Conrad_required_1,8,Kobold,いえ、やってません。
33cb9fb42cd6a080,L02 Conrad,Conrad_required_1,9,Conrad,なにっ！？ ひでえな！ マウントすらねえのか……？
96b0e7561e23fcbb,L02 Conrad,Conrad_required_1,10,Kobold,えっと……<size=60%>ないです？
175ccc13192756d4,L02 Conrad,Conrad_required_1,11,Conrad,じゃあ、用意しといた方がいいぜ！
fcc67c51c62fb4e9,L02 Conrad,Conrad_required_1,12,Conrad,まあ、手は使えるもんな。へっ。
a29919179016a4e8,L02 Conrad,Conrad_required_1,13,Conrad,そうか？ マウントが見当たらねえけどな。
6ec80eb8deb5afd8,L02 Conrad,Conrad_required_1,14,Kobold,ああ……ええ、うちにはないんです。
22706d3faee3b165,L02 Conrad,Conrad_required_1,15,Kobold,いえ、うちではそういうサービスはやってません。
4a8d1297fbe8f246,L02 Conrad,Conrad_required_1,16,Conrad,そりゃ残念だな。変えた方がいいぜ。
# --- jerkoff: Conrad_1_JerkOff_Start ---
6d4db2b6b39822b2,L02 Conrad,Conrad_1_JerkOff_Start,1,Conrad,おお、たまんねえ。
8fc6411ffc04a8f3,L02 Conrad,Conrad_1_JerkOff_Start,2,Conrad,続けろ。
# --- cum: Conrad_1_Cum ---
e51f82fb1e4773ad,L02 Conrad,Conrad_1_Cum,1,Conrad,<size=140%> 最っ高だぜ！
6d721d6e2ad2ae1c,L02 Conrad,Conrad_1_Cum,2,Conrad,<size=100%> くそ気持ちよかった！
# --- mount_start: conrad_mount_no ---
b902443f60bdba87,L02 Conrad,conrad_mount_no,1,Conrad,うわ。えっと。
ccdcfc48472b3533,L02 Conrad,conrad_mount_no,2,Conrad,普段ならマウントには即オーケーなんだけどよ。今はやめとく。
# --- outro: Conrad_Outro_1 ---
2edaf16ee5b742a8,L02 Conrad,Conrad_Outro_1,1,Conrad,洗いは悪くなかった。
882508b81f97e7cf,L02 Conrad,Conrad_Outro_1,2,Conrad,けど今まで行った洗い屋は、どこもマウントくらいはあったぜ
51335374627e92a3,L02 Conrad,Conrad_Outro_1,3,Kobold,すみません……
598e348ffe7cc978,L02 Conrad,Conrad_Outro_1,4,Kobold,注文しておきます、約束します！
3eba607f0573bf98,L02 Conrad,Conrad_Outro_1,5,Conrad,謝るな！ マウントを用意しろ！
4e52b9a8b0ae1335,L02 Conrad,Conrad_Outro_1,6,Conrad,まともな洗い屋なら、ドラゴンの喜ばせ方くらい知ってるもんだ。
25d0b6008550c533,L02 Conrad,Conrad_Outro_1,7,Kobold,わかりました。マウントを注文します。
2e92d12d86bf03a5,L02 Conrad,Conrad_Outro_1,8,Conrad,よし。じゃあ、出してくれ。
426726c5d08284a8,L02 Conrad,Conrad_Outro_1,9,Conrad,よし、ちゃんとやれよ。次に来てなかったら……
28c3830dac3b9c5b,L02 Conrad,Conrad_Outro_1,10,Kobold,それは脅しですか……？
fac432bdcfb4b753,L02 Conrad,Conrad_Outro_1,11,Conrad,いや、違えよ、ただすっげえガッカリするだけだ。
ee7433c3dd161b65,L02 Conrad,Conrad_Outro_1,12,Conrad,とにかく——出してくれ。

# ===== Level 3: Alexander (Sunny) =====
# --- intro: Alexander_1_intro ---
dbca31128a900488,L03 Alexander,Alexander_1_intro,1,Alexander,こんばんは。当店は予約なしでも受け付けておられる、そうでございますね？
a6208f4370193b60,L03 Alexander,Alexander_1_intro,2,Kobold,はい！ もしかして……大学の方ですか……？
fdf9d60aca05c19e,L03 Alexander,Alexander_1_intro,4,Alexander,いかにも。私の紋章をご存じでございましょう！ 錬金術を教えております。
12456a9c2599222e,L03 Alexander,Alexander_1_intro,5,Alexander,……その講義が、間もなく始まるのでございます。
cccd2e909950ad59,L03 Alexander,Alexander_1_intro,6,Alexander,結構でございます。
f5b90500599eaa0a,L03 Alexander,Alexander_1_intro,7,Alexander,手早くお願いいたします。学生は勝手に学んではくれませんので。
26f8788d21d9fd7d,L03 Alexander,Alexander_1_intro,8,Kobold,先生のドラゴンを洗うのは初めてです……わあ。
7cc55c8bb6442b93,L03 Alexander,Alexander_1_intro,9,Kobold,わかりました、ゲートを開けますね！
c9b9bda16ee1d468,L03 Alexander,Alexander_1_intro,10,Alexander,教授、でございます——ですが、ええ。普段は公共の洗い場には参りませんので。
8569efc4ed5a6273,L03 Alexander,Alexander_1_intro,11,Alexander/Ryan,ありがとうございます。
57c2b1f349d8b9e9,L03 Alexander,Alexander_1_intro,12,Alexander,ああ、それから、この上なく汚れた姿でお詫び申し上げます。
c44510120d3f5f7e,L03 Alexander,Alexander_1_intro,13,Alexander,誠に遺憾な状態でございまして……
550840616bc8148d,L03 Alexander,Alexander_1_intro,14,Kobold,そんなに……汚れてませんよ。
21e1f6bc71429bdb,L03 Alexander,Alexander_1_intro,15,Kobold,大丈夫ですよ。ゲートを開けてきますね！
14ddfac745bc0ec3,L03 Alexander,Alexander_1_intro,16,Alexander,いえ、汚れております。
65b94d53036df4ac,L03 Alexander,Alexander_1_intro,18,Alexander,ゲートを開けていただけますかな？
f602395a77ff68c4,L03 Alexander,Alexander_1_intro,19,Kobold,あ。はい。すみません。
# --- progress: Alexander_1_required ---
8bb197f659df9e12,L03 Alexander,Alexander_1_required,1,Alexander,いやはや……この環境はなかなか心地よいものでございますな。実に……プロレタリア的で。
c3971608b1a13f1b,L03 Alexander,Alexander_1_required,2,Kobold,プロレ——<i><size=70%>え？
3afdda2c098fc834,L03 Alexander,Alexander_1_required,3,Kobold/Alexander/Ryan,ありがとうございます！
90d6678c9549b1e0,L03 Alexander,Alexander_1_required,4,Alexander,ああ、その……労働者階級的、と申しますか？
55c80016618e1bc5,L03 Alexander,Alexander_1_required,5,Alexander,失礼、貴殿の洗いを楽しんでいると申し上げたかったのでございます。
02fa2a9691178177,L03 Alexander,Alexander_1_required,6,Alexander,もちろんでございます
32e117cdd1f56f3f,L03 Alexander,Alexander_1_required,7,Alexander,このような場所が、一般にかくも気軽に開かれていたとは！
# --- jerkoff: alexander_jerk_off_no ---
f33ca08a17779409,L03 Alexander,alexander_jerk_off_no,1,Alexander,<i>おや。</i>それにはまだ、心の準備ができておりませんな。
# --- mount_start: alexander_mount_no ---
170ebd10775afd58,L03 Alexander,alexander_mount_no,1,Alexander,今日は……これを使いたいかどうか、確信が持てませんな。
# --- outro: Alexander_1_Outro ---
d202075090a8960b,L03 Alexander,Alexander_1_Outro,1,Alexander,言わせていただきますが、専属の洗い師に劣らぬお仕事でございました。
b6069e62e167364f,L03 Alexander,Alexander_1_Outro,3,Kobold,ええ、いつも全力を尽くしてますから。
981447d1952fe850,L03 Alexander,Alexander_1_Outro,4,Alexander,ははは、まさしく「イップ」でございますな。
5d7279822bcee7dd,L03 Alexander,Alexander_1_Outro,5,Alexander,私の学生どもも、貴殿の勤勉さを見習うべきでございます！
8117291ab8529b4f,L03 Alexander,Alexander_1_Outro,6,Alexander,もっとお話ししたいのは山々でございますが、間もなく講義でして。
dae0c0aa3ae01c37,L03 Alexander,Alexander_1_Outro,7,Alexander,……この度は、感謝いたします。

# ===== Level 4: Ryan (Sunny) =====
# --- intro: Ryan_2_intro ---
7825d92f67bdcdef,L04 Ryan,Ryan_2_intro,1,Ryan,また来たよ！
cd26586143766826,L04 Ryan,Ryan_2_intro,2,Kobold,こんにちは、ライアン！
6a67a8866ec70c09,L04 Ryan,Ryan_2_intro,4,Ryan,やあ、また来られて嬉しいな。
921bd4effdaa2a2f,L04 Ryan,Ryan_2_intro,5,Ryan,はは……君、その鳴き声が好きなんだね。
387d0da740d0826e,L04 Ryan,Ryan_2_intro,6,Ryan,また洗ってほしくてさ。
e542b800ecfc350a,L04 Ryan,Ryan_2_intro,7,Ryan,ちょっと家から離れたくて。
78b22bcc76942425,L04 Ryan,Ryan_2_intro,8,Ryan,友達と出かけてたんだ。
21abbb56e463a200,L04 Ryan,Ryan_2_intro,9,Ryan,マーカー遊びは楽しかったよ。
da3405e1151a476e,L04 Ryan,Ryan_2_intro,10,Ryan,でも、そろそろ綺麗にしないとね。
41dc14e2cd744b1b,L04 Ryan,Ryan_2_intro,11,Kobold,ええ、もちろん。どうぞ入ってください。
b231225bfcc08d4c,L04 Ryan,Ryan_2_intro,12,Kobold,何かあったんですか？
056b5511850d7220,L04 Ryan,Ryan_2_intro,13,Ryan,うん、ありがとう。
b4e4d893367947a0,L04 Ryan,Ryan_2_intro,14,Ryan,うん、大丈夫。ごめんね。
c9cdea9d31e53d5b,L04 Ryan,Ryan_2_intro,15,Ryan,ちょっとしんどい日だっただけ。これで元気になれるといいな！
ab74167fe23c9db5,L04 Ryan,Ryan_2_intro,17,Ryan,それで、えっと、ゲートは？
5cbc0ceea57587db,L04 Ryan,Ryan_2_intro,18,Kobold,あっ——はい。すぐに。
08411b780900fb59,L04 Ryan,Ryan_2_intro,19,Kobold,もちろんです。少々お待ちを！
a386908e3024f35e,L04 Ryan,Ryan_2_intro,20,Ryan,助かるよ。
# --- progress: Ryan_2_required ---
580684f8909e025d,L04 Ryan,Ryan_2_required,1,Ryan,ねえ。
b4eff799a0271863,L04 Ryan,Ryan_2_required,2,Kobold,ん？
fad448038cd06268,L04 Ryan,Ryan_2_required,3,Kobold,どうしました？
a1dd2ff2d1ef6beb,L04 Ryan,Ryan_2_required,4,Ryan,ひとつ聞いてもいい？
2acd4405a7f14ae3,L04 Ryan,Ryan_2_required,5,Kobold,もう聞いてますよ、どうしました？
c10c037156053bfe,L04 Ryan,Ryan_2_required,6,Kobold,どうぞ。
4f6d869aa239596c,L04 Ryan,Ryan_2_required,7,Ryan,あ、そっか。ごめん。
0fa0dff561f86016,L04 Ryan,Ryan_2_required,8,Ryan,その……恋愛のことなんだけど。
9a38b89ed035e464,L04 Ryan,Ryan_2_required,9,Ryan,関係が<i>すごく</i>ぎくしゃくしてて、終わるってわかってるとして。
9b943020b9ae2658,L04 Ryan,Ryan_2_required,10,Ryan,できることは全部やったとして。
954ba66a076849a5,L04 Ryan,Ryan_2_required,12,Ryan,実際、いつ終わらせればいいんだろう？
f173e528733bb05a,L04 Ryan,Ryan_2_required,13,Kobold,ああ——ライアン……
7b102f547a549072,L04 Ryan,Ryan_2_required,14,Kobold,私には……答えられないかもしれません。
d74bb8fcbf89b62a,L04 Ryan,Ryan_2_required,15,Ryan,わかってる。君にこんな話をすべきじゃないってわかってるんだ。
64973f6ac9ac08be,L04 Ryan,Ryan_2_required,16,Ryan,ただ、君と一緒にいると、すごく落ち着くんだ。
93fa9e1a16f34a7d,L04 Ryan,Ryan_2_required,17,Ryan,そうだよね……答えられるわけないよね。
797653f5e081152e,L04 Ryan,Ryan_2_required,18,Ryan,ここでは決めつけられないってだけで、嬉しいんだ。
b11d41e01fefb995,L04 Ryan,Ryan_2_required,20,Kobold,ありがとうございます。私もライアンといるのは好きですよ。
c6df1e087ef5d8e4,L04 Ryan,Ryan_2_required,21,Kobold,うまくいくといいですね。
ebb96171ea7628a0,L04 Ryan,Ryan_2_required,22,Ryan/Kobold/Alexander,よかったです。
line:286fec49,L04 Ryan,Ryan_2_required,22,Ryan,よかった。
91c0e3e9014024af,L04 Ryan,Ryan_2_required,23,Ryan,僕もそう思う。
# --- outro: Ryan_2_Outro ---
cb57ee6155ed6ca5,L04 Ryan,Ryan_2_Outro,1,Ryan,よし。すっかり綺麗だ。
f6d370e531334fab,L04 Ryan,Ryan_2_Outro,2,Ryan,さっきは色々ぶちまけちゃって、ごめんね。
a402a75e0522e087,L04 Ryan,Ryan_2_Outro,3,Kobold,大丈夫ですよ！
94e0ea6f97e24a81,L04 Ryan,Ryan_2_Outro,4,Kobold,大変なこともありますよね。
4f66abc45de7ff53,L04 Ryan,Ryan_2_Outro,5,Ryan/Alexander,貴殿こそ、実にお優しい。
line:15f55959,L04 Ryan,Ryan_2_Outro,5,Ryan,君って本当に優しいね。
ee65a6c9748b539c,L04 Ryan,Ryan_2_Outro,6,Ryan,映画みたいに簡単だったらいいのにな。
0e95dd9dae12e50e,L04 Ryan,Ryan_2_Outro,7,Kobold,いつでも来てくださいね、ライアン。
78c778b6ee0575d9,L04 Ryan,Ryan_2_Outro,8,Kobold,もっと話したいなら、時間ありますよ。
f204fcc6b711621e,L04 Ryan,Ryan_2_Outro,9,Ryan,そうするよ、ありがとう。
72eaafd8ad3f6b0d,L04 Ryan,Ryan_2_Outro,10,Ryan,いいの？ その……楽しい話じゃないよ。
fe454a1e25772898,L04 Ryan,Ryan_2_Outro,11,Kobold,そうですね。詮索するべきじゃなかったです。
513af1a2eeeef9b6,L04 Ryan,Ryan_2_Outro,12,Kobold,大丈夫ですよ、話した方がよさそうですから。
f3ff11acd1b54309,L04 Ryan,Ryan_2_Outro,13,Ryan,気にしないで。ありがとう。
0b61ba409dc46906,L04 Ryan,Ryan_2_Outro,14,Ryan,うん、そうだね。
5459b9d74fb7a529,L04 Ryan,Ryan_2_Outro,15,Ryan,それでね。彼女は僕より先に家にいたんだ。在宅で働くドラゴンだから。
2cd54468954ee8c7,L04 Ryan,Ryan_2_Outro,16,Ryan,僕がちょっと汚れて帰ったら、怒鳴られたんだ。
f7e4ec27dd7d6527,L04 Ryan,Ryan_2_Outro,17,Ryan,洗いに行けって言われて、すごく気分を害してるみたいだった。
2880304176197c02,L04 Ryan,Ryan_2_Outro,18,Ryan,泥だらけなのが……<i>本当に</i>気に入らなかったみたいで。
250b97243d1df1f7,L04 Ryan,Ryan_2_Outro,19,Kobold,それで最初にここへ来たんですか？
bc78d04f7d5861dc,L04 Ryan,Ryan_2_Outro,20,Kobold,彼女、ちょっと大げさすぎませんか。
08a70054f59e703a,L04 Ryan,Ryan_2_Outro,21,Ryan,うん……
6079131a1c79adef,L04 Ryan,Ryan_2_Outro,22,Ryan,でも正直、君にはすごく助けられたよ。
92536deee525f694,L04 Ryan,Ryan_2_Outro,23,Ryan,考える時間をもらえたんだ。
c3be2f1d3fa4404d,L04 Ryan,Ryan_2_Outro,25,Ryan,僕もそう思ったんだ。
9ebcf8a46cc189b7,L04 Ryan,Ryan_2_Outro,26,Ryan,たぶん彼女、別のことで機嫌が悪いんだと思う……
8c3115a4e2a9a664,L04 Ryan,Ryan_2_Outro,27,Ryan,それを僕にぶつけてくるのが、嫌なだけなんだ。
393d8e5925dc5937,L04 Ryan,Ryan_2_Outro,31,Ryan,まあ、それはそうと——
7258b4e037805024,L04 Ryan,Ryan_2_Outro,32,Ryan,聞いてくれてありがとう。
951382e00968439d,L04 Ryan,Ryan_2_Outro,33,Kobold,いつでもどうぞ、ライアン。
c41f39341b6c49ef,L04 Ryan,Ryan_2_Outro,34,Kobold,もちろんです。大変な思いをしてますね。
line:6b245989,L04 Ryan,Ryan_2_Outro,35,Ryan,ありがとう。
553b3b011e56f6e2,L04 Ryan,Ryan_2_Outro,36,Ryan,大丈夫。なんとかするよ。
bd7468846a30d095,L04 Ryan,Ryan_2_Outro,37,Kobold,ゲートを開けてきますね。
a7f68522a6e41971,L04 Ryan,Ryan_2_Outro,38,Ryan,じゃあ、またね！

# ===== Level 5: Conrad (Rainy) | sets level_5 | ends MedkitCompleted, level_5_complete =====
# --- intro: Conrad_Intro_2 ---
ed1060b120921b51,L05 Conrad,Conrad_Intro_2,1,Conrad,救急箱、あるか？
33b8a4a45ccc09d4,L05 Conrad,Conrad_Intro_2,2,Kobold,何があったんですか！？
0a1daca6a7ffe060,L05 Conrad,Conrad_Intro_2,3,Kobold,ええっ、コンラッド。大丈夫ですか？
20e5d8710e635ec0,L05 Conrad,Conrad_Intro_2,4,Conrad,お前に話す必要はねえ。
20e7bf03f9acda80,L05 Conrad,Conrad_Intro_2,5,Conrad,で、救急箱はあるのかねえのか？
b5df9715ed2e91ed,L05 Conrad,Conrad_Intro_2,6,Conrad,大丈夫に見えるか？
b91e8be1b03d1b61,L05 Conrad,Conrad_Intro_2,7,Conrad,いや。大丈夫じゃねえ。救急箱はあるのかねえのか？
f974998c16103aa0,L05 Conrad,Conrad_Intro_2,8,Kobold,ええ、ありますよ。
8ca82a3bb03f138c,L05 Conrad,Conrad_Intro_2,9,Kobold,ありますけど……何があったんですか？
a94b34f629b2029a,L05 Conrad,Conrad_Intro_2,10,Conrad,いいから……ゲートを開けろ。
# --- progress: Conrad_required_2 ---
4356fa179bb80e09,L05 Conrad,Conrad_required_2,1,Conrad,俺はどうしようもねえバカだ。
d886f3d923f9c796,L05 Conrad,Conrad_required_2,2,Conrad,こういうのを避けようとしてたのによ！
ea8c1853a7d5966c,L05 Conrad,Conrad_required_2,3,Kobold,何があったか、話したいですか……？
bded00d07cb1e457,L05 Conrad,Conrad_required_2,4,Kobold,怪我をして、お気の毒です……
02f000041eb5ab82,L05 Conrad,Conrad_required_2,5,Conrad,冗談じゃねえ！ 恥ずかしいんだよ。
58356b98fdf40dc3,L05 Conrad,Conrad_required_2,7,Conrad,同情なんていらねえ！
cb7847cb63566364,L05 Conrad,Conrad_required_2,9,Conrad,ただ、その……
b48f291ebc6b18fe,L05 Conrad,Conrad_required_2,10,Conrad,いつもこういう目に遭う自分が、嫌なんだ。
519b07c299436f2a,L05 Conrad,Conrad_required_2,11,Conrad,<i>俺の</i>せいなんじゃねえかって、思えてきてよ。
f5ad489eeba50b01,L05 Conrad,Conrad_required_2,12,Kobold,<i>これ</i>はあなたのせいじゃありませんよ、コンラッド。
6402f4608ceb7bbb,L05 Conrad,Conrad_required_2,13,Kobold,本当にお気の毒です。誰にやられたんですか？
8e59613d6cd60464,L05 Conrad,Conrad_required_2,14,Conrad,今回はマジで俺のせいだと思う……
7058e362e43623f0,L05 Conrad,Conrad_required_2,15,Conrad,バーにいたドレイクでよ……俺がバカだった。口を閉じてられなかったんだ。
ea289ebcdd7e81ef,L05 Conrad,Conrad_required_2,16,Conrad,バーにいた、どっかのドレイクだ。俺がバカだった……口を閉じてられなかった。
aff317c06781bc70,L05 Conrad,Conrad_required_2,17,Conrad,わかんねえよ！ なんで俺はこんな態度しか取れねえんだ？
da5eed4c72eb1073,L05 Conrad,Conrad_required_2,18,Kobold,どんな態度ですか？
193bb66a944990a8,L05 Conrad,Conrad_required_2,19,Kobold,コンラッドはいいやつだと思いますよ。
c69250ea092a7fcd,L05 Conrad,Conrad_required_2,20,Conrad,その……嫌なやつってことだ。俺が一緒にいて最悪なのはわかってる。
c2f21da58e28df4f,L05 Conrad,Conrad_required_2,21,Conrad,お前は優しいな。俺には勿体ねえよ。
9c529e9f79f39a21,L05 Conrad,Conrad_required_2,22,Conrad,俺は嫌なやつだ。自分でもわかってる。
4b7317a793a0f728,L05 Conrad,Conrad_required_2,23,Conrad,さっき怒鳴って、悪かった。
c4c0c9950baa723f,L05 Conrad,Conrad_required_2,24,Conrad,お前にそんな仕打ちをする理由なんてねえのに。
9fa8cd9193124e79,L05 Conrad,Conrad_required_2,25,Kobold,大丈夫ですよ。色々あったんでしょうから。
249133e0671a807b,L05 Conrad,Conrad_required_2,26,Kobold,気にしないでください。
c61717fe95ec2b9c,L05 Conrad,Conrad_required_2,27,Conrad,だからってお前を怒鳴っていい理由にはならねえ。
652daa6043287e1b,L05 Conrad,Conrad_required_2,28,Conrad,もう言い訳はしねえ。
65b4e7b9caad6028,L05 Conrad,Conrad_required_2,29,Conrad,いや、よくねえ。もう言い訳はしねえ。
334ade0356dff453,L05 Conrad,Conrad_required_2,30,Conrad,俺はもっとマシにならねえと。マシに<i>なりてえ</i>んだ。
1d190e45e1ddc239,L05 Conrad,Conrad_required_2,31,Conrad,ただ、その……こんなこと言ってんの、誰にも言うなよ。
3969155d983b9b32,L05 Conrad,Conrad_required_2,32,Kobold,秘密は守りますよ。
bd7f2cf961e397ca,L05 Conrad,Conrad_required_2,33,Kobold,言いません。
0cd12abef67edc64,L05 Conrad,Conrad_required_2,34,Conrad,……ありがとな。
bbaef120c3a81475,L05 Conrad,Conrad_required_2,35,Conrad,それと、救急箱があって助かった……準備がいいんだな。
# --- jerkoff: conrad_jerk_off_no ---
f81a53c29135dfa5,L05 Conrad,conrad_jerk_off_no,1,Conrad,いや、その……今はいい。
# --- outro: Conrad_Outro_2 ---
7f9f3c8d0db46cbf,L05 Conrad,Conrad_Outro_2,1,Conrad,もうだいぶ楽になった。
d4a62b147d5a622b,L05 Conrad,Conrad_Outro_2,2,Kobold,体がですか、心がですか？
0d49a74e82a2356a,L05 Conrad,Conrad_Outro_2,4,Conrad,両方だ。
c38c5771c6cf6118,L05 Conrad,Conrad_Outro_2,5,Conrad/Ryan,同じく。
line:d4c5faea,L05 Conrad,Conrad_Outro_2,5,Conrad,俺もだぜ。
7e30c436a9112ecd,L05 Conrad,Conrad_Outro_2,6,Conrad,お前……いいやつだな。
229bd072e07a3d53,L05 Conrad,Conrad_Outro_2,7,Conrad,本気で言ってんだ。マジで。
ba15304b6e669701,L05 Conrad,Conrad_Outro_2,8,Kobold,自分が正しいと思うことをしてるだけですよ。
1fb463b57138c081,L05 Conrad,Conrad_Outro_2,9,Kobold,コンラッドもいいやつだと思いますよ。自分を変えるのって大変ですから。
56c81331bdf0858e,L05 Conrad,Conrad_Outro_2,10,Conrad,俺もそこから学べりゃいいんだけどな。
3e2cb05f5d39c6e5,L05 Conrad,Conrad_Outro_2,11,Conrad,ありがとな、けど俺はもっとマシになる。約束だ。
8a3ca437a0d6d164,L05 Conrad,Conrad_Outro_2,12,Conrad,そろそろ邪魔しねえように、消えるわ……
c90e3d1d20fadd0f,L05 Conrad,Conrad_Outro_2,13,Conrad,また必ず来るからな。

# ===== Level 6: Alexander (Night) | sets level_6_started =====
# --- intro: Alexander_2_intro ---
44aa15e695b4e0d5,L06 Alexander,Alexander_2_intro,1,Alexander,星々に感謝を、開いておられましたか。
840851d0f7570dd9,L06 Alexander,Alexander_2_intro,2,Kobold,アレクサンダー……？
d786fe5166ed78b0,L06 Alexander,Alexander_2_intro,3,Kobold,えっと……厳密には開いてないんですけど。
b5707c134254e827,L06 Alexander,Alexander_2_intro,4,Alexander,いかにも。洗浄が必要でございます。事態は極めて深刻でして！
5962824d5ad2d472,L06 Alexander,Alexander_2_intro,5,Alexander,これは貴殿にしかできぬ仕事でございます。
4006d568c80ab534,L06 Alexander,Alexander_2_intro,6,Alexander,倍払いましょう。いや三倍——これは貴殿にしかできぬ仕事なのです！
a17a2764777e0b60,L06 Alexander,Alexander_2_intro,7,Kobold,あ。それなら、ええ、開いてます。
1e5b9c4d7c7853fa,L06 Alexander,Alexander_2_intro,8,Alexander,結構でございます！
e36d5a8ffbc61b8c,L06 Alexander,Alexander_2_intro,9,Kobold,何があったんですか？
c43599f1e3538c5c,L06 Alexander,Alexander_2_intro,10,Kobold,どうしてこんな遅くに？
c63c466c3e28f286,L06 Alexander,Alexander_2_intro,11,Alexander,同僚のイグウィックス教授が、私を足場として使いたいと申しましてな。
dfb6e95e4715f76e,L06 Alexander,Alexander_2_intro,12,Alexander,許可いたしました。私の体躯は十分な高さを提供できますので。
9da4c08f2c9d94f9,L06 Alexander,Alexander_2_intro,13,Alexander,しかしながら……
149351e2d565febf,L06 Alexander,Alexander_2_intro,14,Alexander,彼の手法に、欠陥がございました。
b54a89ba26aaeaa1,L06 Alexander,Alexander_2_intro,15,Kobold,亡くなったんですか！？
0ee302086c5ae61a,L06 Alexander,Alexander_2_intro,16,Kobold,彼はどこへ……？
2cc9a59ae14e4845,L06 Alexander,Alexander_2_intro,17,Alexander,は？
3b20ece829b0bd68,L06 Alexander,Alexander_2_intro,18,Alexander,いいえ。
93f6d587969b0e78,L06 Alexander,Alexander_2_intro,19,Alexander,彼が自然発火した後、私はきちんと彼のプライバシーを確保いたしました。
1d37ba6f405ce0fd,L06 Alexander,Alexander_2_intro,20,Alexander,彼の肉体は目下、教員ラウンジにて再構成中でございます。
27c227129d961114,L06 Alexander,Alexander_2_intro,21,Alexander,自尊心ある魔法使いなら誰しも、フェニックスの羽根を常備しておりますので。
9e99fec970b38818,L06 Alexander,Alexander_2_intro,22,Kobold,なるほど。フェニックスの羽根。当然ですね。
0549826a698aad1c,L06 Alexander,Alexander_2_intro,23,Kobold,わかりました。店を開けますね。ちょっと待ってください。
9e85e9ab574cfc16,L06 Alexander,Alexander_2_intro,24,Alexander,素人の無知を失念しておりました。お詫び申し上げます。
359439ec513e7e35,L06 Alexander,Alexander_2_intro,25,Kobold,はいはい、ゲートを開けてきますね
28fa9c1bb5161161,L06 Alexander,Alexander_2_intro,26,Alexander,お急ぎを！ 私の評判がかかっておるのです。
# --- progress: Alexander_2_required ---
cc99c01887a9b5f1,L06 Alexander,Alexander_2_required,1,Alexander,この一連の騒動、深く恥じ入っております。
e33e953efb157171,L06 Alexander,Alexander_2_required,2,Kobold,大したことじゃないですよ。みんな無事みたいですし。
c054502c35602985,L06 Alexander,Alexander_2_required,3,Kobold,恥じることないですよ。
98cbb728e5fb19f2,L06 Alexander,Alexander_2_required,4,Alexander,それは初めから懸念しておりません。私はかなり危険を避けるドラゴンでございますので。
c1d152bd1a4b22f1,L06 Alexander,Alexander_2_required,5,Alexander,それはなんとご親切なお言葉で。
0da1bbeb76d9ef60,L06 Alexander,Alexander_2_required,6,Alexander,しかしながら、私の<i>体面</i>は、イグウィックスの儚い肉体よりはるかに永続的なものでございます。
54021b5f26568c41,L06 Alexander,Alexander_2_required,7,Alexander,それこそが私の憂慮の源でして……
3a363409d3ae72f1,L06 Alexander,Alexander_2_required,8,Alexander,そして、貴殿がこの仕事にうってつけである理由でございます！
# --- outro: Alexander_2_Outro ---
abc1043955962614,L06 Alexander,Alexander_2_Outro,1,Alexander,再び完璧に清潔になりました。この時間に受け入れてくださり、感謝いたします。
2de23f0bdf3de327,L06 Alexander,Alexander_2_Outro,2,Kobold,お金……ふふ……
082cb158de32f2d9,L06 Alexander,Alexander_2_Outro,3,Kobold,どういたしまして。
374214d86f810d53,L06 Alexander,Alexander_2_Outro,4,Alexander,はは、確かに動機にはなりますな。
7ff22bb553842005,L06 Alexander,Alexander_2_Outro,5,Alexander,少なくとも、もはやそれだけではございません！
01b524bd7165a166,L06 Alexander,Alexander_2_Outro,6,Alexander,このように恥ずかしいことを誰かに打ち明けるなど、思いもよりませんでした。
704866fd76bd9fb8,L06 Alexander,Alexander_2_Outro,7,Kobold,いつでも喜んでお手伝いしますよ。<i><size=70%> 特に大きなドラゴンなら。
dd573253630e8021,L06 Alexander,Alexander_2_Outro,8,Kobold,信頼してもらえて嬉しいです。
d6b066332b6d8b9a,L06 Alexander,Alexander_2_Outro,9,Alexander,貴殿もこれを楽しんでおられるようで、何よりでございます。
762c20b866b7b263,L06 Alexander,Alexander_2_Outro,10,Alexander,私もです。
5fc37d4eda289c06,L06 Alexander,Alexander_2_Outro,11,Alexander,貴殿と話すのがなぜこうも楽なのか、私にもわかりかねます。
5a2661b79c536b73,L06 Alexander,Alexander_2_Outro,12,Alexander,誰の視線にも、途方もない重みがございます。
0ddbb1a880fb5b54,L06 Alexander,Alexander_2_Outro,13,Alexander,貴殿の視線にはそれがない。心地よいものでございます。
df9e3e9397757b17,L06 Alexander,Alexander_2_Outro,14,Kobold,期待なんて、めんどくさいですよね〜。
5b4ce4081cac21b5,L06 Alexander,Alexander_2_Outro,15,Kobold,仕事をしてるだけですよ！
1acd1b8d362287ec,L06 Alexander,Alexander_2_Outro,16,Alexander,まことに、そのとおりで……
cbbaf40d803468a2,L06 Alexander,Alexander_2_Outro,17,Alexander,お見事な腕前でございます。

# ===== Level 7: Ryan (Sunny) =====
# --- intro: Ryan_3_intro ---
49e50c5be7d1583e,L07 Ryan,Ryan_3_intro,2,Kobold,ライアン！
346181d6c9954315,L07 Ryan,Ryan_3_intro,3,Kobold,おかえりなさい！
c1cff3dbff6bfce2,L07 Ryan,Ryan_3_intro,4,Ryan,僕だよ。
03810482331af8e2,L07 Ryan,Ryan_3_intro,5,Ryan,来られて嬉しいな。
e1a42aae663ccf1f,L07 Ryan,Ryan_3_intro,6,Ryan,また洗ってもらいに来たんだ。
fc7ed7b68999fdae,L07 Ryan,Ryan_3_intro,7,Ryan,僕……
be0667bb01a8cd65,L07 Ryan,Ryan_3_intro,8,Ryan,なんでもない。ゲートを開けてくれる？
20ed966db540aaaf,L07 Ryan,Ryan_3_intro,9,Kobold,はい、開けてきますね。
6c0973b0166d3528,L07 Ryan,Ryan_3_intro,10,Kobold,ライアン？ 本当に大丈夫なんですか……？
8dff101cb2298f67,L07 Ryan,Ryan_3_intro,12,Ryan,ううん、あんまり。
1990b3ec8cd88a48,L07 Ryan,Ryan_3_intro,13,Ryan,後で話すよ。今はゲートだけ開けてくれるかな？
85fec70372b092bb,L07 Ryan,Ryan_3_intro,14,Kobold/Conrad,うん。
33e04b2f805d0e1a,L07 Ryan,Ryan_3_intro,15,Kobold,わかりました。でも、大丈夫だといいんですけど。
f51bead488e14b65,L07 Ryan,Ryan_3_intro,16,Ryan/Conrad/Alexander,ありがとう。
aac215f048e8ee54,L07 Ryan,Ryan_3_intro,17,Ryan,なんとかするよ。
# --- progress: Ryan_3_required ---
eb256f4dcddfee94,L07 Ryan,Ryan_3_required,1,Ryan,さっきのことだけど。
1a17d73907f63be1,L07 Ryan,Ryan_3_required,2,Ryan,数日前に……
87a781aa9b0c0136,L07 Ryan,Ryan_3_required,3,Ryan,恋人と別れたんだ……
f68b8d76138a2a69,L07 Ryan,Ryan_3_required,4,Kobold,そうだったんですか……お気の毒に。
d6077ef6cdb59db1,L07 Ryan,Ryan_3_required,5,Kobold,ああ、ライアン。
d296154ff317814a,L07 Ryan,Ryan_3_required,6,Ryan,大丈夫。そうする必要があったんだ。彼女といても幸せじゃなかったから。
8a2e2803c1bc2ea7,L07 Ryan,Ryan_3_required,7,Ryan,僕も彼女を幸せにできてなかったし。
d9e1edc2e966ec26,L07 Ryan,Ryan_3_required,8,Ryan,でも、どれだけ理由をつけても、気持ちよくはならないね。
769c31039308d04d,L07 Ryan,Ryan_3_required,9,Kobold,ライアンにとって一番いい選択ができて、よかったと思います。
460c50191c964260,L07 Ryan,Ryan_3_required,10,Kobold,終わらせるのって、簡単じゃないですよね。
8825be71018f7f88,L07 Ryan,Ryan_3_required,11,Ryan,うん。少なくとも、そのおかげで君に会えたから。
3e43d550d0572c10,L07 Ryan,Ryan_3_required,12,Ryan,うん……本当に簡単じゃない。
8948d011be56c311,L07 Ryan,Ryan_3_required,13,Ryan,でも、少なくとも君に会えたから！
e484863d425a58e8,L07 Ryan,Ryan_3_required,14,Kobold,ありがとう、ライアン。私もあなたに会えて嬉しいです
1af4464c602a423a,L07 Ryan,Ryan_3_required,15,Kobold/Conrad,はは、ありがとう。
e39173e934f56c78,L07 Ryan,Ryan_3_required,16,Ryan,ここで洗ってもらうと、本当に気が楽になるんだ。
94f45fc9f39121cd,L07 Ryan,Ryan_3_required,17,Ryan,それに、すごく気持ちいいしね。
# --- outro: Ryan_3_Outro ---
01e6332ab274c6d3,L07 Ryan,Ryan_3_Outro,1,Ryan,これで全部だと思う。
26fef1581467462d,L07 Ryan,Ryan_3_Outro,2,Ryan,ありがとう。君のおかげで、色々乗り越えやすくなってるよ。
021d801f68652852,L07 Ryan,Ryan_3_Outro,3,Kobold,ここはいつでも歓迎ですよ、ライアン。
dc18b85912d460dd,L07 Ryan,Ryan_3_Outro,4,Kobold,お気に入りのお客さんの一竜です！
7ee443bc5e93fadb,L07 Ryan,Ryan_3_Outro,5,Ryan,君はいつも歓迎してくれるよね。
c851929ab3cd9537,L07 Ryan,Ryan_3_Outro,6,Ryan,わあ……ありがとう。変かな、君のことを……
e0464d0955af808a,L07 Ryan,Ryan_3_Outro,7,Ryan,本当にいい友達だと思ってるって？
674d9f74349966ca,L07 Ryan,Ryan_3_Outro,8,Kobold,<size=70%><i>わ——</i>いえ、それ、すごく嬉しいですよ。
e2c8744d410cb6f6,L07 Ryan,Ryan_3_Outro,9,Kobold,私もライアンをいい友達だと思ってます
29fee2ec355f7967,L07 Ryan,Ryan_3_Outro,10,Ryan,わ——嬉しいな！
51200db7892ee7e1,L07 Ryan,Ryan_3_Outro,11,Ryan,えへへ……ありがとう。
91c56a4e9213a4b0,L07 Ryan,Ryan_3_Outro,12,Ryan,よし。そろそろ邪魔にならないように帰らないとね。
523791f6550c3508,L07 Ryan,Ryan_3_Outro,13,Ryan,また来るからね？
667cadad21e120f0,L07 Ryan,Ryan_3_Outro,14,Kobold,はい！ ゲートを開けてきますね。
18f0197237db4a52,L07 Ryan,Ryan_3_Outro,15,Kobold,また会えるのを楽しみにしてますね
952d54adb781ab58,L07 Ryan,Ryan_3_Outro,16,Ryan,ありがとう。またね。

# ===== Level 8: Conrad (Sunny) | sets DeliveredMountFrame =====
# --- intro: Conrad_Intro_3 ---
c2ce80cda53b3e12,L08 Conrad,Conrad_Intro_3,1,Conrad,よお、大将。
ef92f8b9796dcaad,L08 Conrad,Conrad_Intro_3,2,Kobold,私は……コボルドですけど。
3faf8798d815fbcc,L08 Conrad,Conrad_Intro_3,3,Kobold,こんにちは、コンラッド。
fe810d1ef6bbca3f,L08 Conrad,Conrad_Intro_3,4,Conrad,あー……そうだな。
fe59e121f203b436,L08 Conrad,Conrad_Intro_3,5,Conrad,へっ。ああ。俺だ。
a911f2d8e77038c7,L08 Conrad,Conrad_Intro_3,6,Conrad,荷物が届いたみてえだな、え？
403e617f71fdbd7d,L08 Conrad,Conrad_Intro_3,7,Conrad,開いてた木箱、中身はなんだったんだ？
2fa26a557574f06d,L08 Conrad,Conrad_Intro_3,8,Kobold,マウントが届きました。
ba689238087b547e,L08 Conrad,Conrad_Intro_3,9,Kobold,頼まれてたマウントですよ。
a1d3f8d9c7e16f54,L08 Conrad,Conrad_Intro_3,10,Conrad,<size=160%>よっしゃああ！
24f5fb4981989960,L08 Conrad,Conrad_Intro_3,11,Conrad,<size=100%>いや——いいな。
086c8ec178979d9b,L08 Conrad,Conrad_Intro_3,12,Conrad,さあ、入れてくれ！ あれを試してみてえんだ！
8b742c36f3da7059,L08 Conrad,Conrad_Intro_3,13,Kobold,わかりました……
3a1b28ba58f06ac8,L08 Conrad,Conrad_Intro_3,14,Kobold,ゲートを開けてきますね。
c2ac4efff25192d6,L08 Conrad,Conrad_Intro_3,15,Conrad,そんな……言い方するなよ。
faa0b4a641d866a4,L08 Conrad,Conrad_Intro_3,17,Conrad,さあ、行こうぜ〜！
f030a371b944e9be,L08 Conrad,Conrad_Intro_3,18,Conrad/Ryan,あったりめぇだ！
# --- phone: Conrad_3_PhoneTutorial ---
eb8e96751da9e008,L08 Conrad,Conrad_3_PhoneTutorial,1,Phone,マウントのご依頼、承りました！
4369749a5a3394e9,L08 Conrad,Conrad_3_PhoneTutorial,2,Kobold,え……？
339397c0d1c1f21f,L08 Conrad,Conrad_3_PhoneTutorial,3,Phone,今朝届きましたので、ゲートの近くにあるはずです。
f1968abec4612ffb,L08 Conrad,Conrad_3_PhoneTutorial,4,Phone,バールで開けて、倉庫に入れておいていただけますか？
435c7e974ca94c84,L08 Conrad,Conrad_3_PhoneTutorial,6,Phone,結構です。<i>実りある</i>一日を。
# --- idle: Conrad_idle_3_1 ---
37950c8a8db90865,L08 Conrad,Conrad_idle_3_1,1,Conrad,マウントを置いてくれりゃ、すぐ使うぜ。
8f224115163c0dbe,L08 Conrad,Conrad_idle_3_1,2,Conrad,おい、俺のを手でやってくれ——気持ちいいんだ！
785bfdcdb6a67739,L08 Conrad,Conrad_idle_3_1,3,Conrad,で、その、ゲート開けてくれねえか？
# --- idle: Conrad_idle_3_2 ---
c1dc3477631255b7,L08 Conrad,Conrad_idle_3_2,1,Conrad,お前が選んだマウント、気に入ったぜ。取ってきてくれるか？
4557c47a615d9810,L08 Conrad,Conrad_idle_3_2,2,Conrad,でぇ。抜いてくれんのか？
7e079188b55eb03d,L08 Conrad,Conrad_idle_3_2,3,Conrad,ありがとな。かなり気持ちよかったぜ。
# --- jerkoff: Conrad_started_jerkoff_3 ---
ccd88381d07a0b21,L08 Conrad,Conrad_started_jerkoff_3,1,Conrad,ああ、そう、それだ……続けろ。
# --- cum: Conrad_finished_jerkoff_3 ---
10069c101bcc95c1,L08 Conrad,Conrad_finished_jerkoff_3,1,Conrad,……！
82d37703a9140210,L08 Conrad,Conrad_finished_jerkoff_3,2,Conrad,くそ、手の使い方をわかってやがる。
95be71f702fae4a6,L08 Conrad,Conrad_finished_jerkoff_3,5,Kobold,はは……<size=70%> まあ。
b60c2f975eedb833,L08 Conrad,Conrad_finished_jerkoff_3,6,Kobold,当然ですよ。私は<i>プロ</i>ですから。
f9e0d3cba1f3548e,L08 Conrad,Conrad_finished_jerkoff_3,7,Conrad,自分の好みをわかってるコボルドってのは、いいもんだ。
0eb2a1e25a35e85e,L08 Conrad,Conrad_finished_jerkoff_3,8,Conrad,俺もだぜ。
83d081eadc40b86b,L08 Conrad,Conrad_finished_jerkoff_3,10,Conrad,手コキされる方のプロだけどな。
# --- cum: Conrad_Outro_3 | if $conrad_jerked_off_3 $conrad_used_mount_3 ---
6f64e0cc9b162541,L08 Conrad,Conrad_Outro_3,1,Conrad,おい、その。考えてたんだけどよ
dd5acacdb6c59489,L08 Conrad,Conrad_Outro_3,2,Conrad,今さら聞くのも変かもしれねえけど。でもよぉ。
7f39f874a107d858,L08 Conrad,Conrad_Outro_3,3,Conrad,どっか面白い場所とか、つるめるやつとか、知らねえか？
df48dbfe82678dea,L08 Conrad,Conrad_Outro_3,4,Kobold,"<gradient=""gold""><b> ライアンっていうドラゴンを知ってますよ。引き合わせましょうか？ </b></gradient><size=70%>（コンラッド／ライアンの関係、またはライアンとのロマンスが解放されます）"
7b870878852ee72d,L08 Conrad,Conrad_Outro_3,5,Kobold,"<gradient=""gold""><b> 私と一緒に遊ぶのはどうですか…… </b></gradient><size=70%>（コンラッドとのロマンスが解放されます）"
ac6820f366b18b44,L08 Conrad,Conrad_Outro_3,6,Conrad,別のドラゴンか？ 俺、普段はあんまうまくやれねえんだよな……
de6f58682bdaacf9,L08 Conrad,Conrad_Outro_3,7,Kobold,いえいえ。ライアンは本当に優しい子ですよ。
d4185d9f80a34228,L08 Conrad,Conrad_Outro_3,8,Kobold,心配いりませんよ、彼はとてもいい子です。
9df619228ba627fc,L08 Conrad,Conrad_Outro_3,9,Conrad,そうか。なら、試してみてえな。
d88679eede302f8e,L08 Conrad,Conrad_Outro_3,10,Kobold,次に会ったとき、彼に聞いてみますね。
7984d45df6290f6c,L08 Conrad,Conrad_Outro_3,11,Kobold,新しいコンラッドなら、きっと気に入ると思いますよ！
bf35fcb679c816dd,L08 Conrad,Conrad_Outro_3,12,Conrad,ありがとな。マジで助かる
d32db8ee98680d0f,L08 Conrad,Conrad_Outro_3,13,Conrad,そうだといいな。誰かと一から始めてえんだ、本気で。
8623a4b26a9521d8,L08 Conrad,Conrad_Outro_3,14,Conrad,けど、そろそろ出ねえとな。
30dcd5391100eeba,L08 Conrad,Conrad_Outro_3,15,Conrad,教えてくれてありがとな！
f1ad7345d30997b4,L08 Conrad,Conrad_Outro_3,16,Kobold,お礼はいりませんよ。ゲートを開けてきますね。
404cba15a4acdcfe,L08 Conrad,Conrad_Outro_3,17,Kobold,もちろんです。
8bf9f7d2ecce0105,L08 Conrad,Conrad_Outro_3,18,Conrad,おぉぉぉ。
8929fe2569ae7455,L08 Conrad,Conrad_Outro_3,19,Conrad,それ、いいな！
2358a2257260501f,L08 Conrad,Conrad_Outro_3,20,Conrad,お前、けっこうイケてるぜ。
c650e0aadadba99c,L08 Conrad,Conrad_Outro_3,21,Conrad,……それに優しい。
296f2ab03f8676ef,L08 Conrad,Conrad_Outro_3,23,Kobold,コンラッドも特別だと思いますよ。
17cf3cc7179b6817,L08 Conrad,Conrad_Outro_3,24,Conrad,それ……お前が俺にイップって言ったの、初めてだな。
c2599750a4dd9247,L08 Conrad,Conrad_Outro_3,25,Kobold,コボルド語で「よくやってる」って意味ですよ。
6f2ff920e860570d,L08 Conrad,Conrad_Outro_3,26,Conrad,へえ……はっ。それ、気に入ったぜ。
8b7bdfb88553e72f,L08 Conrad,Conrad_Outro_3,27,Conrad,そう言ってもらえると嬉しいな。
e8ae0da9edb0a314,L08 Conrad,Conrad_Outro_3,28,Conrad,で。デートはどうだ？
781cbcfcd7920f3f,L08 Conrad,Conrad_Outro_3,29,Kobold,展開が早いですね……でも、いいと思います！
5f9a2b795615ba6a,L08 Conrad,Conrad_Outro_3,30,Kobold,はい。
508f3cf175389841,L08 Conrad,Conrad_Outro_3,31,Conrad,試してみてえな！
c282dd1133ff96d4,L08 Conrad,Conrad_Outro_3,32,Conrad,よし！ じゃあまた後で来るぜ。
bfc65061708379d6,L08 Conrad,Conrad_Outro_3,33,Kobold,<size=70%><i> うわ、ドラゴンとデートの約束しちゃった。
cf78ef26075ae223,L08 Conrad,Conrad_Outro_3,34,Kobold,はい！ ゲートを開けてきますね。
6b8aa4fb55221728,L08 Conrad,Conrad_Outro_3,35,Conrad,ん？
c395eb5878798c08,L08 Conrad,Conrad_Outro_3,36,Kobold,あっ！ 何でもないです。ゲートを開けてきますね。
102e28eb7d17c7dd,L08 Conrad,Conrad_Outro_3,37,Conrad,お、そうか。ありがとな。
ca518354e1f14735,L08 Conrad,Conrad_Outro_3,38,Conrad,おう、ありがとな。
# --- cum: Conrad_finished_jerkoff_3 ---
5dffcc40132f0ec4,L08 Conrad,Conrad_finished_jerkoff_3,11,Conrad,さて、マウントが気になってきたぜ……
45c2b89acdcfd55d,L08 Conrad,Conrad_finished_jerkoff_3,12,Conrad,試させてくれ！
57725c300be82fa5,L08 Conrad,Conrad_finished_jerkoff_3,13,Kobold,あ、わかりました。取ってきますね。
1976e7477a26b680,L08 Conrad,Conrad_finished_jerkoff_3,14,Kobold/Ryan,もちろん！
9e50b8e48f012f1f,L08 Conrad,Conrad_finished_jerkoff_3,15,Conrad,最高だぜ
# --- mount_start: Conrad_placed_mount_3 ---
b9778eb1fe076168,L08 Conrad,Conrad_placed_mount_3,1,Conrad,はっ！ マウントがあるじゃねえか！
86b1b615d536c6c9,L08 Conrad,Conrad_placed_mount_3,2,Conrad,でぇ<size=90%>ぇ<size=80%>ぇ<size=70%>ぇ<size=60%>ぇ……<size=100%>俺は汚れてねえ。けど<i>〜エロい意味で汚れてる〜</i>ってわかるだろ？
449244744c8bbd8a,L08 Conrad,Conrad_placed_mount_3,3,Kobold,つまり、そのためだけに来たんですか……
f8c28806b84cad3d,L08 Conrad,Conrad_placed_mount_3,4,Kobold,ええ。そんなに高くなかったですよ。
cd4ecc87775c0780,L08 Conrad,Conrad_placed_mount_3,5,Conrad,何かヤって、ついでに手コキしてもらえりゃ最高だな。
01e3f480dfe7930d,L08 Conrad,Conrad_placed_mount_3,6,Conrad,手コキしてもらって、このマウントをヤるんだ。
7f9240260973e0ce,L08 Conrad,Conrad_placed_mount_3,7,Kobold,ずいぶん……直球ですね。
e0b48878cb57c01f,L08 Conrad,Conrad_placed_mount_3,8,Conrad,当然だろ！ 俺はすげえ……
1bd882b6a6343777,L08 Conrad,Conrad_placed_mount_3,9,Conrad,いいね。
557321787688acff,L08 Conrad,Conrad_placed_mount_3,11,Conrad,とにかく。今からこいつを使うぜ！
78e9c032e409d82d,L08 Conrad,Conrad_placed_mount_3,12,Conrad,はっ、いいな。こいつの初使用といくか！
# --- mount_finish: Conrad_finished_mount_3 ---
81b18a3cc2f69ea7,L08 Conrad,Conrad_finished_mount_3,1,Conrad,ふぅー。
748b06c5c3f0552b,L08 Conrad,Conrad_finished_mount_3,2,Conrad,今のは。
e92da2c203110197,L08 Conrad,Conrad_finished_mount_3,3,Conrad,今のは<i>よかった</i>ぜ。
bcd00a8f7b94c7f1,L08 Conrad,Conrad_finished_mount_3,4,Kobold,すごい勢いでしたね。
67d7d2492d388d84,L08 Conrad,Conrad_finished_mount_3,5,Kobold,楽しんでたみたいですね。
65e7a40050eb4acf,L08 Conrad,Conrad_finished_mount_3,6,Conrad,いつだって楽しんでるぜ〜
5c9126f1405a306c,L08 Conrad,Conrad_finished_mount_3,7,Conrad,当たり前だろ、最高だったぜ！
d45c21a765584d3b,L08 Conrad,Conrad_finished_mount_3,8,Kobold,よかったです……で、次は？
ae7bb31b012d1f51,L08 Conrad,Conrad_finished_mount_3,9,Conrad,次は、第2ラウンドだ！
18b0b44df315e792,L08 Conrad,Conrad_finished_mount_3,10,Kobold,また……？
f395d053e5dcf326,L08 Conrad,Conrad_finished_mount_3,11,Conrad,いやいや、お前は認定洗い師だろ？
5117686f8d936e47,L08 Conrad,Conrad_finished_mount_3,12,Conrad,つまり手を使う技を知ってるってことだ！
a441237f7aea8d53,L08 Conrad,Conrad_finished_mount_3,13,Kobold,うわ。<size=70%>わかりました。
d2e773775c5bf598,L08 Conrad,Conrad_finished_mount_3,14,Kobold,はい。取りかかりますね。
d126a37255fb8144,L08 Conrad,Conrad_finished_mount_3,15,Conrad,はっ。ああ。<size=70%><i>洗い屋の学校でドラゴンの抜き方を習うってのは、いいことだよな……
fba1924f5f79713e,L08 Conrad,Conrad_finished_mount_3,16,Conrad,まあ、俺の全部に手を回せるか、お手並み拝見だな。
# --- mount_finish: Conrad_OutroDirty ---
9b363afaa9dc8a5f,L08 Conrad,Conrad_OutroDirty,1,Conrad,まだ汚れたまんまだぞ！
44aa54eec876d22e,L08 Conrad,Conrad_OutroDirty,2,Kobold,あっ、ごめんなさい
85d8ae405abc5722,L08 Conrad,Conrad_OutroDirty,3,Kobold,おっと
# --- mount_finish: Conrad_OutroSoapy ---
d7bb84bfc322967e,L08 Conrad,Conrad_OutroSoapy,1,Conrad,まだ泡だらけだぞ！
# --- mount_finish: ErrorHasOccurred ---
9241fa9324783298,L08 Conrad,ErrorHasOccurred,1,ErrorHasOccurred,あーもう、何かおかしくなった
fbc99d34c317d087,L08 Conrad,ErrorHasOccurred,2,ErrorHasOccurred,これが見えたら nael に知らせるか、バグ報告を送ってください
be7e08152c8d1556,L08 Conrad,ErrorHasOccurred,3,ErrorHasOccurred,ごめん！
# --- mount_finish: Conrad_Outro | if $conrad_jerked_off_3 $conrad_used_mount_3 ---
c571db95fc1e4f78,L08 Conrad,Conrad_Outro,4,Conrad,あぁ、すっかり綺麗になって、身も軽くなったぜ。
e374c1b3adfa0cf8,L08 Conrad,Conrad_Outro,5,Conrad,ありがとな、じゃあまた明日だ。

# ===== Level 9: Alexander (Sunny) =====
# --- intro: Alexander_3_intro ---
36cd0d2b83086eeb,L09 Alexander,Alexander_3_intro,1,Alexander/Conrad,どうも。
bc15783521246457,L09 Alexander,Alexander_3_intro,2,Kobold/Alexander,アレクサンダー！
3cbf350078abb1bf,L09 Alexander,Alexander_3_intro,3,Kobold,あ、おかえりなさい！
516ad83185e96dfb,L09 Alexander,Alexander_3_intro,4,Alexander,ははは、ええ。お会いできて嬉しゅうございます。
f1d9c9797985d9a2,L09 Alexander,Alexander_3_intro,5,Alexander,戻って来られて嬉しゅうございます。
9f59b5e841a0d2ad,L09 Alexander,Alexander_3_intro,6,Alexander,どうやらインクまみれになってしまったようでして！
fda3c419d5174cb2,L09 Alexander,Alexander_3_intro,7,Alexander,実にひどいものでございましょう？
b5d76009b084e709,L09 Alexander,Alexander_3_intro,8,Kobold,まあ、そのために私がいるんですから！
4f921c2b968fe884,L09 Alexander,Alexander_3_intro,9,Kobold,わあ、本当にべったりですね！
256ae0739ddd2dbc,L09 Alexander,Alexander_3_intro,10,Alexander,いかにも！ 今や私を洗ってほしいと思うコボルドは、貴殿だけでございます。
f114f26d23d53dc1,L09 Alexander,Alexander_3_intro,11,Kobold,わあ、ありがとうございます、アレクサンダー。
1f01b93ae3777189,L09 Alexander,Alexander_3_intro,12,Kobold,専属の洗い師さんはどうしたんですか？
92b7fef7172975fa,L09 Alexander,Alexander_3_intro,13,Alexander,当然でございます！ 貴殿は立派な店を営んでおられる。
df2a4df0381808af,L09 Alexander,Alexander_3_intro,14,Alexander,ご心配には及びません。洗い師組合は……私より力がございますので。
1bdc19a56262fbc5,L09 Alexander,Alexander_3_intro,15,Alexander,<size=70%>彼らには今も給金を払っております。
b0134babb7e75550,L09 Alexander,Alexander_3_intro,16,Alexander,お気に入りのコボルドに会う、なかなか良い口実でございます。
7d926d6395419270,L09 Alexander,Alexander_3_intro,17,Kobold,わあ……ありがとうございます！
6ad0fe6dcc2efa30,L09 Alexander,Alexander_3_intro,19,Alexander,当然でございます、貴殿は立派な店を営んでおられますので。
f38b3b8fcf6bf031,L09 Alexander,Alexander_3_intro,20,Alexander,何か？ 心からの賛辞に害はございませんでしょう！
350955b9410d95a5,L09 Alexander,Alexander_3_intro,21,Kobold,アレクサンダーがそんなに汚れるタイプだとは思いませんでした！
3cf6fd8e7e50386c,L09 Alexander,Alexander_3_intro,22,Kobold,どうしてインクまみれなんですか？
5d2cee363540fc7a,L09 Alexander,Alexander_3_intro,23,Alexander,私は……ふむ。
26b3089f5ee4a463,L09 Alexander,Alexander_3_intro,24,Alexander,<i>おそらく</i><i>ここへ来る途中で</i>インク壺をこぼしたのでしょう。いやはや、不注意でございました！
7f1cf0605a577a0a,L09 Alexander,Alexander_3_intro,25,Kobold,「おそらく」「来る途中で」？ ということは、前はインクまみれじゃなかったんですね……
b356a126e4318643,L09 Alexander,Alexander_3_intro,26,Alexander/Kobold/Ryan,おや。
cd5592e5e3140daa,L09 Alexander,Alexander_3_intro,27,Alexander,……そうでございますな。
2a0200c46ee1b662,L09 Alexander,Alexander_3_intro,29,Alexander,正直に申しますと、ここへ来るために汚れたのでございます。
b4d680dde83d7847,L09 Alexander,Alexander_3_intro,30,Kobold,もう。挨拶するのにインクまみれになる必要はないんですよ！
42d72aa4b0b39750,L09 Alexander,Alexander_3_intro,31,Kobold,そうなんですね！ じゃあ入ってもらわないと。ゲートを開けてきますね。
9eb8cd756595cf24,L09 Alexander,Alexander_3_intro,32,Alexander,そうでございますか？
5f9846717183dcc1,L09 Alexander,Alexander_3_intro,33,Alexander,心に留めておきましょう。何事も取引だという環境に慣れておりますので。
2ea5b920a0a9a519,L09 Alexander,Alexander_3_intro,34,Kobold,いつでも会えて嬉しいですよ。ゲートを開けてきますね。
# --- progress: Alexander_3_required ---
a59f7f35644dcdbb,L09 Alexander,Alexander_3_required,1,Alexander,イグウィックス教授——先日、自ら燃え上がった同僚でございます。
10b4110dad07d576,L09 Alexander,Alexander_3_required,2,Alexander,彼はすでに職場復帰しております。あの件では、お世話になりました。
b8baebdff88a847f,L09 Alexander,Alexander_3_required,3,Kobold,ええ、最初は怖かったです。
a2aff5b173ae96bb,L09 Alexander,Alexander_3_required,4,Kobold,それはよかったです。彼が無事で嬉しいです。
4b29556a255aea95,L09 Alexander,Alexander_3_required,5,Alexander,幸い、自然発火による死というものは、現代社会において徹底的に抑え込まれた概念でございます。
ababfd6e7703460e,L09 Alexander,Alexander_3_required,6,Alexander,いかにも。貴殿が手を貸してくださり、幸いでした。
69f278cd5a2eb111,L09 Alexander,Alexander_3_required,7,Alexander,……誰かとこうも自由に話せるとは、奇妙なものでございます。
6221337862dcba2c,L09 Alexander,Alexander_3_required,8,Alexander,貴殿には何でも言えそうな気がいたします。
cecec36c55a564ee,L09 Alexander,Alexander_3_required,9,Kobold,何でも？
7dbde0758389bd7b,L09 Alexander,Alexander_3_required,11,Alexander,ええ。これほど率直でいられるのは、実に爽快でございます。
9bc918ab274337a8,L09 Alexander,Alexander_3_required,12,Alexander,なぜか、他の誰の言葉よりも誠実に感じられるのでございます。
35af415ffcb7f757,L09 Alexander,Alexander_3_required,13,Alexander,ところで……
c66fb72552f1fa4c,L09 Alexander,Alexander_3_required,14,Alexander,ひとつ質問がございます。
bbff7b98d6da7061,L09 Alexander,Alexander_3_required,15,Kobold,何でしょう？
834032dfb827138e,L09 Alexander,Alexander_3_required,16,Kobold,どうしました？
71291e2e0c7ce300,L09 Alexander,Alexander_3_required,17,Alexander,<i>私に</i>質問をしていただけませんかな？
c8ac7dce03b1b9b7,L09 Alexander,Alexander_3_required,18,Kobold,どういうことですか？
10f232e68c0c0443,L09 Alexander,Alexander_3_required,19,Kobold,どんな質問ですか？
5956cbc43e2c8c2b,L09 Alexander,Alexander_3_required,20,Alexander,ただ、貴殿から私に質問をしていただきたいのです。どんな質問でも。
7bf3b1fff483809e,L09 Alexander,Alexander_3_required,21,Alexander,何でも構いません。ただ、興味があるのでございます。
# --- progress: Alexander_questions ---
9da08a79c3f86ee0,L09 Alexander,Alexander_questions,1,Kobold,教えるってどんな感じですか？
337d9f85511815eb,L09 Alexander,Alexander_questions,2,Kobold/Alexander,紫色は好きですか？
70523c9a506d9676,L09 Alexander,Alexander_questions,3,Kobold,大きいのは好きですか？
3fbd83d375d6fa05,L09 Alexander,Alexander_questions,4,Kobold,7という数字はどんな味ですか？
767b6d6bdc5b806a,L09 Alexander,Alexander_questions,5,Kobold,私のことをどう思いますか？
8ed9fdad93b0f690,L09 Alexander,Alexander_questions,6,Kobold,幸せですか？
e5263ec7185a5166,L09 Alexander,Alexander_questions,7,Kobold,その紋章、かっこいいですね。何なんですか？
bc116106c2929c42,L09 Alexander,Alexander_questions,8,Kobold,聞きたいのはそれだけです。
a04d5511812a415b,L09 Alexander,Alexander_questions,9,Alexander,私の夢でございます。
6861f7c274e3de2c,L09 Alexander,Alexander_questions,10,Alexander,かくも多くの者たちの暮らしに、良い形で関われることを楽しんでおります。
8743d170a315e668,L09 Alexander,Alexander_questions,11,Alexander,……彼らがどれほど私を仰ぎ見ているかを思うと、気後れいたしますが。
7aebce70febcfb8c,L09 Alexander,Alexander_questions,12,Alexander,物理的な意味だけではなく、でございます。
0ad864ff0c0b3f21,L09 Alexander,Alexander_questions,13,Kobold,どんな授業を教えてるんですか？
24244e96851180ca,L09 Alexander,Alexander_questions,14,Kobold,いいお手本になってますよ。
f58328ac8301872f,L09 Alexander,Alexander_questions,15,Alexander,主に錬金術。時折、世界史でございます。
771e997edf959694,L09 Alexander,Alexander_questions,16,Alexander,社会科学にも手を広げようとしておりましてな。
9986ef8860d34d9e,L09 Alexander,Alexander_questions,17,Alexander,それこそが恐ろしいのでございます。
e947bbc260ec1dad,L09 Alexander,Alexander_questions,18,Alexander,貴殿のそばでは失敗を恐れずにいられる、それが喜ばしいのです。
818a4fe04a76ce19,L09 Alexander,Alexander_questions,19,Alexander,私がラベンダー色だからお尋ねに？
54a1b0b8e5f6fa32,L09 Alexander,Alexander_questions,20,Kobold,はい。
046427d028c69e4b,L09 Alexander,Alexander_questions,21,Kobold,いいえ。
b849ed1e855cd6f5,L09 Alexander,Alexander_questions,22,Alexander,ええ、あの色は好みでございます。ですが、私の体色とは無関係かと。
bbb1e1b8cec716b3,L09 Alexander,Alexander_questions,23,Alexander,あの色は好みでございます。とはいえ、私の体色とは無関係かと存じますが。
line:ef052302,L09 Alexander,Alexander_questions,24,Alexander,貴殿は紫色がお好きですかな？
525ba3c4a2511183,L09 Alexander,Alexander_questions,27,Alexander,おや。結構。
3885f7429496059d,L09 Alexander,Alexander_questions,29,Alexander,おや。承知いたしました。
8133434681c5d0c2,L09 Alexander,Alexander_questions,31,Alexander,答えるのが難しい質問でございますな。
a3e6072e41a2ff07,L09 Alexander,Alexander_questions,32,Alexander,楽しんでいる部分もございます。敬意を払われるのは心地よい……
b1ca0efdea534b71,L09 Alexander,Alexander_questions,33,Alexander,しかしながら、その敬意には見た目どおりに振る舞えという期待が伴うのです。途方もなく気が重うございます。
186edb7d24ea9459,L09 Alexander,Alexander_questions,34,Kobold,私の前では好きなように振る舞っていいんですよ。
1a6be1fd03e5ae6f,L09 Alexander,Alexander_questions,35,Kobold,私はありのままのアレクサンダーが好きですよ。
08063aff652b7108,L09 Alexander,Alexander_questions,36,Alexander,なんとご親切なお言葉で。
4f9390dd28090827,L09 Alexander,Alexander_questions,37,Alexander,もっと心を開きたいのです。心地よいものでございますから。
b38834ce4594ad5c,L09 Alexander,Alexander_questions,38,Alexander,黄色いライム。
5f6bb166b079c336,L09 Alexander,Alexander_questions,39,Kobold,まさか。
aac4af2b645cf88e,L09 Alexander,Alexander_questions,40,Kobold,それって……レモンですか？
0ee250681eda1a08,L09 Alexander,Alexander_questions,41,Alexander,「まさかではございません」。これほど確信していることは他にございませんぞ。
b83a1658171971d7,L09 Alexander,Alexander_questions,42,Alexander,いいえ。黄色い、ライムでございます。
a87e0094e62cb429,L09 Alexander,Alexander_questions,43,Kobold,教授はアレクサンダーですからね。きっと正しいんでしょう。
e154199e27c1d4a3,L09 Alexander,Alexander_questions,45,Alexander,それは権威に訴える論証の誤謬でございます。ですが、ええ。私が正しい。
0c137b35abd3f637,L09 Alexander,Alexander_questions,47,Alexander,貴殿は……
d4efe0db738b52b5,L09 Alexander,Alexander_questions,48,Alexander,異例の存在でございます。
55c3e5daec20a64d,L09 Alexander,Alexander_questions,49,Kobold,えっ？
2c291db1ddbe2b9d,L09 Alexander,Alexander_questions,50,Kobold,それって、いいことですか……？
df2bc10ba434d57e,L09 Alexander,Alexander_questions,51,Alexander,唯一無二、という意味でございます。
019d328b739d99e6,L09 Alexander,Alexander_questions,52,Kobold,いい意味で？
c2667b3b3dc54c1a,L09 Alexander,Alexander_questions,53,Kobold,悪い意味で？
4f9b4a3cd9b0261a,L09 Alexander,Alexander_questions,54,Alexander,もちろんでございます！ 貴殿は素晴らしい。
ebb1884c75b23e27,L09 Alexander,Alexander_questions,55,Alexander,星々にかけて！ いえいえ。貴殿は見事なお方でございます。
3b2c32e616b24822,L09 Alexander,Alexander_questions,56,Alexander,いかにも。そばにいて実に心地よいお方でございます。
7e6a62b6d8659273,L09 Alexander,Alexander_questions,57,Alexander,私に求めるものがただひとつ、というお方に出会ったのは、貴殿が初めてでございます。すなわち……
c48241cd21bb0d91,L09 Alexander,Alexander_questions,58,Alexander,私自身であること。
5a4d28241178ab01,L09 Alexander,Alexander_questions,59,Alexander,幸せでございます。
216bb6e650af4cfc,L09 Alexander,Alexander_questions,60,Alexander,それは貴殿のおかげでもあると、信じております。
91ff270d6aaba6a4,L09 Alexander,Alexander_questions,61,Kobold,でも、私はただの洗い師ですよ？
f06f453ab3d6251f,L09 Alexander,Alexander_questions,62,Kobold,とても優しいですね。
8c2bdfa25fbde4ed,L09 Alexander,Alexander_questions,63,Alexander,承知しております。ですが、誰かに心を開けるということは、たとえ時折でも——
61639ef55caefda4,L09 Alexander,Alexander_questions,64,Alexander,奇跡のような効き目がございます。
22c1ab2eb72e5b44,L09 Alexander,Alexander_questions,66,Alexander,誰かに心を開けるということは、たとえ時折でも……
439d8da114ab9162,L09 Alexander,Alexander_questions,68,Alexander,そのことに、感謝いたします。
33d3f6495bad4d3c,L09 Alexander,Alexander_questions,69,Alexander,おや、私の頭の周りの紋章でございますか？
91d69b4f1f9739cb,L09 Alexander,Alexander_questions,70,Alexander,体の一部だと思う者が多うございますが。
dd0f2ff5e303f61a,L09 Alexander,Alexander_questions,71,Alexander,実は装飾品でございます！ 我が一族の紋章でして。つまり……
7271f9e9b21e5401,L09 Alexander,Alexander_questions,72,Alexander,ドラゴンの歴史は複雑でございます。装飾的な紋章は<size=85%>しばしば<size=70%>ドラゴンが身につけ、<size=55%>どの一族に属するかを示すのです！ <size=40%>文化的・<size=35%>家族的な伝統を表す興味深い印でございまして。私も自分のものを着け続けるべきか、幾度も考えたものです。<size=20%>しかしドラゴンの伝承においては、文化と家族の絆は重要とされております！ ゆえに私はそれに従わねばなりません。<size=10%>水。土。火。気。遠い昔、四つの国は調和のうちに共存していた。だが火の国が攻めてきて、すべてが変わった。
line:e90fee8e,L09 Alexander,Alexander_questions,73,Kobold,へえ。
0006b6926947b91b,L09 Alexander,Alexander_questions,74,Kobold,もう一度言ってもらえますか？
b6d573339ec0b66b,L09 Alexander,Alexander_questions,75,Alexander,ああ、失礼、こうした事柄には熱が入ってしまいましてな。
9909f3ea3dffb93e,L09 Alexander,Alexander_questions,76,Alexander,私の紋章を気に入っていただけて、何よりでございます。
e5bccc3a053371ce,L09 Alexander,Alexander_questions,77,Alexander,……いいえ
# --- progress: Alexander_3_required_end | if $has_asked_question ---
c225b2626bb24d2c,L09 Alexander,Alexander_3_required_end,1,Alexander,お尋ねいただき、感謝いたします。個人的な質問をされるというのは、楽しいものでございますな。
# --- jerkoff: Alexander_3_JerkOff_Start ---
8342e51e14980481,L09 Alexander,Alexander_3_JerkOff_Start,1,Alexander,おやまあ——貴殿がこれほど……手ずから、とは思いませんでした
ce664ef00487ef78,L09 Alexander,Alexander_3_JerkOff_Start,2,Alexander,<size=70%><i>どうぞお続けを——</i>
# --- cum: Alexander_3_Cum ---
85503a54fcc74839,L09 Alexander,Alexander_3_Cum,1,Alexander,うぅ。い、今のは……いささか品位に欠けましたな。
afa89c59eece65b9,L09 Alexander,Alexander_3_Cum,2,Alexander,<size=70%><i>ですが心地よかった……感謝いたします。
# --- outro: Alexander_3_Outro ---
d96b34ffac75e750,L09 Alexander,Alexander_3_Outro,1,Alexander,<i>ピカピカ</i>でございます。
6dae153117be9e8a,L09 Alexander,Alexander_3_Outro,2,Kobold,洗い残しはしませんから。
941f66ab23bc1b9b,L09 Alexander,Alexander_3_Outro,4,Alexander,重々承知しております。念入りな洗浄には独特の感触がございますからな！
4598878b44333749,L09 Alexander,Alexander_3_Outro,5,Alexander,そう言ってもらえると嬉しいです。
7ea92f17440d2fae,L09 Alexander,Alexander_3_Outro,6,Alexander,また参ります。貴殿を友に持てるとは、喜ばしいことでございます。
7bbef8475c6cdff7,L09 Alexander,Alexander_3_Outro,7,Kobold,またすぐにお会いできるのを楽しみにしてますね。
17d54d35bc089567,L09 Alexander,Alexander_3_Outro,8,Kobold,ここで寛いでもらえて嬉しいです。

# ===== Level 10: Ryan (Sunny) | ends PicnicCompleted =====
# --- intro: Ryan_4_intro ---
379060351b7eda00,L10 Ryan,Ryan_4_intro,1,Ryan,<b><i><size=130%>ライアンをコンラッドに紹介しましたか？
8a798890fe938171,L10 Ryan,Ryan_4_intro,2,Kobold,はい
9390298f3fb0c5b1,L10 Ryan,Ryan_4_intro,3,Kobold,いいえ
578f5563ae25f1ce,L10 Ryan,Ryan_4_intro,4,Kobold,わあ……口にくわえてるの、何ですか？
c03386d6c9efb92a,L10 Ryan,Ryan_4_intro,5,Kobold,ライアン、それ何を持ってるんですか？
d85dcd17cab55fde,L10 Ryan,Ryan_4_intro,6,Ryan,ピクニックバフケット——
b9c2f8ae41c83ebe,L10 Ryan,Ryan_4_intro,7,Ryan,うまく喋れにゃい。
696058e475fae76a,L10 Ryan,Ryan_4_intro,8,Ryan,入れてくれる？
1f843189eaccc2b6,L10 Ryan,Ryan_4_intro,9,Kobold,あっ！ はい。ゲートを開けてきますね！
9cc8b0255238b35e,L10 Ryan,Ryan_4_intro,10,Kobold,了解です、すぐに開けてきます。
1facde273315d636,L10 Ryan,Ryan_4_intro,11,Ryan,ありがとっ！
# --- picnic: Ryan_egg_dialog | if $food_number ---
ff7696a47d0cd4ed,L10 Ryan,Ryan_egg_dialog,1,Kobold,えええ、あの卵、飾りだと思ってました。
76dddaed85a8d844,L10 Ryan,Ryan_egg_dialog,2,Kobold,あれ、何の卵だったんですか？
9fe69182b150b8b1,L10 Ryan,Ryan_egg_dialog,3,Ryan,えっ？ まさか、違うよ！
f5d2571561dba2b0,L10 Ryan,Ryan_egg_dialog,4,Ryan,ああ。丸呑みするのに慣れてないんだね。
718beb6db0dae659,L10 Ryan,Ryan_egg_dialog,5,Ryan,それが一番おいしい食べ方なんだよ！
c03f60d1d7bd67e5,L10 Ryan,Ryan_egg_dialog,6,Ryan,えっと……
4a7cf2bb1bd01e0b,L10 Ryan,Ryan_egg_dialog,7,Ryan,青い……やつ？
640cee0646ecb66c,L10 Ryan,Ryan_egg_dialog,8,Ryan,よくわからないんだ。WingCoで安売りしてたやつでさ。
f887a50c6f7d1edc,L10 Ryan,Ryan_egg_dialog,9,Ryan,でも、すごくおいしかったよ！
# --- picnic: ryan_food_dialogue ---
8b555a411ea346ec,L10 Ryan,ryan_food_dialogue,1,Ryan,それでね……自分の恋愛のことを考えてたんだ。
03e1d33ec4a7f6e8,L10 Ryan,ryan_food_dialogue,2,Kobold,どんなところが？
f1676448791feef6,L10 Ryan,ryan_food_dialogue,3,Ryan,その、これからの恋愛のことをね。
9d2e28c9ae2ed8b4,L10 Ryan,ryan_food_dialogue,4,Ryan,ちょっとわくわくしてるんだ。
91b32d6180935501,L10 Ryan,ryan_food_dialogue,5,Kobold,だってライアンは、最高の相手ですから。
e5d632fba39e2f0f,L10 Ryan,ryan_food_dialogue,6,Kobold,私も楽しみです！
d228097b23b352e6,L10 Ryan,ryan_food_dialogue,7,Ryan,もう、君ったら。照れちゃうよ。
d94d7310f7d31a45,L10 Ryan,ryan_food_dialogue,9,Ryan,新しい出会いが、本当に楽しみなんだ。
1121175da09c0008,L10 Ryan,ryan_food_dialogue,10,Ryan,さて、もっと食べる？
6ebac8131d5267ac,L10 Ryan,ryan_food_dialogue,11,Ryan,うーん……
d2c7e6789d89f523,L10 Ryan,ryan_food_dialogue,13,Ryan,考えてたんだけど。
67c0ce6aff865e1c,L10 Ryan,ryan_food_dialogue,14,Ryan,今の自分の輪の外にいる相手を見つけるのって、難しいんだよね。
d7f23a9907b74860,L10 Ryan,ryan_food_dialogue,15,Ryan,周りのみんなは大好きだけど、そこには色々しがらみがあってさ。
99daac47d7b305f6,L10 Ryan,ryan_food_dialogue,16,Ryan,わかる？
1b4b607607b8c988,L10 Ryan,ryan_food_dialogue,17,Kobold,なるほど。
dfcb7cbdb552d8f5,L10 Ryan,ryan_food_dialogue,18,Kobold,別れた後なら、そう感じるのもわかりますよ。
f574c59b56179de8,L10 Ryan,ryan_food_dialogue,19,Ryan,うん、別れてからずっと、何か新しいものを探してるんだ。
0febbd04cce87646,L10 Ryan,ryan_food_dialogue,20,Ryan,誰か新しい相手、かな？
b7fca6004f2d5325,L10 Ryan,ryan_food_dialogue,22,Ryan,うん。ああいうことがあった後だと、付き合いをほどくのは難しいよ。
8da113ef266e587f,L10 Ryan,ryan_food_dialogue,23,Ryan,やる気はあるんだ。でも、何か新しいものがほしくて。
baf0df26ea4f2e81,L10 Ryan,ryan_food_dialogue,24,Ryan,誰か新しい相手が……
03ccd297eb346729,L10 Ryan,ryan_food_dialogue,25,Ryan,……さっき言ったことなんだけど。
1032684d93c794bf,L10 Ryan,ryan_food_dialogue,26,Kobold,はい？
ace8c62e60ec2197,L10 Ryan,ryan_food_dialogue,27,Ryan,誰か話せる相手を知らない？ その……恋愛のこととかで。
0a7119cfe1246546,L10 Ryan,ryan_food_dialogue,28,Kobold,"<gradient=""gold""><b>赤いドラゴンを一竜知ってますよ。きっと気に入ると思います！ </b></gradient><size=70%>（ライアンとコンラッドを引き合わせます！）"
4a3b65400e54f8ff,L10 Ryan,ryan_food_dialogue,29,Kobold,"<gradient=""gold""><b>あ。えっと。<size=70%> 私でよければ……その「誰か」に。 </b></gradient><size=70%>（ライアンとのロマンスが確定します！）"
bb7a6be711206298,L10 Ryan,ryan_food_dialogue,30,Kobold,"<gradient=""gold""><b>すぐには思いつきませんね。</b></gradient><size=70%>（コンラッドとのロマンスが確定します！）"
a6a744d6d60ec400,L10 Ryan,ryan_food_dialogue,31,Ryan/Alexander/Kobold,おや？
line:1d491283,L10 Ryan,ryan_food_dialogue,31,Ryan,えっ？
cbe8e4adc9ca52df,L10 Ryan,ryan_food_dialogue,32,Ryan,誰なの？
ca545deecbd9950d,L10 Ryan,ryan_food_dialogue,33,Kobold,うちに来る、すっごく可愛い赤いドレイクなんです！
4a94ef80ae21582a,L10 Ryan,ryan_food_dialogue,34,Kobold,赤いドラゴンですよ。お二竜、気が合うと思います！
0ea02ee3f0c5673d,L10 Ryan,ryan_food_dialogue,35,Ryan,ああ！ 見かけたことあるかも。あの小さい子だよね？
58b69c47fed8b38f,L10 Ryan,ryan_food_dialogue,36,Kobold,本人は「縦に小さい」って言い方が好みですけど……ええ。
3ae2d547c997ca01,L10 Ryan,ryan_food_dialogue,37,Kobold,ええ！ 彼も新しい出会いを探してるんです。
474246952e0d1e50,L10 Ryan,ryan_food_dialogue,38,Ryan,へえ……
ed2ece6040ec8b40,L10 Ryan,ryan_food_dialogue,39,Ryan,それ、すごく可愛いね。
c0fb8d4f93270198,L10 Ryan,ryan_food_dialogue,40,Ryan,わあ、素敵だ。僕たち似てるみたいだね。
82767de7e3e22a4a,L10 Ryan,ryan_food_dialogue,41,Ryan,会ってみたいな！
b423c91f4f75add4,L10 Ryan,ryan_food_dialogue,42,Kobold,じゃあ、お二竜を引き合わせますね。
80c500f9c426d4cc,L10 Ryan,ryan_food_dialogue,43,Kobold,楽しみです。お二竜を引き合わせますね！
ec786c9a7656b0f9,L10 Ryan,ryan_food_dialogue,45,Ryan,僕もだよ、ありがとう！
line:3b6d644d,L10 Ryan,ryan_food_dialogue,46,Ryan,あ。
028dbc8d077c611f,L10 Ryan,ryan_food_dialogue,47,Ryan,<i>ああ……
ae590830c4c03fd1,L10 Ryan,ryan_food_dialogue,48,Ryan,君にも、その「誰か」になってほしいな。
b4066b4e58df8005,L10 Ryan,ryan_food_dialogue,49,Kobold,じゃあこれって……初デートですか？
8c7e5a49ec8fd685,L10 Ryan,ryan_food_dialogue,50,Kobold,正直に言うと、前からライアンのこと、気になってたんです。
710ea0057247cb51,L10 Ryan,ryan_food_dialogue,51,Ryan,そうなるかな！
de4d091acdb6059c,L10 Ryan,ryan_food_dialogue,52,Ryan,本当？ わあ、すごく嬉しいな。
35e3561cd36f36d6,L10 Ryan,ryan_food_dialogue,53,Ryan,誰かにこんなに簡単に好きになってもらえるなんて、知らなかったよ。
f05160456925af3f,L10 Ryan,ryan_food_dialogue,54,Ryan,ところで、君って可愛いね。
a01d64fcb9d7d3a5,L10 Ryan,ryan_food_dialogue,55,Kobold,はい。<size=90%>あ——<size=80%>その。私は……<size=70%>はは。ええ。はい！
65691ff38c85e57c,L10 Ryan,ryan_food_dialogue,56,Kobold,ライアンもですよ！
d323e565ed8ea749,L10 Ryan,ryan_food_dialogue,57,Ryan,慌てさせるつもりはなかったんだ！
145e6a2d848267cb,L10 Ryan,ryan_food_dialogue,58,Ryan,ただ……嬉しくて。
0cc014df7d89d3e1,L10 Ryan,ryan_food_dialogue,59,Ryan,わあ、ありがとう。こんなに綺麗なのは君が洗ってくれるおかげだよ！
eea7bdf3ab3f251c,L10 Ryan,ryan_food_dialogue,60,Ryan,僕……嬉しいな。
d619413abc4a1de1,L10 Ryan,ryan_food_dialogue,61,Ryan,大丈夫ですよ！
c2acc8d962a0c936,L10 Ryan,ryan_food_dialogue,62,Ryan,君はどうなの？ 誰かと会ったりしてる？
2374bdd10aea40ba,L10 Ryan,ryan_food_dialogue,63,Kobold,コンラッドっていう赤いドラゴンがいるんです。彼は……血の気が多いけど、可愛いんですよ。
58a5e5a5a9482e96,L10 Ryan,ryan_food_dialogue,64,Kobold,ええ！ コンラッド、彼は愛らしいんです。本人はそう言われるの嫌がるでしょうけど。
3d14bcafbc3f21c6,L10 Ryan,ryan_food_dialogue,65,Ryan,あ、それって少し前に来てた、あの小さいドレイクだよね？
882d8b921688234c,L10 Ryan,ryan_food_dialogue,66,Kobold,ちょっと！ 彼はその……「縦に小さい」だけです。
1ce76f0141c9f53b,L10 Ryan,ryan_food_dialogue,67,Kobold,ええ！ 彼です。
eeedcdd5eaa13110,L10 Ryan,ryan_food_dialogue,68,Ryan,あ、ごめん。
dcfc67b1e58c5a49,L10 Ryan,ryan_food_dialogue,69,Ryan,可愛い子みたいだね！
94ff2c4b836f0aef,L10 Ryan,ryan_food_dialogue,70,Ryan,素敵だね、可愛い子だ！
abe281ce74304803,L10 Ryan,ryan_food_dialogue,71,Ryan,ねえ、その、改めてありがとう。
9144d5ad20e5a9e8,L10 Ryan,ryan_food_dialogue,72,Kobold,いいんですよ！ コンラッドに会うのが待ちきれませんね。
e39b086d1bff71b1,L10 Ryan,ryan_food_dialogue,73,Kobold,いえ、こちらこそ。私……本当に楽しみです。
1f50e1361eaeacbf,L10 Ryan,ryan_food_dialogue,74,Kobold,もちろん！ 食べ物、ありがとうございました。
489184ee3c2573f9,L10 Ryan,ryan_food_dialogue,75,Ryan,はは、うん。楽しそうな子だね。
28f3547a6af39629,L10 Ryan,ryan_food_dialogue,76,Ryan,どうなったか、ちゃんと報告するね？
fcd75c87b326482c,L10 Ryan,ryan_food_dialogue,77,Kobold,聞くのが楽しみです！
a66a9f98f63d5aaf,L10 Ryan,ryan_food_dialogue,78,Kobold,ええ。お二竜、お似合いになりますよ。
39619dc71b15dfde,L10 Ryan,ryan_food_dialogue,79,Ryan,楽しかったな……
b2d03d0e5222d95c,L10 Ryan,ryan_food_dialogue,80,Ryan,またすぐ会おうね？
17c800776b082018,L10 Ryan,ryan_food_dialogue,81,Kobold,ぜひ！ ゲートを開けてきますね。
56372773e401e131,L10 Ryan,ryan_food_dialogue,82,Kobold,ええ！ 食べ物ありがとうございました。ゲートを開けてきますね。
97cffb9a377004b2,L10 Ryan,ryan_food_dialogue,83,Ryan,うん……コボルドとデートしたことなんて、なかったんだ。
50ce0561192b6b01,L10 Ryan,ryan_food_dialogue,84,Ryan,でももう、すごく気に入ってるのはわかるよ。
e823adcc22fd50c2,L10 Ryan,ryan_food_dialogue,85,Kobold,ライアンのこと、すごく好きです。
62e851c911a254bb,L10 Ryan,ryan_food_dialogue,86,Kobold,ええ、本当に楽しかったです。
773c0ce37ffbb546,L10 Ryan,ryan_food_dialogue,87,Ryan,へへ。うん。僕も君が好きだよ。
1c6058ce1c7242cf,L10 Ryan,ryan_food_dialogue,88,Ryan,本当にね。君って素敵だよ。
32e4e8851f8ac398,L10 Ryan,ryan_food_dialogue,89,Ryan,一緒に食べてくれてありがとう……
0a94f0c3b65c425c,L10 Ryan,ryan_food_dialogue,90,Ryan,また会えるのを楽しみにしてるよ
8c39f31ac476e20e,L10 Ryan,ryan_food_dialogue,91,Kobold,ライアンに会えるのはいつも楽しみです。ゲートを開けてきますね。
db8848bda5df285f,L10 Ryan,ryan_food_dialogue,92,Kobold,私もです！ ゲートを開けてきますね。
f0394a2181ae8df6,L10 Ryan,ryan_food_dialogue,93,Ryan,うん！ またすぐにね。
d48a9423f250312c,L10 Ryan,ryan_food_dialogue,94,Ryan,で、そのコンラッドって子、君は好きなんだね？
6eb520b95e8c6388,L10 Ryan,ryan_food_dialogue,95,Kobold,えへへ、ええ。
c97f0b6b1b436f26,L10 Ryan,ryan_food_dialogue,96,Kobold,手のかかる相手ですけど。でも、そこが好きなんです。
6525ecb4cd0f0eea,L10 Ryan,ryan_food_dialogue,97,Ryan,可愛いなあ！
6943d0645de48850,L10 Ryan,ryan_food_dialogue,98,Ryan,彼のどこが一番好きなの？
a695d517f16d1719,L10 Ryan,ryan_food_dialogue,99,Kobold,彼って、その。ものすごく立派なんです。
dbeb304df456a424,L10 Ryan,ryan_food_dialogue,100,Kobold,怒りっぽいけど、優しいところもあるんです！
3c29c25f0a23d26a,L10 Ryan,ryan_food_dialogue,101,Kobold,小さいから、目線が合うのが好きなんです。
0911d52bc2d9f70b,L10 Ryan,ryan_food_dialogue,102,Kobold,彼の……全部が好きです。
4aa9ae5f4bbb8541,L10 Ryan,ryan_food_dialogue,103,Ryan,ああ……うん、小さめのドラゴンって、その……別のところで補うからね。
7859d5c981752171,L10 Ryan,ryan_food_dialogue,104,Ryan,うんうん、そういうタイプ、知ってるよ。
d8c70d62d0457935,L10 Ryan,ryan_food_dialogue,105,Ryan,なるほどね！ うん、小さいドレイクって楽しいよね。
97a18e09f3f990c5,L10 Ryan,ryan_food_dialogue,106,Ryan,わあ……それ、すごく素敵だね
fac3f85c3c835445,L10 Ryan,ryan_food_dialogue,107,Ryan,君たちがどうなったか、教えてね！
37e125daa86112bd,L10 Ryan,ryan_food_dialogue,108,Ryan,一緒に食べてくれてありがとう、君は最高の友達だよ。
120807e0d30c65d5,L10 Ryan,ryan_food_dialogue,109,Kobold,食べ物ありがとうございました！ ゲートを開けてきますね。
94ddf87d22b36d07,L10 Ryan,ryan_food_dialogue,110,Kobold,ライアンもいい友達ですよ、ゲートを開けてきますね。
02ca8c073be8669d,L10 Ryan,ryan_food_dialogue,111,Ryan,うん、またね！
# --- picnic: Ryan_grab_basket ---
3276ca6f923e3a2e,L10 Ryan,Ryan_grab_basket,1,Ryan,べぇ。取ってくれてありがとう。
1790d1bc285d158f,L10 Ryan,Ryan_grab_basket,2,Kobold,食べ物を持ってきたんですか？
fab7cff668586c9b,L10 Ryan,Ryan_grab_basket,3,Kobold,ライアン！ なんて優しいんですか。
3f519f6990d85e4d,L10 Ryan,Ryan_grab_basket,4,Ryan,うん！ 僕たちどっちも食べられそうなものを入れてきたんだ。
38953523aa1d8dc9,L10 Ryan,Ryan_grab_basket,5,Ryan,えへへ、ありがとう。どっちも食べられそうなものを入れてきたんだ。
f44e62ce0d92a9c3,L10 Ryan,Ryan_grab_basket,6,Ryan,ただ、量がちょっと……ドラゴンサイズかもしれないけど。
dbe7ccbf37aed06a,L10 Ryan,Ryan_grab_basket,7,Kobold,どうしてこれを全部持ってきたんですか？
96082d9f598cc1db,L10 Ryan,Ryan_grab_basket,8,Kobold,そもそも洗う必要あるんですか？
5be9d07e2e19a321,L10 Ryan,Ryan_grab_basket,9,Ryan,君のために！
eea2772cf2ab51f9,L10 Ryan,Ryan_grab_basket,10,Ryan,<size=70%> あと、僕のためにも。
5da686787e870bc2,L10 Ryan,Ryan_grab_basket,11,Ryan,ううん、たぶん必要ないかな。
dfdd49c96bf70312,L10 Ryan,Ryan_grab_basket,12,Ryan,食べ物を持ってきただけなんだ！
7efd9697b321d608,L10 Ryan,Ryan_grab_basket,13,Ryan,色々してもらったから、何かいいものを持ってこようと思って。
414c0f3bb81740f3,L10 Ryan,Ryan_grab_basket,14,Ryan,迷惑じゃなかったかな？
097832ea20a37b63,L10 Ryan,Ryan_grab_basket,15,Kobold,もちろんですよ！
460dbc14c8f22914,L10 Ryan,Ryan_grab_basket,17,Ryan,よかった、嬉しいな。
6e1aac9408968a3c,L10 Ryan,Ryan_grab_basket,18,Ryan,それって大丈夫ってことだよね！ 嬉しいな。
fe3e5d4e4925ddb6,L10 Ryan,Ryan_grab_basket,19,Ryan,さて……食べる？
# --- picnic: Ryan_grapes_dialog | if $food_number ---
46ca5d912bed1dcc,L10 Ryan,Ryan_grapes_dialog,1,Kobold,あのぶどう、おいしそうでしたね。
33f099ac348159d4,L10 Ryan,Ryan_grapes_dialog,2,Kobold,ライアン、茎は食べちゃダメですよ——
174343e1e975e68b,L10 Ryan,Ryan_grapes_dialog,3,Ryan,おいしかったよ！ でも茎が一番好きな部分なんだ。
976fdc62e4cbffcf,L10 Ryan,Ryan_grapes_dialog,4,Kobold,それって……木じゃないですか？
8e4f1f66ab3b3860,L10 Ryan,Ryan_grapes_dialog,5,Kobold,食べたことないです。
d053df82397c2f86,L10 Ryan,Ryan_grapes_dialog,6,Ryan,うん、おいしいよ！
c994875a9f5c8520,L10 Ryan,Ryan_grapes_dialog,7,Ryan,でも君は食べない方がいいと思う。
025e9c74601a1a65,L10 Ryan,Ryan_grapes_dialog,8,Ryan,ドラゴンの胃は、君のよりちょっと……頑丈だからね。
b689b40a79b968df,L10 Ryan,Ryan_grapes_dialog,9,Ryan,君はやめておいた方がいいよ。
8d834797bd163119,L10 Ryan,Ryan_grapes_dialog,10,Ryan,まずはドラゴンの胃が必要だからね！
27935fd7477eba77,L10 Ryan,Ryan_grapes_dialog,11,Ryan,誰がそう決めたの？
0b71d27200d13a33,L10 Ryan,Ryan_grapes_dialog,12,Kobold,私……とか？
47252f2c75dea9ef,L10 Ryan,Ryan_grapes_dialog,13,Kobold,生物学……？ <size=70%> <i>たぶん？
5af35db6f8fe39ad,L10 Ryan,Ryan_grapes_dialog,14,Ryan,まあ……
79436a008466d243,L10 Ryan,Ryan_grapes_dialog,15,Ryan,僕はルール破りなんだ！
49e7a64aec55ff2a,L10 Ryan,Ryan_grapes_dialog,16,Ryan,心配しないで、ドラゴンは何でも食べられるようにできてるから。
5f82b968ccbb4aaa,L10 Ryan,Ryan_grapes_dialog,17,Ryan,大抵のものは消化できるんだ。
f9a3f85545840310,L10 Ryan,Ryan_grapes_dialog,18,Ryan,茎はおまけの食べ物ってわけ。
53494acb38981cff,L10 Ryan,Ryan_grapes_dialog,19,Ryan,でもぶどうって、昔から特別に食べたくなるんだよね。
77e53d1b1d33b9f0,L10 Ryan,Ryan_grapes_dialog,20,Ryan,あ、顔についちゃったみたい。おっと。
# --- picnic: Ryan_ham_dialog | if $food_number ---
cb2d2f80636d8a49,L10 Ryan,Ryan_ham_dialog,1,Kobold,ライアン、骨ごと！
523a9690a00a7803,L10 Ryan,Ryan_ham_dialog,2,Kobold,本当に丸ごと食べちゃった……わあ。
618839c9ee1f8a65,L10 Ryan,Ryan_ham_dialog,3,Ryan,むぐ——ん？
5b917e0078e6beb0,L10 Ryan,Ryan_ham_dialog,4,Ryan,ああ、そこが一番好きな部分なんだ！
7a41a3b5d6e1acf7,L10 Ryan,Ryan_ham_dialog,5,Kobold,それ、どうやって消化するんですか？
846f850b875979d4,L10 Ryan,Ryan_ham_dialog,6,Kobold,<size=60%> それ、そそりますね。
f7d4b26ff67eee38,L10 Ryan,Ryan_ham_dialog,7,Ryan,僕はドラゴンだからね。
b86257f47d85426e,L10 Ryan,Ryan_ham_dialog,8,Ryan,たぶん何でも消化できるよ。
a165524a35a75706,L10 Ryan,Ryan_ham_dialog,9,Ryan,そう？ それは覚えておこう……
db22d9512845d515,L10 Ryan,Ryan_ham_dialog,10,Ryan,それが食べ物を一番楽しむ方法なんだ。
a5af381d1ec66e2a,L10 Ryan,Ryan_ham_dialog,11,Ryan,面白いよね、二本足の君たちは、食事をじっくり味わうんだ。
180983e0a4f4e327,L10 Ryan,Ryan_ham_dialog,12,Ryan,でも、大きく一飲みするのに勝るものはないよ！
# --- picnic: Ryan_melon_dialog | if $food_number ---
e1d0d09daa3129d9,L10 Ryan,Ryan_melon_dialog,1,Ryan,今のはちょっと大きすぎたかも——
8725851a4492f86f,L10 Ryan,Ryan_melon_dialog,2,Kobold,スイカ、切りもしなかったですね。
991947f3461b26a7,L10 Ryan,Ryan_melon_dialog,3,Kobold,どんな味でした？
7d20121dc2fa0757,L10 Ryan,Ryan_melon_dialog,4,Ryan,うーん。
41f87d2c55073e29,L10 Ryan,Ryan_melon_dialog,5,Ryan,おっと。
4fafd5a0c9f29d5f,L10 Ryan,Ryan_melon_dialog,6,Ryan,でもよかったよ！ 滑り落ちていく感じが好きなんだ。
dc8488830f9d7192,L10 Ryan,Ryan_melon_dialog,7,Ryan,噛むのを忘れちゃったから……味はなし？
7dedd07a7558afa9,L10 Ryan,Ryan_melon_dialog,8,Ryan,でも、滑り落ちていく感じはよかったよ！
8b4a775ae776722a,L10 Ryan,Ryan_melon_dialog,9,Kobold,<size=70%> わあ。
ef03f59f06da8fa4,L10 Ryan,Ryan_melon_dialog,10,Kobold,その首、どれだけ通せるんですか、すごいですね。
4fc09f2d61d5cc43,L10 Ryan,Ryan_melon_dialog,11,Ryan,コボルドって、僕が食べるのを見るといつも夢中になるよね。
032ea150ccdf88be,L10 Ryan,Ryan_melon_dialog,12,Ryan,可愛いなあ！
aad3715a2f685dc3,L10 Ryan,Ryan_melon_dialog,13,Ryan,丸呑みするためにできてるんだ。
b0a73a78b7d9045b,L10 Ryan,Ryan_melon_dialog,14,Kobold,<size=70%><i>そうなんですか？
30ff5a696a0def56,L10 Ryan,Ryan_melon_dialog,16,Ryan,うん！
901c77872c53d308,L10 Ryan,Ryan_melon_dialog,18,Ryan,うん！ 便利なんだよ。
# --- jerkoff: Ryan_4_JerkOff_Start ---
2d434662c42f6a6c,L10 Ryan,Ryan_4_JerkOff_Start,1,Ryan,本当にいいの……？ 食べ物の前で？
031703a96ac0df8c,L10 Ryan,Ryan_4_JerkOff_Start,2,Ryan,へへ……わかったよ。
# --- cum: Ryan_4_Cum ---
3b1c48772bd5889e,L10 Ryan,Ryan_4_Cum,1,Ryan,はぁ……気持ちよかった……ちょっと汚しちゃったけど。
# --- mount_start: Ryan_4_Mount_Start ---
2f31dcbcaa980550,L10 Ryan,Ryan_4_Mount_Start,1,Ryan,わあ……それを使えって？ 食べ物があるのに？ いいよ！
# --- mount_finish: Ryan_4_Mount_Finish ---
833d21b8cd952764,L10 Ryan,Ryan_4_Mount_Finish,1,Ryan,ちょっと汚しちゃった……でも、やる価値はあったよ。

# ===== Level 11: Conrad (Sunny) =====
# --- intro: Conrad_Intro_4 ---
a67959dc39353129,L11 Conrad,Conrad_Intro_4,1,Conrad/Ryan/Alexander,フラグの状態がおかしくなってる！
c1a949184675fa92,L11 Conrad,Conrad_Intro_4,2,Conrad/Ryan/Alexander,開発者に協力してください……
60f8f02dd7a80d00,L11 Conrad,Conrad_Intro_4,3,Kobold,（デバッグ）Conrad は Ryan と結ばれた
6e98155abad655c3,L11 Conrad,Conrad_Intro_4,4,Kobold,（デバッグ）プレイヤーは Conrad と結ばれた
9cf9d4fc71363f68,L11 Conrad,Conrad_Intro_4,5,Kobold,（デバッグ）プレイヤーは Ryan と結ばれた
67beed0c39e205b4,L11 Conrad,Conrad_Intro_4,6,Kobold,やあ、コンラッド！
d22e2236304b2ef0,L11 Conrad,Conrad_Intro_4,7,Kobold,何をそんなに嬉しそうにしてるんですか？
6183e901a5a22ddc,L11 Conrad,Conrad_Intro_4,8,Kobold,やあ、コンラッド！
3c0eb60cca3b1422,L11 Conrad,Conrad_Intro_4,9,Conrad,よお、大コボルド。
ad13467d89f77645,L11 Conrad,Conrad_Intro_4,10,Conrad,お前、その……
25aab860a8266c4c,L11 Conrad,Conrad_Intro_4,11,Conrad,今日は鱗が違う？ <size=70%><i>そういうのあるのか……？ </i><size=100%>今日は決まってるな。
42e1b9a73c953f33,L11 Conrad,Conrad_Intro_4,12,Kobold,ありがとうございます！ で、その……ベタベタは何ですか？
be118711068118d5,L11 Conrad,Conrad_Intro_4,13,Kobold,はは。コンラッドもかっこいいですよ。
a4008861bf24c47d,L11 Conrad,Conrad_Intro_4,14,Kobold,そういうのはないですけど……でもありがとうございます！
a951e05bf8506af1,L11 Conrad,Conrad_Intro_4,15,Conrad,ベリーだ。
765af85f1bd7eafe,L11 Conrad,Conrad_Intro_4,17,Conrad,まあ、それはそうと、
199e91c738a75b4c,L11 Conrad,Conrad_Intro_4,18,Conrad,あったりめぇだろ！
926069483fd35835,L11 Conrad,Conrad_Intro_4,19,Conrad,はは……ああ。相手を褒めるのは、あんま慣れてねえんだ。
8c9dc9229a7630ce,L11 Conrad,Conrad_Intro_4,20,Conrad,ちょっと洗ってほしいだけだ……マウントも使えりゃ嬉しいけどな。
3ee865676f6e4c99,L11 Conrad,Conrad_Intro_4,21,Kobold/Ryan,そうなんですか？
5fae46a5c8669c29,L11 Conrad,Conrad_Intro_4,22,Kobold,もちろん！ ゲートを開けてきますね。
daa08f627cbbfb9e,L11 Conrad,Conrad_Intro_4,23,Conrad,ああ——お前が良けりゃ、だけどな！
20ee725c28fb397e,L11 Conrad,Conrad_Intro_4,24,Conrad,押しつけがましくしねえように気をつけてんだ。
374fe9cc22a15007,L11 Conrad,Conrad_Intro_4,25,Kobold,もう、ゲートを開けてきますよ。
line:34ec4db7,L11 Conrad,Conrad_Intro_4,26,Conrad,ありがとな。
line:188d4359,L11 Conrad,Conrad_Intro_4,27,Conrad,ありがとな。
ae53715099e0d53d,L11 Conrad,Conrad_Intro_4,28,Conrad,ライアンだ！ 会ってきたぜ。
caefb85b87a51126,L11 Conrad,Conrad_Intro_4,29,Kobold,いいですね！ で、その……ベタベタは何ですか？
0452c0f1847f4a72,L11 Conrad,Conrad_Intro_4,30,Kobold,どうでした？
940b2bb279fbfd8a,L11 Conrad,Conrad_Intro_4,33,Conrad,俺とライアンを引き合わせてくれて、ありがとな。
6c42e3202026a3e8,L11 Conrad,Conrad_Intro_4,34,Conrad,正直、かなりうまくいった。
91b34251e9ff7711,L11 Conrad,Conrad_Intro_4,35,Conrad,あいつみたいなのがタイプだなんて、思ってもみなかったぜ……
abc0fe0ceed24339,L11 Conrad,Conrad_Intro_4,36,Kobold,全部聞かせてくださいね。
ab20df82132f07cc,L11 Conrad,Conrad_Intro_4,37,Conrad,話すさ。今日はちょっと洗ってほしいのと、マウントも使いてえな。
17c5f180de5a8348,L11 Conrad,Conrad_Intro_4,38,Conrad,ライアンのために<i>練習</i>しねえとな、言ってる意味わかるだろ。
9912569ea696f8ed,L11 Conrad,Conrad_Intro_4,39,Kobold,コンラッド！
106f99c061d35f26,L11 Conrad,Conrad_Intro_4,40,Kobold,わかり——わかりました。ゲートを開けてきます。
f71200a57e2d1d7a,L11 Conrad,Conrad_Intro_4,41,Conrad,なんだよぉ？ ウォームアップは大事だろ！
line:3484ab9d,L11 Conrad,Conrad_Intro_4,42,Conrad,ありがとな！
65bee50d904e101d,L11 Conrad,Conrad_Intro_4,43,Conrad,よおよお。開いててよかったぜ。
4d5dda82efc31458,L11 Conrad,Conrad_Intro_4,44,Conrad,ホースで流してほしいんだ。マウントも使えりゃなおいい。
0ecdd0ec4c0cf66c,L11 Conrad,Conrad_Intro_4,45,Kobold,おお、了解です。
3252727dec6314c5,L11 Conrad,Conrad_Intro_4,47,Kobold,その……ベタベタは何ですか？
91bc8d1d6dc8cdb7,L11 Conrad,Conrad_Intro_4,48,Conrad,へっ。ああ。
line:bc5d790a,L11 Conrad,Conrad_Intro_4,50,Conrad,ありがとな！
line:4d868f2f,L11 Conrad,Conrad_Intro_4,51,Conrad,ありがとな！
1aced2f074444bdc,L11 Conrad,Conrad_Intro_4,54,Kobold,あ。わかりました、ゲートを開けてきます。
# --- progress: Conrad_required_4 ---
a5965f548b64e3cf,L11 Conrad,Conrad_required_4,1,Conrad,なあ、ひとつ聞きてえことがある。
9ad0664c4ac1572a,L11 Conrad,Conrad_required_4,2,Kobold,なんでしょう？
d448809fdbbeaf11,L11 Conrad,Conrad_required_4,4,Kobold,へえぇぇ？
51dbc8c7be16145b,L11 Conrad,Conrad_required_4,5,Kobold,どうしました、大将？
# --- progress: Conrad_4_Ryan_Conrad_Romanced | if $ryan_conrad_romanced $conrad_romanced $ryan_romanced ---
e6071cb4e7c448c8,L11 Conrad,Conrad_4_Ryan_Conrad_Romanced,1,Conrad,ライアンとよ、今夜デートになるのはほぼ確定だと思うんだ。
9ee7e6a6ebccf907,L11 Conrad,Conrad_4_Ryan_Conrad_Romanced,2,Conrad,何かアドバイスあるか？
f7af2bd25c827e3d,L11 Conrad,Conrad_4_Ryan_Conrad_Romanced,3,Kobold,自分らしくいることですよ！
a58248b820567c49,L11 Conrad,Conrad_4_Ryan_Conrad_Romanced,4,Kobold,とにかく綺麗にしておくことですね。<size=70%><i>へへ。
528e2755301df89e,L11 Conrad,Conrad_4_Ryan_Conrad_Romanced,5,Conrad,精一杯やってるつもりだ。
71cfcccd17dc37fc,L11 Conrad,Conrad_4_Ryan_Conrad_Romanced,6,Conrad,今んとこ順調だろ、な？
93a2ca86985333fe,L11 Conrad,Conrad_4_Ryan_Conrad_Romanced,7,Kobold,そう思いますよ！
55842427ae2db4e3,L11 Conrad,Conrad_4_Ryan_Conrad_Romanced,8,Kobold,ライアンみたいな子が興味を持ってるなら、うまくいってますよ。
line:c642cb17,L11 Conrad,Conrad_4_Ryan_Conrad_Romanced,9,Conrad,ありがとな。
162762064c5d0461,L11 Conrad,Conrad_4_Ryan_Conrad_Romanced,10,Conrad,はっ。俺を洗ってくれるコボルドがいりゃあなあ。
4ae6d6619b0245f7,L11 Conrad,Conrad_4_Ryan_Conrad_Romanced,11,Kobold,いればいいですね。
6267e98361c404ca,L11 Conrad,Conrad_4_Ryan_Conrad_Romanced,12,Kobold,<i>ピカピカにしてあげますよ。</i>
7c0c5a4da3de6046,L11 Conrad,Conrad_4_Ryan_Conrad_Romanced,13,Conrad,冗談抜きで、お前の洗いは間違いなく一番だ。
207d91f2342e8d0c,L11 Conrad,Conrad_4_Ryan_Conrad_Romanced,14,Conrad,ありがとな。見た目が決まりゃ気分も決まる！
# --- progress: Conrad_4_Conrad_Romanced | if $ryan_conrad_romanced $conrad_romanced $ryan_romanced ---
a8ee5e15400fc208,L11 Conrad,Conrad_4_Conrad_Romanced,1,Conrad,その……デートだ。そろそろ行きてえなって思ってんだ！
f2f6817fb49621c2,L11 Conrad,Conrad_4_Conrad_Romanced,3,Kobold,ぜひ！
82ddb728ff9d18a9,L11 Conrad,Conrad_4_Conrad_Romanced,4,Conrad,考えてたんだけどよ。来週あたり、出かけねえか？
fc253d9eb67cd473,L11 Conrad,Conrad_4_Conrad_Romanced,5,Kobold,いいですね。
9a03666243082379,L11 Conrad,Conrad_4_Conrad_Romanced,6,Kobold,いいですよ！
67f68a72462bca9b,L11 Conrad,Conrad_4_Conrad_Romanced,7,Conrad/Ryan,やった！
line:70306ba1,L11 Conrad,Conrad_4_Conrad_Romanced,7,Conrad,よっしゃ！
45ec6449f36fb5b9,L11 Conrad,Conrad_4_Conrad_Romanced,8,Conrad,次に洗いに来たとき、そのまま行こうぜ。
ee6194b2fabfafdc,L11 Conrad,Conrad_4_Conrad_Romanced,9,Kobold,楽しみです！
38c7fbb586ed7788,L11 Conrad,Conrad_4_Conrad_Romanced,10,Kobold,それでいきましょう。
de408e85752b4a9e,L11 Conrad,Conrad_4_Conrad_Romanced,11,Conrad/Kobold/Alexander,楽しみだ。
# --- progress: Conrad_Ryan_Romanced | if $ryan_conrad_romanced $conrad_romanced $ryan_romanced ---
8dc7f14f91542fe7,L11 Conrad,Conrad_Ryan_Romanced,1,Conrad,で、お前とライアンか。
498cb71ee3e20098,L11 Conrad,Conrad_Ryan_Romanced,2,Kobold,ええ、そうなんです！
37d827f8025ee687,L11 Conrad,Conrad_Ryan_Romanced,3,Kobold,彼、かっこいいですよね。
64db0ca49ca9563d,L11 Conrad,Conrad_Ryan_Romanced,4,Kobold,彼は私の理想のドラゴンなんです。
bdfc096fee84c4fb,L11 Conrad,Conrad_Ryan_Romanced,5,Conrad,よかったじゃねえか！
cb24c38318e64595,L11 Conrad,Conrad_Ryan_Romanced,6,Conrad,みてえだな。
0e5b54a94da4725b,L11 Conrad,Conrad_Ryan_Romanced,8,Kobold,コンラッドはどうなんですか？ 気になる相手は？
5f9173229e51d947,L11 Conrad,Conrad_Ryan_Romanced,9,Kobold,ええ、私も嬉しいです。
68fa6f383249196c,L11 Conrad,Conrad_Ryan_Romanced,10,Conrad,まあな！ 最近は外に出るようになってよ。
e589607da4e2983d,L11 Conrad,Conrad_Ryan_Romanced,11,Conrad,グリフォンを一匹見つけたんだ。俺と同じくらいのサイズでよ……
d69f5ee422fdf377,L11 Conrad,Conrad_Ryan_Romanced,12,Conrad,あいつ、俺に惚れてると思うんだ。
9aab87987aca7783,L11 Conrad,Conrad_Ryan_Romanced,13,Conrad,……<i><size=70%>少なくとも俺は惚れてる。
7b42e92a68e914e0,L11 Conrad,Conrad_Ryan_Romanced,14,Conrad,そりゃよかった。
88b86bef7b86a770,L11 Conrad,Conrad_Ryan_Romanced,15,Conrad,ああ、あいつは俺のツボを突いてきそうなんだよな。
# --- jerkoff: Conrad_4_JerkOff_Start ---
395b9d676b6c01c5,L11 Conrad,Conrad_4_JerkOff_Start,1,Conrad,お、今か？ いいぜ、乗った。
# --- cum: Conrad_4_Cum ---
cf5ea034da108d57,L11 Conrad,Conrad_4_Cum,1,Conrad,んんっ……あのベリーなんかより、ずっといいぜ。
# --- mount_start: Conrad_4_Mount_Start ---
9c4eeb4a7cc4c1e1,L11 Conrad,Conrad_4_Mount_Start,1,Conrad,おい！ マウントだ！ 最高だぜ。
# --- mount_finish: Conrad_4_Mount_Finish ---
307f6f92f16156e7,L11 Conrad,Conrad_4_Mount_Finish,1,Conrad,はあ……マジで最高の洗いだぜ。
# --- outro: Conrad_Outro_4 ---
4012236175bc195e,L11 Conrad,Conrad_Outro_4,1,Kobold,すっかり綺麗になったはずですよ！
4a93a020168bbd0d,L11 Conrad,Conrad_Outro_4,2,Kobold,これで終わりだと思います。
2ce654e6ba32ebb8,L11 Conrad,Conrad_Outro_4,3,Kobold,綺麗になると見違えますね！
d6d9eff64b0d7187,L11 Conrad,Conrad_Outro_4,4,Kobold,<i>水をかけるの、好きなんですよね。
feda452e0c677f41,L11 Conrad,Conrad_Outro_4,5,Kobold,よし！ これで終わりです。
e2956ac74f8acb8e,L11 Conrad,Conrad_Outro_4,6,Kobold,隅々まで洗えたと思います。
# --- outro: Conrad_Outro_4_Ryan_Conrad_Romanced | if $ryan_conrad_romanced $conrad_romanced $ryan_romanced ---
0fa2abeece5fd3de,L11 Conrad,Conrad_Outro_4_Ryan_Conrad_Romanced,1,Conrad,おう！ 綺麗になったぜ。
1b5f2f27de868c08,L11 Conrad,Conrad_Outro_4_Ryan_Conrad_Romanced,2,Conrad,なあ、その……俺とライアン、<i>本当に</i>うまくいくと思うか？
ebc110388e3748fa,L11 Conrad,Conrad_Outro_4_Ryan_Conrad_Romanced,3,Kobold/Alexander,もちろんです！
5bc10e8175dc9422,L11 Conrad,Conrad_Outro_4_Ryan_Conrad_Romanced,4,Kobold,そう願ってますよ。
3da3a77980cb9eb9,L11 Conrad,Conrad_Outro_4_Ryan_Conrad_Romanced,5,Conrad,お前の言うとおりだといいな。
43e42fb816f1d2c2,L11 Conrad,Conrad_Outro_4_Ryan_Conrad_Romanced,6,Conrad,ああ、俺もだ。あいつは本当にいいやつだからな。
603a3749013e876b,L11 Conrad,Conrad_Outro_4_Ryan_Conrad_Romanced,7,Conrad,色々あった後だと、緊張しねえ方が無理でよ……
189f4f64972cc1fe,L11 Conrad,Conrad_Outro_4_Ryan_Conrad_Romanced,8,Conrad,けど俺はイケてるからな、なんとかなるさ。
40b8366766a655d6,L11 Conrad,Conrad_Outro_4_Ryan_Conrad_Romanced,9,Conrad,だといいけどな。
dde93c3f47e98763,L11 Conrad,Conrad_Outro_4_Ryan_Conrad_Romanced,10,Conrad,初めて会ったときは最高だったんだぜ！
0a47996c4c389f39,L11 Conrad,Conrad_Outro_4_Ryan_Conrad_Romanced,11,Kobold,そうなんですか？ 聞かせてください！
589c19f0d1fb2d81,L11 Conrad,Conrad_Outro_4_Ryan_Conrad_Romanced,12,Kobold,いいですね！ 初デートはいつですか？
56345c46f3840a46,L11 Conrad,Conrad_Outro_4_Ryan_Conrad_Romanced,13,Conrad,あいつから電話が来て、会ったんだ。マジでいいやつでよ。
080824870e4c7a15,L11 Conrad,Conrad_Outro_4_Ryan_Conrad_Romanced,14,Conrad,俺のこと「落ち着いてる」って言ってくれてさ、デートの約束もして……
d98ca4f1aac91861,L11 Conrad,Conrad_Outro_4_Ryan_Conrad_Romanced,15,Conrad,だからここに来たんだ！ この洗いが終わったら、あいつに会いに行く。
35b34afec858433c,L11 Conrad,Conrad_Outro_4_Ryan_Conrad_Romanced,16,Conrad,この洗いのすぐ後だ！
d925b0f0ac6611e6,L11 Conrad,Conrad_Outro_4_Ryan_Conrad_Romanced,17,Conrad,シーフードの店に行くんだ——
5421d19c6a9cd188,L11 Conrad,Conrad_Outro_4_Ryan_Conrad_Romanced,18,Conrad,クラブの席はもう押さえてある。
6ffd2844813c419e,L11 Conrad,Conrad_Outro_4_Ryan_Conrad_Romanced,19,Kobold,じゃあ早く出してあげないと！
d547385bcae74ca2,L11 Conrad,Conrad_Outro_4_Ryan_Conrad_Romanced,20,Kobold,私も楽しみです。ゲートを開けてきますね！
9458fe24a9152c2b,L11 Conrad,Conrad_Outro_4_Ryan_Conrad_Romanced,21,Conrad,はっ……ああ、楽しみだ。
83a4b4bd32149db8,L11 Conrad,Conrad_Outro_4_Ryan_Conrad_Romanced,22,Conrad,ありがとな、俺も楽しみだ。
# --- outro: Conrad_Outro_4_Conrad_Romanced | if $ryan_conrad_romanced $conrad_romanced $ryan_romanced ---
ad0500f8d2500c0f,L11 Conrad,Conrad_Outro_4_Conrad_Romanced,1,Conrad,いつもどおりピカピカだぜ。
297d60c9e5c25580,L11 Conrad,Conrad_Outro_4_Conrad_Romanced,2,Conrad,あ、それとよ、どこ行くか決めたぜ。
f22c7f64f7e136d4,L11 Conrad,Conrad_Outro_4_Conrad_Romanced,5,Conrad,街にクラブがあるんだ。「ウィングス」ってな。昔からのお気に入りでよ。
5dcbc1f451fcc29d,L11 Conrad,Conrad_Outro_4_Conrad_Romanced,6,Conrad,あの辺じゃ、俺はちょっとした有名人なんだぜ。
99c9d7ee0966d8d1,L11 Conrad,Conrad_Outro_4_Conrad_Romanced,7,Conrad,ショーの<i>一番いい</i>席を取ってやれるぜ。
02f6a5560835daa6,L11 Conrad,Conrad_Outro_4_Conrad_Romanced,8,Kobold,はは、いいですよ。乗ります。
7137eb7d65d8f4d8,L11 Conrad,Conrad_Outro_4_Conrad_Romanced,9,Kobold,おぉ、それはすごい有名人なんですね。
60c5caff4aee58e9,L11 Conrad,Conrad_Outro_4_Conrad_Romanced,10,Conrad,くそっ、めちゃくちゃ気合い入ってきたぜ。
d37d98f486ba54c5,L11 Conrad,Conrad_Outro_4_Conrad_Romanced,11,Conrad,準備始めとくわ。
bf3d9317290e56b0,L11 Conrad,Conrad_Outro_4_Conrad_Romanced,12,Conrad,次に来るときには予約を取っとくぜ！
f11ccc8c0bd5ecbc,L11 Conrad,Conrad_Outro_4_Conrad_Romanced,13,Conrad,ゲート開けてきてくれるか？
ffcc816df16993e6,L11 Conrad,Conrad_Outro_4_Conrad_Romanced,14,Conrad,あったりめぇだ。
c25790cd739260fd,L11 Conrad,Conrad_Outro_4_Conrad_Romanced,16,Conrad,お前こそ大物だぜ
b18d301dab41755f,L11 Conrad,Conrad_Outro_4_Conrad_Romanced,17,Conrad,悪い、口説くのは下手でよ。ゲート開けてくれるか？
# --- outro: Conrad_Outro_4_Ryan_Romanced | if $ryan_conrad_romanced $conrad_romanced $ryan_romanced ---
6fe24a5cf11acb37,L11 Conrad,Conrad_Outro_4_Ryan_Romanced,1,Conrad,おう！ いつもどおり綺麗だ。
8f0378325ead68c7,L11 Conrad,Conrad_Outro_4_Ryan_Romanced,2,Conrad,ライアンと何か予定はあるのか？
a12011af4e943fb2,L11 Conrad,Conrad_Outro_4_Ryan_Romanced,3,Kobold,まだ決めてないんです。
c3393181a97b4208,L11 Conrad,Conrad_Outro_4_Ryan_Romanced,4,Kobold,近いうちにデートをと思ってます。
5ef95c64f52e6263,L11 Conrad,Conrad_Outro_4_Ryan_Romanced,5,Conrad,そうか。お前らお似合いだもんな。
6d8a46a5e1da81ef,L11 Conrad,Conrad_Outro_4_Ryan_Romanced,6,Conrad,全部うまくいくといいな、本気でそう思うぜ！
1884386d93b6fccd,L11 Conrad,Conrad_Outro_4_Ryan_Romanced,7,Conrad,ああ！ そりゃ最高だな。
c5cace2191af6925,L11 Conrad,Conrad_Outro_4_Ryan_Romanced,8,Conrad,お前ら、本当にお似合いだぜ……
9e806b93dd0d48fe,L11 Conrad,Conrad_Outro_4_Ryan_Romanced,9,Conrad,全部うまくいくといいな。
83a8afa550485db4,L11 Conrad,Conrad_Outro_4_Ryan_Romanced,10,Conrad,まあこんなもんだ、ゲート開けてきてくれるか？

# ===== Level 12: Alexander (Rainy) =====
# --- intro: Alexander_4_intro ---
0248808ddaa3479e,L12 Alexander,Alexander_4_intro,1,Alexander,こんばんは！
d3d306a15d158e29,L12 Alexander,Alexander_4_intro,2,Kobold,こんにちはぁ！ こんにちは！
68094c643e49d3c6,L12 Alexander,Alexander_4_intro,3,Kobold,こんにちは、アレクサンダー！
e8c921ab9051f110,L12 Alexander,Alexander_4_intro,4,Alexander,ははは、相変わらず熱心でございますな。
3b767556f3eeaa3b,L12 Alexander,Alexander_4_intro,5,Alexander,戻って来られて嬉しゅうございます！
96ed1471d1f86a4d,L12 Alexander,Alexander_4_intro,6,Alexander,今日は雨が容赦なく降り続いておりますな！
429d93ef0fafbe8a,L12 Alexander,Alexander_4_intro,7,Alexander,趣のある空気でございます。
a9945cd0cd165325,L12 Alexander,Alexander_4_intro,8,Kobold,雨っていいですよね。
7259414f82b0b97a,L12 Alexander,Alexander_4_intro,9,Kobold,雨はずっと苦手です。
bfad19e22f9652cc,L12 Alexander,Alexander_4_intro,10,Alexander,同感でございます。とはいえ、都合がつき次第、中に入れていただきたいのですが。
91a5c27ef059ab24,L12 Alexander,Alexander_4_intro,12,Alexander,汚れの原因になるゆえ嫌われるというのは、理解できますな。
882df59f0a75b295,L12 Alexander,Alexander_4_intro,13,Alexander,ですが、それゆえに私はここにいるのでございます！
990e43e4f2687cdf,L12 Alexander,Alexander_4_intro,14,Kobold,わかりました！ ゲートを開けてきますね。
846b613e707ce00d,L12 Alexander,Alexander_4_intro,15,Kobold,イップ！ <size=70%>（ゲート）
1ceb64d9cf6889fd,L12 Alexander,Alexander_4_intro,17,Alexander,ふむ、それはゲートを開けてくださるという意味と解してよろしいですかな？
56deaef9d6b92a31,L12 Alexander,Alexander_4_intro,18,Kobold,イップ！ <size=70%>（うん）
fd0d3e3077aaf4ce,L12 Alexander,Alexander_4_intro,19,Alexander,なぜ突然、貴殿の「イップ」が理解できるようになったのか、私にもわかりかねます
7a919cef111fe275,L12 Alexander,Alexander_4_intro,20,Kobold,イップ！ <size=70%>（それは、あなたのドラゴンの心の眠っていた部分が、あなたの種族と私の種族の間に深く根ざした言語の架け橋を思い出しているからです。そこにはコボルドの「イップ」の深い意味と意図が込められています。あなたが突然理解できるようになったのは、私たちのつながりが時間とともに深まり、心のその部分が目覚めたからにほかなりません。）
6d8c462224bca1b5,L12 Alexander,Alexander_4_intro,21,Kobold,イップ！ <size=70%>（わかんない）
8e7ead434fce5609,L12 Alexander,Alexander_4_intro,24,Alexander,ゲートを開けていただけますかな……？
19be549c91d82ff3,L12 Alexander,Alexander_4_intro,25,Alexander,承知いたしました。お待ちしております！
# --- progress: Alexander_4_required ---
c19ca0647cc1a583,L12 Alexander,Alexander_4_required,1,Alexander,考えておったのですが……
6d9630067757f781,L12 Alexander,Alexander_4_required,2,Alexander,どうにも目についてしまいましてな……あちらの装置が。
7bd6925025a24288,L12 Alexander,Alexander_4_required,3,Alexander,あれはマウント、でございましょう？
54b9fbcd575cd0a7,L12 Alexander,Alexander_4_required,4,Kobold,そうですよ！
1f5aad5cbae1a020,L12 Alexander,Alexander_4_required,5,Kobold,使ってみたいですか？
36a85b3430aa6639,L12 Alexander,Alexander_4_required,6,Alexander,私は……その……
d2b8ae469c604bfb,L12 Alexander,Alexander_4_required,7,Alexander,もしよろしければ、その……
577e4edfcd4fa53d,L12 Alexander,Alexander_4_required,8,Alexander,たとえば……
4caa8162834de434,L12 Alexander,Alexander_4_required,9,Alexander,ひょっとして……
d89de41838a75fa0,L12 Alexander,Alexander_4_required,10,Kobold,使いたいなら、全然いいですよ！
68ad27123e1df879,L12 Alexander,Alexander_4_required,11,Kobold,緊張しなくていいんですよ、アレクサンダー！
6dece6f0ec399d4e,L12 Alexander,Alexander_4_required,12,Alexander,使ってみたい、かもしれません？
08ab3092d83ed1d3,L12 Alexander,Alexander_4_required,13,Alexander,わかっております。わかっております。
81a4fcd2541ac990,L12 Alexander,Alexander_4_required,14,Alexander,使ってみたい、かもしれません？
67c0f2a71f4ff613,L12 Alexander,Alexander_4_required,16,Alexander,えー……その……
4640c27322f55d8c,L12 Alexander,Alexander_4_required,17,Alexander,ひょっとすると……？
9739b879143b91cf,L12 Alexander,Alexander_4_required,18,Alexander,差し支えなければ、でございますが——
e2dce2bed173fba0,L12 Alexander,Alexander_4_required,20,Kobold,もちろんです。コンラッドが用意させてくれたおかげですね。
f12929f0cef567d7,L12 Alexander,Alexander_4_required,21,Alexander,わかりました、わかりました……では、使ってみたく存じます？
76ea754cd53f21dc,L12 Alexander,Alexander_4_required,22,Alexander,コンラッド……？
18b51cf572e4b49a,L12 Alexander,Alexander_4_required,25,Kobold,私は構いませんよ！
334a54e73cf69dc1,L12 Alexander,Alexander_4_required,26,Kobold,喜んで用意しますね。
7bd62126f382f565,L12 Alexander,Alexander_4_required,27,Alexander,ええ……感謝いたします。
d2c15503eb28631b,L12 Alexander,Alexander_4_required,28,Alexander,はい——ありがとうございます。
# --- jerkoff: Alexander_4_JerkOff_Start ---
47122b215cc11a2b,L12 Alexander,Alexander_4_JerkOff_Start,1,Alexander,おや……これはこれで、悪くございませんな〜
# --- cum: Alexander_4_Cum ---
ed6a9612f44b19ea,L12 Alexander,Alexander_4_Cum,1,Alexander,はぁ……感謝いたします。
# --- mount_start: Alexander_4_Mount_Start ---
1db0bf44f69526fc,L12 Alexander,Alexander_4_Mount_Start,1,Alexander,マウントを？ 私が……そうですな、承知いたしました！
# --- mount_finish: Alexander_4_Mount_Finish ---
76527d719ccc95a3,L12 Alexander,Alexander_4_Mount_Finish,1,Alexander,今のは……思っていたより心地よかったですな。
# --- outro: Alexander_4_Outro ---
35278dc46019f9b9,L12 Alexander,Alexander_4_Outro,1,Alexander,だいぶ気分が良くなりました。
5547ec33b10091a2,L12 Alexander,Alexander_4_Outro,2,Alexander,その……唐突なのは承知しております。
3ce3dec2bd740757,L12 Alexander,Alexander_4_Outro,3,Alexander,ですが、貴殿は私に何かを教えてくださったように思うのです。
line:21c46e75,L12 Alexander,Alexander_4_Outro,4,Kobold,え？
5eca8560307cac86,L12 Alexander,Alexander_4_Outro,5,Kobold,でも、先生はアレクサンダーの方ですよ。
419ecbf32abefda1,L12 Alexander,Alexander_4_Outro,6,Alexander,教授、でございます。ですが、ええ。教わりました。
0b1b8529d2c3c5fc,L12 Alexander,Alexander_4_Outro,7,Alexander,私は、世話をされるのが好きなのかもしれません？
4df2487e01509478,L12 Alexander,Alexander_4_Outro,8,Kobold,大抵はそうですよ！
c9f8ba59379bb60a,L12 Alexander,Alexander_4_Outro,9,Kobold,私もアレクサンダーの世話をするのは好きですよ。
93786b06bef36348,L12 Alexander,Alexander_4_Outro,10,Alexander,ええ、そうなのですが。もっと……本能的な意味で、と申しますか？
b868cb066c4b572d,L12 Alexander,Alexander_4_Outro,11,Alexander,嬉しいお言葉で……ですが、もっと……本能的な意味で世話をされる、と申しますか？
565a3630f0cfbcc5,L12 Alexander,Alexander_4_Outro,12,Alexander,貴殿が手でぽんと叩いて指示してくださるのが、心地よいのでございます。
1161a29c118dbaa6,L12 Alexander,Alexander_4_Outro,13,Alexander,貴殿の自信に満ちた様子が好ましいのです。たとえ洗いに関することだけであっても。
32c31015075eeede,L12 Alexander,Alexander_4_Outro,14,Alexander,ひとときでも主導権を手放すというのは、心地よいものでございますな。
1651e2418c22d0c0,L12 Alexander,Alexander_4_Outro,15,Kobold,<size=70%> 大きなドラゴンが私に主導権を。わあ。
bd051341e68cc04e,L12 Alexander,Alexander_4_Outro,16,Kobold,寛げる場所を提供できて嬉しいです。
2e1f723e42b149be,L12 Alexander,Alexander_4_Outro,17,Alexander,なかなか新鮮なものでございましょう？
8212cbdd05d21f37,L12 Alexander,Alexander_4_Outro,18,Alexander,またすぐに参ります、よろしいですな？ 洗いに感謝いたします。
b5f8ec9a6918d554,L12 Alexander,Alexander_4_Outro,19,Alexander,解放されるようでございます。また参ります、よろしいですな？

# ===== Level 13: Ryan (Sunny) =====
# --- intro: Ryan_5_intro ---
dcd95465ccb79997,L13 Ryan,Ryan_5_intro,6,Kobold,やあ、おっきいの。
a4c1cb0899f204fc,L13 Ryan,Ryan_5_intro,8,Ryan,やあ……ちっちゃいの！
df50afc7f5e2d994,L13 Ryan,Ryan_5_intro,9,Kobold,私、<i>そこまで</i>小さくないですよ——
8061d3d1aed7c531,L13 Ryan,Ryan_5_intro,10,Kobold,それで、洗いに来たんですか？
1107598aa9bc6c75,L13 Ryan,Ryan_5_intro,11,Ryan,あ、ごめん——
061629ac669e11f8,L13 Ryan,Ryan_5_intro,12,Ryan,ノリを合わせようとしただけなんだ。会えて嬉しいよ！
cdc7ebc001250566,L13 Ryan,Ryan_5_intro,13,Ryan,うん！
f8c3932b65e6bbb0,L13 Ryan,Ryan_5_intro,14,Ryan,やあ、コボルド！
4a5d3b88460afb6b,L13 Ryan,Ryan_5_intro,15,Ryan,パン作りに挑戦してみることにしたんだ。
b483e9c7e323807a,L13 Ryan,Ryan_5_intro,16,Ryan,最近、時間がたっぷりあってさ。
afd9ef6045a7191c,L13 Ryan,Ryan_5_intro,17,Ryan,パン作りって、けっこう汚れるんだね！
808f38835d1deb53,L13 Ryan,Ryan_5_intro,18,Ryan,洗ってほしいな。
# --- intro: Ryan_5_intro_ryan_romanced | if $ryan_conrad_romanced $conrad_romanced $ryan_romanced ---
efa367904267d1f9,L13 Ryan,Ryan_5_intro_ryan_romanced,1,Ryan,……今夜のデートのための洗い、だよ。
d510da8dc09c7bd7,L13 Ryan,Ryan_5_intro_ryan_romanced,2,Kobold,あっ。そうでした。
cb4f55dc25088cef,L13 Ryan,Ryan_5_intro_ryan_romanced,3,Kobold,すごく楽しみです。
63b5ec8a662e7e8f,L13 Ryan,Ryan_5_intro_ryan_romanced,4,Ryan,じゃあ、思い出させに来てよかったね。
line:141c006f,L13 Ryan,Ryan_5_intro_ryan_romanced,5,Ryan,僕もだよ。
60004e58bb12dd3c,L13 Ryan,Ryan_5_intro_ryan_romanced,6,Ryan,ゲートのところで待ってるね！
# --- intro: Ryan_5_intro ---
3ff66f86649ed3f4,L13 Ryan,Ryan_5_intro,19,Kobold,こんにちは、ライアン！
bab3e0bf3bfcf52e,L13 Ryan,Ryan_5_intro,20,Ryan,やあ！ 洗ってもらいに来たよ。
747b7932ed2e84f2,L13 Ryan,Ryan_5_intro,24,Kobold,いいですね、ゲートを開けてきますね。
1fa67d86839c19a3,L13 Ryan,Ryan_5_intro,25,Kobold,はい！ コンラッドのこと、話したくてうずうずしてるんです。
line:f103a4a8,L13 Ryan,Ryan_5_intro,27,Ryan,そうなの？
4c5ca3860699fcd3,L13 Ryan,Ryan_5_intro,28,Kobold,ええ！ 近いうちに彼とデートなんです。
29301eae6840e128,L13 Ryan,Ryan_5_intro,29,Kobold,えぇ、彼とのデートの準備をしないと。
154dbd6d6bdc9f0e,L13 Ryan,Ryan_5_intro,30,Ryan,わくわくするね！
e1867b98d8ce23bd,L13 Ryan,Ryan_5_intro,31,Ryan,中でもっと聞かせてよ。
10dc92e80220fe9b,L13 Ryan,Ryan_5_intro,33,Kobold,やあぁぁ、ライアン。
b57c370a0fcc7045,L13 Ryan,Ryan_5_intro,34,Ryan,やあ！
cd80a4a851309647,L13 Ryan,Ryan_5_intro,38,Kobold,コンラッドとのデートはどうでした？
26eed1b65d0e1370,L13 Ryan,Ryan_5_intro,39,Kobold,ライアンとコンラッドのこと、教えてください！
b433dad7fc4cdb18,L13 Ryan,Ryan_5_intro,40,Ryan,最高だったよ！
cd235c4d7d27fbdb,L13 Ryan,Ryan_5_intro,41,Ryan,わ——食いつきがすごいね！
7b1f5d058f2045c5,L13 Ryan,Ryan_5_intro,43,Ryan,食事に行ったんだ。いい話ができたよ。
4932dbc11ab131d4,L13 Ryan,Ryan_5_intro,44,Ryan,そのまま流れで……
1a86226c86c7138f,L13 Ryan,Ryan_5_intro,45,Ryan,バーに行って……そこから熱くなってね。その後どうなったかは想像つくでしょ……<size=70%>はは……
# --- progress: Ryan_5_Required_ryan_romanced | if $ryan_romanced ---
e61676df3c022293,L13 Ryan,Ryan_5_Required_ryan_romanced,1,Ryan,それで。今夜のデートだけど……
c022fa54258553ea,L13 Ryan,Ryan_5_Required_ryan_romanced,2,Ryan,どこに行きたい？
6c0884e4717c5d5b,L13 Ryan,Ryan_5_Required_ryan_romanced,3,Kobold,ライアンが決めてください！
bbedb233b6bbe2ea,L13 Ryan,Ryan_5_Required_ryan_romanced,4,Kobold,食事に行きたいです。
fb57b97d646f43c9,L13 Ryan,Ryan_5_Required_ryan_romanced,5,Kobold,いいバーを知ってますか？
d2c0f4718541c240,L13 Ryan,Ryan_5_Required_ryan_romanced,6,Kobold,映画はどうですか？
98ef145fb642c5b6,L13 Ryan,Ryan_5_Required_ryan_romanced,7,Ryan,じゃあ、その……散歩とかどうかな？
4bad2b5ecfe22c4a,L13 Ryan,Ryan_5_Required_ryan_romanced,8,Ryan,僕、背中に乗せてあげるのがすごく好きなんだ。
6e8c399ff118f405,L13 Ryan,Ryan_5_Required_ryan_romanced,9,Ryan,興味ある？
7da2aa0d4ef74597,L13 Ryan,Ryan_5_Required_ryan_romanced,10,Kobold,素敵ですね！
db39ae73af1cfae5,L13 Ryan,Ryan_5_Required_ryan_romanced,11,Kobold,それって、失礼にあたりませんか？
3185b026252747c6,L13 Ryan,Ryan_5_Required_ryan_romanced,13,Ryan,二足歩行の友達を乗せてあげるの、昔から大好きなんだ……
d2994ff918a23d86,L13 Ryan,Ryan_5_Required_ryan_romanced,14,Ryan,じゃあデートはそれで決まりだね、楽しみだな。
3fdcf71c3e2f7ea0,L13 Ryan,Ryan_5_Required_ryan_romanced,15,Ryan,えっ！ ううん、全然。楽しいんだよ！
8bacddc318adc2b9,L13 Ryan,Ryan_5_Required_ryan_romanced,16,Ryan,他の二足歩行の友達も、しょっちゅう乗せてあげてるんだ。
638c1801c65c6b0c,L13 Ryan,Ryan_5_Required_ryan_romanced,17,Ryan,きっとなんとかなるよ！ 桟橋で待ち合わせしよう！
25f86d817a092ae1,L13 Ryan,Ryan_5_Required_ryan_romanced,18,Ryan,うん、それいいね。
38ae2aec596ab356,L13 Ryan,Ryan_5_Required_ryan_romanced,19,Ryan,シーフードは大丈夫？
d7456d9e85366bc9,L13 Ryan,Ryan_5_Required_ryan_romanced,20,Kobold,ええ。魚は好きです！
925a663e1b23d966,L13 Ryan,Ryan_5_Required_ryan_romanced,21,Kobold,うーん、別のものにしませんか？
14d1fddd0115ee0d,L13 Ryan,Ryan_5_Required_ryan_romanced,22,Ryan,わあ、よかった。僕、サーモンが大好きなんだ。
6b59acab736bd349,L13 Ryan,Ryan_5_Required_ryan_romanced,23,Ryan,まあ、僕はドラゴンだけど——その……言いたいことはわかるよね。
334998266afc2476,L13 Ryan,Ryan_5_Required_ryan_romanced,24,Ryan,じゃあデートは決まりだね！ シーフードのあとは成り行きで。
a02af61e18efb0f0,L13 Ryan,Ryan_5_Required_ryan_romanced,25,Ryan,桟橋のそばに、馬系種族のいい店を知ってるんだ。
cf73a93aa04fdd02,L13 Ryan,Ryan_5_Required_ryan_romanced,26,Ryan,馬系のフュージョン料理っていうか……
8771d66a0a1ace3e,L13 Ryan,Ryan_5_Required_ryan_romanced,27,Ryan,僕は好きだよ！ 君も気に入ると思う。
8cceef523eb8c739,L13 Ryan,Ryan_5_Required_ryan_romanced,28,Ryan,じゃあデートは決まりだね！
5a3b18942c9e3040,L13 Ryan,Ryan_5_Required_ryan_romanced,29,Ryan,ああ、そうだ、街に「ウィングス」っていういい店があるんだ。
4d1b2eff2bb69d21,L13 Ryan,Ryan_5_Required_ryan_romanced,30,Ryan,あそこならいいと思うよ！ 毎晩いいショーをやってるんだ。
ebbcfde5ce6709d6,L13 Ryan,Ryan_5_Required_ryan_romanced,31,Ryan,それから、ホテルの部屋を取って……うーん。
line:2b560f59,L13 Ryan,Ryan_5_Required_ryan_romanced,33,Ryan,そうなの？
435234dd4f3b1033,L13 Ryan,Ryan_5_Required_ryan_romanced,34,Ryan,映画も楽しそうだね！
0ef6ac4a015fbebd,L13 Ryan,Ryan_5_Required_ryan_romanced,35,Ryan,どんな映画を考えてるの？
b64ebbe5369b5bbf,L13 Ryan,Ryan_5_Required_ryan_romanced,37,Kobold,イップマン ―最後のイップ―
45afe74b37ed6bb0,L13 Ryan,Ryan_5_Required_ryan_romanced,38,Kobold,ドラゴンズ・オブ・ギャラクシー2
a881cd2440d13252,L13 Ryan,Ryan_5_Required_ryan_romanced,39,Ryan,ああ、それ評判いいって聞いたよ。
00712e7d97f1872a,L13 Ryan,Ryan_5_Required_ryan_romanced,41,Ryan,イップマンの映画って、すごくベタなんだよね……
037e3c0c446d2b14,L13 Ryan,Ryan_5_Required_ryan_romanced,42,Ryan,でも君と一緒なら、きっと楽しめるよ！
b1ac5509459ca2a4,L13 Ryan,Ryan_5_Required_ryan_romanced,43,Ryan,ああ、1作目は好きだったな。
eb547bf48bc9637e,L13 Ryan,Ryan_5_Required_ryan_romanced,45,Ryan,じゃあデートは決まりだね。楽しみだな。
# --- progress: Ryan_5_Required_conrad_romanced | if $ryan_romanced $conrad_romanced ---
1f2c5ed668dc8972,L13 Ryan,Ryan_5_Required_conrad_romanced,1,Ryan,ねえ、コンラッドのこと、もっと聞かせてよ！
522b54ddedc9ae6c,L13 Ryan,Ryan_5_Required_conrad_romanced,2,Kobold,最近、すごく優しくなったんですよ。
9df47f9485e2d886,L13 Ryan,Ryan_5_Required_conrad_romanced,3,Kobold,彼は……トゲトゲで覆われた、大きな甘えん坊って感じです。
2e0446089ab2f237,L13 Ryan,Ryan_5_Required_conrad_romanced,4,Ryan,へえ？ ちょっと血の気が多そうだね。
eb926b4bc196ac32,L13 Ryan,Ryan_5_Required_conrad_romanced,5,Ryan,でもそういうタイプ、知ってるよ……中身は大抵すごく優しいんだ。
8ea9e02ddeed61e3,L13 Ryan,Ryan_5_Required_conrad_romanced,6,Kobold,ええ、すごく変わりましたよ。
5085892250461c04,L13 Ryan,Ryan_5_Required_conrad_romanced,7,Kobold,はい。私はそこが好きなんです。
53011f72775c8ca4,L13 Ryan,Ryan_5_Required_conrad_romanced,8,Ryan,それはすごく嬉しい話だね。
4fbcc070e27c4736,L13 Ryan,Ryan_5_Required_conrad_romanced,9,Ryan,変われる男ほど魅力的なものはないよ！
aa8e7dea9ad61538,L13 Ryan,Ryan_5_Required_conrad_romanced,10,Ryan,君たちがうまくいってて、嬉しいな。
390bea406a842664,L13 Ryan,Ryan_5_Required_conrad_romanced,11,Ryan,すごいね。君たちがうまくいってて、嬉しいな。
f147cd900de98aeb,L13 Ryan,Ryan_5_Required_conrad_romanced,12,Ryan,ああ、うん、そういうタイプって、けっこう可愛いよね。
883fec192f3d1119,L13 Ryan,Ryan_5_Required_conrad_romanced,13,Ryan,聞いた話だと、最近すごく変わったみたいだね？
b5060af9808e8c7c,L13 Ryan,Ryan_5_Required_conrad_romanced,14,Kobold,ええ、頑張ってますよ。
702195668cf48039,L13 Ryan,Ryan_5_Required_conrad_romanced,15,Kobold,悪い環境にいたんだと思います。今はずっと良くなってますよ。
1e681c01b417052f,L13 Ryan,Ryan_5_Required_conrad_romanced,16,Ryan,それ以上は望めないよね？
9056022b2085d3b7,L13 Ryan,Ryan_5_Required_conrad_romanced,17,Ryan,でも、君たちがうまくいってて嬉しいよ。
932d7df9b58f5376,L13 Ryan,Ryan_5_Required_conrad_romanced,18,Ryan,それはよかった。
# --- progress: Ryan_5_Required_ryan_conrad_romanced | if $ryan_romanced $conrad_romanced $ryan_conrad_romanced ---
e76e544c771880f3,L13 Ryan,Ryan_5_Required_ryan_conrad_romanced,1,Ryan,デートのとき、コンラッドが君の話をしてたよ。
2e21aa0b86c092fb,L13 Ryan,Ryan_5_Required_ryan_conrad_romanced,3,Kobold,どんな話ですか？
271a662aed24f160,L13 Ryan,Ryan_5_Required_ryan_conrad_romanced,4,Ryan,ボコボコにされたときのことを話してくれたんだ。
1b0b214cb2df69ec,L13 Ryan,Ryan_5_Required_ryan_conrad_romanced,5,Ryan,君が思ってるより、ずっと彼の助けになってたと思うよ。
ad14c398c575824b,L13 Ryan,Ryan_5_Required_ryan_conrad_romanced,7,Kobold,仕事をしただけですよ！
daddaa15545566ce,L13 Ryan,Ryan_5_Required_ryan_conrad_romanced,8,Ryan,そうかもね。でもあのとき彼には、気にかけてくれる誰かが必要だったんだ。
f03747feadc10e71,L13 Ryan,Ryan_5_Required_ryan_conrad_romanced,9,Ryan,彼はずっと……その、聞いた限りでは、長いこと誰にも気にかけてもらえてなかったみたいで。
2ed3613575959ca6,L13 Ryan,Ryan_5_Required_ryan_conrad_romanced,10,Ryan,仕事だったとしても……すごく彼の助けになったと思うよ。
658add118bb17ed5,L13 Ryan,Ryan_5_Required_ryan_conrad_romanced,11,Ryan,だから、彼に代わってお礼を言うね。気にかけてくれてありがとう。
8ca78aefdf9d3b44,L13 Ryan,Ryan_5_Required_ryan_conrad_romanced,12,Ryan,彼、ちょっと血の気が多くて、お礼を忘れがちだから。
9176dd2bd815750c,L13 Ryan,Ryan_5_Required_ryan_conrad_romanced,13,Kobold,わあ……ありがとうございます。
5a4dcf1ccff086af,L13 Ryan,Ryan_5_Required_ryan_conrad_romanced,14,Kobold,そう聞けて嬉しいです。
6db8bf6280f68edb,L13 Ryan,Ryan_5_Required_ryan_conrad_romanced,15,Ryan,あ。それともうひとつ。
49e6d82bb7d163af,L13 Ryan,Ryan_5_Required_ryan_conrad_romanced,16,Ryan,デートの後、セックスもしたんだ。
e06e957ec854ab4c,L13 Ryan,Ryan_5_Required_ryan_conrad_romanced,17,Kobold,<size=70%><i>わあ……
9b2ad1c8b149bf00,L13 Ryan,Ryan_5_Required_ryan_conrad_romanced,19,Ryan,はは、うん。コンラッドは間違いなく経験豊富だね……
bc156217e847a8df,L13 Ryan,Ryan_5_Required_ryan_conrad_romanced,20,Ryan,なにさ。別に悪いことじゃないよ！ 君も知りたいかなって思って。
# --- jerkoff: Ryan_5_JerkOff_Start ---
9fec39c7cefbaca2,L13 Ryan,Ryan_5_JerkOff_Start,1,Ryan,へへ……今日は手が積極的だね？
# --- cum: Ryan_5_Cum ---
6f8c64dde681ced5,L13 Ryan,Ryan_5_Cum,1,Ryan,うぅ……これが必要だったんだ。ありがとう。
# --- mount_start: Ryan_5_Mount_Start ---
c7f3dbd886d929a7,L13 Ryan,Ryan_5_Mount_Start,1,Ryan,マウント？ いいよ！
# --- mount_finish: Ryan_5_Mount_Finish ---
48ffbc93e2486713,L13 Ryan,Ryan_5_Mount_Finish,1,Ryan,はぁ……ありがとう。
# --- outro: Ryan_5_Outro_ryan_romanced | if $ryan_romanced ---
6fc39ec69d974bb4,L13 Ryan,Ryan_5_Outro_ryan_romanced,1,Ryan,隅々まで洗ってくれたと思う。
c9e5fbe3317edd3f,L13 Ryan,Ryan_5_Outro_ryan_romanced,2,Ryan,これがどういう意味か、わかるよね……
f553e58b991e05cc,L13 Ryan,Ryan_5_Outro_ryan_romanced,3,Kobold,デートの夜ですね！
line:95aa0bf4,L13 Ryan,Ryan_5_Outro_ryan_romanced,5,Ryan,もちろんだよ！
0eb7accf7a8bffc3,L13 Ryan,Ryan_5_Outro_ryan_romanced,6,Ryan,とあるコボルドとデートに行く準備ができたってことだよ。
e7da2124354de72f,L13 Ryan,Ryan_5_Outro_ryan_romanced,7,Ryan,店を閉めなきゃいけないのはわかってる。住所を渡しておくから、そこで待ち合わせよう、ね？
6b7ea0261a825f1b,L13 Ryan,Ryan_5_Outro_ryan_romanced,8,Kobold,いいですね！
line:a00f681d,L13 Ryan,Ryan_5_Outro_ryan_romanced,9,Kobold,楽しみです。
7809df3c2e9fa860,L13 Ryan,Ryan_5_Outro_ryan_romanced,10,Ryan,本当に楽しみだな。
line:363f6f6a,L13 Ryan,Ryan_5_Outro_ryan_romanced,11,Ryan,僕もだよ。
dc9e132cf2897c30,L13 Ryan,Ryan_5_Outro_ryan_romanced,12,Ryan,よし、ゲートを開けてきて。僕は先に場所へ向かうよ！
7d5a43fcbb4e03de,L13 Ryan,Ryan_5_Outro_ryan_romanced,13,Ryan,またすぐにね。
# --- outro: Ryan_5_Outro_conrad_romanced | if $ryan_romanced $conrad_romanced ---
b050469dea41d597,L13 Ryan,Ryan_5_Outro_conrad_romanced,2,Ryan,助けてくれてありがとう。
25ec1c59caa5e66c,L13 Ryan,Ryan_5_Outro_conrad_romanced,3,Kobold,ライアンを洗うのは、いつでも喜んで！
2a67fb93196e8722,L13 Ryan,Ryan_5_Outro_conrad_romanced,5,Ryan,あ——洗いだけじゃなくて。
2140dcb75dc2d0f9,L13 Ryan,Ryan_5_Outro_conrad_romanced,6,Ryan,その、全部のことでね。
a6d4dab5c8699946,L13 Ryan,Ryan_5_Outro_conrad_romanced,7,Ryan,この前の別れは、きつかったから。
1fd66775cea2eb4b,L13 Ryan,Ryan_5_Outro_conrad_romanced,8,Ryan,ここはいい逃げ場になったんだ。
8f4dc96f133fa75c,L13 Ryan,Ryan_5_Outro_conrad_romanced,9,Ryan,それに、君とコンラッドのこと、本当に嬉しく思ってるよ。
8ed791569d35f02c,L13 Ryan,Ryan_5_Outro_conrad_romanced,10,Ryan,次に来たときにまた会おうね？
d38d6a1844481871,L13 Ryan,Ryan_5_Outro_conrad_romanced,11,Kobold,ライアンに会えるのはいつでも嬉しいですよ。
c88980c837fb6592,L13 Ryan,Ryan_5_Outro_conrad_romanced,12,Kobold,ゲートを開けてきますね
b1e1c4e40f4aaeec,L13 Ryan,Ryan_5_Outro_conrad_romanced,13,Ryan,君もね。洗ってくれてありがとう。
# --- outro: Ryan_5_Outro_ryan_conrad_romanced | if $ryan_romanced $conrad_romanced $ryan_conrad_romanced ---
c5f14714a1e0439c,L13 Ryan,Ryan_5_Outro_ryan_conrad_romanced,8,Ryan,最高の息抜きだったよ……
3eb55bf5de9c718b,L13 Ryan,Ryan_5_Outro_ryan_conrad_romanced,9,Ryan,それに、コンラッドを紹介してくれたし。
7aa8987bf569468c,L13 Ryan,Ryan_5_Outro_ryan_conrad_romanced,10,Ryan,彼、素敵だね。

# ===== Level 14: Conrad (Night) =====
# --- intro: Conrad_5_intro_ryan_romanced | if $ryan_conrad_romanced $conrad_romanced $ryan_romanced ---
ab4070df9f9d3980,L14 Conrad,Conrad_5_intro_ryan_romanced,1,Conrad,<size=140%>よお、<size=100%>洗ってほしいんだ。
8597b1ea1423580d,L14 Conrad,Conrad_5_intro_ryan_romanced,2,Kobold,こんばんは、コンラッド。
3ed1272125c54574,L14 Conrad,Conrad_5_intro_ryan_romanced,3,Kobold,こんな遅くにどうしたんですか？
d90de33a2137108a,L14 Conrad,Conrad_5_intro_ryan_romanced,4,Conrad,おう、俺だ。
2ca9d5b1cf89ccc8,L14 Conrad,Conrad_5_intro_ryan_romanced,5,Conrad,今夜は街に繰り出すんだ。ピカピカにしとかねえとな。それによ……
f5ebf2a456433609,L14 Conrad,Conrad_5_intro_ryan_romanced,6,Conrad,お前とあのでかい青いやつの話、聞いたぜ。ライアンだっけか？
061d649bf4c733b7,L14 Conrad,Conrad_5_intro_ryan_romanced,7,Conrad,楽しかったんだろ。
4193e2b4730c89ad,L14 Conrad,Conrad_5_intro_ryan_romanced,8,Conrad,うまくいったならいいけどな。
63ecf81d4e111712,L14 Conrad,Conrad_5_intro_ryan_romanced,9,Kobold,うまくいきましたよ！ 気にかけてくれてありがとうございます。
0c7c795d2dd5eb76,L14 Conrad,Conrad_5_intro_ryan_romanced,10,Kobold,うまくいきました。
ae61bf1949b59852,L14 Conrad,Conrad_5_intro_ryan_romanced,12,Conrad,さて！
25ba5fd876754270,L14 Conrad,Conrad_5_intro_ryan_romanced,13,Conrad,コンラッド様、洗いをご所望だ！
# --- intro: Conrad_5_intro_conrad_romanced | if $ryan_conrad_romanced $conrad_romanced $ryan_romanced ---
76777c9ea422832b,L14 Conrad,Conrad_5_intro_conrad_romanced,1,Conrad,よお、いい男
0b7efee62380b6cd,L14 Conrad,Conrad_5_intro_conrad_romanced,2,Conrad,俺、どう見える？
060982be63865e2c,L14 Conrad,Conrad_5_intro_conrad_romanced,3,Kobold,とてもかっこいいですよ
b6fff34d007d61c9,L14 Conrad,Conrad_5_intro_conrad_romanced,4,Kobold,うーん……
806a4d3418ed236d,L14 Conrad,Conrad_5_intro_conrad_romanced,5,Conrad,だろ！ そうだろ！
4bd075c280186208,L14 Conrad,Conrad_5_intro_conrad_romanced,6,Conrad,デート向きじゃねえけどな。
777560a71762cf9b,L14 Conrad,Conrad_5_intro_conrad_romanced,7,Conrad,じゃあ今夜のデートに向けて、洗い落とそうぜ。
364ea49c3b6c9895,L14 Conrad,Conrad_5_intro_conrad_romanced,8,Conrad,はっ！
3ef6b1f5eeda632e,L14 Conrad,Conrad_5_intro_conrad_romanced,9,Conrad,ふざけただけだ。
ec760ba3440257aa,L14 Conrad,Conrad_5_intro_conrad_romanced,10,Conrad,よし、じゃあ今夜のデートに向けて、洗い落とそうぜ。
line:d66b9155,L14 Conrad,Conrad_5_intro_conrad_romanced,11,Kobold,楽しみです。
300d848a1b6703e2,L14 Conrad,Conrad_5_intro_conrad_romanced,12,Kobold,ピカピカにしないといけませんね！
line:405b9622,L14 Conrad,Conrad_5_intro_conrad_romanced,13,Conrad,俺もだぜ。
260d7e3607c0eca1,L14 Conrad,Conrad_5_intro_conrad_romanced,14,Conrad,へっ……あったりめぇだ。
d875bd1d6febfd53,L14 Conrad,Conrad_5_intro_conrad_romanced,15,Conrad,気合い入ってるぜ。
a652a464f67481de,L14 Conrad,Conrad_5_intro_conrad_romanced,16,Conrad,前に言ったバー、もう席は押さえてある。
ce3783abd13119b6,L14 Conrad,Conrad_5_intro_conrad_romanced,17,Conrad,夜の雰囲気がマジで最高なんだ。
18ed0c57d649df67,L14 Conrad,Conrad_5_intro_conrad_romanced,18,Conrad,お前も気に入るぜ。
# --- intro: Conrad_5_intro_ryan_conrad_romanced | if $ryan_conrad_romanced $conrad_romanced $ryan_romanced ---
9ec8a28e82bf29dd,L14 Conrad,Conrad_5_intro_ryan_conrad_romanced,1,Conrad,よぉぉぉ。
ce0517f9b97181e5,L14 Conrad,Conrad_5_intro_ryan_conrad_romanced,2,Kobold,何かいいことありました？
9560e52eac466c54,L14 Conrad,Conrad_5_intro_ryan_conrad_romanced,4,Conrad,ライアンとのデートはよ……
f1afc0e7b46c4e3f,L14 Conrad,Conrad_5_intro_ryan_conrad_romanced,5,Conrad,くそ最高だった！
line:ab3a5d9c,L14 Conrad,Conrad_5_intro_ryan_conrad_romanced,6,Conrad,よう。
4b512432c16ce478,L14 Conrad,Conrad_5_intro_ryan_conrad_romanced,9,Conrad,遅くに来て悪いな。睡眠がバグっててよ。
258282b3a0c1182a,L14 Conrad,Conrad_5_intro_ryan_conrad_romanced,10,Conrad,まあ、洗いに来ただけなんだけどな。
b67855af6a6d0c66,L14 Conrad,Conrad_5_intro_ryan_conrad_romanced,11,Kobold,ライアンのこと、今度たっぷり聞かせてくださいね。
9ab1cc314a249eac,L14 Conrad,Conrad_5_intro_ryan_conrad_romanced,12,Kobold,わかりました！ ゲートを開けてきますね。
1d28eb42dcdd879d,L14 Conrad,Conrad_5_intro_ryan_conrad_romanced,13,Conrad,心配すんな。話してやるよ。
line:5183a6f2,L14 Conrad,Conrad_5_intro_ryan_conrad_romanced,14,Conrad,ありがとな。
# --- progress: Conrad_5_required_ryan_romanced | if $ryan_romanced ---
189bf8eff795718a,L14 Conrad,Conrad_5_required_ryan_romanced,1,Conrad,おい、遅くに来て悪いな。
cf69f255df6f95af,L14 Conrad,Conrad_5_required_ryan_romanced,2,Kobold,大丈夫ですよ。閉店まであと1時間くらいありますから。
3aa0d9279bff43d9,L14 Conrad,Conrad_5_required_ryan_romanced,3,Kobold,いつでも来ていいんですよ！
f135fa715daf4f0c,L14 Conrad,Conrad_5_required_ryan_romanced,4,Conrad,あ。じゃあ悪くねえな、撤回だ。
line:aea0be6b,L14 Conrad,Conrad_5_required_ryan_romanced,5,Conrad,へへ、ありがとな。
b127befdbae1da68,L14 Conrad,Conrad_5_required_ryan_romanced,6,Conrad,ライアンとのデートだけどよ。
e00a5000d0f2cd2a,L14 Conrad,Conrad_5_required_ryan_romanced,8,Conrad,セックスはどうだった。
7bd3b05552e5bd75,L14 Conrad,Conrad_5_required_ryan_romanced,10,Kobold,あ。えっと。<size=70%>よかったです。
051b72b94276cf81,L14 Conrad,Conrad_5_required_ryan_romanced,11,Conrad,おい、聞くくらいいいだろ！
d5e5e7ee92b23759,L14 Conrad,Conrad_5_required_ryan_romanced,12,Conrad,よかったみてえだな。
83e2bb850a49b35e,L14 Conrad,Conrad_5_required_ryan_romanced,13,Conrad,はっ、そりゃそうだろうな。
9f69f9b215b926ee,L14 Conrad,Conrad_5_required_ryan_romanced,14,Conrad,お前、手の使い方はマジで上手いからな。
2c910bcdb2651bf0,L14 Conrad,Conrad_5_required_ryan_romanced,15,Conrad,妬けるぜ！
9e8a396c1742ffde,L14 Conrad,Conrad_5_required_ryan_romanced,16,Conrad,……いや、変な意味じゃなくてよ。
# --- progress: Conrad_5_required_conrad_romanced | if $ryan_romanced $conrad_romanced ---
63b786e95b90bc5e,L14 Conrad,Conrad_5_required_conrad_romanced,1,Conrad,で。今夜だ。
line:a0479425,L14 Conrad,Conrad_5_required_conrad_romanced,3,Kobold,楽しみです。
line:95e2f7cc,L14 Conrad,Conrad_5_required_conrad_romanced,4,Conrad,おう。
6a74a80cafdccde8,L14 Conrad,Conrad_5_required_conrad_romanced,6,Conrad,楽しみにしとけよ。
06318559748ee640,L14 Conrad,Conrad_5_required_conrad_romanced,7,Conrad,絶対気に入るぜ。
6c4d5b09c5034364,L14 Conrad,Conrad_5_required_conrad_romanced,8,Conrad,あの辺の明かりも最高なんだ。
95e9b7e01259ac1e,L14 Conrad,Conrad_5_required_conrad_romanced,9,Conrad,マジで雰囲気が出るんだよ。
66e39f6379268a82,L14 Conrad,Conrad_5_required_conrad_romanced,10,Kobold,雰囲気づくりは今夜まで取っておいてくださいよ！
f9ae65b8ce359331,L14 Conrad,Conrad_5_required_conrad_romanced,12,Conrad,はっ。わかったよ。
1d1baaa8db27cb04,L14 Conrad,Conrad_5_required_conrad_romanced,13,Conrad,ああ、そうだ。
ff84a4b13b8be2a4,L14 Conrad,Conrad_5_required_conrad_romanced,14,Conrad,綺麗になったら先に出て、席の準備しとくぜ。
# --- progress: Conrad_5_required_ryan_conrad_romanced | if $ryan_romanced $conrad_romanced $ryan_conrad_romanced ---
1598446fc49cdf80,L14 Conrad,Conrad_5_required_ryan_conrad_romanced,1,Conrad,ライアンってよ、ほんといいドラゴンだよな。
e2e3e43114ab1531,L14 Conrad,Conrad_5_required_ryan_conrad_romanced,2,Kobold/Conrad,本当にそうですね。
73f5014bc8782ad4,L14 Conrad,Conrad_5_required_ryan_conrad_romanced,4,Conrad,ああ、俺にすげえ優しくしてくれるんだ。
953a9b287930c86a,L14 Conrad,Conrad_5_required_ryan_conrad_romanced,5,Conrad,あいつは……気が利く。すげえ理解もあるしよ。
41d3eda9c195fe48,L14 Conrad,Conrad_5_required_ryan_conrad_romanced,6,Conrad,最初に会ったとき、俺はいつもの悪いクセが出ちまっててな。
42fb7bc16778c0a5,L14 Conrad,Conrad_5_required_ryan_conrad_romanced,7,Conrad,……正直、ちょっと嫌なやつだったんだ。
66ad79997bc62825,L14 Conrad,Conrad_5_required_ryan_conrad_romanced,8,Conrad,あいつは……俺を正気に戻す言葉を、ちゃんと知ってたんだ。
7f8b591142c62352,L14 Conrad,Conrad_5_required_ryan_conrad_romanced,9,Kobold,素敵ですね！
98e27e864ef9bcd4,L14 Conrad,Conrad_5_required_ryan_conrad_romanced,10,Kobold,ライアンは本当に優しい子ですから
7d6c8c039970d352,L14 Conrad,Conrad_5_required_ryan_conrad_romanced,11,Conrad,ああ……あいつは本当に最高だ。
line:c7e1b369,L14 Conrad,Conrad_5_required_ryan_conrad_romanced,12,Conrad,ほんとにな。
5e25d0f2371f53e0,L14 Conrad,Conrad_5_required_ryan_conrad_romanced,13,Conrad,あいつを紹介してくれて、ありがとな。
# --- jerkoff: Conrad_5_JerkOff_Start ---
c96d891724f6aacb,L14 Conrad,Conrad_5_JerkOff_Start,1,Conrad,はっ……今から抜いてくれんのか？ 構わねえぜ。
# --- cum: Conrad_5_Cum ---
51bfc34995242b1a,L14 Conrad,Conrad_5_Cum,1,Conrad,くっそ……お前、マジでドラゴンの扱いがわかってるな！
# --- outro: Conrad_5_outro_ryan_romanced | if $ryan_romanced ---
311729708567a9d6,L14 Conrad,Conrad_5_outro_ryan_romanced,1,Kobold,終わりましたよ！
84da55b8523dba73,L14 Conrad,Conrad_5_outro_ryan_romanced,2,Kobold,<i>ピカピカですよ。</i>
2bde145654bd4a8f,L14 Conrad,Conrad_5_outro_ryan_romanced,3,Conrad,みたいだな。
af144d6cb4daa5e6,L14 Conrad,Conrad_5_outro_ryan_romanced,4,Conrad,そうこなくっちゃ。
8c873098ac0042a6,L14 Conrad,Conrad_5_outro_ryan_romanced,5,Conrad,こんな夜遅くに洗ってくれて、ありがとな。
028e30f8adf6e6ad,L14 Conrad,Conrad_5_outro_ryan_romanced,6,Conrad,お前とライアンのこと、ちゃんと報告しろよな？
a398eca1fb8d9924,L14 Conrad,Conrad_5_outro_ryan_romanced,7,Conrad,まあ、とにかく……
234fc4abfc8d8619,L14 Conrad,Conrad_5_outro_ryan_romanced,8,Conrad,<i>ビッグC</i>をここから出してくれ！
a53a782390260e09,L14 Conrad,Conrad_5_outro_ryan_romanced,9,Kobold,ビッグC……？
8e369560d1581070,L14 Conrad,Conrad_5_outro_ryan_romanced,10,Kobold,わかりました、コンラッド。
f6b30f28e561466d,L14 Conrad,Conrad_5_outro_ryan_romanced,12,Conrad,あー……やっぱそれはやめとくわ。
ac2b2c6605839727,L14 Conrad,Conrad_5_outro_ryan_romanced,13,Conrad,はっ……そうだな……
fc66fcc7fd7d0e4d,L14 Conrad,Conrad_5_outro_ryan_romanced,14,Conrad,よし、じゃあな！
# --- outro: Conrad_5_outro_conrad_romanced | if $ryan_romanced $conrad_romanced ---
9333db61bcc08052,L14 Conrad,Conrad_5_outro_conrad_romanced,1,Conrad,すっかり綺麗になったな……
8b45593ada7894a3,L14 Conrad,Conrad_5_outro_conrad_romanced,2,Conrad,どういう意味かわかるだろ。
53e54ad7b23e6757,L14 Conrad,Conrad_5_outro_conrad_romanced,3,Kobold,デートの夜ですね！
4f319a155b3e572c,L14 Conrad,Conrad_5_outro_conrad_romanced,4,Kobold,先に店を閉めないと——
f3296c9825518630,L14 Conrad,Conrad_5_outro_conrad_romanced,6,Conrad,お前が店を閉めてる間に、席を取っといてやるよ。
c215e512d572e96c,L14 Conrad,Conrad_5_outro_conrad_romanced,7,Conrad,わかってる、席は取っといてやるって！
22d803e60de439a9,L14 Conrad,Conrad_5_outro_conrad_romanced,8,Conrad,よし！ 準備万端だぜ。
092af5ec90bd21c7,L14 Conrad,Conrad_5_outro_conrad_romanced,9,Conrad,今夜、バーで待ってるからな！
# --- outro: Conrad_5_outro_ryan_conrad_romanced | if $ryan_romanced $conrad_romanced $ryan_conrad_romanced ---
e079ff157877ea28,L14 Conrad,Conrad_5_outro_ryan_conrad_romanced,1,Conrad,隅々まで洗ってくれたみたいだな！
6749954edebda844,L14 Conrad,Conrad_5_outro_ryan_conrad_romanced,2,Conrad,お前の鱗から離れるとするか。
2bc72fd03dd6d9e7,L14 Conrad,Conrad_5_outro_ryan_conrad_romanced,3,Conrad,こんな遅くに入れてくれて、ありがとな。
f001e3ed4df7e0ee,L14 Conrad,Conrad_5_outro_ryan_conrad_romanced,4,Kobold,いいんですよ！
9d4a6cd35afcc17e,L14 Conrad,Conrad_5_outro_ryan_conrad_romanced,5,Kobold,コンラッドならいつでも歓迎ですよ。
5e4e2c64bc630fa1,L14 Conrad,Conrad_5_outro_ryan_conrad_romanced,6,Conrad,ん〜……睡眠のリズム、どうにかするわ……
5c58c3e6d4c7dc65,L14 Conrad,Conrad_5_outro_ryan_conrad_romanced,7,Conrad,ありがとな。ここに来るのはいつだって嬉しいぜ。
163137d1bff25904,L14 Conrad,Conrad_5_outro_ryan_conrad_romanced,8,Conrad,とにかくよ。ゲート開けてきてくれるか？
94d29a68cf0c8c31,L14 Conrad,Conrad_5_outro_ryan_conrad_romanced,9,Conrad,夜は勝手に始まっちゃくれねえからな！

# ===== Level 15: Alexander (Sunny) =====
# --- intro: Alexander_5_intro ---
bc3d56d7794e4370,L15 Alexander,Alexander_5_intro,6,Kobold,こんにちは、アレクサンダー。
1bef44aeb393caf0,L15 Alexander,Alexander_5_intro,7,Kobold,こんにちは、おっきいの！
2d8bd7d9bb5f85ba,L15 Alexander,Alexander_5_intro,8,Alexander,ごきげんよう。
b048841add4ee6cf,L15 Alexander,Alexander_5_intro,10,Alexander,洗いに参りました。
beeee2948bf1c30a,L15 Alexander,Alexander_5_intro,11,Alexander,お元気でおられるとよろしいのですが！
906a59351176dc24,L15 Alexander,Alexander_5_intro,12,Kobold,はい！ ライアンとデートしてきたところなんです。
2a75724b922176cf,L15 Alexander,Alexander_5_intro,13,Alexander,ほう？ あの辺りで見かける空色のドレイクでございますか？
1f4da5e1dde7e17c,L15 Alexander,Alexander_5_intro,14,Alexander,どなたかとお付き合いされているとは、喜ばしいことでございます！
50f1967e1e33cecf,L15 Alexander,Alexander_5_intro,15,Kobold,はい！ コンラッドとデートしてきたところなんです。
0738da2a76bc2231,L15 Alexander,Alexander_5_intro,16,Alexander,ほう？ あの小さな赤いドレイクでございますか？
896dc87e931d64eb,L15 Alexander,Alexander_5_intro,18,Kobold,元気ですよ！ アレクサンダーが来てくれて、もっと元気になりました。
0786859cb08f5ef9,L15 Alexander,Alexander_5_intro,19,Kobold,元気ですよ！
414ed962f4c8a03a,L15 Alexander,Alexander_5_intro,20,Alexander,おや。それは……素晴らしい！
10cdda610834ef77,L15 Alexander,Alexander_5_intro,21,Alexander,私もここに来られて嬉しゅうございます。
346865d8c1dd9693,L15 Alexander,Alexander_5_intro,22,Alexander,何よりでございます。
f9ccb379ac224d71,L15 Alexander,Alexander_5_intro,23,Alexander,ともあれ、洗浄が必要でございまして。
4e576daaec5a2d15,L15 Alexander,Alexander_5_intro,24,Kobold,すぐに！
42dbc75670fc6105,L15 Alexander,Alexander_5_intro,26,Alexander,洗いを楽しみにしております。
line:316bb26e,L15 Alexander,Alexander_5_intro,27,Alexander,感謝いたします。
# --- progress: Alexander_5_romance_route | if $ryan_conrad_romanced ---
067e958be39127d9,L15 Alexander,Alexander_5_romance_route,4,Alexander,考えておったのですが……
4dd6f1ad9c86a533,L15 Alexander,Alexander_5_romance_route,5,Alexander,貴殿は、私を魅力的だとお思いですかな？
303f7b0a567bfb2b,L15 Alexander,Alexander_5_romance_route,6,Kobold,ええ、もちろん。
09141003dee8665c,L15 Alexander,Alexander_5_romance_route,7,Kobold,思いますよ！
43c22d680a102c02,L15 Alexander,Alexander_5_romance_route,8,Kobold,かっこいいと思いますよ。
4d433e9df480be59,L15 Alexander,Alexander_5_romance_route,10,Alexander,何よりでございます！
c2ec019426b864e2,L15 Alexander,Alexander_5_romance_route,11,Alexander,それは……では、ずいぶんと自信が持てるようになります。
2819c10656ee517a,L15 Alexander,Alexander_5_romance_route,12,Alexander,まことに？
line:e00c6df5,L15 Alexander,Alexander_5_romance_route,14,Alexander,感謝いたします。
8fa16c7b8108298a,L15 Alexander,Alexander_5_romance_route,15,Alexander,では、ずいぶんと自信が持てるようになります。
4f6ee313463724ba,L15 Alexander,Alexander_5_romance_route,16,Alexander,そこで、次の質問に移るのでございますが……
96ec8add863c6173,L15 Alexander,Alexander_5_romance_route,17,Alexander,今宵、大学の図書館へご一緒していただけませんかな……？
558dbfba7857e37d,L15 Alexander,Alexander_5_romance_route,18,Alexander,いわゆる……デート、でございます。世間の言い方では。
76eea215ea7ba450,L15 Alexander,Alexander_5_romance_route,19,Kobold,"<gradient=""gold""><b> いいですよ！ </b></gradient><size=70%>（アレクサンダーとのロマンスに進みます！）"
500188b2a2627768,L15 Alexander,Alexander_5_romance_route,20,Kobold,"<gradient=""gold""><b> 今夜は忙しいんです。ごめんなさい。 </b></gradient><size=70%>（ロマンスには進みません！）"
96b6a8b07a0781d0,L15 Alexander,Alexander_5_romance_route,22,Alexander,しばらく前から、これをお尋ねしようと考えておりました。
942b49a7c66fb0bf,L15 Alexander,Alexander_5_romance_route,23,Alexander,ああ。お気になさらず。
b1cb9d9c9d3d9661,L15 Alexander,Alexander_5_romance_route,24,Alexander,承知いたしました。では、洗いの邪魔はいたしませんぞ！
# --- progress: Alexander_5_required ---
861a7c80ccb8a4ba,L15 Alexander,Alexander_5_required,1,Alexander,それで、デートはいかがでしたかな？
3481be04c35d76a2,L15 Alexander,Alexander_5_required,2,Kobold,最高でした！ ライアンは本当に優しいんです。
d26f0d306552c44a,L15 Alexander,Alexander_5_required,3,Kobold,最高でした。コンラッドはワイルドで。いい意味でワイルドなんです。
cf755b67feb7b6d9,L15 Alexander,Alexander_5_required,4,Kobold,よかったですよ。セックスもしました。
6af3f2040301f8fa,L15 Alexander,Alexander_5_required,5,Alexander,それは結構。貴殿にはまともな男がふさわしゅうございます。
9b8379de3d387846,L15 Alexander,Alexander_5_required,6,Alexander,彼もきっと、貴殿を好ましく思っておりましょう！
add751924d595d89,L15 Alexander,Alexander_5_required,7,Kobold,ありがとうございます、アレクサンダーも素敵ですよ！
line:44701902,L15 Alexander,Alexander_5_required,8,Kobold,ありがとうございます！
01cb42db52da342d,L15 Alexander,Alexander_5_required,9,Alexander,感謝いたします。ご親切なお言葉で。
line:d2401e75,L15 Alexander,Alexander_5_required,10,Alexander,もちろんでございます！
a8ab7e0a75fdc69c,L15 Alexander,Alexander_5_required,11,Alexander,ははは、彼はワイルドな類のようでございますな。
5bac15668ef9b115,L15 Alexander,Alexander_5_required,12,Alexander,彼を楽しんでおられるようで何より。彼もきっと貴殿を好ましく思っておりましょう。
line:e7e57d9c,L15 Alexander,Alexander_5_required,14,Kobold,ありがとうございます！
line:76f8c20c,L15 Alexander,Alexander_5_required,16,Alexander,もちろんでございます！
cb8f422bf973d563,L15 Alexander,Alexander_5_required,20,Alexander,お二方は良い組み合わせということでございましょう。
# --- jerkoff: Alexander_5_JerkOff_Start ---
caa4d660ab8d004d,L15 Alexander,Alexander_5_JerkOff_Start,1,Alexander,<i> 心地よいですな……</i>
# --- cum: Alexander_5_Cum ---
3eb65bb3b11e901c,L15 Alexander,Alexander_5_Cum,1,Alexander,おっと——散らかしてしまい、申し訳ございません……
# --- mount_start: Alexander_5_Mount_Start ---
6df0c2c2617b9905,L15 Alexander,Alexander_5_Mount_Start,1,Alexander,おやまあ。マウントを使ってもよろしいかもしれませんな！
# --- mount_finish: Alexander_5_Mount_Finish ---
31ea4258e44c77e4,L15 Alexander,Alexander_5_Mount_Finish,1,Alexander,んっ……これが必要だったようでございます。感謝いたします。
# --- outro: Alexander_5_Outro ---
026554f86388b721,L15 Alexander,Alexander_5_Outro,1,Alexander,洗いに感謝いたします。
7f37ff79ee94bd0b,L15 Alexander,Alexander_5_Outro,2,Alexander,今夜——キャンパスで。図書館は、青い尖塔の大きな建物でございます。
f5e9b1cef9c39e89,L15 Alexander,Alexander_5_Outro,3,Alexander,ドラゴン用の入口へお越しください。私がお通しいたします。
line:b5d7d26f,L15 Alexander,Alexander_5_Outro,4,Alexander,楽しみでございます。
5832139d604c3ee8,L15 Alexander,Alexander_5_Outro,5,Kobold,私もです！
6ed2300bf162b1de,L15 Alexander,Alexander_5_Outro,6,Kobold,すごく素敵ですね。
line:99b6dc81,L15 Alexander,Alexander_5_Outro,7,Alexander,何よりでございます。
ada4e05c4d451f61,L15 Alexander,Alexander_5_Outro,8,Alexander,まことに、なかなか素敵なものでございます。
6068953467a952bf,L15 Alexander,Alexander_5_Outro,9,Alexander,では、お邪魔にならぬよう失礼いたします。洗いに感謝いたします。
7ca9216de53b82e5,L15 Alexander,Alexander_5_Outro,10,Alexander,今夜お会いしましょう。
4f8eb9eeb14b2f7d,L15 Alexander,Alexander_5_Outro,11,Alexander,これで隅々まででございましょう。
991fa15e47275ce0,L15 Alexander,Alexander_5_Outro,12,Alexander,洗いに感謝いたします！
6d1255dd43802973,L15 Alexander,Alexander_5_Outro,13,Alexander,貴殿に出会えて、嬉しゅうございます。
5d5e0eafc7ef13d6,L15 Alexander,Alexander_5_Outro,14,Kobold,私もです。
63b9a103362edd6c,L15 Alexander,Alexander_5_Outro,15,Kobold,わあ、ありがとうございます、アレクサンダー。
6df8f8008c57cbac,L15 Alexander,Alexander_5_Outro,16,Alexander,ともあれ、お邪魔にならぬよう失礼いたします。
1cb7b221b7adda1c,L15 Alexander,Alexander_5_Outro,17,Alexander,ごきげんよう！

# ===== Cutscenes (started by game code) =====
# --- Alexander_SexScene ---
266f7a45346224eb,Cutscene,Alexander_SexScene,1,Alexander,ここでただ横になっているだけでも……
43b91c684627d3b6,Cutscene,Alexander_SexScene,2,Alexander,すべて、貴殿にお任せしても？
# --- Alexander_SexScene_Loop ---
7d085d9765e3c5d6,Cutscene,Alexander_SexScene_Loop,1,Alexander,おや——
f70738ec42aa401d,Cutscene,Alexander_SexScene_Loop,2,Alexander,貴殿の手は実に巧みでございますな
328ad033a139998d,Cutscene,Alexander_SexScene_Loop,3,Alexander,んん……
5ec1f7e700f37c3d,Cutscene,Alexander_SexScene_Loop,4,Alexander/Conrad/Ryan,……
# --- Alexander_SexScene_Cum | if $alexander_sexscene_loops ---
08ab4c0c6ca5fe6f,Cutscene,Alexander_SexScene_Cum,1,Kobold,これでいいですか？
069e24aa896ea4cf,Cutscene,Alexander_SexScene_Cum,2,Alexander,ええ……そのとおりでございます。
2c33dcef91e06624,Cutscene,Alexander_SexScene_Cum,3,Kobold,よし。
2d731f1625c8064f,Cutscene,Alexander_SexScene_Cum,4,Alexander,私は……もう、達してしまいそうでございます
4650860eb73dd16f,Cutscene,Alexander_SexScene_Cum,5,Kobold,もう少しだけ我慢してもらえますか？
860ede2808e2507c,Cutscene,Alexander_SexScene_Cum,6,Kobold,どうぞ！
16c36baab1491eb1,Cutscene,Alexander_SexScene_Cum,7,Alexander,し、承知いたしました。努めましょう。
24537bfd61baf4a0,Cutscene,Alexander_SexScene_Cum,8,Alexander,もはや抑えきれそうにございません
a63eed0b6b6a78c7,Cutscene,Alexander_SexScene_Cum,9,Kobold,まだです。もう少し。
35f5ee08b67fc0f5,Cutscene,Alexander_SexScene_Cum,10,Kobold,準備ができたら、いつでもどうぞ。
82af5427ecb85c11,Cutscene,Alexander_SexScene_Cum,11,Alexander,ええ……
847ec7301eab2bde,Cutscene,Alexander_SexScene_Cum,12,Alexander,はぁ……
c958ed597f3ee7b9,Cutscene,Alexander_SexScene_Cum,13,Alexander,大いに楽しませていただきました。
f3be3d62065c0791,Cutscene,Alexander_SexScene_Cum,14,Kobold,そう言ってもらえて嬉しいです。
6a629fe795ac84d7,Cutscene,Alexander_SexScene_Cum,15,Kobold,次はどうしますか？
4cc4342b97114697,Cutscene,Alexander_SexScene_Cum,16,Alexander,ええ……ですが、床を掃除する必要がございますな。
ee63118710aa5c5b,Cutscene,Alexander_SexScene_Cum,17,Alexander,床を掃除せねばなりません……
8319d1715d2a4149,Cutscene,Alexander_SexScene_Cum,18,Alexander,<i><size=70%>おっと……本も
# --- Conrad_SexScene ---
b6d2d6ccb52c5166,Cutscene,Conrad_SexScene,1,Conrad,おおっ！ お前、マジで冒険好きだな！
e5c48d779d6422b5,Cutscene,Conrad_SexScene,2,Kobold,んぐっ！（うん！）
e0ecc38d8bbe3790,Cutscene,Conrad_SexScene,3,Conrad,口に入れたまま喋るなよ
# --- Conrad_SexScene_Loop ---
d7e01674d2776085,Cutscene,Conrad_SexScene_Loop,1,Conrad,正直、どうやってんのかわかんねえよ。
9b277d164ba8a630,Cutscene,Conrad_SexScene_Loop,2,Conrad,文句はねえけどな。
73433af885509f84,Cutscene,Conrad_SexScene_Loop,3,Conrad,たまんねえ
# --- Conrad_SexScene_Cum | if $conrad_sexscene_loops ---
fcfcfc2c31be11e5,Cutscene,Conrad_SexScene_Cum,1,Conrad,準備はいいか？
6b426873374bb7a4,Cutscene,Conrad_SexScene_Cum,2,Kobold,もう少し待ってください
91213ceb7548b8dc,Cutscene,Conrad_SexScene_Cum,3,Kobold,準備できました！
72e3cb39cf4a181a,Cutscene,Conrad_SexScene_Cum,4,Conrad,コンラッド様は好きなだけ続けられるぜ
3f2d1b3f808a4ec7,Cutscene,Conrad_SexScene_Cum,5,Conrad,お前の準備ができ次第、いつでも出せるぜ
46438371960f0974,Cutscene,Conrad_SexScene_Cum,6,Kobold,まだです。
d893ccbfc95475bc,Cutscene,Conrad_SexScene_Cum,7,Kobold,来てください！
aa1a7618e29e4482,Cutscene,Conrad_SexScene_Cum,8,Conrad,おう、俺は構わねえぜ！
aa116a5879e94072,Cutscene,Conrad_SexScene_Cum,9,Conrad,恐れ入ったぜ。
45a9ad3bf69b0498,Cutscene,Conrad_SexScene_Cum,10,Conrad,クラブに戻る準備はいいか？
4db30f4a0f40d350,Cutscene,Conrad_SexScene_Cum,11,Kobold,いいですね！
# --- Ryan_Conrad_SexScene ---
e86ce51d1dbf8280,Cutscene,Ryan_Conrad_SexScene,1,Ryan,ライアン：外でするのは初めてなんだ
848d254c8d63e6fb,Cutscene,Ryan_Conrad_SexScene,2,Conrad,コンラッド：気にすんなって！
3e0325398f9de675,Cutscene,Ryan_Conrad_SexScene,3,Conrad,コンラッド：俺はしょっちゅうやってるぜ
d55845869b2cd946,Cutscene,Ryan_Conrad_SexScene,4,Ryan,ライアン：確かに、かなりドキドキするね
# --- Ryan_Conrad_SexScene_Loop ---
59a6f968c75b792f,Cutscene,Ryan_Conrad_SexScene_Loop,1,Conrad,コンラッド：楽しんでるか？
836b8c1db049dc01,Cutscene,Ryan_Conrad_SexScene_Loop,2,Ryan,ライアン：うん、すごく。僕のこと心配してくれてるの？
dd91f260275b5093,Cutscene,Ryan_Conrad_SexScene_Loop,3,Conrad,コンラッド：コンラッド様はただ楽しんでるだけだ
bf095ea55cdeb898,Cutscene,Ryan_Conrad_SexScene_Loop,4,Conrad,コンラッド：いや……その……
5001d1e4b306b6d9,Cutscene,Ryan_Conrad_SexScene_Loop,5,Conrad,コンラッド：うまくいってほしいんだ
4c3de56e34727c37,Cutscene,Ryan_Conrad_SexScene_Loop,6,Ryan,ライアン：最高にうまくいってると思うよ
06cb256bd506fa70,Cutscene,Ryan_Conrad_SexScene_Loop,7,Ryan,ライアン：それ、すごく好きだな
2e028541c13b150b,Cutscene,Ryan_Conrad_SexScene_Loop,8,Conrad,コンラッド：気持ちいいぜ
# --- Ryan_Conrad_SexScene_Cum | if $ryan_conrad_sexscene_loops ---
5142dd3610e4cc0c,Cutscene,Ryan_Conrad_SexScene_Cum,1,Conrad,コンラッド：もう出そうだ
357806c023d4c85e,Cutscene,Ryan_Conrad_SexScene_Cum,2,Kobold,続けさせる
4e0f42eaaa70c70d,Cutscene,Ryan_Conrad_SexScene_Cum,3,Kobold,イかせる
d8e952b1635e3fe5,Cutscene,Ryan_Conrad_SexScene_Cum,4,Ryan,ライアン：僕ももうイきそう……
50504d8f1c0a5f1c,Cutscene,Ryan_Conrad_SexScene_Cum,7,Ryan,ライアン：わあ……小さいのは本当に背丈だけなんだね。
e7a686aecb078b9e,Cutscene,Ryan_Conrad_SexScene_Cum,8,Conrad,コンラッド：あったりめぇだ！
98087861fbfaa621,Cutscene,Ryan_Conrad_SexScene_Cum,9,Ryan,ライアン：よかったよ
be1dff750703beb9,Cutscene,Ryan_Conrad_SexScene_Cum,10,Conrad,コンラッド：ああ
# --- Ryan_SexScene ---
caa123c912750ed2,Cutscene,Ryan_SexScene,1,Ryan,本当に入る？
c8dda0f1b46383bc,Cutscene,Ryan_SexScene,2,Kobold,コボルドはとても柔軟なんです。入りますよ。
849b442f9a88c950,Cutscene,Ryan_SexScene,3,Kobold,イップ
88f476f3d6ebac8d,Cutscene,Ryan_SexScene,4,Ryan,わかった、つらくなったりしたら、すぐ言ってね。
# --- Ryan_SexScene_Loop ---
48cf02e6d9e88966,Cutscene,Ryan_SexScene_Loop,1,Ryan,わあ……
8caf602c6f60f544,Cutscene,Ryan_SexScene_Loop,2,Ryan,コボルドとするのは初めてなんだ。
db7bd45c48fe49a2,Cutscene,Ryan_SexScene_Loop,3,Ryan,すごく気持ちいい……
# --- Ryan_SexScene_Cum | if $ryan_sexscene_loops ---
eff478354f7f1b18,Cutscene,Ryan_SexScene_Cum,1,Ryan,もうイきそうかも……
ddfa0f7133303565,Cutscene,Ryan_SexScene_Cum,2,Kobold,もう少しだけ続けてください
f76c951c6c97d8cd,Cutscene,Ryan_SexScene_Cum,3,Kobold,来てください！
27cb363532fd0324,Cutscene,Ryan_SexScene_Cum,4,Ryan,うん、いいよ
685d8bfcf6988796,Cutscene,Ryan_SexScene_Cum,5,Ryan,我慢するのが難しいよ……
8fdcf9b73762886e,Cutscene,Ryan_SexScene_Cum,6,Kobold,まだ足りません！
5128d4e4a722127f,Cutscene,Ryan_SexScene_Cum,7,Kobold,お願いします！
eb41a8966fdf7cfd,Cutscene,Ryan_SexScene_Cum,8,Ryan,そんなこと言われたら、余計に我慢できないよ！
9c78a3c6942a7982,Cutscene,Ryan_SexScene_Cum,9,Ryan,よし、いけるよ……
b9ed3621fb6dfbef,Cutscene,Ryan_SexScene_Cum,10,Ryan,すごく楽しかった。
99955b75e0544165,Cutscene,Ryan_SexScene_Cum,11,Kobold,私もです
ee60aadc2fcea44d,Cutscene,Ryan_SexScene_Cum,12,Ryan,よかったら、ここに泊まっていってもいいよ。
9d29fc6dcfe7c05d,Cutscene,Ryan_SexScene_Cum,13,Ryan,一晩、予約してあるんだ。
3736ec41338c7ad0,Cutscene,Ryan_SexScene_Cum,14,Kobold,ぜひ。

# ===== Dragon reactions (started by game code) =====
# --- DragonAlmostClean ---
bae76fc276bb2030,Reaction,DragonAlmostClean,1,Dragon,ああ、だいぶ良くなったけど、まだ汚れてる気がする。
ce6aaf93738f317e,Reaction,DragonAlmostClean,2,Dragon,綺麗になったか、もう一度確認してもらえる？
16584052fd337f09,Reaction,DragonAlmostClean,3,Kobold,わかりました
c54cbee211a25e14,Reaction,DragonAlmostClean,4,Kobold,はい
# --- DragonAnnoyedByBuzzing ---
d139edc8ffdc22b7,Reaction,DragonAnnoyedByBuzzing,1,Dragon,やめてよ、まだ終わってないでしょ。だよね？
631ef624f4506ea7,Reaction,DragonAnnoyedByBuzzing,2,Kobold,えへへ
# --- DragonColdBalls ---
e820f3ec0397737f,Reaction,DragonColdBalls,1,Dragon,わっ！ 冷たい！
8408ed2f21e73811,Reaction,DragonColdBalls,2,Dragon,うわっ！ 冷たっ！
46f3ba9fc7d04fa7,Reaction,DragonColdBalls,3,Dragon,ぶるるっ！ 冷たい水！
00221b8a2772003a,Reaction,DragonColdBalls,4,Dragon,ひゃっ！
# --- DragonConfusedAboutDismissal ---
9b99cd22a6f3f85a,Reaction,DragonConfusedAboutDismissal,1,Dragon,あれ、もう終わり？
7022570f87a73481,Reaction,DragonConfusedAboutDismissal,2,Dragon,まだ洗い残しがあると思うんだけど……
27db29faa5e11bb6,Reaction,DragonConfusedAboutDismissal,3,Kobold,おっと、すみません。
4fff64bb7aeed72f,Reaction,DragonConfusedAboutDismissal,4,Kobold,そのボタンが何をするのか知らなかったんです。
b0869fc4ea46c5bd,Reaction,DragonConfusedAboutDismissal,5,Dragon,気にしないで、
cb554196ac99a428,Reaction,DragonConfusedAboutDismissal,6,Dragon,うん、あれ「ブブッ」って鳴るんだよね、はは。
345b04bed8d1a7e0,Reaction,DragonConfusedAboutDismissal,7,Dragon,とにかく、まだ終わってなくてよかった、続けよう！
# --- DragonSatisfiedAndLeaves ---
7a8942e2613fa23c,Reaction,DragonSatisfiedAndLeaves,1,Dragon,洗ってくれてありがとう！！
c92c35bb9f44dac4,Reaction,DragonSatisfiedAndLeaves,2,Dragon,また今度、一緒に遊ばない？
8aff5108a050bcfa,Reaction,DragonSatisfiedAndLeaves,3,Kobold,はい！
2cb6318b9f4550a8,Reaction,DragonSatisfiedAndLeaves,4,Kobold,ぜひ！
28454e931a2d3578,Reaction,DragonSatisfiedAndLeaves,5,Dragon,やった！ じゃあまたね！

# ===== Unused nodes (not reachable in the current game) =====
# --- Alexander_1 ---
31c53bea307f49d0,Unused,Alexander_1,1,Alexander/Ryan,錬金術師が高い棚に手を届かせるのを手伝っておりましてな
f00ea25690e17adf,Unused,Alexander_1,2,Alexander,大きな音がいたしました。イグウィックスは、おそらく助からなかったかと。
# --- Alexander_2 ---
07874aa669e5cb8c,Unused,Alexander_2,1,Alexander,またも規定違反が発覚すれば、私の評判は地に落ちてしまいます！
cfe73695b2bdfe19,Unused,Alexander_2,2,Alexander,大学に知られてはなりません、よろしいですな？
27b11f3f6bf12fe9,Unused,Alexander_2,3,Kobold,どこの大学ですか？
2d3935f374b6474e,Unused,Alexander_2,5,Alexander,バーンズウィック・コミュニティ・サマタージー大学に決まっておりましょう！
7a5128354d6171d0,Unused,Alexander_2,6,Alexander,私のような格式高い教授を擁する、最も格式高い大学でございます。その名も、
b34663a53a6541a7,Unused,Alexander_2,9,Alexander,結構。バーンズウィック・コミュニティ・サマタージー大学に、その最高の教授たるアレクサンダーがまたも事故を起こしたなどと知られるわけには参りません。
b39b95373bf40c36,Unused,Alexander_2,11,Alexander,おっと、しまった、今のは聞かなかったことに！
# --- Alexander_3 ---
2501ad553fd20454,Unused,Alexander_3,1,Alexander,イグウィックスを蘇生させねばなりません、ああ、なんと恥ずかしい！
7b282582fab597eb,Unused,Alexander_3,2,Alexander,薬剤師どもは何か月も私の名を汚すことでしょう。
# --- Alexander_Dirty ---
950b8260a6ca788f,Unused,Alexander_Dirty,1,Alexander,この姿をご覧ください！ 学生どもの笑い者になってしまいます。
97733f8db49fb168,Unused,Alexander_Dirty,2,Alexander,背中からイグウィックスをこすり落としていただけますかな？
# --- Alexander_Idle1 ---
6a4162b247e5aae1,Unused,Alexander_Idle1,1,Alexander,イグウィックスがこのような過ちを犯すとは、信じられません！
5e971607fa926b31,Unused,Alexander_Idle1,2,Alexander,おかげでこんな所に、ああ！
# --- Alexander_Idle2 ---
2a1b4481e851f727,Unused,Alexander_Idle2,1,Alexander,人目を避けて洗いに来るためにわざわざ遠回りをしたのです。尾行はなかったはずでございます。
26974d0189f0d75c,Unused,Alexander_Idle2,2,Alexander,誰にも知られはしないでしょう……
# --- Alexander_Idle3 ---
db8cc14accf5dfe9,Unused,Alexander_Idle3,1,Alexander,ああ、汚れが少し染みておりました、感謝いたします。
# --- Alexander_Soapy ---
e17d9103818204a4,Unused,Alexander_Soapy,1,Alexander,この石鹸は教授にふさわしくないとお思いになりませんかな？
03c418e790b340c3,Unused,Alexander_Soapy,2,Alexander,すすぎが終わりましたら、お知らせください。
# --- Alexander_Intro ---
f82f410ee41cad07,Unused,Alexander_Intro,1,Alexander,しっ……！
fedb00f6c13cec68,Unused,Alexander_Intro,2,Kobold,えっと……どなたですか？
4359ca4e5c8fc816,Unused,Alexander_Intro,3,Kobold,誰かいるんですか？
9e2816aaa10403b6,Unused,Alexander_Intro,4,Alexander,しーっ！ 私はこの辺りの者ではございません……
8275f13b67a6687b,Unused,Alexander_Intro,5,Alexander,今、開いておられますかな？
7409deaefe456a49,Unused,Alexander_Intro,7,Alexander,ふう！ 事故がございまして、その処理を……内密にお願いしたいのです。
afb82d57a9c1ba48,Unused,Alexander_Intro,8,Alexander,この障壁を直ちに取り除いてください、中に入れるように。
# --- Alexander_Outro ---
0c2f6e570964b0c1,Unused,Alexander_Outro,1,Alexander,いやはや、貴殿のおかげで、この状況を挽回する機会を得ました。
639110e1c4cc2914,Unused,Alexander_Outro,2,Alexander,ところで、私の勤める大学の名をお覚えですかな？
e35f2c7dd32a4059,Unused,Alexander_Outro,3,Kobold,バーンズウィック・コミュニティ・サマタージー大学
8e3a0c6c1c068e67,Unused,Alexander_Outro,4,Kobold,大学で働いてるんですか？
7bf1556708efd0d8,Unused,Alexander_Outro,5,Kobold,いいえ
79acad09a68bf670,Unused,Alexander_Outro,6,Alexander,違います！ いや、そのとおりなのですが、私の評判のためにも、ここへ来たことはご内密にお願いいたします。
3730dccb6a6582be,Unused,Alexander_Outro,7,Alexander,何ですと？ 私は教授でございます！ 紋章を見ればおわかりでしょう？
56723edcd935d476,Unused,Alexander_Outro,8,Alexander,おお！
e0723f4408ee3eda,Unused,Alexander_Outro,9,Alexander,貴殿のご配慮、承知いたしました、感謝いたします。
7973db48113175b5,Unused,Alexander_Outro,10,Alexander,結構でございます。ご配慮に感謝いたします。では薬剤師のもとへ参りましょう。
677412526f14044a,Unused,Alexander_Outro,14,Alexander,この結果には大変満足しております……
# --- ConradBeatup_1 ---
72f9c6536242f235,Unused,ConradBeatup_1,2,Kobold,話したくなったら、いつでもここにいますからね。
67410be84ad1b8ac,Unused,ConradBeatup_1,3,Kobold,ここは任せてください。心配いりませんよ。
5b207ccbfd5d5679,Unused,ConradBeatup_1,4,Conrad,いや……いや、平気だ……ありがとな。
b2139b5e4dc27f14,Unused,ConradBeatup_1,5,Conrad,……ありがとな……
# --- ConradBeatup_2 ---
b841443b4a7e3b82,Unused,ConradBeatup_2,1,Conrad,なあ……そばにいてくれて、ありがとな……
02febaeeb5306c30,Unused,ConradBeatup_2,2,Conrad,頼れるダチがいるってのは、いいもんだな。
# --- ConradBeatup_Idle1 ---
7ff77420c3518210,Unused,ConradBeatup_Idle1,1,Conrad,……いいダチだと思ってたんだぜ。しょっちゅうヤってたのに！
13a3bd02487dab16,Unused,ConradBeatup_Idle1,2,Conrad,わけがわかんねえ……
# --- ConradBeatup_Idle2 ---
861f99e073cd06e2,Unused,ConradBeatup_Idle2,1,Conrad,強がってるけどよ、俺は小せえドラゴンなんだ……
e375cf5dd6f03d34,Unused,ConradBeatup_Idle2,2,Conrad,あいつら、やりすぎだ。
# --- ConradBeatup_Intro ---
19aa373fb830a05c,Unused,ConradBeatup_Intro,2,Kobold,ええっ、怪我してるじゃないですか！
c7e055a695603f2b,Unused,ConradBeatup_Intro,3,Kobold,大丈夫ですか？
e4e0397bea6600f5,Unused,ConradBeatup_Intro,4,Conrad,よお……その、洗ってほしいだけなんだ。
e36f54f748a69d3e,Unused,ConradBeatup_Intro,5,Kobold,……わかりました、どうぞ入って
# --- ConradBeatup_OutroDirty ---
e17652524a905f18,Unused,ConradBeatup_OutroDirty,1,Conrad,……終わりか？ まだ汚れてるんだけどよ……
# --- ConradBeatup_OutroSoapy ---
d0b060d51bc87feb,Unused,ConradBeatup_OutroSoapy,1,Conrad,……終わりか？ まだ泡だらけなんだけどよ……
# --- Conrad_1 ---
5a208b2886d87937,Unused,Conrad_1,1,Conrad,ここって「特別な仕上げ」もやってんのか？
d61259269b75dec9,Unused,Conrad_1,2,Kobold,なんですか、それ？
1ea442a134b2a184,Unused,Conrad_1,4,Kobold,いいえ
335bcdceb30ec6b8,Unused,Conrad_1,5,Conrad,いや、いや。お前、これはやるべきだって。たっぷり払うぜ！
2f7cc8c297b8d283,Unused,Conrad_1,6,Conrad,最高じゃねえか！ お前の腕、楽しみにしてるぜ！
9d1528cc1118e4dd,Unused,Conrad_1,7,Conrad,なんだよ？ いい店はどこもやってるだろ！
# --- Conrad_2 ---
d892eb1f696177b4,Unused,Conrad_2,1,Conrad,この店、模様替えした方がいいな。何が要るか、俺にはわかるぜ！
0eaacb4d2b730370,Unused,Conrad_2,2,Conrad,明日までに差し入れを届けてくれるダチがいるんだ。店がぱっと明るくなるぜ。
# --- Conrad_5_Mount_Finish ---
28a96495be7701ea,Unused,Conrad_5_Mount_Finish,1,Conrad,くそ……いつだって気持ちいいな。
# --- Conrad_5_Mount_Start ---
cda9c08deb782b6e,Unused,Conrad_5_Mount_Start,1,Conrad,<i>おおぉ。</i>マウントか？ いいねえ、乗った。
# --- Conrad_Idle1 ---
06b2c581e253753a,Unused,Conrad_Idle1,1,Conrad,俺のはデカいって言われるんだけどよ、本当か？
ba07cdd711c7d570,Unused,Conrad_Idle1,2,Kobold,まあ
f2ea9d36d2c4032f,Unused,Conrad_Idle1,3,Kobold,もっと大きいのを見たことありますよ
25cdc596cd23bedb,Unused,Conrad_Idle1,4,Conrad,触って確かめてくれよ
c3565cd77a3dcba9,Unused,Conrad_Idle1,5,Conrad,でもこのサイズの体でってのは、ねえだろ？？
# --- Conrad_Intro ---
bc1e29287f60b297,Unused,Conrad_Intro,1,Conrad,よお、元気か！
f7a29676d9621163,Unused,Conrad_Intro,2,Conrad,コンラッド様が洗いをご所望だ。空きはあるか？
8339b88ae51a85f6,Unused,Conrad_Intro,3,Kobold,はい、こちらへどうぞ。
255d982b3d4c772e,Unused,Conrad_Intro,5,Conrad,最高じゃねえか！
# --- Mount_Alexander_2_6 ---
dcc524605bec9fd8,Unused,Mount_Alexander_2_6,1,Alexander,これは一体……
d010c18e5ff478ed,Unused,Mount_Alexander_2_6,2,Alexander,おやまあ、いけません……
f025190cb1adde9c,Unused,Mount_Alexander_2_6,3,Alexander,失礼を申し上げるつもりはございませんが、お断りせねばなりません
eec9d16c87323040,Unused,Mount_Alexander_2_6,4,Alexander,これは一般的な習慣なのでございますか？
929e50391bfd0646,Unused,Mount_Alexander_2_6,5,Kobold,ええ、そうですよ
b6547fc9d980c16e,Unused,Mount_Alexander_2_6,6,Kobold,いえ、実は届いたばかりなんです
40df3c9d9e1d5126,Unused,Mount_Alexander_2_6,7,Alexander,なるほど……
d3acad6a7014a598,Unused,Mount_Alexander_2_6,8,Alexander,なんとも破廉恥な心地がいたします
ab5a3375052f41eb,Unused,Mount_Alexander_2_6,9,Alexander,とはいえ、興味がないとは申せませんが
c5ba4f5f1cdff517,Unused,Mount_Alexander_2_6,10,Alexander,それでも。今回は遠慮いたします
# --- RyanDate_1 ---
14ecee0afc63c845,Unused,RyanDate_1,1,Ryan,このデート、すっごく楽しみなんだ！
90ba900c65607127,Unused,RyanDate_1,2,Ryan,スイカとパンとぶどうと、あと色々持ってきたよ。
# --- RyanDate_2 ---
690cf2b49eb95f79,Unused,RyanDate_2,1,Ryan,何か気になることでもあるの？
1648a912c46f7fec,Unused,RyanDate_2,2,Kobold,昨夜、ちょっとあって
b3979a44b5b9376a,Unused,RyanDate_2,3,Ryan,ええっ！ 話したい？
02c33e4e3c09bc79,Unused,RyanDate_2,4,Kobold,コンラッドに何かあったみたいで、無事だといいんですけど。
7680ca7ff15f1566,Unused,RyanDate_2,5,Ryan,僕も無事だといいなって思うよ。
# --- RyanDate_3 ---
7ba9e65f61ca2369,Unused,RyanDate_3,1,Ryan,これ、おいしい！
ff74b82dcb8a11d3,Unused,RyanDate_3,2,Kobold,わあ、そんな食べ方を見るのは初めてです。
5b14f19a86849ff5,Unused,RyanDate_3,3,Ryan,どんな？
42af2c2067728998,Unused,RyanDate_3,4,Ryan,ああ、丸呑みするところとか？
37f99dd7cbcf5b6f,Unused,RyanDate_3,5,Ryan,ものによるよ！ ドラゴンってそういうものなんだ。
# --- RyanDate_Idle1 ---
bcda1f48383d915f,Unused,RyanDate_Idle1,1,Ryan,えへへ、またデートできるなんて、わくわくするなあ。
# --- RyanDate_Intro ---
d5be54b666b3d38f,Unused,RyanDate_Intro,2,Ryan,君が言ってたこと、考えてたんだ、
ffcaf369ac8b1a74,Unused,RyanDate_Intro,3,Ryan,ほら、またデートを始めてみたらって……
89f52a0dc3d757c1,Unused,RyanDate_Intro,4,Kobold,ええ
ecab929d37109ab0,Unused,RyanDate_Intro,5,Ryan,君が忙しいのはわかってたから、デートの方をこっちに持ってきちゃった！
92d9da0b0b22fd7a,Unused,RyanDate_Intro,6,Kobold,すごい！ どうぞ入ってください……
# --- RyanDate_Outro ---
638d7c049f321a6d,Unused,RyanDate_Outro,4,Ryan,最高だったよ！ デートのこと、すごく前向きになれた。
line:bbca8a46,Unused,RyanDate_Outro,5,Ryan,ありがとう！
# --- RyanExploded_Intro ---
8e87e6b28fb697c4,Unused,RyanExploded_Intro,1,Ryan,また来ちゃった……
53ca70e25fc42870,Unused,RyanExploded_Intro,3,Kobold,またあなたですか？
b99d68084de082b6,Unused,RyanExploded_Intro,5,Ryan,へへ……うん……ごめんね……
81f2cb133d548396,Unused,RyanExploded_Intro,6,Ryan,それでね、ちょっとしくじっちゃって……
line:e02f464d,Unused,RyanExploded_Intro,7,Ryan,錬金術師が高い棚に手を届かせるのを手伝ってたんだ
d3e25fe68c13c02d,Unused,RyanExploded_Intro,8,Ryan,大きな音がしたんだ
ce386faf68f3df7e,Unused,RyanExploded_Intro,9,Ryan,あれがどこに行ったかはわからないけど、また汚れちゃった気がして。
60c1424a59a1c912,Unused,RyanExploded_Intro,10,Ryan,もう一回、洗ってもらえないかな？
917613bbf36e4b93,Unused,RyanExploded_Intro,11,Kobold,もちろん！ こちらへどうぞ！
# --- RyanExploded_OutroDirty ---
f2bdff14318fd81c,Unused,RyanExploded_OutroDirty,1,Ryan,まだ爆発の汚れが残ってる気がするんだけど……
6a1900ba2212696d,Unused,RyanExploded_OutroDirty,2,Ryan,もう少し洗ってもらえる？
85a39ab345d672ff,Unused,RyanExploded_OutroDirty,3,Kobold,はい
1562d2eeb95b795a,Unused,RyanExploded_OutroDirty,4,Kobold,すみません
3bcf70f39eca74f1,Unused,RyanExploded_OutroDirty,5,Ryan,大丈夫だよ、ありがとう！
# --- RyanExploded_OutroSoapy ---
9df62882448c291b,Unused,RyanExploded_OutroSoapy,1,Ryan,あの、まだ泡だらけなんだけど！
29d1991e26b1773d,Unused,RyanExploded_OutroSoapy,2,Ryan,流してもらえるかな？
# --- RyanExploded_Outro ---
a45ce5a6357ad76f,Unused,RyanExploded_Outro,4,Ryan,ふう、また台無しにしちゃうんじゃないかって心配だったんだ。
ca1dd92cfbe2dcd5,Unused,RyanExploded_Outro,5,Ryan,これで誰にも知られずに済むよ！
# --- RyanMuddy_Dirty ---
58246ed8cfcdfa19,Unused,RyanMuddy_Dirty,1,Ryan,そう、泥まみれなんだよね。公園を駆け回るのが大好きなんだ。
f27e94e23a2cc6eb,Unused,RyanMuddy_Dirty,2,Ryan,まだすごく泥だらけだから、石鹸で洗ってもらえると嬉しいな。
# --- RyanMuddy_Idle1 ---
c24aaf031df991a1,Unused,RyanMuddy_Idle1,1,Ryan,えっと、動いてほしかったら言ってね。
8bb630e0c8dc64ac,Unused,RyanMuddy_Idle1,2,Ryan,手で触ってくれれば、動くようにするから。
# --- RyanMuddy_Idle2 ---
bcee068ce8220b8e,Unused,RyanMuddy_Idle2,1,Ryan,洗ってくれてありがとう！
2c4f3b41240d00cd,Unused,RyanMuddy_Idle2,2,Ryan,ずっと楽しみにしてたんだ。
# --- RyanMuddy_Idle3 ---
e304ea7f521df3f2,Unused,RyanMuddy_Idle3,1,Ryan,終わったら、ボタンを押してね。
ac51ca95656fffdd,Unused,RyanMuddy_Idle3,2,Ryan,壁のボタンのことだよ。
# --- RyanMuddy_Idle4 ---
8fd85e09be693fbf,Unused,RyanMuddy_Idle4,1,Ryan,マックスには、僕はドジなドラゴンだって言われるんだ、
d2261edb51b885d9,Unused,RyanMuddy_Idle4,2,Ryan,君の力で見返せるといいな！
# --- RyanMuddy_Idle5 ---
9df1eb0e35a5d36a,Unused,RyanMuddy_Idle5,1,Ryan,石鹸をつけて、それからすすぐ！
5e7b1eae20d0fb72,Unused,RyanMuddy_Idle5,2,Ryan,少なくとも、そう聞いたんだけどね。
# --- RyanMuddy_Soapy ---
73d08af95ae8835e,Unused,RyanMuddy_Soapy,1,Ryan,泡って大好き、くすぐったいんだ！
83af94fb3d626970,Unused,RyanMuddy_Soapy,2,Ryan,でも、排水口に流れていくのを見るのも楽しみなんだよね。
6bc811f815ef9e24,Unused,RyanMuddy_Soapy,3,Ryan,壁のスプレーで流してね。
# --- RyanMuddy_Idle7 ---
255bd9c513473506,Unused,RyanMuddy_Idle7,1,Ryan,わあ、ありがとう、気持ちいいよ。
77ff00f75a7c2083,Unused,RyanMuddy_Idle7,2,Ryan,泥まみれって、乾き始めるまではすごく楽しいんだけどね。
620caab5d90b8d3f,Unused,RyanMuddy_Idle7,3,Ryan,落としてもらえて嬉しいな。
# --- RyanMuddy_Idle8 ---
afa88441bc4fc8d9,Unused,RyanMuddy_Idle8,1,Ryan,ドラゴンがこんなに汚れるなんて、誰が思うよね？
2ea6d5d46861d1bf,Unused,RyanMuddy_Idle8,2,Ryan,森を駆け回ってたんだ
c65b5342f0285c16,Unused,RyanMuddy_Idle8,3,Ryan,どれだけ汚したか、マックスに怒鳴られてから気づいたんだよね、はは。
# --- RyanMuddy_Intro ---
299e9d1e919c3a49,Unused,RyanMuddy_Intro,4,Ryan,この辺に、洗ってくれるコボルドがいるって聞いたんだけど？
05d9cdcce06b0c12,Unused,RyanMuddy_Intro,6,Kobold,私が例のコボルドです。イップ！
d12499a3f17512de,Unused,RyanMuddy_Intro,7,Kobold,はい、Drag'N Washへようこそ！
213c112ac748eb9e,Unused,RyanMuddy_Intro,9,Ryan,よかった、それで、えっと、
44beadf6316d890e,Unused,RyanMuddy_Intro,12,Ryan,ああ、あそこにボタンがあるんだね、了解！
af8d3a1f26de30ef,Unused,RyanMuddy_Intro,13,Ryan,ありがとう、待ってるね！
# --- RyanMuddy_Nag1 ---
3605a9273b22288b,Unused,RyanMuddy_Nag1,1,Ryan,ねえ、見えるところまで来てくれる？
720febc2a9d251aa,Unused,RyanMuddy_Nag1,2,Ryan,話したいことがあるんだ！
# --- RyanMuddy_Nag2 ---
6852c864bbd2afef,Unused,RyanMuddy_Nag2,1,Ryan,顔を見て話したいんだ！
0918205f97d74d78,Unused,RyanMuddy_Nag2,2,Ryan,前に来てくれたら話せるんだけど。
# --- RyanMuddy_Nag3 ---
c8f453084718c8cc,Unused,RyanMuddy_Nag3,1,Ryan,小さい相手とは顔を見て話すのが礼儀だって、教わったんだ。
# --- RyanMuddy_NaughtyTouch ---
4d13604e28159e56,Unused,RyanMuddy_NaughtyTouch,1,Ryan,その手、どこ触ってるか気をつけてくれる？
# --- RyanMuddy_Outro ---
a46a0805bb6a5eda,Unused,RyanMuddy_Outro,1,Ryan,手早く洗ってくれてありがとう！
168c7d0bb7743dec,Unused,RyanMuddy_Outro,2,Ryan,ところでさ、もし恋人が家を汚したら、君は怒る？
3ae7f278ef092258,Unused,RyanMuddy_Outro,4,Kobold,場合によりますね
0dfd80e1f981faca,Unused,RyanMuddy_Outro,6,Ryan,ああ！ うん、それはそうだよね……
8f207ab27746c010,Unused,RyanMuddy_Outro,7,Ryan,状況によるってことなんだろうな。
86b57f75d4c04b75,Unused,RyanMuddy_Outro,8,Ryan,君なら味方してくれると思ってた
# --- RyanMuddy_SmallTalk ---
0bf9a145c66c512b,Unused,RyanMuddy_SmallTalk,3,Kobold,実は、今日が初めてなんです！
4eb8bdb270c030ae,Unused,RyanMuddy_SmallTalk,5,Ryan,じゃあ、お互い初めてなんだね！
ff152503516900ee,Unused,RyanMuddy_SmallTalk,6,Ryan,僕も初めてなんだ……
13d1c29ec8784cae,Unused,RyanMuddy_SmallTalk,7,Ryan,こんなに気持ちいいなんて、びっくりだよ。
# --- Ryan_3_wont_use_mount ---
9221ab210b374d30,Unused,Ryan_3_wont_use_mount,1,Ryan,あ——今はそれ、あんまり使う気分じゃないんだ。
f3f18c2eea794920,Unused,Ryan_3_wont_use_mount,2,Ryan,また今度……かな？

# ===== UI and other text (not part of the dialogue script) =====
bc1b88907d3b748a,UI,,,UI,オーディオ
b3f848c2a09aa9ed,UI,,,UI,音楽音量
de7b57b57b05d020,UI,,,UI,効果音
59a4a3f7f7caa060,UI,,,UI,環境音量
31bcb8940fffb7d1,UI,,,UI,ゲームプレイ
a874fca87cdd5e4e,UI,,,UI,グラフィック
d0db8b5e364b6989,UI,,,UI,オプション
28f9044138a54b95,UI,,,UI,ニューゲーム
2a6b24ad28722034,UI,,,UI,クレジット
b3eb37acb66ba4bb,UI,,,UI,終了
76900f1bfd16c8d4,UI,,,UI,戻る
6a3041fb3ecba173,UI,,,UI,視野角
d4055fafa3794fa8,UI,,,UI,解像度
41ca171b0cbae01e,UI,,,UI,画面の明るさ
42e7fdbd13ba2a01,UI,,,UI,目標フレームレート
052810dae19607f5,UI,,,UI,垂直同期
b63e857488f49396,UI,,,UI,ウィンドウモード
c461dbb2bab7d8bc,UI,,,UI,フルスクリーン
4571896d8a4d4162,UI,,,UI,マウス感度
43ff6e9485bf371e,UI,,,UI,しゃがみ操作
3d03a1dea561d0db,UI,,,UI,切り替え
91d6e30620d99810,UI,,,UI,タップ/長押し
8e685d5409b3a543,UI,,,UI,長押し
6c359dddb1d4c36e,UI,,,UI,ヒントの表示形式
fd9baf7f335aa154,UI,,,UI,視点の上下反転
4d654c19179796ef,UI,,,UI,スプレー時の画面酔い軽減
2316810a5de343dd,UI,,,UI,キーボード
0286249762f7c943,UI,,,UI,自動
c77c3af22c6429b2,UI,,,UI,アンチエイリアス
130011756125313c,UI,,,UI,オン
ca7981b46ecf2c17,UI,,,UI,オフ
4883b7dfffb02e36,UI,,,UI,排他的フルスクリーン
da43a1983d819a4d,UI,,,UI,最大化ウィンドウ
3f26603a2748fed3,UI,,,UI,ウィンドウ
d640c7421da06661,UI,,,UI,再開
b6dcb96448c66497,UI,,,UI,読み込み中...
f942d1e183d020b6,UI,,,UI,セーブを削除
fae07a8540ff237b,UI,,,UI,本当にセーブを削除しますか？
ffb3c5f2edc34373,UI,,,UI,ポーズメニュー
3e49dd16f3893026,UI,,,UI,清潔
4b36f28b2cf37677,UI,,,UI,泡立ち
e4e9ab13fc711176,UI,,,UI,汚れ
c9c8bf1eae99e1dc,UI,,,UI,話したい
b98b0ff714ab5417,UI,,,UI,治療
dde8c08738fe9e59,UI,,,UI,手コキ希望
a462b8c590652563,UI,,,UI,テキストを入力...
bb23ec0586e24df5,UI,,,UI,スイカだよ！
fa6bb50727553976,UI,,,UI,よし。
77b845d22632a9ef,UI,,,UI,また会えてうれしいよ。
ed172a475c84204f,UI,,,UI,私は教授だ！
43cc9e298a30c3af,UI,,,UI,君たち二足歩行は食事を味わう傾向があるね。
b735b39b4eea8b70,UI,,,Ryan,外でするのは初めてなんだ
c913913d57c38493,UI,,,Conrad,気にすんなって！
d0ee8dcf7035040c,UI,,,Conrad,俺はしょっちゅうやってるぜ
b00675617fbac31a,UI,,,Ryan,確かに、かなりドキドキするね
816c197dfe2ac7e7,UI,,,Conrad,もう出そうだ
fb490e9880f63f05,UI,,,Ryan,僕ももうイきそう……
cb9cc6fadcf02cd5,UI,,,Ryan,わあ……小さいのは本当に背丈だけなんだね。
b77039c811832311,UI,,,Ryan,よかったよ
cbc2935aebe3ca1f,UI,,,Conrad,ああ
1b01a1658c9a5adf,UI,,,Conrad,楽しんでるか？
0d8490d07a321596,UI,,,Ryan,うん、すごく。僕のこと心配してくれてるの？
3d42325316477a3a,UI,,,Conrad,コンラッド様はただ楽しんでるだけだ
2fafbe5f3e7ff469,UI,,,Conrad,いや……その……
df9b23df54ab5518,UI,,,Conrad,うまくいってほしいんだ
b0bfa8fe9e70154c,UI,,,Ryan,最高にうまくいってると思うよ
46fa21135fd9811b,UI,,,Ryan,それ、すごく好きだな
b439ffe3e5553ddc,UI,,,Conrad,気持ちいいぜ
b92f91849d855b40,UI,,,UI,コンラッド
2d1e830624b2572a,UI,,,UI,ライアン
e3becbaee46cc0df,UI,,,UI,言語（Mod）
6e58b577a084052a,UI,,,UI,Mods
4850b174b713d88c,UI,,,UI,必須
37fe885f1406e372,UI,,,UI,次回の起動からオフ
9cc5c7f026ce0ca7,UI,,,UI,次回の起動からオン
fa20beae3754ffb1,UI,,,UI,ほかの Mod がこの Mod を必要としています。それでもオフにするには、もう一度「オフ」を押してください。
d57274b504a45b33,UI,,,UI,BepInEx/plugins の外に入っているため、ここではオフにできません
fd35647f8ecb2f7d,UI,,,UI,必要としている Mod
9e6151acb057025d,UI,,,UI,使っている Mod
b9d0dd131d07b5ad,UI,,,UI,Drag'n Wash の Mod で共通して使う機能をまとめたものです。この Mods 画面もその 1 つです。
6b4075522b85ca52,UI,,,UI,Drag'n Wash をいろいろな言語で遊べるようにします。台詞、選択肢、UI、設定を翻訳します。
1cd1ca858aaea1d0,UI,,,UI,読み込まれていません。必要な Mod：
eda662e0b5033180,UI,,,UI,読み込まれていません。一緒に使えない Mod：
a8d12a246b72d98c,UI,,,UI,読み込まれていません。理由は BepInEx/LogOutput.log を確認してください。
7c862b0749e737c4,UI,,,UI,プリローダーパッチャーです。ほかの Mod より先に動くため、ここではオフにできません。
74a883a037bc227f,UI,,,UI,設定
21b111cbfe6e8fca,UI,,,UI,既定値
bc5b45ae7b60692a,UI,,,UI,既定値に戻す
67529e7fdc6098a0,UI,,,UI,すぐに保存されます。Mod によっては、再起動するまで変更が反映されません。
3d19e2d0333d7b19,UI,,,UI,この項目は、BepInEx/config にある Mod の設定ファイルで変更してください。
dc20b3d5d2cddf82,UI,,,UI,ライブラリ
e0aaa77caac35ceb,UI,,,UI,ゲームがテキストを表示する前に、Mod がその内容を見て置き換えられるようにします。
e33072d0f0267e46,UI,,,UI,これから表示される台詞や選択肢を、台詞 ID と話者つきで Mod に知らせます。
e6af4688a3314648,UI,,,UI,Mod が開発・デバッグ用ツールのタブを追加できる、ゲーム内の共通ウィンドウ（F1）です。マウス、ゲームパッド、Steam Deck で使えます。
3839cc8c85e0dab6,UI,,,UI,ゲームのフォントにない文字のためのフォントと、テクスチャやアセットバンドルの読み込みを、Direct3D 12 でクラッシュしないように行います。
507e6f82c57c2096,UI,,,UI,ゲームのセーブスロットとイベントフラグを読み書きし、どの変更も元に戻せるよう、セーブのすべての版のコピーを残します。
77777bd04fb7c9ae,UI,,,UI,このゲームのバージョンでは使えない機能：
014659ab9d98c8fe,UI,,,UI,競合
02e19c617a19bae7,UI,,,UI,同じゲームのコードを書き換えている Mod：
61ec4dc622c31ea9,UI,,,UI,同じゲームのコードを書き換え、上書きする可能性がある Mod：
c1c1009d3f37ec05,UI,,,UI,更新あり
4168cfb8a090a98c,UI,,,UI,新しいバージョンがあります：
cd6c9851e91ad7b6,UI,,,UI,リリースページを開く
22e2bada8f1c65cd,UI,,,UI,更新
f26f3275e735bdf6,UI,,,UI,更新を確認する
a6a1b13028fd8c9c,UI,,,UI,1 日に 1 回、GitHub リポジトリを指定している Mod に新しいリリースがあるかを GitHub に問い合わせます。あなたやゲームについての情報は送りません。
fe199528850a4e24,UI,,,UI,アンインストール
63e38bd4b036193a,UI,,,UI,取り消す
86965245a1d725c1,UI,,,UI,もう一度「アンインストール」を押すと、次にゲームを起動したときにこの Mod を削除します。この Mod の設定も削除されます。
e2b9759e2326caba,UI,,,UI,次回の起動時に削除
0d21bd52022ca7f7,UI,,,UI,オンライン
4128f75bc14cb290,UI,,,UI,インターネットを使用：
df0880be16beba51,UI,,,UI,申告せずに通信した接続先：
57e8a431deec0d70,UI,,,UI,インターネット
08b39d1ef62da47d,UI,,,UI,この Mod は、インターネットを使うことを申告していません。
5abdf73450d24379,UI,,,UI,用途：
c1e450770d88b778,UI,,,UI,送信する内容：
3090d827c103d5fb,UI,,,UI,止め方：
068109fd3f73fbbb,UI,,,UI,記載なし
e21a8c81f7921504,UI,,,UI,このセッションで確認された通信
da5cbc2185c976ff,UI,,,UI,まだ通信はありません。
285202c5ed5c42de,UI,,,UI,Mod が申告していない
a9043748d4bf169d,UI,,,UI,接続の見張りはオフです（Mods → Drag'n Wash ModFramework → 設定 → 接続を見張る）。
1c0285d6d7fef2fc,UI,,,UI,フレームワークは見張るだけです。何も止めず、Mod はこれをすり抜けられます。
1744b96470b51bf3,UI,,,UI,ネットワーク
fa25265454345a35,UI,,,UI,接続を見張る
4e9ec4e264c704c6,UI,,,UI,どの Mod がインターネットに接続したかを記録し、申告せずに接続した Mod に Mods 画面で印を付けます。見張るだけで何も止めず、Mod はこれをすり抜けられます。
