key,section,node,order,speaker,translation
# Language: Português (Brasil) (pt-BR)
# Created by TomXV. Provisional translation, not reviewed by a native speaker:
# some lines may read unnaturally. Corrections are welcome as pull requests.
# Only the Japanese (ja) and Simplified Chinese (zh-Hans) files were supervised by the author.

# ===== Level 1: Ryan (Sunny) | sets level_1 | ends level_1_complete =====
# --- intro: Ryan_1_intro ---
0da72197e898ebe1,L01 Ryan,Ryan_1_intro,1,Ryan,Olá?
334d016f755cd6dc,L01 Ryan,Ryan_1_intro,2,Kobold,Olá!
dfba3eb46cb5fc14,L01 Ryan,Ryan_1_intro,3,Ryan,"Ah, oi! hum.."
30985c07d735bdc3,L01 Ryan,Ryan_1_intro,4,Ryan,Ouvi dizer que tinha kobolds aqui embaixo que podiam me dar um banho?
08c8207cff7cb565,L01 Ryan,Ryan_1_intro,5,Ryan,É aqui mesmo?
32cfb777c0a1ca30,L01 Ryan,Ryan_1_intro,6,Kobold,Aham! Eu sou <i>o</i> kobold!
eec1e26d3338868e,L01 Ryan,Ryan_1_intro,7,Kobold,"Sim, bem-vindo ao Drag'n wash!"
b8e3a13e8da1caf6,L01 Ryan,Ryan_1_intro,8,Ryan,"Haha, é mesmo!"
84f325bca745e504,L01 Ryan,Ryan_1_intro,9,Ryan/Alexander,Maravilha!
900e8c593033c189,L01 Ryan,Ryan_1_intro,10,Ryan,Meu nome é Ryan. Então...
092808653667e9ff,L01 Ryan,Ryan_1_intro,11,Ryan,como é que eu entro?
0f3f0b7e817061e6,L01 Ryan,Ryan_1_intro,12,Kobold,"Só um segundo, preciso abrir o portão."
b8a4a2d6c54c16d8,L01 Ryan,Ryan_1_intro,13,Kobold,Yip!
273533e355fd12cf,L01 Ryan,Ryan_1_intro,14,Ryan,hã...?
3faa3f1d46e0e544,L01 Ryan,Ryan_1_intro,15,Kobold,Ah- quer dizer. Vou abrir o portão!
ce6db45f1866ad91,L01 Ryan,Ryan_1_intro,16,Ryan,"Ah, tô vendo o botão ali, saquei!"
425d9584e840b683,L01 Ryan,Ryan_1_intro,17,Ryan,"Beleza, vou esperar. Valeu."
# --- phone: Ryan_1_PhoneTutorial ---
9bb3073cec0eb0c7,L01 Ryan,Ryan_1_PhoneTutorial,1,Phone,"Alô, <i>'Franquia Drag'n wash 223'...</i> Já falou com o seu primeiro cliente?"
276bc2be4d36787f,L01 Ryan,Ryan_1_PhoneTutorial,2,Kobold,Acabei de falar!
d3c6dd1cf6eefa2a,L01 Ryan,Ryan_1_PhoneTutorial,3,Kobold,"Sim, já falei."
38526f3244d3b009,L01 Ryan,Ryan_1_PhoneTutorial,4,Phone,"Ah, ótimo."
ab5df625bc76dbd4,L01 Ryan,Ryan_1_PhoneTutorial,5,Phone/Ryan/Alexander/Conrad/Kobold,...
4d4a3684433b7f10,L01 Ryan,Ryan_1_PhoneTutorial,6,Phone,Então- Tenha um dia produtivo.
07c91bff06f38512,L01 Ryan,Ryan_1_PhoneTutorial,7,Phone,"Alô, <i>'Franquia Drag'n wash 223'...</i> Já descobriu como interagir?"
3d08b37cdf5c2183,L01 Ryan,Ryan_1_PhoneTutorial,8,Kobold,Não.
01888febaebd67cd,L01 Ryan,Ryan_1_PhoneTutorial,9,Kobold,Acho que já entendi!
085283be600618d2,L01 Ryan,Ryan_1_PhoneTutorial,10,Phone,Ah...
4ad86617a918d8ec,L01 Ryan,Ryan_1_PhoneTutorial,11,Phone,"Bem, vá até a janela e fale com o seu cliente."
af789b5c60f24630,L01 Ryan,Ryan_1_PhoneTutorial,12,Phone,"Depois será preciso deixá-lo entrar, é claro."
bb645759b5bd99d4,L01 Ryan,Ryan_1_PhoneTutorial,13,Phone,Excelente. Então não deixe de ir cumprimentar o seu cliente na janela.
474ab3afa218a5df,L01 Ryan,Ryan_1_PhoneTutorial,14,Kobold,Tá bom!
7d869361bdb13d98,L01 Ryan,Ryan_1_PhoneTutorial,15,Phone,Tenha um dia produtivo.
# --- progress: Ryan_1_required ---
098ac93ca7999f8c,L01 Ryan,Ryan_1_required,1,Ryan,"Então você é um lavador de dragões certificado, é?"
7b999e621945fe90,L01 Ryan,Ryan_1_required,2,Kobold,Sou!
1cb7709c2b6cdc0b,L01 Ryan,Ryan_1_required,3,Kobold,Só faz umas semanas que eu comecei a lavar!
9b9024cada67653e,L01 Ryan,Ryan_1_required,4,Ryan,"Ah, legal!"
fbd8fe3b49aed7c5,L01 Ryan,Ryan_1_required,5,Ryan,Eu geralmente me viro com uma mangueira lá em casa...
3f742efbf9edb2ee,L01 Ryan,Ryan_1_required,6,Ryan,"Ah, então é novidade pra nós dois!"
e6c276d67e994ed5,L01 Ryan,Ryan_1_required,7,Ryan,"Sinceramente, tô surpreso de como isso é gostoso."
e99ba1a86146f1aa,L01 Ryan,Ryan_1_required,8,Ryan,É uma boa fuga de tudo que tá lá fora.
# --- nag: Ryan_1_nag ---
c2aa03c999eb7731,L01 Ryan,Ryan_1_nag,1,Ryan,"Ei, eu tenho uma coisa pra dizer!"
5b798fca0ab51d6c,L01 Ryan,Ryan_1_nag,2,Ryan,Se você pudesse vir até onde eu consigo te ver.
# --- jerkoff: ryan_jerk_off_no ---
2e75bb6a3610c11b,L01 Ryan,ryan_jerk_off_no,1,Ryan,Ei- Quem sabe você não põe a 'mão na massa' mais tarde?
# --- mount_start: ryan_mount_no ---
91c3bf04fb99ce8b,L01 Ryan,ryan_mount_no,1,Ryan,"Hm, acho que vou dispensar o cavalete."
# --- outro: Ryan_1_Outro ---
0d26aa953ca02c41,L01 Ryan,Ryan_1_Outro,1,Ryan,Tenho certeza que tô todo limpo!
699cdec6a62f5ff3,L01 Ryan,Ryan_1_Outro,2,Ryan,Foi bem melhor que uma mangueira.
c3bbf19f280c6dde,L01 Ryan,Ryan_1_Outro,3,Kobold,"De nada, mesmo."
66984a1e53d3e869,L01 Ryan,Ryan_1_Outro,4,Kobold,Aham! Volte quando quiser.
d629b0ed3f97727c,L01 Ryan,Ryan_1_Outro,6,Ryan,Vou contar pros outros sobre esse lugar
e12cf68db48908a3,L01 Ryan,Ryan_1_Outro,7,Ryan,Com certeza vou lembrar desse lugar.
29a9062b9b45c6ef,L01 Ryan,Ryan_1_Outro,8,Ryan,Haha. 'Yip' pra você também.
0712e97652e51758,L01 Ryan,Ryan_1_Outro,9,Ryan,"Bom, eu me diverti, até mais então!"
17f93a33eafe382c,L01 Ryan,Ryan_1_Outro,10,Ryan,Pode abrir o portão pra eu sair?
1aa7b1c1d5fb1fd6,L01 Ryan,Ryan_1_Outro,12,Ryan/Conrad/Kobold/Dragon,Obrigado!

# ===== Level 2: Conrad (Sunny) =====
# --- intro: Conrad_Intro_1 ---
d391aece578e396f,L02 Conrad,Conrad_Intro_1,1,Conrad,"<gradient=""yellow - orange""><size=140%>EI! </gradient><size=100%>É aqui o lugar da limpeza, né?"
e2b71fbe0e3a8220,L02 Conrad,Conrad_Intro_1,2,Conrad,Preciso ficar impecável. Parece que é pra isso que você serve. <size=70%> Ha.
198e07bd20a7e40b,L02 Conrad,Conrad_Intro_1,3,Kobold,"Aham, é por aqui."
d474060b980dd4bb,L02 Conrad,Conrad_Intro_1,4,Kobold,A gente dá um jeito de abrir.
6c70580a9b88273d,L02 Conrad,Conrad_Intro_1,5,Conrad,Boa. Mas tem que abrir o portão. Deixa o Conrad entrar!
# --- progress: Conrad_required_1 ---
87e002767e44df8e,L02 Conrad,Conrad_required_1,1,Conrad,Entã<size=90%>ã<size=80%>ã<size=70%>ã<size=60%>o... <size=100%>Tava me perguntando
2d6d31d664759240,L02 Conrad,Conrad_required_1,2,Conrad,"Vocês também fazem <i>finais especiais</i> aqui, né?"
906e9b3e20a54dc2,L02 Conrad,Conrad_required_1,3,Kobold,Todo final aqui é especial!
c41cb150dfd261d8,L02 Conrad,Conrad_required_1,4,Kobold,Tipo... coisa sexual?
0c503978e6cd3a78,L02 Conrad,Conrad_required_1,5,Conrad,Er... Não é isso-
c9ce0c4dd28236fa,L02 Conrad,Conrad_required_1,6,Conrad,"Vocês fazem dragões grandes, <size=60%>tipo eu, <size=100%>gozarem aqui?"
daac14e0bc00f0ad,L02 Conrad,Conrad_required_1,7,Kobold,Uá- hã- <size=80%>oah. <size=60%>a gente não-
824dda92c5ffbad9,L02 Conrad,Conrad_required_1,8,Kobold,"Ah, não."
33cb9fb42cd6a080,L02 Conrad,Conrad_required_1,9,Conrad,O quê!? isso é terrível! Vocês nem têm um cavalete...?
96b0e7561e23fcbb,L02 Conrad,Conrad_required_1,10,Kobold,hum... <size=60%>não?
175ccc13192756d4,L02 Conrad,Conrad_required_1,11,Conrad,"Bom, então é melhor arrumar um!"
fcc67c51c62fb4e9,L02 Conrad,Conrad_required_1,12,Conrad,Pelo menos você ainda pode usar as mãos. Heh.
a29919179016a4e8,L02 Conrad,Conrad_required_1,13,Conrad,É? Eu nem tô vendo cavalete nenhum.
6ec80eb8deb5afd8,L02 Conrad,Conrad_required_1,14,Kobold,"Ah... é, a gente não tem."
22706d3faee3b165,L02 Conrad,Conrad_required_1,15,Kobold,"Não, a gente não oferece esse tipo de coisa aqui."
4a8d1297fbe8f246,L02 Conrad,Conrad_required_1,16,Conrad,"Que pena, então. É bom mudar isso."
# --- jerkoff: Conrad_1_JerkOff_Start ---
6d4db2b6b39822b2,L02 Conrad,Conrad_1_JerkOff_Start,1,Conrad,"Ah, caralho, isso."
8fc6411ffc04a8f3,L02 Conrad,Conrad_1_JerkOff_Start,2,Conrad,Continua.
# --- cum: Conrad_1_Cum ---
e51f82fb1e4773ad,L02 Conrad,Conrad_1_Cum,1,Conrad,"<size=140%> CARALHO, QUE BOM!"
6d721d6e2ad2ae1c,L02 Conrad,Conrad_1_Cum,2,Conrad,<size=100%> Isso foi bom pra caramba!
# --- mount_start: conrad_mount_no ---
b902443f60bdba87,L02 Conrad,conrad_mount_no,1,Conrad,Uou. Hum.
ccdcfc48472b3533,L02 Conrad,conrad_mount_no,2,Conrad,"Normalmente eu diria sim pra um cavalete. Mas, agora não."
# --- outro: Conrad_Outro_1 ---
2edaf16ee5b742a8,L02 Conrad,Conrad_Outro_1,1,Conrad,A limpeza foi de boa.
882508b81f97e7cf,L02 Conrad,Conrad_Outro_1,2,Conrad,Mas todo outro lava-jato que eu já fui pelo menos tinha um cavalete
51335374627e92a3,L02 Conrad,Conrad_Outro_1,3,Kobold,Desculpa...
598e348ffe7cc978,L02 Conrad,Conrad_Outro_1,4,Kobold,"Vou encomendar um, prometo!"
3eba607f0573bf98,L02 Conrad,Conrad_Outro_1,5,Conrad,Não pede desculpa! Arruma um cavalete!
4e52b9a8b0ae1335,L02 Conrad,Conrad_Outro_1,6,Conrad,Todo lavador que se preza sabe como agradar um dragão.
25d0b6008550c533,L02 Conrad,Conrad_Outro_1,7,Kobold,Tá bom. Vou encomendar um cavalete.
2e92d12d86bf03a5,L02 Conrad,Conrad_Outro_1,8,Conrad,"Boa. Beleza, me deixa sair."
426726c5d08284a8,L02 Conrad,Conrad_Outro_1,9,Conrad,"Boa, é bom mesmo. Se eu voltar e não tiver um..."
28c3830dac3b9c5b,L02 Conrad,Conrad_Outro_1,10,Kobold,Isso é uma ameaça...?
fac432bdcfb4b753,L02 Conrad,Conrad_Outro_1,11,Conrad,"Hum, não, eu só vou ficar MUITO chateado."
ee7433c3dd161b65,L02 Conrad,Conrad_Outro_1,12,Conrad,Enfim- Me deixa sair.

# ===== Level 3: Alexander (Sunny) =====
# --- intro: Alexander_1_intro ---
dbca31128a900488,L03 Alexander,Alexander_1_intro,1,Alexander,"Boa noite. Este estabelecimento atende sem hora marcada, correto?"
a6208f4370193b60,L03 Alexander,Alexander_1_intro,2,Kobold,Atendemos! O senhor é... da faculdade...?
fdf9d60aca05c19e,L03 Alexander,Alexander_1_intro,4,Alexander,"De fato, o senhor deve conhecer meu brasão! Eu leciono alquimia."
12456a9c2599222e,L03 Alexander,Alexander_1_intro,5,Alexander,"... Uma aula que devo ministrar em breve, aliás."
cccd2e909950ad59,L03 Alexander,Alexander_1_intro,6,Alexander,Excelente.
f5b90500599eaa0a,L03 Alexander,Alexander_1_intro,7,Alexander,"Precisarei que isto seja rápido, os alunos não se ensinam sozinhos."
26f8788d21d9fd7d,L03 Alexander,Alexander_1_intro,8,Kobold,Nunca lavei um dragão professor... uau.
7cc55c8bb6442b93,L03 Alexander,Alexander_1_intro,9,Kobold,"Tá bom, vou abrir o portão!"
c9b9bda16ee1d468,L03 Alexander,Alexander_1_intro,10,Alexander,"Professor- Mas, sim. Normalmente não frequento lavagens públicas."
8569efc4ed5a6273,L03 Alexander,Alexander_1_intro,11,Alexander/Ryan,Muito obrigado.
57c2b1f349d8b9e9,L03 Alexander,Alexander_1_intro,12,Alexander,"Ah, e peço desculpas por estar absolutamente imundo."
c44510120d3f5f7e,L03 Alexander,Alexander_1_intro,13,Alexander,É um estado lamentável no qual me encontro...
550840616bc8148d,L03 Alexander,Alexander_1_intro,14,Kobold,O senhor... Não tá tão sujo assim.
21e1f6bc71429bdb,L03 Alexander,Alexander_1_intro,15,Kobold,Sem problema. Deixa que eu abro esse portão pro senhor!
14ddfac745bc0ec3,L03 Alexander,Alexander_1_intro,16,Alexander,"Não, estou sim."
65b94d53036df4ac,L03 Alexander,Alexander_1_intro,18,Alexander,Poderia abrir o portão?
f602395a77ff68c4,L03 Alexander,Alexander_1_intro,19,Kobold,Ah. sim. Desculpa.
# --- progress: Alexander_1_required ---
8bb197f659df9e12,L03 Alexander,Alexander_1_required,1,Alexander,Sabe... Este ambiente é bastante agradável. Muito... proletário.
c3971608b1a13f1b,L03 Alexander,Alexander_1_required,2,Kobold,prole- <i><size=70%>o quê?
3afdda2c098fc834,L03 Alexander,Alexander_1_required,3,Kobold/Alexander/Ryan,Obrigado!
90d6678c9549b1e0,L03 Alexander,Alexander_1_required,4,Alexander,"Ah, tipo... classe trabalhadora?"
55c80016618e1bc5,L03 Alexander,Alexander_1_required,5,Alexander,"Perdão, eu quis dizer que estou apreciando sua lavagem."
02fa2a9691178177,L03 Alexander,Alexander_1_required,6,Alexander,Certamente
32e117cdd1f56f3f,L03 Alexander,Alexander_1_required,7,Alexander,Quem diria que lugares como este existem tão prontamente disponíveis ao público!
# --- jerkoff: alexander_jerk_off_no ---
f33ca08a17779409,L03 Alexander,alexander_jerk_off_no,1,Alexander,<i>Oh.</i> Não creio que eu esteja pronto para isso ainda.
# --- mount_start: alexander_mount_no ---
170ebd10775afd58,L03 Alexander,alexander_mount_no,1,Alexander,Não... tenho certeza se gostaria de usar isto hoje.
# --- outro: Alexander_1_Outro ---
d202075090a8960b,L03 Alexander,Alexander_1_Outro,1,Alexander,Devo dizer que o senhor fez um trabalho tão bom quanto o dos lavadores particulares.
b6069e62e167364f,L03 Alexander,Alexander_1_Outro,3,Kobold,"Mmmhm, eu sempre dou o meu melhor."
981447d1952fe850,L03 Alexander,Alexander_1_Outro,4,Alexander,"Haha, 'Yip', de fato."
5d7279822bcee7dd,L03 Alexander,Alexander_1_Outro,5,Alexander,Meus alunos poderiam aprender uma ou duas coisas com sua ética de trabalho!
8117291ab8529b4f,L03 Alexander,Alexander_1_Outro,6,Alexander,"Adoraria conversar mais, sinceramente, mas a aula é logo."
dae0c0aa3ae01c37,L03 Alexander,Alexander_1_Outro,7,Alexander,...Obrigado por isto.

# ===== Level 4: Ryan (Sunny) =====
# --- intro: Ryan_2_intro ---
7825d92f67bdcdef,L04 Ryan,Ryan_2_intro,1,Ryan,Oi de novo!
cd26586143766826,L04 Ryan,Ryan_2_intro,2,Kobold,"Oi, Ryan!"
6a67a8866ec70c09,L04 Ryan,Ryan_2_intro,4,Ryan,"E aí, feliz de estar de volta."
921bd4effdaa2a2f,L04 Ryan,Ryan_2_intro,5,Ryan,Hah... você gosta mesmo desse barulho.
387d0da740d0826e,L04 Ryan,Ryan_2_intro,6,Ryan,Tô precisando de outro banho.
e542b800ecfc350a,L04 Ryan,Ryan_2_intro,7,Ryan,Tô tentando sair de casa um pouco.
78b22bcc76942425,L04 Ryan,Ryan_2_intro,8,Ryan,Saí com uns amigos.
21abbb56e463a200,L04 Ryan,Ryan_2_intro,9,Ryan,Os pântanos foram divertidos.
da3405e1151a476e,L04 Ryan,Ryan_2_intro,10,Ryan,Mas acho que tá na hora de me limpar.
41dc14e2cd744b1b,L04 Ryan,Ryan_2_intro,11,Kobold,"Ah, claro. Pode entrar."
b231225bfcc08d4c,L04 Ryan,Ryan_2_intro,12,Kobold,Tá tudo bem?
056b5511850d7220,L04 Ryan,Ryan_2_intro,13,Ryan,"Tá bom, obrigado."
b4e4d893367947a0,L04 Ryan,Ryan_2_intro,14,Ryan,"É, tá tudo bem. Desculpa."
c9cdea9d31e53d5b,L04 Ryan,Ryan_2_intro,15,Ryan,Só um dia difícil. Espero que isso ajude!
ab74167fe23c9db5,L04 Ryan,Ryan_2_intro,17,Ryan,"Então, hã, o portão?"
5cbc0ceea57587db,L04 Ryan,Ryan_2_intro,18,Kobold,Ah- É. Já vou.
08411b780900fb59,L04 Ryan,Ryan_2_intro,19,Kobold,Claro. Um momento!
a386908e3024f35e,L04 Ryan,Ryan_2_intro,20,Ryan,Massa.
# --- progress: Ryan_2_required ---
580684f8909e025d,L04 Ryan,Ryan_2_required,1,Ryan,Ei.
b4eff799a0271863,L04 Ryan,Ryan_2_required,2,Kobold,Hm?
fad448038cd06268,L04 Ryan,Ryan_2_required,3,Kobold,O que foi?
a1dd2ff2d1ef6beb,L04 Ryan,Ryan_2_required,4,Ryan,Posso te fazer uma pergunta?
2acd4405a7f14ae3,L04 Ryan,Ryan_2_required,5,Kobold,"Você já tá fazendo, o que foi?"
c10c037156053bfe,L04 Ryan,Ryan_2_required,6,Kobold,Claro.
4f6d869aa239596c,L04 Ryan,Ryan_2_required,7,Ryan,"Ah, é. Desculpa."
0fa0dff561f86016,L04 Ryan,Ryan_2_required,8,Ryan,"Então, sobre... relacionamentos."
9a38b89ed035e464,L04 Ryan,Ryan_2_required,9,Ryan,Se um relacionamento é <i>tão</i> turbulento e você sabe que vai acabar.
9b943020b9ae2658,L04 Ryan,Ryan_2_required,10,Ryan,E você já tentou de tudo.
954ba66a076849a5,L04 Ryan,Ryan_2_required,12,Ryan,Quando é que você termina o relacionamento de verdade?
f173e528733bb05a,L04 Ryan,Ryan_2_required,13,Kobold,Ah- Ryan...
7b102f547a549072,L04 Ryan,Ryan_2_required,14,Kobold,Eu... não sei se consigo responder isso pra você.
d74bb8fcbf89b62a,L04 Ryan,Ryan_2_required,15,Ryan,Eu sei. Eu sei que não devia descarregar isso em você.
64973f6ac9ac08be,L04 Ryan,Ryan_2_required,16,Ryan,É que você é uma pessoa muito confortável de se ter por perto.
93fa9e1a16f34a7d,L04 Ryan,Ryan_2_required,17,Ryan,Você tem razão... Não tem como você saber.
797653f5e081152e,L04 Ryan,Ryan_2_required,18,Ryan,Só tô feliz de não me sentir julgado aqui.
b11d41e01fefb995,L04 Ryan,Ryan_2_required,20,Kobold,Valeu. Eu também gosto de ficar perto de você.
c6df1e087ef5d8e4,L04 Ryan,Ryan_2_required,21,Kobold,Espero que as coisas melhorem.
ebb96171ea7628a0,L04 Ryan,Ryan_2_required,22,Ryan/Kobold/Alexander,Fico feliz.
91c0e3e9014024af,L04 Ryan,Ryan_2_required,23,Ryan,eu também.
# --- outro: Ryan_2_Outro ---
cb57ee6155ed6ca5,L04 Ryan,Ryan_2_Outro,1,Ryan,Beleza. Todo limpo.
f6d370e531334fab,L04 Ryan,Ryan_2_Outro,2,Ryan,Desculpa por ter descarregado tudo aquilo em você antes.
a402a75e0522e087,L04 Ryan,Ryan_2_Outro,3,Kobold,Tá tudo bem!
94e0ea6f97e24a81,L04 Ryan,Ryan_2_Outro,4,Kobold,Eu sei que as coisas podem ser difíceis.
4f66abc45de7ff53,L04 Ryan,Ryan_2_Outro,5,Ryan/Alexander,Você é muito querido.
ee65a6c9748b539c,L04 Ryan,Ryan_2_Outro,6,Ryan,Queria que fosse fácil como nos filmes.
0e95dd9dae12e50e,L04 Ryan,Ryan_2_Outro,7,Kobold,"Volte quando quiser, Ryan."
78c778b6ee0575d9,L04 Ryan,Ryan_2_Outro,8,Kobold,"Se quiser conversar mais sobre isso, eu tenho um minuto."
f204fcc6b711621e,L04 Ryan,Ryan_2_Outro,9,Ryan,"Vou voltar, valeu."
72eaafd8ad3f6b0d,L04 Ryan,Ryan_2_Outro,10,Ryan,Tem certeza? Não é tipo... coisa divertida.
fe454a1e25772898,L04 Ryan,Ryan_2_Outro,11,Kobold,Tem razão. Eu não devia me meter.
513af1a2eeeef9b6,L04 Ryan,Ryan_2_Outro,12,Kobold,"Tá tudo bem, parece que você tá precisando."
f3ff11acd1b54309,L04 Ryan,Ryan_2_Outro,13,Ryan,Tá tudo bem. Obrigado.
0b61ba409dc46906,L04 Ryan,Ryan_2_Outro,14,Ryan,"É, você tem razão."
5459b9d74fb7a529,L04 Ryan,Ryan_2_Outro,15,Ryan,Então. Minha namorada chegou em casa antes de mim. ela é uma dragoa que trabalha de casa.
2cd54468954ee8c7,L04 Ryan,Ryan_2_Outro,16,Ryan,Eu cheguei em casa um pouco sujo. E ela gritou comigo.
f7e4ec27dd7d6527,L04 Ryan,Ryan_2_Outro,17,Ryan,"Me mandou ir pra um lava-jato, e tava agindo super ofendida."
2880304176197c02,L04 Ryan,Ryan_2_Outro,18,Ryan,Ficou... <i>Muito</i> chateada de eu estar enlameado.
250b97243d1df1f7,L04 Ryan,Ryan_2_Outro,19,Kobold,Foi por isso que você veio da primeira vez?
bc78d04f7d5861dc,L04 Ryan,Ryan_2_Outro,20,Kobold,Isso parece um exagero da parte dela.
08a70054f59e703a,L04 Ryan,Ryan_2_Outro,21,Ryan,É...
6079131a1c79adef,L04 Ryan,Ryan_2_Outro,22,Ryan,Mas sinceramente você me ajudou muito.
92536deee525f694,L04 Ryan,Ryan_2_Outro,23,Ryan,Me deu tempo pra pensar.
c3be2f1d3fa4404d,L04 Ryan,Ryan_2_Outro,25,Ryan,Foi o que eu pensei também.
9ebcf8a46cc189b7,L04 Ryan,Ryan_2_Outro,26,Ryan,Acho que ela tá chateada com outra coisa...
8c3115a4e2a9a664,L04 Ryan,Ryan_2_Outro,27,Ryan,Só não gosto que ela desconte em mim.
393d8e5925dc5937,L04 Ryan,Ryan_2_Outro,31,Ryan,Enfim-
7258b4e037805024,L04 Ryan,Ryan_2_Outro,32,Ryan,Obrigado por ouvir.
951382e00968439d,L04 Ryan,Ryan_2_Outro,33,Kobold,"Sempre que precisar, Ryan."
c41f39341b6c49ef,L04 Ryan,Ryan_2_Outro,34,Kobold,Claro. Sinto muito que você esteja passando por tudo isso.
553b3b011e56f6e2,L04 Ryan,Ryan_2_Outro,36,Ryan,Tá tudo bem. Vou dar um jeito.
bd7468846a30d095,L04 Ryan,Ryan_2_Outro,37,Kobold,Vou abrir o portão pra você.
a7f68522a6e41971,L04 Ryan,Ryan_2_Outro,38,Ryan,"Tá bom, tchau!"

# ===== Level 5: Conrad (Rainy) | sets level_5 | ends MedkitCompleted, level_5_complete =====
# --- intro: Conrad_Intro_2 ---
ed1060b120921b51,L05 Conrad,Conrad_Intro_2,1,Conrad,Você tem um kit de primeiros socorros?
33b8a4a45ccc09d4,L05 Conrad,Conrad_Intro_2,2,Kobold,O que aconteceu!?
0a1daca6a7ffe060,L05 Conrad,Conrad_Intro_2,3,Kobold,"Ah não, Conrad. você tá bem?"
20e5d8710e635ec0,L05 Conrad,Conrad_Intro_2,4,Conrad,Não preciso te contar.
20e7bf03f9acda80,L05 Conrad,Conrad_Intro_2,5,Conrad,"Agora, você tem um kit de primeiros socorros ou não?"
b5df9715ed2e91ed,L05 Conrad,Conrad_Intro_2,6,Conrad,Eu pareço bem?
b91e8be1b03d1b61,L05 Conrad,Conrad_Intro_2,7,Conrad,Não. Não tô. Você tem um kit de primeiros socorros ou não?
f974998c16103aa0,L05 Conrad,Conrad_Intro_2,8,Kobold,"Tenho, eu tenho um."
8ca82a3bb03f138c,L05 Conrad,Conrad_Intro_2,9,Kobold,"Tenho. Mas, o que aconteceu?"
a94b34f629b2029a,L05 Conrad,Conrad_Intro_2,10,Conrad,Só... abre o portão.
# --- progress: Conrad_required_2 ---
4356fa179bb80e09,L05 Conrad,Conrad_required_2,1,Conrad,Eu sou um idiota.
d886f3d923f9c796,L05 Conrad,Conrad_required_2,2,Conrad,Esse é o tipo de merda que eu tento evitar!
ea8c1853a7d5966c,L05 Conrad,Conrad_required_2,3,Kobold,Você quer contar o que aconteceu...?
bded00d07cb1e457,L05 Conrad,Conrad_required_2,4,Kobold,Sinto muito que você se machucou...
02f000041eb5ab82,L05 Conrad,Conrad_required_2,5,Conrad,"Porra, não! Que vergonha."
58356b98fdf40dc3,L05 Conrad,Conrad_required_2,7,Conrad,Não quero a sua pena!
cb7847cb63566364,L05 Conrad,Conrad_required_2,9,Conrad,É só que...
b48f291ebc6b18fe,L05 Conrad,Conrad_required_2,10,Conrad,Odeio que eu tô sempre me metendo em situação assim.
519b07c299436f2a,L05 Conrad,Conrad_required_2,11,Conrad,Tá começando a parecer que a culpa é <i>minha</i>.
f5ad489eeba50b01,L05 Conrad,Conrad_required_2,12,Kobold,"<i>Isso</i> não é culpa sua, Conrad."
6402f4608ceb7bbb,L05 Conrad,Conrad_required_2,13,Kobold,Sinto muito mesmo que você se machucou. Quem fez isso?
8e59613d6cd60464,L05 Conrad,Conrad_required_2,14,Conrad,Eu acho mesmo que dessa vez foi...
7058e362e43623f0,L05 Conrad,Conrad_required_2,15,Conrad,Um dragão lá no bar... Eu fui burro. Não consegui calar a boca.
ea289ebcdd7e81ef,L05 Conrad,Conrad_required_2,16,Conrad,Só um dragão qualquer no bar. Fui burro... Não consegui calar a boca.
aff317c06781bc70,L05 Conrad,Conrad_required_2,17,Conrad,Eu não entendo! Por que eu tenho que agir assim?
da5eed4c72eb1073,L05 Conrad,Conrad_required_2,18,Kobold,Agir como?
193bb66a944990a8,L05 Conrad,Conrad_required_2,19,Kobold,"Eu acho você bem legal, Conrad."
c69250ea092a7fcd,L05 Conrad,Conrad_required_2,20,Conrad,Tipo... Um babaca? Eu sei que sou insuportável de se conviver.
c2f21da58e28df4f,L05 Conrad,Conrad_required_2,21,Conrad,Você é gentil. É mais do que eu mereço.
9c529e9f79f39a21,L05 Conrad,Conrad_required_2,22,Conrad,Eu sou um babaca. Eu sei que sou.
4b7317a793a0f728,L05 Conrad,Conrad_required_2,23,Conrad,Desculpa por ter gritado com você antes.
c4c0c9950baa723f,L05 Conrad,Conrad_required_2,24,Conrad,Você não merece isso.
9fa8cd9193124e79,L05 Conrad,Conrad_required_2,25,Kobold,Tá tudo bem. Claramente você tá passando por muita coisa.
249133e0671a807b,L05 Conrad,Conrad_required_2,26,Kobold,Tá de boa.
c61717fe95ec2b9c,L05 Conrad,Conrad_required_2,27,Conrad,Não quer dizer que eu preciso gritar com você.
652daa6043287e1b,L05 Conrad,Conrad_required_2,28,Conrad,Chega de desculpas.
65b4e7b9caad6028,L05 Conrad,Conrad_required_2,29,Conrad,"Não, não tá. Chega de desculpas."
334ade0356dff453,L05 Conrad,Conrad_required_2,30,Conrad,Preciso ser melhor. Eu <i>quero </i>ser melhor.
1d190e45e1ddc239,L05 Conrad,Conrad_required_2,31,Conrad,Só que hum... Não conta pra ninguém que eu tô dizendo tudo isso.
3969155d983b9b32,L05 Conrad,Conrad_required_2,32,Kobold,Seu segredo tá seguro comigo.
bd7f2cf961e397ca,L05 Conrad,Conrad_required_2,33,Kobold,Não conto.
0cd12abef67edc64,L05 Conrad,Conrad_required_2,34,Conrad,...Valeu.
bbaef120c3a81475,L05 Conrad,Conrad_required_2,35,Conrad,E que bom que você tem um kit de primeiros socorros... Você é bem preparado.
# --- jerkoff: conrad_jerk_off_no ---
f81a53c29135dfa5,L05 Conrad,conrad_jerk_off_no,1,Conrad,"Ei, hã... Agora não."
# --- outro: Conrad_Outro_2 ---
7f9f3c8d0db46cbf,L05 Conrad,Conrad_Outro_2,1,Conrad,Eu já tô me sentindo bem melhor.
d4a62b147d5a622b,L05 Conrad,Conrad_Outro_2,2,Kobold,fisicamente ou emocionalmente?
0d49a74e82a2356a,L05 Conrad,Conrad_Outro_2,4,Conrad,Os dois.
c38c5771c6cf6118,L05 Conrad,Conrad_Outro_2,5,Conrad/Ryan,Eu também.
7e30c436a9112ecd,L05 Conrad,Conrad_Outro_2,6,Conrad,Você é... legal.
229bd072e07a3d53,L05 Conrad,Conrad_Outro_2,7,Conrad,Falo sério. De verdade.
ba15304b6e669701,L05 Conrad,Conrad_Outro_2,8,Kobold,Só tô fazendo o que eu acho certo.
1fb463b57138c081,L05 Conrad,Conrad_Outro_2,9,Kobold,Eu também acho você legal. Melhorar como pessoa é difícil.
56c81331bdf0858e,L05 Conrad,Conrad_Outro_2,10,Conrad,Espero conseguir aprender com isso.
3e2cb05f5d39c6e5,L05 Conrad,Conrad_Outro_2,11,Conrad,"Valeu, mas eu vou melhorar. Prometo."
8a3ca437a0d6d164,L05 Conrad,Conrad_Outro_2,12,Conrad,Vou sair do seu pé...
c90e3d1d20fadd0f,L05 Conrad,Conrad_Outro_2,13,Conrad,Vou voltar com certeza.

# ===== Level 6: Alexander (Night) | sets level_6_started =====
# --- intro: Alexander_2_intro ---
44aa15e695b4e0d5,L06 Alexander,Alexander_2_intro,1,Alexander,Graças aos céus que vocês estão abertos.
840851d0f7570dd9,L06 Alexander,Alexander_2_intro,2,Kobold,Alexander...?
d786fe5166ed78b0,L06 Alexander,Alexander_2_intro,3,Kobold,"Huuum, a gente não tá exatamente."
b5707c134254e827,L06 Alexander,Alexander_2_intro,4,Alexander,Sim. Preciso de uma lavagem. A situação é bastante grave!
5962824d5ad2d472,L06 Alexander,Alexander_2_intro,5,Alexander,É um trabalho que só o senhor pode fazer.
4006d568c80ab534,L06 Alexander,Alexander_2_intro,6,Alexander,Pagarei o dobro. O triplo- É um trabalho que só o senhor pode fazer!
a17a2764777e0b60,L06 Alexander,Alexander_2_intro,7,Kobold,"Ah. Então sim, a gente tá aberto."
1e5b9c4d7c7853fa,L06 Alexander,Alexander_2_intro,8,Alexander,Excelente!
e36d5a8ffbc61b8c,L06 Alexander,Alexander_2_intro,9,Kobold,o que aconteceu?
c43599f1e3538c5c,L06 Alexander,Alexander_2_intro,10,Kobold,por que o senhor tá aqui tão tarde?
c63c466c3e28f286,L06 Alexander,Alexander_2_intro,11,Alexander,"Meu colega, o professor Igwyx, desejava usar-me como plataforma."
dfb6e95e4715f76e,L06 Alexander,Alexander_2_intro,12,Alexander,"Eu permiti, já que minha estatura oferece altura de sobra."
9da4c08f2c9d94f9,L06 Alexander,Alexander_2_intro,13,Alexander,Contudo...
149351e2d565febf,L06 Alexander,Alexander_2_intro,14,Alexander,Houve uma falha em seu método.
b54a89ba26aaeaa1,L06 Alexander,Alexander_2_intro,15,Kobold,ELE MORREU!?
0ee302086c5ae61a,L06 Alexander,Alexander_2_intro,16,Kobold,Pra onde ele foi...?
2cc9a59ae14e4845,L06 Alexander,Alexander_2_intro,17,Alexander,o quê?
3b20ece829b0bd68,L06 Alexander,Alexander_2_intro,18,Alexander,não.
93f6d587969b0e78,L06 Alexander,Alexander_2_intro,19,Alexander,"Após sua conflagração espontânea, fiz questão de lhe dar privacidade."
1d37ba6f405ce0fd,L06 Alexander,Alexander_2_intro,20,Alexander,"Sua forma física está, neste momento, se reconstituindo na sala dos professores."
27c227129d961114,L06 Alexander,Alexander_2_intro,21,Alexander,Todo mago que se preza tem uma pena de fênix à mão.
9e99fec970b38818,L06 Alexander,Alexander_2_intro,22,Kobold,Certo. Pena de fênix. Óbvio.
0549826a698aad1c,L06 Alexander,Alexander_2_intro,23,Kobold,Tá bom. Vou abrir a loja. Me dá um segundo.
9e85e9ab574cfc16,L06 Alexander,Alexander_2_intro,24,Alexander,Esqueço-me da ignorância dos leigos. Peço desculpas.
359439ec513e7e35,L06 Alexander,Alexander_2_intro,25,Kobold,"Aham, vou abrir o portão"
28fa9c1bb5161161,L06 Alexander,Alexander_2_intro,26,Alexander,Apresse-se! Minha reputação está em jogo.
# --- progress: Alexander_2_required ---
cc99c01887a9b5f1,L06 Alexander,Alexander_2_required,1,Alexander,Estou profundamente envergonhado com toda essa provação.
e33e953efb157171,L06 Alexander,Alexander_2_required,2,Kobold,Não é nada de mais. Parece que todo mundo tá bem.
c054502c35602985,L06 Alexander,Alexander_2_required,3,Kobold,Não precisa ficar.
98cbb728e5fb19f2,L06 Alexander,Alexander_2_required,4,Alexander,Isso nunca foi uma preocupação. Sou um dragão bastante avesso a riscos.
c1d152bd1a4b22f1,L06 Alexander,Alexander_2_required,5,Alexander,É muita gentileza sua dizer isso.
0da1bbeb76d9ef60,L06 Alexander,Alexander_2_required,6,Alexander,"Contudo, minha <i>imagem</i> é bem mais permanente do que as efêmeras formas físicas de Igwyx."
54021b5f26568c41,L06 Alexander,Alexander_2_required,7,Alexander,Essa é a fonte da minha preocupação...
3a363409d3ae72f1,L06 Alexander,Alexander_2_required,8,Alexander,E é por isso que o senhor é perfeito para este trabalho!
# --- outro: Alexander_2_Outro ---
abc1043955962614,L06 Alexander,Alexander_2_Outro,1,Alexander,Perfeitamente limpo outra vez. Obrigado por me receber a esta hora.
2de23f0bdf3de327,L06 Alexander,Alexander_2_Outro,2,Kobold,Dinheiro... mmm...
082cb158de32f2d9,L06 Alexander,Alexander_2_Outro,3,Kobold,Sem problema.
374214d86f810d53,L06 Alexander,Alexander_2_Outro,4,Alexander,"Hah, é um bom motivador."
7ff22bb553842005,L06 Alexander,Alexander_2_Outro,5,Alexander,Pelo menos não é mais!
01b524bd7165a166,L06 Alexander,Alexander_2_Outro,6,Alexander,Nunca imaginei que fosse confiar coisas tão embaraçosas a alguém.
704866fd76bd9fb8,L06 Alexander,Alexander_2_Outro,7,Kobold,Fico sempre feliz em ajudar. <i><size=70%> ainda mais um dragão grande.
dd573253630e8021,L06 Alexander,Alexander_2_Outro,8,Kobold,Fico feliz que o senhor confie em mim.
d6b066332b6d8b9a,L06 Alexander,Alexander_2_Outro,9,Alexander,Fico contente que o senhor também tire prazer disto.
762c20b866b7b263,L06 Alexander,Alexander_2_Outro,10,Alexander,Eu também.
5fc37d4eda289c06,L06 Alexander,Alexander_2_Outro,11,Alexander,Não sei por que é tão fácil conversar com o senhor.
5a2661b79c536b73,L06 Alexander,Alexander_2_Outro,12,Alexander,O olhar de todos carrega um peso imenso.
0ddbb1a880fb5b54,L06 Alexander,Alexander_2_Outro,13,Alexander,"O seu, não. É agradável."
df9e3e9397757b17,L06 Alexander,Alexander_2_Outro,14,Kobold,Expectativas são um sacooo.
5b4ce4081cac21b5,L06 Alexander,Alexander_2_Outro,15,Kobold,Só fazendo o meu trabalho!
1acd1b8d362287ec,L06 Alexander,Alexander_2_Outro,16,Alexander,São mesmo...
cbbaf40d803468a2,L06 Alexander,Alexander_2_Outro,17,Alexander,O senhor é bom nisso.

# ===== Level 7: Ryan (Sunny) =====
# --- intro: Ryan_3_intro ---
49e50c5be7d1583e,L07 Ryan,Ryan_3_intro,2,Kobold,Ryan!
346181d6c9954315,L07 Ryan,Ryan_3_intro,3,Kobold,Bem-vindo de volta!
c1cff3dbff6bfce2,L07 Ryan,Ryan_3_intro,4,Ryan,Sou eu.
03810482331af8e2,L07 Ryan,Ryan_3_intro,5,Ryan,Feliz de estar aqui.
e1a42aae663ccf1f,L07 Ryan,Ryan_3_intro,6,Ryan,Vim pra mais um banho.
fc7ed7b68999fdae,L07 Ryan,Ryan_3_intro,7,Ryan,Eu...
be0667bb01a8cd65,L07 Ryan,Ryan_3_intro,8,Ryan,Deixa pra lá. Pode abrir o portão?
20ed966db540aaaf,L07 Ryan,Ryan_3_intro,9,Kobold,"Sim, deixa que eu abro pra você."
6c0973b0166d3528,L07 Ryan,Ryan_3_intro,10,Kobold,Ryan? tem certeza que tá tudo bem...?
8dff101cb2298f67,L07 Ryan,Ryan_3_intro,12,Ryan,"Não, não muito."
1990b3ec8cd88a48,L07 Ryan,Ryan_3_intro,13,Ryan,Eu te conto daqui a pouco. Pode só abrir o portão por enquanto?
85fec70372b092bb,L07 Ryan,Ryan_3_intro,14,Kobold/Conrad,É.
33e04b2f805d0e1a,L07 Ryan,Ryan_3_intro,15,Kobold,Tá bom. Mas espero que você esteja bem.
f51bead488e14b65,L07 Ryan,Ryan_3_intro,16,Ryan/Conrad/Alexander,Valeu.
aac215f048e8ee54,L07 Ryan,Ryan_3_intro,17,Ryan,Eu dou um jeito.
# --- progress: Ryan_3_required ---
eb256f4dcddfee94,L07 Ryan,Ryan_3_required,1,Ryan,Sobre o que houve antes.
1a17d73907f63be1,L07 Ryan,Ryan_3_required,2,Ryan,Uns dias atrás...
87a781aa9b0c0136,L07 Ryan,Ryan_3_required,3,Ryan,Eu terminei com a minha parceira...
f68b8d76138a2a69,L07 Ryan,Ryan_3_required,4,Kobold,Ah... Sinto muito.
d6077ef6cdb59db1,L07 Ryan,Ryan_3_required,5,Kobold,"Ah, Ryan."
d296154ff317814a,L07 Ryan,Ryan_3_required,6,Ryan,Tá tudo bem. Eu precisava. Ela não tava me fazendo feliz.
8a2e2803c1bc2ea7,L07 Ryan,Ryan_3_required,7,Ryan,E eu também não tava fazendo ela feliz.
d9e1edc2e966ec26,L07 Ryan,Ryan_3_required,8,Ryan,Mas nenhuma justificativa faz isso parecer bom.
769c31039308d04d,L07 Ryan,Ryan_3_required,9,Kobold,Fico feliz que você tenha conseguido fazer a escolha que era melhor pra você.
460c50191c964260,L07 Ryan,Ryan_3_required,10,Kobold,Nunca é fácil terminar as coisas.
8825be71018f7f88,L07 Ryan,Ryan_3_required,11,Ryan,É. Pelo menos eu conheci você por causa disso.
3e43d550d0572c10,L07 Ryan,Ryan_3_required,12,Ryan,É... Não é mesmo.
8948d011be56c311,L07 Ryan,Ryan_3_required,13,Ryan,"Mas, pelo menos eu conheci você!"
e484863d425a58e8,L07 Ryan,Ryan_3_required,14,Kobold,"Obrigado, Ryan. Eu também tô feliz de ter conhecido você"
1af4464c602a423a,L07 Ryan,Ryan_3_required,15,Kobold/Conrad,"Ah, valeu."
e39173e934f56c78,L07 Ryan,Ryan_3_required,16,Ryan,Esses banhos deixam as coisas bem mais fáceis.
94f45fc9f39121cd,L07 Ryan,Ryan_3_required,17,Ryan,E ainda são muito gostosos.
# --- outro: Ryan_3_Outro ---
01e6332ab274c6d3,L07 Ryan,Ryan_3_Outro,1,Ryan,Tenho certeza que foi tudo.
26fef1581467462d,L07 Ryan,Ryan_3_Outro,2,Ryan,Obrigado. Você deixa tudo isso bem mais fácil de aguentar.
021d801f68652852,L07 Ryan,Ryan_3_Outro,3,Kobold,"Você é sempre bem-vindo aqui, Ryan."
dc18b85912d460dd,L07 Ryan,Ryan_3_Outro,4,Kobold,Você é um dos meus clientes favoritos!
7ee443bc5e93fadb,L07 Ryan,Ryan_3_Outro,5,Ryan,Você sempre me faz sentir bem-vindo.
c851929ab3cd9537,L07 Ryan,Ryan_3_Outro,6,Ryan,Ah... Valeu. É estranho eu considerar você...
e0464d0955af808a,L07 Ryan,Ryan_3_Outro,7,Ryan,Um amigo muito bom?
674d9f74349966ca,L07 Ryan,Ryan_3_Outro,8,Kobold,"<size=70%><i>oah-</i> não, isso é bem legal na verdade."
e2c8744d410cb6f6,L07 Ryan,Ryan_3_Outro,9,Kobold,Eu também considero você um bom amigo
29fee2ec355f7967,L07 Ryan,Ryan_3_Outro,10,Ryan,Ah- Que bom!
51200db7892ee7e1,L07 Ryan,Ryan_3_Outro,11,Ryan,Ai... valeu.
91c56a4e9213a4b0,L07 Ryan,Ryan_3_Outro,12,Ryan,Beleza. Acho melhor eu sair do seu pé.
523791f6550c3508,L07 Ryan,Ryan_3_Outro,13,Ryan,"Eu volto de novo, tá?"
667cadad21e120f0,L07 Ryan,Ryan_3_Outro,14,Kobold,Tá bom! Vou abrir o portão pra você.
18f0197237db4a52,L07 Ryan,Ryan_3_Outro,15,Kobold,Tô ansioso pra te ver de novo
952d54adb781ab58,L07 Ryan,Ryan_3_Outro,16,Ryan,Valeu. Até logo.

# ===== Level 8: Conrad (Sunny) | sets DeliveredMountFrame =====
# --- intro: Conrad_Intro_3 ---
c2ce80cda53b3e12,L08 Conrad,Conrad_Intro_3,1,Conrad,"E aí, chefão."
ef92f8b9796dcaad,L08 Conrad,Conrad_Intro_3,2,Kobold,Eu sou um... kobold.
3faf8798d815fbcc,L08 Conrad,Conrad_Intro_3,3,Kobold,"Oi, Conrad."
fe810d1ef6bbca3f,L08 Conrad,Conrad_Intro_3,4,Conrad,Hã... É.
fe59e121f203b436,L08 Conrad,Conrad_Intro_3,5,Conrad,Heh. É. Sou eu.
a911f2d8e77038c7,L08 Conrad,Conrad_Intro_3,6,Conrad,"Parece que você recebeu uma encomenda, hein?"
403e617f71fdbd7d,L08 Conrad,Conrad_Intro_3,7,Conrad,O que tinha naquelas caixas abertas?
2fa26a557574f06d,L08 Conrad,Conrad_Intro_3,8,Kobold,Eu comprei um cavalete.
ba689238087b547e,L08 Conrad,Conrad_Intro_3,9,Kobold,É o cavalete que você pediu.
a1d3f8d9c7e16f54,L08 Conrad,Conrad_Intro_3,10,Conrad,"<size=160%>ISSO, PORRA!"
24f5fb4981989960,L08 Conrad,Conrad_Intro_3,11,Conrad,<size=100%>Quer dizer- Legal.
086c8ec178979d9b,L08 Conrad,Conrad_Intro_3,12,Conrad,"Agora, me deixa entrar! Quero experimentar essa coisa!"
8b742c36f3da7059,L08 Conrad,Conrad_Intro_3,13,Kobold,Tá bom...
3a1b28ba58f06ac8,L08 Conrad,Conrad_Intro_3,14,Kobold,Vou abrir o portão.
c2ac4efff25192d6,L08 Conrad,Conrad_Intro_3,15,Conrad,Não... fala como se fosse ruim.
faa0b4a641d866a4,L08 Conrad,Conrad_Intro_3,17,Conrad,Vamos nessa~!
f030a371b944e9be,L08 Conrad,Conrad_Intro_3,18,Conrad/Ryan,Pode crer!
# --- phone: Conrad_3_PhoneTutorial ---
eb8e96751da9e008,L08 Conrad,Conrad_3_PhoneTutorial,1,Phone,Recebemos sua solicitação do cavalete!
4369749a5a3394e9,L08 Conrad,Conrad_3_PhoneTutorial,2,Kobold,Quê..?
339397c0d1c1f21f,L08 Conrad,Conrad_3_PhoneTutorial,3,Phone,"Chegou hoje de manhã, deve estar perto do portão."
f1968abec4612ffb,L08 Conrad,Conrad_3_PhoneTutorial,4,Phone,"Use o pé de cabra para abrir e coloque-o no depósito, sim?"
435c7e974ca94c84,L08 Conrad,Conrad_3_PhoneTutorial,6,Phone,Maravilha. Tenha um dia <i>produtivo</i>.
# --- idle: Conrad_idle_3_1 ---
37950c8a8db90865,L08 Conrad,Conrad_idle_3_1,1,Conrad,"Se você colocar o cavalete pra mim, eu vou com tudo."
8f224115163c0dbe,L08 Conrad,Conrad_idle_3_1,2,Conrad,"Ei, usa as mãos no meu pau- é gostoso!"
785bfdcdb6a67739,L08 Conrad,Conrad_idle_3_1,3,Conrad,"Então, hã, pode abrir o portão?"
# --- idle: Conrad_idle_3_2 ---
c1dc3477631255b7,L08 Conrad,Conrad_idle_3_2,1,Conrad,Gostei do cavalete que você escolheu. Pode pegar ele?
4557c47a615d9810,L08 Conrad,Conrad_idle_3_2,2,Conrad,Entããão. Vai bater uma pra mim?
7e079188b55eb03d,L08 Conrad,Conrad_idle_3_2,3,Conrad,Valeu por aquilo. Foi bom pra caralho.
# --- jerkoff: Conrad_started_jerkoff_3 ---
ccd88381d07a0b21,L08 Conrad,Conrad_started_jerkoff_3,1,Conrad,"Ah, isso, é disso que eu gosto.. continua."
# --- cum: Conrad_finished_jerkoff_3 ---
10069c101bcc95c1,L08 Conrad,Conrad_finished_jerkoff_3,1,Conrad,...!
82d37703a9140210,L08 Conrad,Conrad_finished_jerkoff_3,2,Conrad,"Caramba, você sabe usar as mãos."
95be71f702fae4a6,L08 Conrad,Conrad_finished_jerkoff_3,5,Kobold,Hah... <size=70%> é.
b60c2f975eedb833,L08 Conrad,Conrad_finished_jerkoff_3,6,Kobold,Claro que sei. Eu sou <i>profissional</i>.
f9e0d3cba1f3548e,L08 Conrad,Conrad_finished_jerkoff_3,7,Conrad,É sempre bom quando um kobold sabe do que gosta.
0eb2a1e25a35e85e,L08 Conrad,Conrad_finished_jerkoff_3,8,Conrad,Eu também sou.
83d081eadc40b86b,L08 Conrad,Conrad_finished_jerkoff_3,10,Conrad,Em receber punheta.
# --- cum: Conrad_Outro_3 | if $conrad_jerked_off_3 $conrad_used_mount_3 ---
6f64e0cc9b162541,L08 Conrad,Conrad_Outro_3,1,Conrad,"Ei, então. Tava pensando"
dd5acacdb6c59489,L08 Conrad,Conrad_Outro_3,2,Conrad,Pode parecer meio estranho perguntar agora. Maaaas.
7f39f874a107d858,L08 Conrad,Conrad_Outro_3,3,Conrad,"Você conhece algum lugar legal, alguém, com quem eu possa sair?"
df48dbfe82678dea,L08 Conrad,Conrad_Outro_3,4,Kobold,"<gradient=""gold""><b> Eu conheço um dragão, o Ryan. Posso colocar vocês dois em contato? </b></gradient><size=70%>(Desbloqueia o encontro Conrad/Ryan OU o romance com Ryan)"
7b870878852ee72d,L08 Conrad,Conrad_Outro_3,5,Kobold,"<gradient=""gold""><b> Eu não me importaria de sair com você... </b></gradient><size=70%> (Desbloqueia o romance com Conrad)"
ac6820f366b18b44,L08 Conrad,Conrad_Outro_3,6,Conrad,Outro dragão? Geralmente eu não me dou muito bem...
de6f58682bdaacf9,L08 Conrad,Conrad_Outro_3,7,Kobold,"Ah, não. O Ryan é um amor."
d4185d9f80a34228,L08 Conrad,Conrad_Outro_3,8,Kobold,"Não se preocupe, ele é bem gente boa."
9df619228ba627fc,L08 Conrad,Conrad_Outro_3,9,Conrad,Tá bom. Então acho que gostaria de tentar.
d88679eede302f8e,L08 Conrad,Conrad_Outro_3,10,Kobold,Vou perguntar pra ele da próxima vez que eu ver ele.
7984d45df6290f6c,L08 Conrad,Conrad_Outro_3,11,Kobold,Acho que ele ia gostar do novo você!
bf35fcb679c816dd,L08 Conrad,Conrad_Outro_3,12,Conrad,Obrigado. Eu ia agradecer muito
d32db8ee98680d0f,L08 Conrad,Conrad_Outro_3,13,Conrad,Espero que sim. Quero muito um recomeço com alguém.
8623a4b26a9521d8,L08 Conrad,Conrad_Outro_3,14,Conrad,Mas acho que preciso ir.
30dcd5391100eeba,L08 Conrad,Conrad_Outro_3,15,Conrad,Valeu pela sugestão!
f1ad7345d30997b4,L08 Conrad,Conrad_Outro_3,16,Kobold,Não precisa agradecer. Vou abrir o portão.
404cba15a4acdcfe,L08 Conrad,Conrad_Outro_3,17,Kobold,Claro.
8bf9f7d2ecce0105,L08 Conrad,Conrad_Outro_3,18,Conrad,Ooooh.
8929fe2569ae7455,L08 Conrad,Conrad_Outro_3,19,Conrad,Acho que eu ia gostar disso!
2358a2257260501f,L08 Conrad,Conrad_Outro_3,20,Conrad,Você é bem gostoso.
c650e0aadadba99c,L08 Conrad,Conrad_Outro_3,21,Conrad,...e gente boa.
296f2ab03f8676ef,L08 Conrad,Conrad_Outro_3,23,Kobold,Eu também acho você especial.
17cf3cc7179b6817,L08 Conrad,Conrad_Outro_3,24,Conrad,Essa... foi a primeira vez que você yipou pra mim.
c2599750a4dd9247,L08 Conrad,Conrad_Outro_3,25,Kobold,"Em kobold, significa que você tá indo bem."
6f2ff920e860570d,L08 Conrad,Conrad_Outro_3,26,Conrad,Ah... hah. Gostei disso.
8b7bdfb88553e72f,L08 Conrad,Conrad_Outro_3,27,Conrad,Fico bem de ouvir isso.
e8ae0da9edb0a314,L08 Conrad,Conrad_Outro_3,28,Conrad,Então. Que tal um encontro?
781cbcfcd7920f3f,L08 Conrad,Conrad_Outro_3,29,Kobold,Isso é rápido... Mas acho que sim!
5f9a2b795615ba6a,L08 Conrad,Conrad_Outro_3,30,Kobold,Sim.
508f3cf175389841,L08 Conrad,Conrad_Outro_3,31,Conrad,Acho que gostaria de tentar!
c282dd1133ff96d4,L08 Conrad,Conrad_Outro_3,32,Conrad,Beleza! Então eu volto mais tarde.
bfc65061708379d6,L08 Conrad,Conrad_Outro_3,33,Kobold,"<size=70%><i> puta merda, acabei de marcar um encontro com um dragão."
cf78ef26075ae223,L08 Conrad,Conrad_Outro_3,34,Kobold,Isso! Vou abrir o portão.
6b8aa4fb55221728,L08 Conrad,Conrad_Outro_3,35,Conrad,Hmm?
c395eb5878798c08,L08 Conrad,Conrad_Outro_3,36,Kobold,Ah! nada. Vou abrir o portão.
102e28eb7d17c7dd,L08 Conrad,Conrad_Outro_3,37,Conrad,"Ah, tá. Valeu."
ca518354e1f14735,L08 Conrad,Conrad_Outro_3,38,Conrad,"Tá, valeu."
# --- cum: Conrad_finished_jerkoff_3 ---
5dffcc40132f0ec4,L08 Conrad,Conrad_finished_jerkoff_3,11,Conrad,Agora eu tô de olho no cavalete...
45c2b89acdcfd55d,L08 Conrad,Conrad_finished_jerkoff_3,12,Conrad,Deixa eu experimentar!
57725c300be82fa5,L08 Conrad,Conrad_finished_jerkoff_3,13,Kobold,"Ah, tá. Vou pegar ele."
1976e7477a26b680,L08 Conrad,Conrad_finished_jerkoff_3,14,Kobold/Ryan,Claro!
9e50b8e48f012f1f,L08 Conrad,Conrad_finished_jerkoff_3,15,Conrad,"Isso, porra"
# --- mount_start: Conrad_placed_mount_3 ---
b9778eb1fe076168,L08 Conrad,Conrad_placed_mount_3,1,Conrad,Hah! Aí está o cavalete!
86b1b615d536c6c9,L08 Conrad,Conrad_placed_mount_3,2,Conrad,"Entã<size=90%>ã<size=80%>ã<size=70%>ã<size=60%>o... <size=100%>Eu não tô sujo. Mas eu sou <i>~safado~</i>, saca?"
449244744c8bbd8a,L08 Conrad,Conrad_placed_mount_3,3,Kobold,Então você veio só pra...
f8c28806b84cad3d,L08 Conrad,Conrad_placed_mount_3,4,Kobold,É. Não foi tão caro.
cd4ecc87775c0780,L08 Conrad,Conrad_placed_mount_3,5,Conrad,"Comer alguma coisa e depois ganhar uma punheta, espero."
01e3f480dfe7930d,L08 Conrad,Conrad_placed_mount_3,6,Conrad,Ganhar uma punheta e comer esse cavalete.
7f9240260973e0ce,L08 Conrad,Conrad_placed_mount_3,7,Kobold,Você é... bem direto.
e0b48878cb57c01f,L08 Conrad,Conrad_placed_mount_3,8,Conrad,Claro que sou! Eu sei que sou muito...
1bd882b6a6343777,L08 Conrad,Conrad_placed_mount_3,9,Conrad,Legal.
557321787688acff,L08 Conrad,Conrad_placed_mount_3,11,Conrad,Enfim. Vou usar essa coisa agora!
78e9c032e409d82d,L08 Conrad,Conrad_placed_mount_3,12,Conrad,"Hah, boa. Vamos estrear essa coisa!"
# --- mount_finish: Conrad_finished_mount_3 ---
81b18a3cc2f69ea7,L08 Conrad,Conrad_finished_mount_3,1,Conrad,Eita.
748b06c5c3f0552b,L08 Conrad,Conrad_finished_mount_3,2,Conrad,Isso.
e92da2c203110197,L08 Conrad,Conrad_finished_mount_3,3,Conrad,Isso foi <i>bom</i>.
bcd00a8f7b94c7f1,L08 Conrad,Conrad_finished_mount_3,4,Kobold,Você tava mandando ver.
67d7d2492d388d84,L08 Conrad,Conrad_finished_mount_3,5,Kobold,Parece que você se divertiu.
65e7a40050eb4acf,L08 Conrad,Conrad_finished_mount_3,6,Conrad,Eu sempre me divirto~
5c9126f1405a306c,L08 Conrad,Conrad_finished_mount_3,7,Conrad,Pode crer que sim!
d45c21a765584d3b,L08 Conrad,Conrad_finished_mount_3,8,Kobold,Que bom... E agora?
ae7bb31b012d1f51,L08 Conrad,Conrad_finished_mount_3,9,Conrad,"Agora, segundo round!"
18b0b44df315e792,L08 Conrad,Conrad_finished_mount_3,10,Kobold,De novo...?
f395d053e5dcf326,L08 Conrad,Conrad_finished_mount_3,11,Conrad,"Não não, você é um lavador certificado, né?"
5117686f8d936e47,L08 Conrad,Conrad_finished_mount_3,12,Conrad,Quer dizer que sabe pôr a mão na massa!
a441237f7aea8d53,L08 Conrad,Conrad_finished_mount_3,13,Kobold,oah. <size=70%>tá bom.
d2e773775c5bf598,L08 Conrad,Conrad_finished_mount_3,14,Kobold,Certo. Já vou nessa.
d126a37255fb8144,L08 Conrad,Conrad_finished_mount_3,15,Conrad,Hah. É. <size=70%><i>Legal que ensinam a bater punheta pra dragão na escola de limpeza...
fba1924f5f79713e,L08 Conrad,Conrad_finished_mount_3,16,Conrad,"Bom, boa sorte tentando fechar as mãos em volta de mim inteiro."
# --- mount_finish: Conrad_OutroDirty ---
9b363afaa9dc8a5f,L08 Conrad,Conrad_OutroDirty,1,Conrad,Eu ainda tô todo sujo!
44aa54eec876d22e,L08 Conrad,Conrad_OutroDirty,2,Kobold,"Ah, foi mal"
85d8ae405abc5722,L08 Conrad,Conrad_OutroDirty,3,Kobold,Opa
# --- mount_finish: Conrad_OutroSoapy ---
d7bb84bfc322967e,L08 Conrad,Conrad_OutroSoapy,1,Conrad,Eu ainda tô todo ensaboado!
# --- mount_finish: ErrorHasOccurred ---
9241fa9324783298,L08 Conrad,ErrorHasOccurred,1,ErrorHasOccurred,"Ah, mreda, alguma coisa deu errado"
fbc99d34c317d087,L08 Conrad,ErrorHasOccurred,2,ErrorHasOccurred,"se você está vendo isso, por favor chame o nael ou envie um relatório de bug"
be7e08152c8d1556,L08 Conrad,ErrorHasOccurred,3,ErrorHasOccurred,desculpa!
# --- mount_finish: Conrad_Outro | if $conrad_jerked_off_3 $conrad_used_mount_3 ---
c571db95fc1e4f78,L08 Conrad,Conrad_Outro,4,Conrad,"Ahh, todo limpo e com a carga mais leve."
e374c1b3adfa0cf8,L08 Conrad,Conrad_Outro,5,Conrad,"Valeu, parceiro, até amanhã então."

# ===== Level 9: Alexander (Sunny) =====
# --- intro: Alexander_3_intro ---
36cd0d2b83086eeb,L09 Alexander,Alexander_3_intro,1,Alexander/Conrad,Olá.
bc15783521246457,L09 Alexander,Alexander_3_intro,2,Kobold/Alexander,Alexander!
3cbf350078abb1bf,L09 Alexander,Alexander_3_intro,3,Kobold,"Ei, bem-vindo de volta!"
516ad83185e96dfb,L09 Alexander,Alexander_3_intro,4,Alexander,"Haha, sim. Feliz em vê-lo."
f1d9c9797985d9a2,L09 Alexander,Alexander_3_intro,5,Alexander,Feliz por estar de volta.
9f59b5e841a0d2ad,L09 Alexander,Alexander_3_intro,6,Alexander,Parece que me cobri de tinta!
fda3c419d5174cb2,L09 Alexander,Alexander_3_intro,7,Alexander,"Verdadeiramente terrível, não?"
b5d76009b084e709,L09 Alexander,Alexander_3_intro,8,Kobold,"Bem, é pra isso que eu tô aqui!"
4f921c2b968fe884,L09 Alexander,Alexander_3_intro,9,Kobold,"Uau, o senhor tá coberto mesmo!"
256ae0739ddd2dbc,L09 Alexander,Alexander_3_intro,10,Alexander,De fato! O senhor é o único kobold que quero que me lave agora.
f114f26d23d53dc1,L09 Alexander,Alexander_3_intro,11,Kobold,"Ah, obrigado, Alexander."
1f01b93ae3777189,L09 Alexander,Alexander_3_intro,12,Kobold,E os seus lavadores particulares?
92b7fef7172975fa,L09 Alexander,Alexander_3_intro,13,Alexander,Certamente! O senhor administra um belo estabelecimento.
df2a4df0381808af,L09 Alexander,Alexander_3_intro,14,Alexander,Não precisa se preocupar. O sindicato dos lavadores é... Mais poderoso do que eu.
1bdc19a56262fbc5,L09 Alexander,Alexander_3_intro,15,Alexander,<size=70%>Eles continuam na minha folha de pagamento.
b0134babb7e75550,L09 Alexander,Alexander_3_intro,16,Alexander,Uma ótima desculpa para ver meu kobold favorito.
7d926d6395419270,L09 Alexander,Alexander_3_intro,17,Kobold,Ah... Obrigado!
6ad0fe6dcc2efa30,L09 Alexander,Alexander_3_intro,19,Alexander,"Certamente, o senhor administra um belo estabelecimento."
f38b3b8fcf6bf031,L09 Alexander,Alexander_3_intro,20,Alexander,O quê? Não há mal algum em um elogio sincero!
350955b9410d95a5,L09 Alexander,Alexander_3_intro,21,Kobold,Nunca imaginei que o senhor fosse do tipo que se suja tanto!
3cf6fd8e7e50386c,L09 Alexander,Alexander_3_intro,22,Kobold,Como é que o senhor ficou coberto de tinta?
5d2cee363540fc7a,L09 Alexander,Alexander_3_intro,23,Alexander,Eu... hm.
26b3089f5ee4a463,L09 Alexander,Alexander_3_intro,24,Alexander,<i>Acho </i> que devo ter derramado um tinteiro <i>no caminho até aqui</i>. Bastante desajeitado da minha parte!
7f1cf0605a577a0a,L09 Alexander,Alexander_3_intro,25,Kobold,"'Acho', 'No caminho até aqui'? Então o senhor não tava coberto de tinta antes..."
b356a126e4318643,L09 Alexander,Alexander_3_intro,26,Alexander/Kobold/Ryan,Oh.
cd5592e5e3140daa,L09 Alexander,Alexander_3_intro,27,Alexander,Certo.
2a0200c46ee1b662,L09 Alexander,Alexander_3_intro,29,Alexander,"Verdade seja dita, eu me sujei para vir até aqui."
b4d680dde83d7847,L09 Alexander,Alexander_3_intro,30,Kobold,Ahhh. O senhor não precisa se cobrir de tinta pra dizer oi!
42d72aa4b0b39750,L09 Alexander,Alexander_3_intro,31,Kobold,Ah! Então é melhor eu deixar o senhor entrar. Vou abrir o portão.
9eb8cd756595cf24,L09 Alexander,Alexander_3_intro,32,Alexander,É mesmo?
5f9846717183dcc1,L09 Alexander,Alexander_3_intro,33,Alexander,Vou me lembrar disso. Estou acostumado a que as coisas sejam transacionais.
2ea5b920a0a9a519,L09 Alexander,Alexander_3_intro,34,Kobold,Fico sempre feliz de ver o senhor. Vou abrir o portão.
# --- progress: Alexander_3_required ---
a59f7f35644dcdbb,L09 Alexander,Alexander_3_required,1,Alexander,O professor Igwyx- Meu colega que se autoimolou outro dia.
10b4110dad07d576,L09 Alexander,Alexander_3_required,2,Alexander,Ele já voltou ao trabalho. Obrigado por ajudar com tudo aquilo.
b8baebdff88a847f,L09 Alexander,Alexander_3_required,3,Kobold,"É, aquilo foi assustador no começo."
a2aff5b173ae96bb,L09 Alexander,Alexander_3_required,4,Kobold,"Ah, que bom. Fico feliz que ele esteja bem."
4b29556a255aea95,L09 Alexander,Alexander_3_required,5,Alexander,"Felizmente, a morte por combustão espontânea é um conceito que reduzimos bastante no mundo moderno."
ababfd6e7703460e,L09 Alexander,Alexander_3_required,6,Alexander,De fato. Fico feliz que o senhor tenha podido ajudar.
69f278cd5a2eb111,L09 Alexander,Alexander_3_required,7,Alexander,...É estranho poder falar tão livremente com alguém.
6221337862dcba2c,L09 Alexander,Alexander_3_required,8,Alexander,Sinto que poderia lhe dizer qualquer coisa.
cecec36c55a564ee,L09 Alexander,Alexander_3_required,9,Kobold,Qualquer coisa?
7dbde0758389bd7b,L09 Alexander,Alexander_3_required,11,Alexander,Sim. É revigorante ser tão franco.
9bc918ab274337a8,L09 Alexander,Alexander_3_required,12,Alexander,"De alguma forma, isso parece mais honesto do que qualquer coisa que os outros dizem."
35af415ffcb7f757,L09 Alexander,Alexander_3_required,13,Alexander,Diga-me...
c66fb72552f1fa4c,L09 Alexander,Alexander_3_required,14,Alexander,Tenho uma pergunta.
bbff7b98d6da7061,L09 Alexander,Alexander_3_required,15,Kobold,O que é?
834032dfb827138e,L09 Alexander,Alexander_3_required,16,Kobold,Fala aí?
71291e2e0c7ce300,L09 Alexander,Alexander_3_required,17,Alexander,Poderia fazer <i>a mim</i> uma pergunta?
c8ac7dce03b1b9b7,L09 Alexander,Alexander_3_required,18,Kobold,Como assim?
10f232e68c0c0443,L09 Alexander,Alexander_3_required,19,Kobold,Que tipo de pergunta?
5956cbc43e2c8c2b,L09 Alexander,Alexander_3_required,20,Alexander,Só desejo que me faça uma pergunta. Qualquer pergunta.
7bf3b1fff483809e,L09 Alexander,Alexander_3_required,21,Alexander,Qualquer coisa. É só curiosidade.
# --- progress: Alexander_questions ---
9da08a79c3f86ee0,L09 Alexander,Alexander_questions,1,Kobold,Como é dar aula?
337d9f85511815eb,L09 Alexander,Alexander_questions,2,Kobold/Alexander,O senhor gosta de roxo?
70523c9a506d9676,L09 Alexander,Alexander_questions,3,Kobold,O senhor gosta de ser grande?
3fbd83d375d6fa05,L09 Alexander,Alexander_questions,4,Kobold,Qual é o gosto do número 7?
767b6d6bdc5b806a,L09 Alexander,Alexander_questions,5,Kobold,O que o senhor acha de mim?
8ed9fdad93b0f690,L09 Alexander,Alexander_questions,6,Kobold,O senhor é feliz?
e5263ec7185a5166,L09 Alexander,Alexander_questions,7,Kobold,Sua crista é legal. O que ela é?
bc116106c2929c42,L09 Alexander,Alexander_questions,8,Kobold,É só isso que eu queria perguntar.
a04d5511812a415b,L09 Alexander,Alexander_questions,9,Alexander,É o meu sonho.
6861f7c274e3de2c,L09 Alexander,Alexander_questions,10,Alexander,Gosto de fazer parte da vida de tantos indivíduos de forma positiva.
8743d170a315e668,L09 Alexander,Alexander_questions,11,Alexander,...É intimidante saber o quanto eles me admiram.
7aebce70febcfb8c,L09 Alexander,Alexander_questions,12,Alexander,E não apenas fisicamente.
0ad864ff0c0b3f21,L09 Alexander,Alexander_questions,13,Kobold,Que tipo de aula o senhor dá?
24244e96851180ca,L09 Alexander,Alexander_questions,14,Kobold,O senhor dá um bom exemplo.
f58328ac8301872f,L09 Alexander,Alexander_questions,15,Alexander,"Principalmente alquimia. Ocasionalmente, história do mundo."
771e997edf959694,L09 Alexander,Alexander_questions,16,Alexander,Tenho tentado entrar nas ciências sociais também.
9986ef8860d34d9e,L09 Alexander,Alexander_questions,17,Alexander,É isso que é aterrorizante.
e947bbc260ec1dad,L09 Alexander,Alexander_questions,18,Alexander,Aprecio não temer o fracasso perto do senhor.
818a4fe04a76ce19,L09 Alexander,Alexander_questions,19,Alexander,Pergunta porque sou lavanda?
54a1b0b8e5f6fa32,L09 Alexander,Alexander_questions,20,Kobold,É.
046427d028c69e4b,L09 Alexander,Alexander_questions,21,Kobold,Não.
b849ed1e855cd6f5,L09 Alexander,Alexander_questions,22,Alexander,"Bem, eu gosto da cor. Mas creio que isso não tem relação com o meu tom."
bbb1e1b8cec716b3,L09 Alexander,Alexander_questions,23,Alexander,Eu gosto da cor. Embora creia que não tenha relação com o meu próprio tom.
line:ef052302,L09 Alexander,Alexander_questions,24,Alexander,Você gosta de roxo?
525ba3c4a2511183,L09 Alexander,Alexander_questions,27,Alexander,Ah. que bom.
3885f7429496059d,L09 Alexander,Alexander_questions,29,Alexander,Ah. Tá bom.
8133434681c5d0c2,L09 Alexander,Alexander_questions,31,Alexander,Essa é uma pergunta difícil de responder.
a3e6072e41a2ff07,L09 Alexander,Alexander_questions,32,Alexander,Gosto de partes disso. O respeito é agradável...
b1ca0efdea534b71,L09 Alexander,Alexander_questions,33,Alexander,"Contudo, esse respeito vem com a expectativa de que eu aja como pareço. É incrivelmente estressante."
186edb7d24ea9459,L09 Alexander,Alexander_questions,34,Kobold,O senhor pode agir como quiser perto de mim.
1a6be1fd03e5ae6f,L09 Alexander,Alexander_questions,35,Kobold,Eu gosto do senhor pelo que o senhor é.
08063aff652b7108,L09 Alexander,Alexander_questions,36,Alexander,É muita gentileza sua dizer isso.
4f9390dd28090827,L09 Alexander,Alexander_questions,37,Alexander,Quero ser mais aberto. É uma boa sensação.
b38834ce4594ad5c,L09 Alexander,Alexander_questions,38,Alexander,Lima amarela.
5f6bb166b079c336,L09 Alexander,Alexander_questions,39,Kobold,Não acredito.
aac4af2b645cf88e,L09 Alexander,Alexander_questions,40,Kobold,Tipo... um limão-siciliano?
0ee250681eda1a08,L09 Alexander,Alexander_questions,41,Alexander,"'Pois acredite', não há nada de que eu tenha mais certeza."
b83a1658171971d7,L09 Alexander,Alexander_questions,42,Alexander,Não. Uma lima que é amarela.
a87e0094e62cb429,L09 Alexander,Alexander_questions,43,Kobold,O senhor é o professor aqui. Deve estar certo.
e154199e27c1d4a3,L09 Alexander,Alexander_questions,45,Alexander,"Isso é uma falácia de apelo à autoridade. Mas, sim. Estou certo."
0c137b35abd3f637,L09 Alexander,Alexander_questions,47,Alexander,O senhor é...
d4efe0db738b52b5,L09 Alexander,Alexander_questions,48,Alexander,Uma anomalia.
55c3e5daec20a64d,L09 Alexander,Alexander_questions,49,Kobold,Hã?
2c291db1ddbe2b9d,L09 Alexander,Alexander_questions,50,Kobold,Isso é coisa boa...?
df2bc10ba434d57e,L09 Alexander,Alexander_questions,51,Alexander,No sentido de que o senhor é único.
019d328b739d99e6,L09 Alexander,Alexander_questions,52,Kobold,No bom sentido?
c2667b3b3dc54c1a,L09 Alexander,Alexander_questions,53,Kobold,No mau sentido?
4f9b4a3cd9b0261a,L09 Alexander,Alexander_questions,54,Alexander,Claro! O senhor é maravilhoso.
ebb1884c75b23e27,L09 Alexander,Alexander_questions,55,Alexander,Pelas estrelas! Não não. O senhor é excelente.
3b2c32e616b24822,L09 Alexander,Alexander_questions,56,Alexander,De fato. O senhor é uma pessoa excelente de se ter por perto.
7e6a62b6d8659273,L09 Alexander,Alexander_questions,57,Alexander,O senhor é a primeira pessoa que conheci cuja única expectativa é que eu seja...
c48241cd21bb0d91,L09 Alexander,Alexander_questions,58,Alexander,Eu.
5a4d28241178ab01,L09 Alexander,Alexander_questions,59,Alexander,Sou.
216bb6e650af4cfc,L09 Alexander,Alexander_questions,60,Alexander,"Creio que, em parte, é por sua causa."
91ff270d6aaba6a4,L09 Alexander,Alexander_questions,61,Kobold,Mas eu sou só o seu lavador?
f06f453ab3d6251f,L09 Alexander,Alexander_questions,62,Kobold,Isso é muito gentil.
8c2bdfa25fbde4ed,L09 Alexander,Alexander_questions,63,Alexander,"Eu sei. Mas a capacidade de se abrir com alguém, mesmo que ocasionalmente-"
61639ef55caefda4,L09 Alexander,Alexander_questions,64,Alexander,Faz maravilhas.
line:bc6cc4d2,L09 Alexander,Alexander_questions,65,Alexander,É muito gentil da sua parte.
22c1ab2eb72e5b44,L09 Alexander,Alexander_questions,66,Alexander,"A capacidade de se abrir com alguém, mesmo que ocasionalmente..."
439d8da114ab9162,L09 Alexander,Alexander_questions,68,Alexander,Obrigado por isso.
33d3f6495bad4d3c,L09 Alexander,Alexander_questions,69,Alexander,"Ah, a crista ao redor da minha cabeça?"
91d69b4f1f9739cb,L09 Alexander,Alexander_questions,70,Alexander,Muitos pensam que é parte do meu corpo.
dd0f2ff5e303f61a,L09 Alexander,Alexander_questions,71,Alexander,"Contudo, é ornamental! O brasão da minha família. Veja bem..."
7271f9e9b21e5401,L09 Alexander,Alexander_questions,72,Alexander,"A história dos dragões é complexa. Cristas ornamentais <size=85%> são frequentemente <size=70%> usadas pelos dragões para <size=55%>indicar a que família pertencem! <size=40%> É uma marca interessante de sua herança cultural <size=35%> e familiar. Muitas vezes me perguntei se deveria continuar a usar a minha. <size=20%> Mas os laços culturais e familiares são considerados importantes na tradição dos dragões! portanto devo me ater a tais coisas. <size=10%> Água. Terra. Fogo. Ar. Há muito tempo, as quatro nações viviam em harmonia. Mas tudo mudou quando a Nação do Fogo atacou."
0006b6926947b91b,L09 Alexander,Alexander_questions,74,Kobold,O senhor pode repetir?
b6d573339ec0b66b,L09 Alexander,Alexander_questions,75,Alexander,"Ah, perdão, sou apaixonado por essas coisas."
9909f3ea3dffb93e,L09 Alexander,Alexander_questions,76,Alexander,Fico feliz que goste da minha crista.
e5bccc3a053371ce,L09 Alexander,Alexander_questions,77,Alexander,...Não
# --- progress: Alexander_3_required_end | if $has_asked_question ---
c225b2626bb24d2c,L09 Alexander,Alexander_3_required_end,1,Alexander,Obrigado por perguntar. É agradável receber perguntas pessoais.
# --- jerkoff: Alexander_3_JerkOff_Start ---
8342e51e14980481,L09 Alexander,Alexander_3_JerkOff_Start,1,Alexander,"Oh, céus- Não esperava que o senhor fosse tão... prático"
ce664ef00487ef78,L09 Alexander,Alexander_3_JerkOff_Start,2,Alexander,<size=70%><i>fique à vontade para continuar-</i>
# --- cum: Alexander_3_Cum ---
85503a54fcc74839,L09 Alexander,Alexander_3_Cum,1,Alexander,Uunf. I-isso foi... Bastante indigno.
afa89c59eece65b9,L09 Alexander,Alexander_3_Cum,2,Alexander,<size=70%><i>mas foi agradável... Obrigado.
# --- outro: Alexander_3_Outro ---
d96b34ffac75e750,L09 Alexander,Alexander_3_Outro,1,Alexander,Estou <i>impecável</i>.
6dae153117be9e8a,L09 Alexander,Alexander_3_Outro,2,Kobold,Eu nunca deixo passar nada.
941f66ab23bc1b9b,L09 Alexander,Alexander_3_Outro,4,Alexander,Estou bem ciente. Uma limpeza profunda tem uma sensação inconfundível!
4598878b44333749,L09 Alexander,Alexander_3_Outro,5,Alexander,É isso que eu gosto de ouvir.
7ea92f17440d2fae,L09 Alexander,Alexander_3_Outro,6,Alexander,Voltarei outra vez. É bom tê-lo como amigo.
7bbef8475c6cdff7,L09 Alexander,Alexander_3_Outro,7,Kobold,Ansioso pra ver o senhor de novo em breve.
17d54d35bc089567,L09 Alexander,Alexander_3_Outro,8,Kobold,Fico feliz que o senhor se sinta à vontade aqui.

# ===== Level 10: Ryan (Sunny) | ends PicnicCompleted =====
# --- intro: Ryan_4_intro ---
379060351b7eda00,L10 Ryan,Ryan_4_intro,1,Ryan,<b><i><size=130%>Você sugeriu o Ryan pro Conrad?
8a798890fe938171,L10 Ryan,Ryan_4_intro,2,Kobold,sim
9390298f3fb0c5b1,L10 Ryan,Ryan_4_intro,3,Kobold,não
578f5563ae25f1ce,L10 Ryan,Ryan_4_intro,4,Kobold,Uou... O que é isso na sua boca?
c03386d6c9efb92a,L10 Ryan,Ryan_4_intro,5,Kobold,"Ei, Ryan, o que você tem aí?"
d85dcd17cab55fde,L10 Ryan,Ryan_4_intro,6,Ryan,Cesta de piqueniqui-
b9c2f8ae41c83ebe,L10 Ryan,Ryan_4_intro,7,Ryan,Não conchigo falar direito.
696058e475fae76a,L10 Ryan,Ryan_4_intro,8,Ryan,me deixa entrar?
1f843189eaccc2b6,L10 Ryan,Ryan_4_intro,9,Kobold,Ah! Tá bom. Vou abrir o portão!
9cc8b0255238b35e,L10 Ryan,Ryan_4_intro,10,Kobold,"Certo, vou abrir pra você agora mesmo."
1facde273315d636,L10 Ryan,Ryan_4_intro,11,Ryan,Obrigadu!
# --- picnic: Ryan_egg_dialog | if $food_number ---
ff7696a47d0cd4ed,L10 Ryan,Ryan_egg_dialog,1,Kobold,meudeus eu achei que o ovo era decorativo.
76dddaed85a8d844,L10 Ryan,Ryan_egg_dialog,2,Kobold,Que tipo de ovo era aquele?
9fe69182b150b8b1,L10 Ryan,Ryan_egg_dialog,3,Ryan,Hã? claro que não!
f5d2571561dba2b0,L10 Ryan,Ryan_egg_dialog,4,Ryan,AH. Você não tá acostumado a comer eles inteiros.
718beb6db0dae659,L10 Ryan,Ryan_egg_dialog,5,Ryan,É o melhor jeito de comer!
c03f60d1d7bd67e5,L10 Ryan,Ryan_egg_dialog,6,Ryan,Hum...
4a7cf2bb1bd01e0b,L10 Ryan,Ryan_egg_dialog,7,Ryan,Azul...?
640cee0646ecb66c,L10 Ryan,Ryan_egg_dialog,8,Ryan,Não tenho muita certeza. Tava em promoção na WingCo.
f887a50c6f7d1edc,L10 Ryan,Ryan_egg_dialog,9,Ryan,Mas tava muito gostoso!
# --- picnic: ryan_food_dialogue ---
8b555a411ea346ec,L10 Ryan,ryan_food_dialogue,1,Ryan,Então... Eu tava pensando nos meus relacionamentos.
03e1d33ec4a7f6e8,L10 Ryan,ryan_food_dialogue,2,Kobold,Como assim?
f1676448791feef6,L10 Ryan,ryan_food_dialogue,3,Ryan,"Tipo, no futuro dos meus relacionamentos."
9d2e28c9ae2ed8b4,L10 Ryan,ryan_food_dialogue,4,Ryan,Tô meio animado.
91b32d6180935501,L10 Ryan,ryan_food_dialogue,5,Kobold,"Bom, você é um partidão."
e5d632fba39e2f0f,L10 Ryan,ryan_food_dialogue,6,Kobold,Tô animado por você!
d228097b23b352e6,L10 Ryan,ryan_food_dialogue,7,Ryan,"Ah, para. Vai me fazer corar."
d94d7310f7d31a45,L10 Ryan,ryan_food_dialogue,9,Ryan,Tô mesmo ansioso pra conhecer gente nova.
1121175da09c0008,L10 Ryan,ryan_food_dialogue,10,Ryan,"Agora, mais comida?"
6ebac8131d5267ac,L10 Ryan,ryan_food_dialogue,11,Ryan,Hmm...
d2c7e6789d89f523,L10 Ryan,ryan_food_dialogue,13,Ryan,Eu tava pensando.
67c0ce6aff865e1c,L10 Ryan,ryan_food_dialogue,14,Ryan,É difícil encontrar gente fora da minha bolha atual.
d7f23a9907b74860,L10 Ryan,ryan_food_dialogue,15,Ryan,"Tipo, eu amo quem tá ao meu redor, mas tem muita bagagem ali."
99daac47d7b305f6,L10 Ryan,ryan_food_dialogue,16,Ryan,Saca?
1b4b607607b8c988,L10 Ryan,ryan_food_dialogue,17,Kobold,Faz sentido.
dfcb7cbdb552d8f5,L10 Ryan,ryan_food_dialogue,18,Kobold,"Entendo como você se sentiria assim depois de um término, sim."
f574c59b56179de8,L10 Ryan,ryan_food_dialogue,19,Ryan,"É, desde o término eu tô procurando algo novo."
0febbd04cce87646,L10 Ryan,ryan_food_dialogue,20,Ryan,Talvez alguém?
b7fca6004f2d5325,L10 Ryan,ryan_food_dialogue,22,Ryan,É. É difícil desfazer os grupos depois de uma coisa dessas.
8da113ef266e587f,L10 Ryan,ryan_food_dialogue,23,Ryan,Tô disposto a fazer isso. Mas queria algo novo.
baf0df26ea4f2e81,L10 Ryan,ryan_food_dialogue,24,Ryan,Talvez alguém novo...
03ccd297eb346729,L10 Ryan,ryan_food_dialogue,25,Ryan,...Sobre o que eu disse antes.
1032684d93c794bf,L10 Ryan,ryan_food_dialogue,26,Kobold,Sim?
ace8c62e60ec2197,L10 Ryan,ryan_food_dialogue,27,Ryan,Você conhece alguém com quem eu possa conversar? Sabe... sobre coisas de relacionamento?
0a7119cfe1246546,L10 Ryan,ryan_food_dialogue,28,Kobold,"<gradient=""gold""><b>Eu conheço um dragão vermelho. Acho que você ia gostar dele! </b></gradient><size=70%> (Junta Ryan com Conrad!)"
4a3b65400e54f8ff,L10 Ryan,ryan_food_dialogue,29,Kobold,"<gradient=""gold""><b>Ah. Hum. <size=70%> Eu não me importaria... Se eu fosse esse alguém. </b></gradient><size=70%> (Confirma o romance com Ryan!)"
bb7a6be711206298,L10 Ryan,ryan_food_dialogue,30,Kobold,"<gradient=""gold""><b>Não me vem ninguém à cabeça agora.</b></gradient><size=70%> (Confirma o romance com Conrad!)"
a6a744d6d60ec400,L10 Ryan,ryan_food_dialogue,31,Ryan/Alexander/Kobold,Ah?
cbe8e4adc9ca52df,L10 Ryan,ryan_food_dialogue,32,Ryan,Quem é?
ca545deecbd9950d,L10 Ryan,ryan_food_dialogue,33,Kobold,Ele é um dragão vermelho MUITO fofo que vem no lava-jato!
4a94ef80ae21582a,L10 Ryan,ryan_food_dialogue,34,Kobold,Ele é um dragão vermelho. Acho que vocês dois iam se gostar!
0ea02ee3f0c5673d,L10 Ryan,ryan_food_dialogue,35,Ryan,"Ah! Acho que já vi ele. O pequenininho, né?"
58b69c47fed8b38f,L10 Ryan,ryan_food_dialogue,36,Kobold,Ele prefere 'verticalmente desafiado'... Mas sim.
3ae2d547c997ca01,L10 Ryan,ryan_food_dialogue,37,Kobold,Aham! ele tá tentando conhecer gente nova.
474246952e0d1e50,L10 Ryan,ryan_food_dialogue,38,Ryan,Ah...
ed2ece6040ec8b40,L10 Ryan,ryan_food_dialogue,39,Ryan,Isso é muito fofo.
c0fb8d4f93270198,L10 Ryan,ryan_food_dialogue,40,Ryan,"Ah, que ótimo. Parece que somos parecidos."
82767de7e3e22a4a,L10 Ryan,ryan_food_dialogue,41,Ryan,Acho que gostaria de conhecer ele!
b423c91f4f75add4,L10 Ryan,ryan_food_dialogue,42,Kobold,Então vou colocar vocês dois em contato.
80c500f9c426d4cc,L10 Ryan,ryan_food_dialogue,43,Kobold,Tô tão animado. Vou colocar vocês dois em contato!
ec786c9a7656b0f9,L10 Ryan,ryan_food_dialogue,45,Ryan,"Eu também, valeu!"
028dbc8d077c611f,L10 Ryan,ryan_food_dialogue,47,Ryan,<i>Ah...
ae590830c4c03fd1,L10 Ryan,ryan_food_dialogue,48,Ryan,Acho que eu gostaria que você fosse esse alguém também.
b4066b4e58df8005,L10 Ryan,ryan_food_dialogue,49,Kobold,Então isso é tipo... nosso primeiro encontro?
8c7e5a49ec8fd685,L10 Ryan,ryan_food_dialogue,50,Kobold,Pra ser sincero. Faz um tempinho que eu tô a fim de você.
710ea0057247cb51,L10 Ryan,ryan_food_dialogue,51,Ryan,Acho que sim!
de4d091acdb6059c,L10 Ryan,ryan_food_dialogue,52,Ryan,"Sério? Ah, isso é muito fofo."
35e3561cd36f36d6,L10 Ryan,ryan_food_dialogue,53,Ryan,Não sabia que alguém podia gostar tanto de mim tão fácil.
f05160456925af3f,L10 Ryan,ryan_food_dialogue,54,Ryan,"Você é fofo, aliás."
a01d64fcb9d7d3a5,L10 Ryan,ryan_food_dialogue,55,Kobold,É. <size=90%>Ah- <size=80%>sabe como é. Eu sou tipo... <size=70%>Haha. É. Aham!
65691ff38c85e57c,L10 Ryan,ryan_food_dialogue,56,Kobold,Você também!
d323e565ed8ea749,L10 Ryan,ryan_food_dialogue,57,Ryan,Não queria te deixar sem jeito!
145e6a2d848267cb,L10 Ryan,ryan_food_dialogue,58,Ryan,Só tô... Feliz.
0cc014df7d89d3e1,L10 Ryan,ryan_food_dialogue,59,Ryan,"Ah, valeu. Eu só fico bonito assim por causa dos seus banhos!"
eea7bdf3ab3f251c,L10 Ryan,ryan_food_dialogue,60,Ryan,Eu tô... Feliz.
d619413abc4a1de1,L10 Ryan,ryan_food_dialogue,61,Ryan,Tudo bem!
c2acc8d962a0c936,L10 Ryan,ryan_food_dialogue,62,Ryan,E você? tá saindo com alguém?
2374bdd10aea40ba,L10 Ryan,ryan_food_dialogue,63,Kobold,"Tem um dragão vermelho, o Conrad. Ele é... Cabeça quente, mas fofo."
58a5e5a5a9482e96,L10 Ryan,ryan_food_dialogue,64,Kobold,"Sim! O Conrad, ele é adorável. Mas ele ia odiar que eu disse isso."
3d14bcafbc3f21c6,L10 Ryan,ryan_food_dialogue,65,Ryan,"Ah, é aquele dragão pequenininho que eu vi entrando um tempo atrás, né?"
882d8b921688234c,L10 Ryan,ryan_food_dialogue,66,Kobold,Ei! Ele só é... 'verticalmente desafiado'.
1ce76f0141c9f53b,L10 Ryan,ryan_food_dialogue,67,Kobold,Aham! é ele mesmo.
eeedcdd5eaa13110,L10 Ryan,ryan_food_dialogue,68,Ryan,"Ah, desculpa."
dcfc67b1e58c5a49,L10 Ryan,ryan_food_dialogue,69,Ryan,Parece fofo!
94ff2c4b836f0aef,L10 Ryan,ryan_food_dialogue,70,Ryan,"Que maravilha, ele é fofo!"
abe281ce74304803,L10 Ryan,ryan_food_dialogue,71,Ryan,"Ei, hum, obrigado mais uma vez."
9144d5ad20e5a9e8,L10 Ryan,ryan_food_dialogue,72,Kobold,Sem problema! Mal posso esperar pra você conhecer o Conrad.
e39b086d1bff71b1,L10 Ryan,ryan_food_dialogue,73,Kobold,"Não, obrigado a você. Eu tô... Muito animado."
1f50e1361eaeacbf,L10 Ryan,ryan_food_dialogue,74,Kobold,Claro! Obrigado pela comida.
489184ee3c2573f9,L10 Ryan,ryan_food_dialogue,75,Ryan,"Hah, é. Ele parece divertido."
28f3547a6af39629,L10 Ryan,ryan_food_dialogue,76,Ryan,"Vou te contar como foi, tá?"
fcd75c87b326482c,L10 Ryan,ryan_food_dialogue,77,Kobold,Tô animado pra saber!
a66a9f98f63d5aaf,L10 Ryan,ryan_food_dialogue,78,Kobold,É. Vocês dois vão ser fofos.
39619dc71b15dfde,L10 Ryan,ryan_food_dialogue,79,Ryan,Isso foi bom...
b2d03d0e5222d95c,L10 Ryan,ryan_food_dialogue,80,Ryan,"Te vejo de novo em breve, né?"
17c800776b082018,L10 Ryan,ryan_food_dialogue,81,Kobold,Espero que sim! Vou abrir o portão.
56372773e401e131,L10 Ryan,ryan_food_dialogue,82,Kobold,Sim! Obrigado pela comida. Vou abrir o portão.
97cffb9a377004b2,L10 Ryan,ryan_food_dialogue,83,Ryan,É... Eu nunca saí num encontro com um kobold antes.
50ce0561192b6b01,L10 Ryan,ryan_food_dialogue,84,Ryan,Mas já sei que tô gostando muito disso.
e823adcc22fd50c2,L10 Ryan,ryan_food_dialogue,85,Kobold,Eu gosto muito de você.
62e851c911a254bb,L10 Ryan,ryan_food_dialogue,86,Kobold,"É, isso foi super gostoso."
773c0ce37ffbb546,L10 Ryan,ryan_food_dialogue,87,Ryan,Heh. É. Eu também gosto de você.
1c6058ce1c7242cf,L10 Ryan,ryan_food_dialogue,88,Ryan,Foi mesmo. Você é maravilhoso.
32e4e8851f8ac398,L10 Ryan,ryan_food_dialogue,89,Ryan,Obrigado por dividir a comida comigo...
0a94f0c3b65c425c,L10 Ryan,ryan_food_dialogue,90,Ryan,Tô ansioso pra te ver de novo
8c39f31ac476e20e,L10 Ryan,ryan_food_dialogue,91,Kobold,Eu sempre fico ansioso pra te ver. Vou abrir o portão.
db8848bda5df285f,L10 Ryan,ryan_food_dialogue,92,Kobold,Eu também! Vou abrir o portão.
f0394a2181ae8df6,L10 Ryan,ryan_food_dialogue,93,Ryan,Tá bom! Até breve.
d48a9423f250312c,L10 Ryan,ryan_food_dialogue,94,Ryan,"Então esse tal de Conrad, parece que você gosta dele?"
6eb520b95e8c6388,L10 Ryan,ryan_food_dialogue,95,Kobold,Hehe é.
c97f0b6b1b436f26,L10 Ryan,ryan_food_dialogue,96,Kobold,"Ele é intenso. Mas, eu gosto."
6525ecb4cd0f0eea,L10 Ryan,ryan_food_dialogue,97,Ryan,Que fofo!
6943d0645de48850,L10 Ryan,ryan_food_dialogue,98,Ryan,Qual a sua parte favorita nele?
a695d517f16d1719,L10 Ryan,ryan_food_dialogue,99,Kobold,Ele é tipo. SUPER dotado.
dbeb304df456a424,L10 Ryan,ryan_food_dialogue,100,Kobold,"Ele é esquentado, mas carinhoso também!"
3c29c25f0a23d26a,L10 Ryan,ryan_food_dialogue,101,Kobold,"Ele é pequenininho, gosto de ficar na altura dos olhos dele."
0911d52bc2d9f70b,L10 Ryan,ryan_food_dialogue,102,Kobold,Eu gosto... dele.
4aa9ae5f4bbb8541,L10 Ryan,ryan_food_dialogue,103,Ryan,"Ah... É, os dragões menores costumam... Compensar."
7859d5c981752171,L10 Ryan,ryan_food_dialogue,104,Ryan,"Mmm, É, conheço o tipo."
d8c70d62d0457935,L10 Ryan,ryan_food_dialogue,105,Ryan,"Faz sentido! É, dragões pequenos são divertidos."
97a18e09f3f990c5,L10 Ryan,ryan_food_dialogue,106,Ryan,Ah... Isso é muito fofo
fac3f85c3c835445,L10 Ryan,ryan_food_dialogue,107,Ryan,Você vai ter que me contar como vocês dois se saem!
37e125daa86112bd,L10 Ryan,ryan_food_dialogue,108,Ryan,"Obrigado por dividir a comida comigo, Você é um grande amigo."
120807e0d30c65d5,L10 Ryan,ryan_food_dialogue,109,Kobold,Obrigado pela comida! Vou abrir o portão.
94ddf87d22b36d07,L10 Ryan,ryan_food_dialogue,110,Kobold,"Você também é um bom amigo, vou abrir o portão."
02ca8c073be8669d,L10 Ryan,ryan_food_dialogue,111,Ryan,"Tá bom, até mais!"
# --- picnic: Ryan_grab_basket ---
3276ca6f923e3a2e,L10 Ryan,Ryan_grab_basket,1,Ryan,Bleh. Obrigado por pegar isso.
1790d1bc285d158f,L10 Ryan,Ryan_grab_basket,2,Kobold,Você trouxe comida?
fab7cff668586c9b,L10 Ryan,Ryan_grab_basket,3,Kobold,Ryan! isso é tão fofo.
3f519f6990d85e4d,L10 Ryan,Ryan_grab_basket,4,Ryan,Sim! Tem comida que deve ser boa pra nós dois.
38953523aa1d8dc9,L10 Ryan,Ryan_grab_basket,5,Ryan,"Hehe, valeu. Tem coisa que deve ser boa pra nós dois."
f44e62ce0d92a9c3,L10 Ryan,Ryan_grab_basket,6,Ryan,Só que as porções podem ser meio... tamanho dragão.
dbe7ccbf37aed06a,L10 Ryan,Ryan_grab_basket,7,Kobold,Por que você trouxe tudo isso?
96082d9f598cc1db,L10 Ryan,Ryan_grab_basket,8,Kobold,Você nem precisa de um banho?
5be9d07e2e19a321,L10 Ryan,Ryan_grab_basket,9,Ryan,Pra você!
eea2772cf2ab51f9,L10 Ryan,Ryan_grab_basket,10,Ryan,<size=70%> E pra mim.
5da686787e870bc2,L10 Ryan,Ryan_grab_basket,11,Ryan,"Não, acho que não preciso."
dfdd49c96bf70312,L10 Ryan,Ryan_grab_basket,12,Ryan,Só vim trazer comida pra você!
7efd9697b321d608,L10 Ryan,Ryan_grab_basket,13,Ryan,Pensei em trazer algo legal depois de tudo que você fez.
414c0f3bb81740f3,L10 Ryan,Ryan_grab_basket,14,Ryan,Espero que tudo bem?
097832ea20a37b63,L10 Ryan,Ryan_grab_basket,15,Kobold,Claro que tá!
460dbc14c8f22914,L10 Ryan,Ryan_grab_basket,17,Ryan,"Massa, que bom."
6e1aac9408968a3c,L10 Ryan,Ryan_grab_basket,18,Ryan,Então deve estar mesmo! Que bom.
fe3e5d4e4925ddb6,L10 Ryan,Ryan_grab_basket,19,Ryan,Agora... Comida?
# --- picnic: Ryan_grapes_dialog | if $food_number ---
46ca5d912bed1dcc,L10 Ryan,Ryan_grapes_dialog,1,Kobold,Aquelas uvas pareciam boas.
33f099ac348159d4,L10 Ryan,Ryan_grapes_dialog,2,Kobold,"Ryan, não era pra comer o cabinho-"
174343e1e975e68b,L10 Ryan,Ryan_grapes_dialog,3,Ryan,E eram! Mas o cabinho é a minha parte favorita.
976fdc62e4cbffcf,L10 Ryan,Ryan_grapes_dialog,4,Kobold,Isso não é... Madeira?
8e4f1f66ab3b3860,L10 Ryan,Ryan_grapes_dialog,5,Kobold,Nunca experimentei.
d053df82397c2f86,L10 Ryan,Ryan_grapes_dialog,6,Ryan,"É, o gosto é bom!"
c994875a9f5c8520,L10 Ryan,Ryan_grapes_dialog,7,Ryan,Mas você provavelmente não devia comer.
025e9c74601a1a65,L10 Ryan,Ryan_grapes_dialog,8,Ryan,Estômago de dragão é um pouco mais... robusto que o seu.
b689b40a79b968df,L10 Ryan,Ryan_grapes_dialog,9,Ryan,Melhor você não comer.
8d834797bd163119,L10 Ryan,Ryan_grapes_dialog,10,Ryan,Você ia precisar de um estômago de dragão primeiro!
27935fd7477eba77,L10 Ryan,Ryan_grapes_dialog,11,Ryan,Diz quem?
0b71d27200d13a33,L10 Ryan,Ryan_grapes_dialog,12,Kobold,Eu?
47252f2c75dea9ef,L10 Ryan,Ryan_grapes_dialog,13,Kobold,A biologia...? <size=70%> <i>Eu acho?
5af35db6f8fe39ad,L10 Ryan,Ryan_grapes_dialog,14,Ryan,Bom...
79436a008466d243,L10 Ryan,Ryan_grapes_dialog,15,Ryan,Eu sou um quebrador de regras!
49e7a64aec55ff2a,L10 Ryan,Ryan_grapes_dialog,16,Ryan,"Não se preocupa, dragões são feitos pra comer qualquer coisa."
5f82b968ccbb4aaa,L10 Ryan,Ryan_grapes_dialog,17,Ryan,Eu consigo digerir praticamente qualquer coisa.
f9a3f85545840310,L10 Ryan,Ryan_grapes_dialog,18,Ryan,O cabinho é só comida extra.
53494acb38981cff,L10 Ryan,Ryan_grapes_dialog,19,Ryan,Mas uva sempre matou uma vontade específica.
77e53d1b1d33b9f0,L10 Ryan,Ryan_grapes_dialog,20,Ryan,"Ah, e parece que caiu um pouco na minha cara. ops."
# --- picnic: Ryan_ham_dialog | if $food_number ---
cb2d2f80636d8a49,L10 Ryan,Ryan_ham_dialog,1,Kobold,"RYAN, O OSSO!"
523a9690a00a7803,L10 Ryan,Ryan_ham_dialog,2,Kobold,Você comeu aquilo inteiro mesmo... Uau.
618839c9ee1f8a65,L10 Ryan,Ryan_ham_dialog,3,Ryan,Mmph- Hm?
5b917e0078e6beb0,L10 Ryan,Ryan_ham_dialog,4,Ryan,"Ah, essa é a minha parte favorita!"
7a41a3b5d6e1acf7,L10 Ryan,Ryan_ham_dialog,5,Kobold,Como é que você digere isso?
846f850b875979d4,L10 Ryan,Ryan_ham_dialog,6,Kobold,<size=60%> isso é sexy.
f7d4b26ff67eee38,L10 Ryan,Ryan_ham_dialog,7,Ryan,Eu sou um dragão.
b86257f47d85426e,L10 Ryan,Ryan_ham_dialog,8,Ryan,Tenho certeza que consigo digerir qualquer coisa.
a165524a35a75706,L10 Ryan,Ryan_ham_dialog,9,Ryan,É? Bom saber...
db22d9512845d515,L10 Ryan,Ryan_ham_dialog,10,Ryan,É o melhor jeito de curtir a comida.
a5af381d1ec66e2a,L10 Ryan,Ryan_ham_dialog,11,Ryan,É interessante; vocês bípedes costumam saborear a refeição.
180983e0a4f4e327,L10 Ryan,Ryan_ham_dialog,12,Ryan,Mas nada supera uma golada grande!
# --- picnic: Ryan_melon_dialog | if $food_number ---
e1d0d09daa3129d9,L10 Ryan,Ryan_melon_dialog,1,Ryan,Aquele foi quase grande demais-
8725851a4492f86f,L10 Ryan,Ryan_melon_dialog,2,Kobold,Você nem abriu a melancia.
991947f3461b26a7,L10 Ryan,Ryan_melon_dialog,3,Kobold,Qual era o gosto?
7d20121dc2fa0757,L10 Ryan,Ryan_melon_dialog,4,Ryan,Éééé.
41f87d2c55073e29,L10 Ryan,Ryan_melon_dialog,5,Ryan,Ops.
4fafd5a0c9f29d5f,L10 Ryan,Ryan_melon_dialog,6,Ryan,Mas ainda foi bom! Gosto de sentir descendo.
dc8488830f9d7192,L10 Ryan,Ryan_melon_dialog,7,Ryan,"Esqueci de morder, então... Nenhum?"
7dedd07a7558afa9,L10 Ryan,Ryan_melon_dialog,8,Ryan,Mas foi bom sentir descendo!
8b4a775ae776722a,L10 Ryan,Ryan_melon_dialog,9,Kobold,<size=70%> uau.
ef03f59f06da8fa4,L10 Ryan,Ryan_melon_dialog,10,Kobold,É uma loucura o quanto o seu pescoço aguenta.
4fc09f2d61d5cc43,L10 Ryan,Ryan_melon_dialog,11,Ryan,Kobolds sempre parecem encantados de me ver comer.
032ea150ccdf88be,L10 Ryan,Ryan_melon_dialog,12,Ryan,É fofo!
aad3715a2f685dc3,L10 Ryan,Ryan_melon_dialog,13,Ryan,Ele é feito pra comer as coisas inteiras.
b0a73a78b7d9045b,L10 Ryan,Ryan_melon_dialog,14,Kobold,<size=70%><i>É?
30ff5a696a0def56,L10 Ryan,Ryan_melon_dialog,16,Ryan,Aham!
901c77872c53d308,L10 Ryan,Ryan_melon_dialog,18,Ryan,É! é útil.
# --- jerkoff: Ryan_4_JerkOff_Start ---
2d434662c42f6a6c,L10 Ryan,Ryan_4_JerkOff_Start,1,Ryan,Tem certeza...? Na frente da comida?
031703a96ac0df8c,L10 Ryan,Ryan_4_JerkOff_Start,2,Ryan,Heh... tá bom.
# --- cum: Ryan_4_Cum ---
3b1c48772bd5889e,L10 Ryan,Ryan_4_Cum,1,Ryan,Huff... Foi gostoso... Mas fez uma bagunça.
# --- mount_start: Ryan_4_Mount_Start ---
2f31dcbcaa980550,L10 Ryan,Ryan_4_Mount_Start,1,Ryan,Uou... Você quer que eu use aquilo? Mesmo com a comida? Tá bom!
# --- mount_finish: Ryan_4_Mount_Finish ---
833d21b8cd952764,L10 Ryan,Ryan_4_Mount_Finish,1,Ryan,Fez uma bagunça... Mas valeu a pena.

# ===== Level 11: Conrad (Sunny) =====
# --- intro: Conrad_Intro_4 ---
a67959dc39353129,L11 Conrad,Conrad_Intro_4,1,Conrad/Ryan/Alexander,Algo deu errado com as flags!
c1a949184675fa92,L11 Conrad,Conrad_Intro_4,2,Conrad/Ryan/Alexander,"Ajude os desenvolvedores, por favor.."
60f8f02dd7a80d00,L11 Conrad,Conrad_Intro_4,3,Kobold,conrad ficou com ryan
6e98155abad655c3,L11 Conrad,Conrad_Intro_4,4,Kobold,jogador ficou com conrad
9cf9d4fc71363f68,L11 Conrad,Conrad_Intro_4,5,Kobold,jogador ficou com ryan
67beed0c39e205b4,L11 Conrad,Conrad_Intro_4,6,Kobold,"Oi, Conrad!"
d22e2236304b2ef0,L11 Conrad,Conrad_Intro_4,7,Kobold,O que te deixou tão feliz assim?
6183e901a5a22ddc,L11 Conrad,Conrad_Intro_4,8,Kobold,"Oi, conrad!"
3c0eb60cca3b1422,L11 Conrad,Conrad_Intro_4,9,Conrad,"E aí, kobold grande."
ad13467d89f77645,L11 Conrad,Conrad_Intro_4,10,Conrad,"Você fez o seu, hã..."
25aab860a8266c4c,L11 Conrad,Conrad_Intro_4,11,Conrad,Escamas diferentes hoje? <size=70%><i>isso existe...? </i><size=100%>Você tá bonito hoje.
42e1b9a73c953f33,L11 Conrad,Conrad_Intro_4,12,Kobold,Valeu! O que é toda essa... Meleca?
be118711068118d5,L11 Conrad,Conrad_Intro_4,13,Kobold,"Hah. Conrad, você também tá bonito."
a4008861bf24c47d,L11 Conrad,Conrad_Intro_4,14,Kobold,Isso não existe... Mas obrigado!
a951e05bf8506af1,L11 Conrad,Conrad_Intro_4,15,Conrad,Frutinhas.
765af85f1bd7eafe,L11 Conrad,Conrad_Intro_4,17,Conrad,"Enfim,"
199e91c738a75b4c,L11 Conrad,Conrad_Intro_4,18,Conrad,Pode crer que tô!
926069483fd35835,L11 Conrad,Conrad_Intro_4,19,Conrad,Haha... É. Não tô muito acostumado a elogiar.
8c9dc9229a7630ce,L11 Conrad,Conrad_Intro_4,20,Conrad,Só preciso de um banho rápido... Talvez o cavalete também seria bom.
3ee865676f6e4c99,L11 Conrad,Conrad_Intro_4,21,Kobold/Ryan,"Ah, é?"
5fae46a5c8669c29,L11 Conrad,Conrad_Intro_4,22,Kobold,Claro! Vou abrir o portão.
daa08f627cbbfb9e,L11 Conrad,Conrad_Intro_4,23,Conrad,É- Mas só se você quiser!
20ee725c28fb397e,L11 Conrad,Conrad_Intro_4,24,Conrad,Tô tentando não ser insistente.
374fe9cc22a15007,L11 Conrad,Conrad_Intro_4,25,Kobold,"Ah, vou abrir o portão pra você."
ae53715099e0d53d,L11 Conrad,Conrad_Intro_4,28,Conrad,O Ryan! Eu conheci ele.
caefb85b87a51126,L11 Conrad,Conrad_Intro_4,29,Kobold,Legal! O que é toda essa... Meleca?
0452c0f1847f4a72,L11 Conrad,Conrad_Intro_4,30,Kobold,Como foi?
940b2bb279fbfd8a,L11 Conrad,Conrad_Intro_4,33,Conrad,Obrigado por colocar eu e o Ryan em contato.
6c42e3202026a3e8,L11 Conrad,Conrad_Intro_4,34,Conrad,"Muito bem, sinceramente."
91b34251e9ff7711,L11 Conrad,Conrad_Intro_4,35,Conrad,Nunca pensei que alguém como ele fosse o meu tipo...
abc0fe0ceed24339,L11 Conrad,Conrad_Intro_4,36,Kobold,Você vai ter que me contar tudo.
ab20df82132f07cc,L11 Conrad,Conrad_Intro_4,37,Conrad,"Vou contar. Só preciso de um banho rápido, e não me importaria de usar o cavalete hoje."
17c5f180de5a8348,L11 Conrad,Conrad_Intro_4,38,Conrad,"Tenho que <i>treinar</i> pro Ryan, se é que você me entende."
9912569ea696f8ed,L11 Conrad,Conrad_Intro_4,39,Kobold,Conrad!
106f99c061d35f26,L11 Conrad,Conrad_Intro_4,40,Kobold,Tá- tá. Vou abrir o portão.
f71200a57e2d1d7a,L11 Conrad,Conrad_Intro_4,41,Conrad,Que fooooi? É bom garantir que tá aquecido!
65bee50d904e101d,L11 Conrad,Conrad_Intro_4,43,Conrad,Ei ei. Que bom que tá aberto.
4d5dda82efc31458,L11 Conrad,Conrad_Intro_4,44,Conrad,Tô querendo uma lavada. E não me importaria de usar o cavalete também.
0ecdd0ec4c0cf66c,L11 Conrad,Conrad_Intro_4,45,Kobold,"Oooh, beleza."
3252727dec6314c5,L11 Conrad,Conrad_Intro_4,47,Kobold,O que é toda essa... Meleca?
91bc8d1d6dc8cdb7,L11 Conrad,Conrad_Intro_4,48,Conrad,Heh. É.
1aced2f074444bdc,L11 Conrad,Conrad_Intro_4,54,Kobold,"Ah. Tá, vou abrir o portão."
# --- progress: Conrad_required_4 ---
a5965f548b64e3cf,L11 Conrad,Conrad_required_4,1,Conrad,"Ei, tenho uma pergunta pra você."
9ad0664c4ac1572a,L11 Conrad,Conrad_required_4,2,Kobold,"Ah, é?"
d448809fdbbeaf11,L11 Conrad,Conrad_required_4,4,Kobold,"Ah, éééé?"
51dbc8c7be16145b,L11 Conrad,Conrad_required_4,5,Kobold,"O que foi, grandão?"
# --- progress: Conrad_4_Ryan_Conrad_Romanced | if $ryan_conrad_romanced $conrad_romanced $ryan_romanced ---
e6071cb4e7c448c8,L11 Conrad,Conrad_4_Ryan_Conrad_Romanced,1,Conrad,"Com o Ryan, tenho quase certeza que a gente vai sair num encontro hoje à noite."
9ee7e6a6ebccf907,L11 Conrad,Conrad_4_Ryan_Conrad_Romanced,2,Conrad,Você tem algum conselho?
f7af2bd25c827e3d,L11 Conrad,Conrad_4_Ryan_Conrad_Romanced,3,Kobold,Seja você mesmo!
a58248b820567c49,L11 Conrad,Conrad_4_Ryan_Conrad_Romanced,4,Kobold,Garanta que você esteja bem limpinho. <size=70%><i>hehe.
528e2755301df89e,L11 Conrad,Conrad_4_Ryan_Conrad_Romanced,5,Conrad,Tô fazendo o meu melhor.
71cfcccd17dc37fc,L11 Conrad,Conrad_4_Ryan_Conrad_Romanced,6,Conrad,"Mas até agora tudo bem, né?"
93a2ca86985333fe,L11 Conrad,Conrad_4_Ryan_Conrad_Romanced,7,Kobold,Acho que sim!
55842427ae2db4e3,L11 Conrad,Conrad_4_Ryan_Conrad_Romanced,8,Kobold,"Se alguém como o Ryan tá interessado, você tá indo muito bem."
162762064c5d0461,L11 Conrad,Conrad_4_Ryan_Conrad_Romanced,10,Conrad,Hah. Se ao menos tivesse um kobold que pudesse me limpar.
4ae6d6619b0245f7,L11 Conrad,Conrad_4_Ryan_Conrad_Romanced,11,Kobold,Se ao menos.
6267e98361c404ca,L11 Conrad,Conrad_4_Ryan_Conrad_Romanced,12,Kobold,Vou garantir que você fique <i>impecável.</i>
7c0c5a4da3de6046,L11 Conrad,Conrad_4_Ryan_Conrad_Romanced,13,Conrad,"Brincadeiras à parte, o seu banho é com certeza o melhor."
207d91f2342e8d0c,L11 Conrad,Conrad_4_Ryan_Conrad_Romanced,14,Conrad,Valeu. Quem tá bonito se sente bem!
# --- progress: Conrad_4_Conrad_Romanced | if $ryan_conrad_romanced $conrad_romanced $ryan_romanced ---
a8ee5e15400fc208,L11 Conrad,Conrad_4_Conrad_Romanced,1,Conrad,Então... Um encontro. Acho que gostaria de ir num em breve!
f2f6817fb49621c2,L11 Conrad,Conrad_4_Conrad_Romanced,3,Kobold,Eu adoraria!
82ddb728ff9d18a9,L11 Conrad,Conrad_4_Conrad_Romanced,4,Conrad,Eu tava pensando. A gente podia sair na semana que vem?
fc253d9eb67cd473,L11 Conrad,Conrad_4_Conrad_Romanced,5,Kobold,Parece bom.
9a03666243082379,L11 Conrad,Conrad_4_Conrad_Romanced,6,Kobold,Eu não me importaria!
67f68a72462bca9b,L11 Conrad,Conrad_4_Conrad_Romanced,7,Conrad/Ryan,Massa!
45ec6449f36fb5b9,L11 Conrad,Conrad_4_Conrad_Romanced,8,Conrad,Da próxima vez que eu vier pra um banho a gente vai.
ee6194b2fabfafdc,L11 Conrad,Conrad_4_Conrad_Romanced,9,Kobold,Eu ia gostar disso!
38c7fbb586ed7788,L11 Conrad,Conrad_4_Conrad_Romanced,10,Kobold,Combinado.
de408e85752b4a9e,L11 Conrad,Conrad_4_Conrad_Romanced,11,Conrad/Kobold/Alexander,Tô animado.
# --- progress: Conrad_Ryan_Romanced | if $ryan_conrad_romanced $conrad_romanced $ryan_romanced ---
8dc7f14f91542fe7,L11 Conrad,Conrad_Ryan_Romanced,1,Conrad,"Então você e o Ryan, hein?"
498cb71ee3e20098,L11 Conrad,Conrad_Ryan_Romanced,2,Kobold,"Ah, sim!"
37d827f8025ee687,L11 Conrad,Conrad_Ryan_Romanced,3,Kobold,Ele é gostoso.
64db0ca49ca9563d,L11 Conrad,Conrad_Ryan_Romanced,4,Kobold,Ele é o dragão dos meus sonhos.
bdfc096fee84c4fb,L11 Conrad,Conrad_Ryan_Romanced,5,Conrad,Fico feliz por você!
cb24c38318e64595,L11 Conrad,Conrad_Ryan_Romanced,6,Conrad,Parece que sim.
0e5b54a94da4725b,L11 Conrad,Conrad_Ryan_Romanced,8,Kobold,E você? Alguém interessante?
5f9173229e51d947,L11 Conrad,Conrad_Ryan_Romanced,9,Kobold,"É, eu também tô feliz."
68fa6f383249196c,L11 Conrad,Conrad_Ryan_Romanced,10,Conrad,Mais ou menos! Tenho saído mais.
e589607da4e2983d,L11 Conrad,Conrad_Ryan_Romanced,11,Conrad,Conheci um grifo. Mais ou menos do meu tamanho...
d69f5ee422fdf377,L11 Conrad,Conrad_Ryan_Romanced,12,Conrad,Acho que ele tá a fim de mim.
9aab87987aca7783,L11 Conrad,Conrad_Ryan_Romanced,13,Conrad,...<i><size=70%>Pelo menos eu tô a fim dele.
7b42e92a68e914e0,L11 Conrad,Conrad_Ryan_Romanced,14,Conrad,Que bom ouvir isso.
88b86bef7b86a770,L11 Conrad,Conrad_Ryan_Romanced,15,Conrad,"É, ele parece do tipo que mexe comigo."
# --- jerkoff: Conrad_4_JerkOff_Start ---
395b9d676b6c01c5,L11 Conrad,Conrad_4_JerkOff_Start,1,Conrad,"Ah- Agora? Beleza, tô dentro."
# --- cum: Conrad_4_Cum ---
cf5ea034da108d57,L11 Conrad,Conrad_4_Cum,1,Conrad,Nnnf... Isso foi bem melhor que aquelas frutinhas.
# --- mount_start: Conrad_4_Mount_Start ---
9c4eeb4a7cc4c1e1,L11 Conrad,Conrad_4_Mount_Start,1,Conrad,"Ei! O cavalete! Caralho, isso."
# --- mount_finish: Conrad_4_Mount_Finish ---
307f6f92f16156e7,L11 Conrad,Conrad_4_Mount_Finish,1,Conrad,Haah. Esse é o melhor lava-jato da porra.
# --- outro: Conrad_Outro_4 ---
4012236175bc195e,L11 Conrad,Conrad_Outro_4,1,Kobold,Você deve estar todo limpo!
4a93a020168bbd0d,L11 Conrad,Conrad_Outro_4,2,Kobold,Acho que é isso.
2ce654e6ba32ebb8,L11 Conrad,Conrad_Outro_4,3,Kobold,Você fica bonito assim limpo!
d6d9eff64b0d7187,L11 Conrad,Conrad_Outro_4,4,Kobold,<i>Eu gosto de te molhar com água.
feda452e0c677f41,L11 Conrad,Conrad_Outro_4,5,Kobold,Beleza! Deve ser isso.
e2956ac74f8acb8e,L11 Conrad,Conrad_Outro_4,6,Kobold,Acho que foi cada cantinho.
# --- outro: Conrad_Outro_4_Ryan_Conrad_Romanced | if $ryan_conrad_romanced $conrad_romanced $ryan_romanced ---
0fa2abeece5fd3de,L11 Conrad,Conrad_Outro_4_Ryan_Conrad_Romanced,1,Conrad,Sim! Me sinto limpo.
1b5f2f27de868c08,L11 Conrad,Conrad_Outro_4_Ryan_Conrad_Romanced,2,Conrad,"Ei, hã, você acha que eu e o Ryan vamos dar certo <i>de verdade</i>?"
ebc110388e3748fa,L11 Conrad,Conrad_Outro_4_Ryan_Conrad_Romanced,3,Kobold/Alexander,Claro!
5bc10e8175dc9422,L11 Conrad,Conrad_Outro_4_Ryan_Conrad_Romanced,4,Kobold,Espero que sim.
3da3a77980cb9eb9,L11 Conrad,Conrad_Outro_4_Ryan_Conrad_Romanced,5,Conrad,Espero que você tenha razão.
43e42fb816f1d2c2,L11 Conrad,Conrad_Outro_4_Ryan_Conrad_Romanced,6,Conrad,"É, eu também. Ele é muito gente boa."
603a3749013e876b,L11 Conrad,Conrad_Outro_4_Ryan_Conrad_Romanced,7,Conrad,É difícil não ficar nervoso depois de tudo...
189f4f64972cc1fe,L11 Conrad,Conrad_Outro_4_Ryan_Conrad_Romanced,8,Conrad,"Mas eu sou foda, então vou ficar bem."
40b8366766a655d6,L11 Conrad,Conrad_Outro_4_Ryan_Conrad_Romanced,9,Conrad,Tomara.
dde93c3f47e98763,L11 Conrad,Conrad_Outro_4_Ryan_Conrad_Romanced,10,Conrad,Mas o nosso primeiro encontro foi ótimo!
0a47996c4c389f39,L11 Conrad,Conrad_Outro_4_Ryan_Conrad_Romanced,11,Kobold,É? me conta!
589c19f0d1fb2d81,L11 Conrad,Conrad_Outro_4_Ryan_Conrad_Romanced,12,Kobold,Que ótimo! quando é o primeiro encontro?
56345c46f3840a46,L11 Conrad,Conrad_Outro_4_Ryan_Conrad_Romanced,13,Conrad,"Ele me ligou, a gente se encontrou. Ele é muito gente boa mesmo."
080824870e4c7a15,L11 Conrad,Conrad_Outro_4_Ryan_Conrad_Romanced,14,Conrad,"Ele disse que eu era tranquilo, a gente marcou um encontro..."
d98ca4f1aac91861,L11 Conrad,Conrad_Outro_4_Ryan_Conrad_Romanced,15,Conrad,E é por isso que eu tô aqui! Vou sair depois desse banho pra ver ele.
35b34afec858433c,L11 Conrad,Conrad_Outro_4_Ryan_Conrad_Romanced,16,Conrad,Logo depois desse banho!
d925b0f0ac6611e6,L11 Conrad,Conrad_Outro_4_Ryan_Conrad_Romanced,17,Conrad,A gente vai num restaurante de frutos do mar-
5421d19c6a9cd188,L11 Conrad,Conrad_Outro_4_Ryan_Conrad_Romanced,18,Conrad,Já tenho um lugar reservado na balada.
6ffd2844813c419e,L11 Conrad,Conrad_Outro_4_Ryan_Conrad_Romanced,19,Kobold,Então é melhor eu te deixar sair!
d547385bcae74ca2,L11 Conrad,Conrad_Outro_4_Ryan_Conrad_Romanced,20,Kobold,Tô animado por você. Vou abrir o portão!
9458fe24a9152c2b,L11 Conrad,Conrad_Outro_4_Ryan_Conrad_Romanced,21,Conrad,"Hah... É, eu tô animado."
83a4b4bd32149db8,L11 Conrad,Conrad_Outro_4_Ryan_Conrad_Romanced,22,Conrad,"Valeu, eu também tô animado."
# --- outro: Conrad_Outro_4_Conrad_Romanced | if $ryan_conrad_romanced $conrad_romanced $ryan_romanced ---
ad0500f8d2500c0f,L11 Conrad,Conrad_Outro_4_Conrad_Romanced,1,Conrad,Me sinto impecável como sempre.
297d60c9e5c25580,L11 Conrad,Conrad_Outro_4_Conrad_Romanced,2,Conrad,"Ah, e já descobri aonde ir."
f22c7f64f7e136d4,L11 Conrad,Conrad_Outro_4_Conrad_Romanced,5,Conrad,Tem uma balada no centro. A 'Wings'. É uma velha favorita minha.
5dcbc1f451fcc29d,L11 Conrad,Conrad_Outro_4_Conrad_Romanced,6,Conrad,Eu sou meio famoso por lá.
99c9d7ee0966d8d1,L11 Conrad,Conrad_Outro_4_Conrad_Romanced,7,Conrad,Eu conseguiria os <i>melhores</i> lugares pro show deles.
02f6a5560835daa6,L11 Conrad,Conrad_Outro_4_Conrad_Romanced,8,Kobold,"Hah, tá bom. Tô dentro."
7137eb7d65d8f4d8,L11 Conrad,Conrad_Outro_4_Conrad_Romanced,9,Kobold,Ooooh então deve ser importante.
60c5caff4aee58e9,L11 Conrad,Conrad_Outro_4_Conrad_Romanced,10,Conrad,"Porra, cara, eu tô tão empolgado."
d37d98f486ba54c5,L11 Conrad,Conrad_Outro_4_Conrad_Romanced,11,Conrad,Vou começar a me preparar.
bf3d9317290e56b0,L11 Conrad,Conrad_Outro_4_Conrad_Romanced,12,Conrad,Da próxima vez que eu vier já vou ter as reservas!
f11ccc8c0bd5ecbc,L11 Conrad,Conrad_Outro_4_Conrad_Romanced,13,Conrad,Pode abrir o portão?
ffcc816df16993e6,L11 Conrad,Conrad_Outro_4_Conrad_Romanced,14,Conrad,Pode crer.
c25790cd739260fd,L11 Conrad,Conrad_Outro_4_Conrad_Romanced,16,Conrad,Você é que é importante
b18d301dab41755f,L11 Conrad,Conrad_Outro_4_Conrad_Romanced,17,Conrad,"Desculpa, sou ruim de flerte. Pode abrir o portão?"
# --- outro: Conrad_Outro_4_Ryan_Romanced | if $ryan_conrad_romanced $conrad_romanced $ryan_romanced ---
6fe24a5cf11acb37,L11 Conrad,Conrad_Outro_4_Ryan_Romanced,1,Conrad,Sim! limpo como sempre.
8f0378325ead68c7,L11 Conrad,Conrad_Outro_4_Ryan_Romanced,2,Conrad,Você tem algum plano com o ryan?
a12011af4e943fb2,L11 Conrad,Conrad_Outro_4_Ryan_Romanced,3,Kobold,Ainda não sei.
c3393181a97b4208,L11 Conrad,Conrad_Outro_4_Ryan_Romanced,4,Kobold,Tô pensando num encontro em breve.
5ef95c64f52e6263,L11 Conrad,Conrad_Outro_4_Ryan_Romanced,5,Conrad,Justo. Vocês dois parecem fofos juntos.
6d8a46a5e1da81ef,L11 Conrad,Conrad_Outro_4_Ryan_Romanced,6,Conrad,Espero mesmo que tudo dê certo!
1884386d93b6fccd,L11 Conrad,Conrad_Outro_4_Ryan_Romanced,7,Conrad,Sim! Isso seria incrível.
c5cace2191af6925,L11 Conrad,Conrad_Outro_4_Ryan_Romanced,8,Conrad,Vocês dois são muito fofos juntos...
9e806b93dd0d48fe,L11 Conrad,Conrad_Outro_4_Ryan_Romanced,9,Conrad,Espero que tudo dê certo.
83a8afa550485db4,L11 Conrad,Conrad_Outro_4_Ryan_Romanced,10,Conrad,"Mas deve ser tudo, pode abrir o portão?"

# ===== Level 12: Alexander (Rainy) =====
# --- intro: Alexander_4_intro ---
0248808ddaa3479e,L12 Alexander,Alexander_4_intro,1,Alexander,Boa noite!
d3d306a15d158e29,L12 Alexander,Alexander_4_intro,2,Kobold,Oiiiii! Oiii!
68094c643e49d3c6,L12 Alexander,Alexander_4_intro,3,Kobold,"Ei, Alexander!"
e8c921ab9051f110,L12 Alexander,Alexander_4_intro,4,Alexander,"Hah, animado como sempre."
3b767556f3eeaa3b,L12 Alexander,Alexander_4_intro,5,Alexander,É maravilhoso estar de volta!
96ed1471d1f86a4d,L12 Alexander,Alexander_4_intro,6,Alexander,A chuva não deu trégua hoje!
429d93ef0fafbe8a,L12 Alexander,Alexander_4_intro,7,Alexander,O clima está agradável.
a9945cd0cd165325,L12 Alexander,Alexander_4_intro,8,Kobold,A chuva é gostosa.
7259414f82b0b97a,L12 Alexander,Alexander_4_intro,9,Kobold,Eu sempre odiei chuva.
bfad19e22f9652cc,L12 Alexander,Alexander_4_intro,10,Alexander,"Concordo, embora eu ainda gostasse de entrar assim que for conveniente."
91a5c27ef059ab24,L12 Alexander,Alexander_4_intro,12,Alexander,Suponho que entendo não gostar da sujeira que ela pode causar.
882df59f0a75b295,L12 Alexander,Alexander_4_intro,13,Alexander,Mas é por isso que estou aqui!
990e43e4f2687cdf,L12 Alexander,Alexander_4_intro,14,Kobold,Beleza! Vou abrir o portão pro senhor.
846b613e707ce00d,L12 Alexander,Alexander_4_intro,15,Kobold,Yip! <size=70%>(Portão)
1ceb64d9cf6889fd,L12 Alexander,Alexander_4_intro,17,Alexander,"Mmm, entendo que isso significa que vai abrir o portão?"
56deaef9d6b92a31,L12 Alexander,Alexander_4_intro,18,Kobold,Yip! <size=70%>(Sim)
fd0d3e3077aaf4ce,L12 Alexander,Alexander_4_intro,19,Alexander,Não tenho certeza de por que de repente entendo seus 'Yips'
7a919cef111fe275,L12 Alexander,Alexander_4_intro,20,Kobold,Yip! <size=70%>(É porque a parte adormecida da sua mente dracônica está lembrando da profunda ponte linguística entre a sua espécie e a minha. Que carrega dentro de si o significado profundo e a intenção dos 'Yips' dos kobolds. Essa sua compreensão repentina vem simplesmente da nossa conexão crescendo com o tempo e ativando essa parte da sua mente.)
6d8c462224bca1b5,L12 Alexander,Alexander_4_intro,21,Kobold,Yip! <size=70%>(sei lá)
8e7ead434fce5609,L12 Alexander,Alexander_4_intro,24,Alexander,Poderia abrir o portão...?
19be549c91d82ff3,L12 Alexander,Alexander_4_intro,25,Alexander,Justo. Estarei esperando!
# --- progress: Alexander_4_required ---
c19ca0647cc1a583,L12 Alexander,Alexander_4_required,1,Alexander,Estive pensando...
6d9630067757f781,L12 Alexander,Alexander_4_required,2,Alexander,Não pude deixar de notar o... dispositivo ali.
7bd6925025a24288,L12 Alexander,Alexander_4_required,3,Alexander,"É um cavalete, não?"
54b9fbcd575cd0a7,L12 Alexander,Alexander_4_required,4,Kobold,É sim!
1f5aad5cbae1a020,L12 Alexander,Alexander_4_required,5,Kobold,O senhor quer usar?
36a85b3430aa6639,L12 Alexander,Alexander_4_required,6,Alexander,Estou... me perguntando...
d2b8ae469c604bfb,L12 Alexander,Alexander_4_required,7,Alexander,"Se eu poderia, hum..."
577e4edfcd4fa53d,L12 Alexander,Alexander_4_required,8,Alexander,"Talvez, tipo..."
4caa8162834de434,L12 Alexander,Alexander_4_required,9,Alexander,Só possivelmente...
d89de41838a75fa0,L12 Alexander,Alexander_4_required,10,Kobold,"Se o senhor quiser usar, tudo bem!"
68ad27123e1df879,L12 Alexander,Alexander_4_required,11,Kobold,"Não precisa ficar nervoso, Alexander!"
6dece6f0ec399d4e,L12 Alexander,Alexander_4_required,12,Alexander,Acho que gostaria?
08ab3092d83ed1d3,L12 Alexander,Alexander_4_required,13,Alexander,Eu sei. Eu sei.
81a4fcd2541ac990,L12 Alexander,Alexander_4_required,14,Alexander,Acho que gostaria de usá-lo?
67c0f2a71f4ff613,L12 Alexander,Alexander_4_required,16,Alexander,Ah... hum...
4640c27322f55d8c,L12 Alexander,Alexander_4_required,17,Alexander,Possivelmente...?
9739b879143b91cf,L12 Alexander,Alexander_4_required,18,Alexander,Só se não for problema-
e2dce2bed173fba0,L12 Alexander,Alexander_4_required,20,Kobold,"Claro que não é. Graças ao Conrad, que me fez comprar."
f12929f0cef567d7,L12 Alexander,Alexander_4_required,21,Alexander,"Está bem, está bem... Então acho que gostaria de usá-lo?"
76ea754cd53f21dc,L12 Alexander,Alexander_4_required,22,Alexander,Conrad...?
18b51cf572e4b49a,L12 Alexander,Alexander_4_required,25,Kobold,Por mim tudo bem!
334a54e73cf69dc1,L12 Alexander,Alexander_4_required,26,Kobold,Pego ele pro senhor com prazer.
7bd62126f382f565,L12 Alexander,Alexander_4_required,27,Alexander,Mhm... Obrigado.
d2c15503eb28631b,L12 Alexander,Alexander_4_required,28,Alexander,Certo- Obrigado.
# --- jerkoff: Alexander_4_JerkOff_Start ---
47122b215cc11a2b,L12 Alexander,Alexander_4_JerkOff_Start,1,Alexander,Oh... Suponho que isto seja aceitável~
# --- cum: Alexander_4_Cum ---
ed6a9612f44b19ea,L12 Alexander,Alexander_4_Cum,1,Alexander,huff... Obrigado por isso.
# --- mount_start: Alexander_4_Mount_Start ---
1db0bf44f69526fc,L12 Alexander,Alexander_4_Mount_Start,1,Alexander,O cavalete? Eu... suponho que sim!
# --- mount_finish: Alexander_4_Mount_Finish ---
76527d719ccc95a3,L12 Alexander,Alexander_4_Mount_Finish,1,Alexander,Isso foi... Mais agradável do que eu esperava.
# --- outro: Alexander_4_Outro ---
35278dc46019f9b9,L12 Alexander,Alexander_4_Outro,1,Alexander,Sinto-me muito melhor.
5547ec33b10091a2,L12 Alexander,Alexander_4_Outro,2,Alexander,Eu... Sei que isto vem sem aviso.
3ce3dec2bd740757,L12 Alexander,Alexander_4_Outro,3,Alexander,Mas acho que o senhor me ensinou algo.
5eca8560307cac86,L12 Alexander,Alexander_4_Outro,5,Kobold,Mas o senhor é que é o dragão professor.
419ecbf32abefda1,L12 Alexander,Alexander_4_Outro,6,Alexander,"Professor, mas sim. O senhor ensinou."
0b1b8529d2c3c5fc,L12 Alexander,Alexander_4_Outro,7,Alexander,Acho que gosto de ser cuidado?
4df2487e01509478,L12 Alexander,Alexander_4_Outro,8,Kobold,A maioria das pessoas gosta!
c9f8ba59379bb60a,L12 Alexander,Alexander_4_Outro,9,Kobold,Eu gosto de cuidar do senhor.
93786b06bef36348,L12 Alexander,Alexander_4_Outro,10,Alexander,"Bem, sim. Quero dizer de forma mais... Primitiva?"
b868cb066c4b572d,L12 Alexander,Alexander_4_Outro,11,Alexander,"É bom ouvir isso... Mas, quero dizer ser cuidado de forma mais... Primitiva?"
565a3630f0cfbcc5,L12 Alexander,Alexander_4_Outro,12,Alexander,Gosto quando o senhor me diz o que fazer com um toque da mão.
1161a29c118dbaa6,L12 Alexander,Alexander_4_Outro,13,Alexander,Gosto de como o senhor é seguro de si. Mesmo que só tenha a ver com lavar.
32c31015075eeede,L12 Alexander,Alexander_4_Outro,14,Alexander,"É agradável abrir mão do controle, mesmo que por um momento."
1651e2418c22d0c0,L12 Alexander,Alexander_4_Outro,15,Kobold,<size=70%> Um dragão grande me dando o controle. Uau.
bd051341e68cc04e,L12 Alexander,Alexander_4_Outro,16,Kobold,Fico feliz de dar ao senhor um lugar onde possa relaxar.
2e1f723e42b149be,L12 Alexander,Alexander_4_Outro,17,Alexander,"É bastante inédito, não é?"
8212cbdd05d21f37,L12 Alexander,Alexander_4_Outro,18,Alexander,"Voltarei em breve, sim? Obrigado pela lavagem."
b5f8ec9a6918d554,L12 Alexander,Alexander_4_Outro,19,Alexander,"É libertador. Voltarei, sim?"

# ===== Level 13: Ryan (Sunny) =====
# --- intro: Ryan_5_intro ---
dcd95465ccb79997,L13 Ryan,Ryan_5_intro,6,Kobold,"E aí, grandão."
a4c1cb0899f204fc,L13 Ryan,Ryan_5_intro,8,Ryan,E aí... pequenininho!
df50afc7f5e2d994,L13 Ryan,Ryan_5_intro,9,Kobold,Eu não sou <i>tão</i> pequeno-
8061d3d1aed7c531,L13 Ryan,Ryan_5_intro,10,Kobold,"Então, veio pra um banho?"
1107598aa9bc6c75,L13 Ryan,Ryan_5_intro,11,Ryan,"Ah, desculpa-"
061629ac669e11f8,L13 Ryan,Ryan_5_intro,12,Ryan,Só tava tentando entrar na brincadeira. Feliz de te ver!
cdc7ebc001250566,L13 Ryan,Ryan_5_intro,13,Ryan,Sim!
f8c3932b65e6bbb0,L13 Ryan,Ryan_5_intro,14,Ryan,"Oi, kobold!"
4a5d3b88460afb6b,L13 Ryan,Ryan_5_intro,15,Ryan,Decidi tentar fazer bolo.
b483e9c7e323807a,L13 Ryan,Ryan_5_intro,16,Ryan,Tenho tido muito tempo livre ultimamente.
afd9ef6045a7191c,L13 Ryan,Ryan_5_intro,17,Ryan,Descobri que fazer bolo suja tudo!
808f38835d1deb53,L13 Ryan,Ryan_5_intro,18,Ryan,Eu bem que preciso de um banho.
# --- intro: Ryan_5_intro_ryan_romanced | if $ryan_conrad_romanced $conrad_romanced $ryan_romanced ---
efa367904267d1f9,L13 Ryan,Ryan_5_intro_ryan_romanced,1,Ryan,...Um banho pro nosso encontro hoje à noite.
d510da8dc09c7bd7,L13 Ryan,Ryan_5_intro_ryan_romanced,2,Kobold,AH. É MESMO.
cb4f55dc25088cef,L13 Ryan,Ryan_5_intro_ryan_romanced,3,Kobold,Tô muito animado.
63b5ec8a662e7e8f,L13 Ryan,Ryan_5_intro_ryan_romanced,4,Ryan,"Que bom que eu tô aqui pra te lembrar, então."
60004e58bb12dd3c,L13 Ryan,Ryan_5_intro_ryan_romanced,6,Ryan,Vou esperar o portão!
# --- intro: Ryan_5_intro ---
3ff66f86649ed3f4,L13 Ryan,Ryan_5_intro,19,Kobold,"E aí, Ryan!"
bab3e0bf3bfcf52e,L13 Ryan,Ryan_5_intro,20,Ryan,Oi! Vim pra um banho.
747b7932ed2e84f2,L13 Ryan,Ryan_5_intro,24,Kobold,"Massa, vou abrir o portão."
1fa67d86839c19a3,L13 Ryan,Ryan_5_intro,25,Kobold,Claro! Tô animado pra te contar sobre o Conrad.
4c5ca3860699fcd3,L13 Ryan,Ryan_5_intro,28,Kobold,Sim! Vou sair num encontro com ele em breve.
29301eae6840e128,L13 Ryan,Ryan_5_intro,29,Kobold,"Mmmmhm, tenho que me preparar pra um encontro com ele."
154dbd6d6bdc9f0e,L13 Ryan,Ryan_5_intro,30,Ryan,Que empolgante!
e1867b98d8ce23bd,L13 Ryan,Ryan_5_intro,31,Ryan,Você vai ter que me contar mais lá dentro.
10dc92e80220fe9b,L13 Ryan,Ryan_5_intro,33,Kobold,"Eeeeei, Ryan."
b57c370a0fcc7045,L13 Ryan,Ryan_5_intro,34,Ryan,Oi!
cd80a4a851309647,L13 Ryan,Ryan_5_intro,38,Kobold,Como foi o seu encontro com o Conrad?
26eed1b65d0e1370,L13 Ryan,Ryan_5_intro,39,Kobold,ME CONTA SOBRE VOCÊ E O CONRAD!
b433dad7fc4cdb18,L13 Ryan,Ryan_5_intro,40,Ryan,Foi ótimo!
cd235c4d7d27fbdb,L13 Ryan,Ryan_5_intro,41,Ryan,Ah- Que ansioso!
7b1f5d058f2045c5,L13 Ryan,Ryan_5_intro,43,Ryan,A gente saiu pra comer. Teve uma conversa boa.
4932dbc11ab131d4,L13 Ryan,Ryan_5_intro,44,Ryan,Uma coisa levou à outra...
1a86226c86c7138f,L13 Ryan,Ryan_5_intro,45,Ryan,Fomos pro bar... As coisas esquentaram. Dá pra imaginar o que aconteceu depois... <size=70%>Hah...
# --- progress: Ryan_5_Required_ryan_romanced | if $ryan_romanced ---
e61676df3c022293,L13 Ryan,Ryan_5_Required_ryan_romanced,1,Ryan,Então. Nosso encontro hoje à noite...
c022fa54258553ea,L13 Ryan,Ryan_5_Required_ryan_romanced,2,Ryan,Aonde você gostaria de ir?
6c0884e4717c5d5b,L13 Ryan,Ryan_5_Required_ryan_romanced,3,Kobold,Você decide!
bbedb233b6bbe2ea,L13 Ryan,Ryan_5_Required_ryan_romanced,4,Kobold,Eu gostaria de sair pra comer.
fb57b97d646f43c9,L13 Ryan,Ryan_5_Required_ryan_romanced,5,Kobold,Você conhece algum bar bom?
d2c0f4718541c240,L13 Ryan,Ryan_5_Required_ryan_romanced,6,Kobold,Que tal um cinema?
98ef145fb642c5b6,L13 Ryan,Ryan_5_Required_ryan_romanced,7,Ryan,Talvez a gente pudesse só... Caminhar?
4bad2b5ecfe22c4a,L13 Ryan,Ryan_5_Required_ryan_romanced,8,Ryan,Eu gosto muito de deixar as pessoas andarem nas minhas costas.
6e8c399ff118f405,L13 Ryan,Ryan_5_Required_ryan_romanced,9,Ryan,Isso te interessaria?
7da2aa0d4ef74597,L13 Ryan,Ryan_5_Required_ryan_romanced,10,Kobold,Parece adorável!
db39ae73af1cfae5,L13 Ryan,Ryan_5_Required_ryan_romanced,11,Kobold,Isso não seria humilhante?
3185b026252747c6,L13 Ryan,Ryan_5_Required_ryan_romanced,13,Ryan,Eu sempre adorei dar carona pros meus amigos bípedes...
d2994ff918a23d86,L13 Ryan,Ryan_5_Required_ryan_romanced,14,Ryan,"Então tá marcado, tô animado."
3fdcf71c3e2f7ea0,L13 Ryan,Ryan_5_Required_ryan_romanced,15,Ryan,"Ah! Não, não seria. É divertido!"
8bacddc318adc2b9,L13 Ryan,Ryan_5_Required_ryan_romanced,16,Ryan,Eu dou carona pros meus outros amigos bípedes o tempo todo.
638c1801c65c6b0c,L13 Ryan,Ryan_5_Required_ryan_romanced,17,Ryan,Tenho certeza que a gente dá um jeito! é só me encontrar no píer!
25f86d817a092ae1,L13 Ryan,Ryan_5_Required_ryan_romanced,18,Ryan,"É, isso parece bem bom."
38ae2aec596ab356,L13 Ryan,Ryan_5_Required_ryan_romanced,19,Ryan,Como você é com frutos do mar?
d7456d9e85366bc9,L13 Ryan,Ryan_5_Required_ryan_romanced,20,Kobold,Boa. Eu gosto de peixe!
925a663e1b23d966,L13 Ryan,Ryan_5_Required_ryan_romanced,21,Kobold,"Hmmm, talvez outra coisa?"
14d1fddd0115ee0d,L13 Ryan,Ryan_5_Required_ryan_romanced,22,Ryan,"Ah, massa. Eu sou muito de salmão."
6b59acab736bd349,L13 Ryan,Ryan_5_Required_ryan_romanced,23,Ryan,"Bom, eu sou um dragão- mas... Você me entendeu."
334998266afc2476,L13 Ryan,Ryan_5_Required_ryan_romanced,24,Ryan,Então tá marcado! Frutos do mar e depois a gente vê no improviso.
a02af61e18efb0f0,L13 Ryan,Ryan_5_Required_ryan_romanced,25,Ryan,Conheço um lugar decente de comida equina perto do píer.
cf73a93aa04fdd02,L13 Ryan,Ryan_5_Required_ryan_romanced,26,Ryan,É tipo uma coisa de fusão equina...
8771d66a0a1ace3e,L13 Ryan,Ryan_5_Required_ryan_romanced,27,Ryan,Eu gosto! Acho que você ia gostar também.
8cceef523eb8c739,L13 Ryan,Ryan_5_Required_ryan_romanced,28,Ryan,Então tá marcado!
5a3b18942c9e3040,L13 Ryan,Ryan_5_Required_ryan_romanced,29,Ryan,"Ah, sim, tem um lugar legal no centro chamado Wings."
4d1b2eff2bb69d21,L13 Ryan,Ryan_5_Required_ryan_romanced,30,Ryan,Acho que seria um lugar decente! Eles fazem shows bons toda noite.
ebbcfde5ce6709d6,L13 Ryan,Ryan_5_Required_ryan_romanced,31,Ryan,"Podia fazer isso, e depois pegar um quarto de hotel... Hmm."
435234dd4f3b1033,L13 Ryan,Ryan_5_Required_ryan_romanced,34,Ryan,Acho que um filme podia ser divertido!
0ef6ac4a015fbebd,L13 Ryan,Ryan_5_Required_ryan_romanced,35,Ryan,Que tipo de filme você tá pensando?
b64ebbe5369b5bbf,L13 Ryan,Ryan_5_Required_ryan_romanced,37,Kobold,Yip-Man - O Yip Final
45afe74b37ed6bb0,L13 Ryan,Ryan_5_Required_ryan_romanced,38,Kobold,Dragões da Galáxia 2
a881cd2440d13252,L13 Ryan,Ryan_5_Required_ryan_romanced,39,Ryan,"Ah, ouvi coisas boas sobre esse."
00712e7d97f1872a,L13 Ryan,Ryan_5_Required_ryan_romanced,41,Ryan,Os filmes do Yip-Man são bem bregas...
037e3c0c446d2b14,L13 Ryan,Ryan_5_Required_ryan_romanced,42,Ryan,Mas tenho certeza que eu ia curtir com você!
b1ac5509459ca2a4,L13 Ryan,Ryan_5_Required_ryan_romanced,43,Ryan,"Ah, sim, eu gostei do primeiro."
eb547bf48bc9637e,L13 Ryan,Ryan_5_Required_ryan_romanced,45,Ryan,Então tá marcado. Tô animado.
# --- progress: Ryan_5_Required_conrad_romanced | if $ryan_romanced $conrad_romanced ---
1f2c5ed668dc8972,L13 Ryan,Ryan_5_Required_conrad_romanced,1,Ryan,"Então, me conta mais sobre o conrad!"
522b54ddedc9ae6c,L13 Ryan,Ryan_5_Required_conrad_romanced,2,Kobold,Ele tá bem mais gentil ultimamente.
9df47f9485e2d886,L13 Ryan,Ryan_5_Required_conrad_romanced,3,Kobold,Ele é tipo... um fofão cercado de pontas afiadas.
2e0446089ab2f237,L13 Ryan,Ryan_5_Required_conrad_romanced,4,Ryan,"Ah, é? Ele parece meio cabeça quente."
eb926b4bc196ac32,L13 Ryan,Ryan_5_Required_conrad_romanced,5,Ryan,Mas eu conheço o tipo... Costumam ser uns fofões por dentro.
8ea9e02ddeed61e3,L13 Ryan,Ryan_5_Required_conrad_romanced,6,Kobold,"É, ele melhorou muito."
5085892250461c04,L13 Ryan,Ryan_5_Required_conrad_romanced,7,Kobold,Sim. Eu gosto.
53011f72775c8ca4,L13 Ryan,Ryan_5_Required_conrad_romanced,8,Ryan,Isso é muito bom de ouvir.
4fbcc070e27c4736,L13 Ryan,Ryan_5_Required_conrad_romanced,9,Ryan,Nada mais atraente que um homem que consegue melhorar!
aa8e7dea9ad61538,L13 Ryan,Ryan_5_Required_conrad_romanced,10,Ryan,Fico feliz que vocês dois estejam dando certo.
390bea406a842664,L13 Ryan,Ryan_5_Required_conrad_romanced,11,Ryan,Isso é massa. Fico feliz que vocês dois estejam dando certo.
f147cd900de98aeb,L13 Ryan,Ryan_5_Required_conrad_romanced,12,Ryan,"Ah, é, esse tipo é bem fofo."
883fec192f3d1119,L13 Ryan,Ryan_5_Required_conrad_romanced,13,Ryan,"Pelo que ouvi, parece que ele melhorou muito ultimamente, né?"
b5060af9808e8c7c,L13 Ryan,Ryan_5_Required_conrad_romanced,14,Kobold,"Aham, ele tá se esforçando."
702195668cf48039,L13 Ryan,Ryan_5_Required_conrad_romanced,15,Kobold,Acho que ele tava num ambiente ruim. Agora ele tá melhor.
1e681c01b417052f,L13 Ryan,Ryan_5_Required_conrad_romanced,16,Ryan,"É tudo que se pode pedir, né?"
9056022b2085d3b7,L13 Ryan,Ryan_5_Required_conrad_romanced,17,Ryan,Mas fico feliz que vocês dois estejam dando certo.
932d7df9b58f5376,L13 Ryan,Ryan_5_Required_conrad_romanced,18,Ryan,Isso é bom de ouvir.
# --- progress: Ryan_5_Required_ryan_conrad_romanced | if $ryan_romanced $conrad_romanced $ryan_conrad_romanced ---
e76e544c771880f3,L13 Ryan,Ryan_5_Required_ryan_conrad_romanced,1,Ryan,O Conrad falou de você durante o nosso encontro.
2e21aa0b86c092fb,L13 Ryan,Ryan_5_Required_ryan_conrad_romanced,3,Kobold,Sobre o quê?
271a662aed24f160,L13 Ryan,Ryan_5_Required_ryan_conrad_romanced,4,Ryan,Me contou da vez que ele apanhou.
1b0b214cb2df69ec,L13 Ryan,Ryan_5_Required_ryan_conrad_romanced,5,Ryan,Acho que você ajudou ele bem mais do que você imagina.
ad14c398c575824b,L13 Ryan,Ryan_5_Required_ryan_conrad_romanced,7,Kobold,Só tava fazendo o meu trabalho!
daddaa15545566ce,L13 Ryan,Ryan_5_Required_ryan_conrad_romanced,8,Ryan,"Claro, mas ele precisava de alguém que se importasse naquele momento."
f03747feadc10e71,L13 Ryan,Ryan_5_Required_ryan_conrad_romanced,9,Ryan,"Fazia... Bom, fazia muito tempo que ninguém se importava com ele, pelo que eu entendi."
2ed3613575959ca6,L13 Ryan,Ryan_5_Required_ryan_conrad_romanced,10,Ryan,Mesmo que você só estivesse fazendo o seu trabalho... Acho que ajudou muito ele.
658add118bb17ed5,L13 Ryan,Ryan_5_Required_ryan_conrad_romanced,11,Ryan,"Então, obrigado em nome dele por se importar."
8ca78aefdf9d3b44,L13 Ryan,Ryan_5_Required_ryan_conrad_romanced,12,Ryan,Eu sei que ele pode ser meio cabeça quente e esquecer de agradecer.
9176dd2bd815750c,L13 Ryan,Ryan_5_Required_ryan_conrad_romanced,13,Kobold,Ah... Valeu.
5a4dcf1ccff086af,L13 Ryan,Ryan_5_Required_ryan_conrad_romanced,14,Kobold,Fico feliz de ouvir isso.
6db8bf6280f68edb,L13 Ryan,Ryan_5_Required_ryan_conrad_romanced,15,Ryan,Ah. E mais uma coisa.
49e6d82bb7d163af,L13 Ryan,Ryan_5_Required_ryan_conrad_romanced,16,Ryan,A gente também transou depois do encontro.
e06e957ec854ab4c,L13 Ryan,Ryan_5_Required_ryan_conrad_romanced,17,Kobold,<size=70%><i>Uau...
9b2ad1c8b149bf00,L13 Ryan,Ryan_5_Required_ryan_conrad_romanced,19,Ryan,"Hah, é. O Conrad é experiente, com certeza..."
bc156217e847a8df,L13 Ryan,Ryan_5_Required_ryan_conrad_romanced,20,Ryan,Que fooooi. Não tem nada de errado! achei que você ia querer saber.
# --- jerkoff: Ryan_5_JerkOff_Start ---
9fec39c7cefbaca2,L13 Ryan,Ryan_5_JerkOff_Start,1,Ryan,"Heh... Mão boba hoje, hein?"
# --- cum: Ryan_5_Cum ---
6f8c64dde681ced5,L13 Ryan,Ryan_5_Cum,1,Ryan,Uf... Precisava disso. Obrigado.
# --- mount_start: Ryan_5_Mount_Start ---
c7f3dbd886d929a7,L13 Ryan,Ryan_5_Mount_Start,1,Ryan,O cavalete? Claro!
# --- mount_finish: Ryan_5_Mount_Finish ---
48ffbc93e2486713,L13 Ryan,Ryan_5_Mount_Finish,1,Ryan,Huff... Valeu por isso.
# --- outro: Ryan_5_Outro_ryan_romanced | if $ryan_romanced ---
6fc39ec69d974bb4,L13 Ryan,Ryan_5_Outro_ryan_romanced,1,Ryan,Acho que você pegou cada cantinho.
c9e5fbe3317edd3f,L13 Ryan,Ryan_5_Outro_ryan_romanced,2,Ryan,Você sabe o que isso significa...
f553e58b991e05cc,L13 Ryan,Ryan_5_Outro_ryan_romanced,3,Kobold,NOITE DE ENCONTRO!
0eb7accf7a8bffc3,L13 Ryan,Ryan_5_Outro_ryan_romanced,6,Ryan,Significa que eu tô pronto pra sair num encontro com um certo kobold.
e7da2124354de72f,L13 Ryan,Ryan_5_Outro_ryan_romanced,7,Ryan,"Sei que você precisa fechar a loja. Vou garantir que você receba o endereço e a gente se encontra lá, tá?"
6b7ea0261a825f1b,L13 Ryan,Ryan_5_Outro_ryan_romanced,8,Kobold,Combinado!
7809df3c2e9fa860,L13 Ryan,Ryan_5_Outro_ryan_romanced,10,Ryan,Tô muito ansioso por isso.
dc9e132cf2897c30,L13 Ryan,Ryan_5_Outro_ryan_romanced,12,Ryan,"Beleza, vai abrir o portão que eu vou indo pro lugar!"
7d5a43fcbb4e03de,L13 Ryan,Ryan_5_Outro_ryan_romanced,13,Ryan,Até logo.
# --- outro: Ryan_5_Outro_conrad_romanced | if $ryan_romanced $conrad_romanced ---
b050469dea41d597,L13 Ryan,Ryan_5_Outro_conrad_romanced,2,Ryan,Obrigado por me ajudar.
25ec1c59caa5e66c,L13 Ryan,Ryan_5_Outro_conrad_romanced,3,Kobold,Fico sempre feliz de te dar um banho!
2a67fb93196e8722,L13 Ryan,Ryan_5_Outro_conrad_romanced,5,Ryan,Ah- Não só o banho.
2140dcb75dc2d0f9,L13 Ryan,Ryan_5_Outro_conrad_romanced,6,Ryan,"Tipo, no geral."
a6d4dab5c8699946,L13 Ryan,Ryan_5_Outro_conrad_romanced,7,Ryan,O término que eu passei antes foi difícil.
1fd66775cea2eb4b,L13 Ryan,Ryan_5_Outro_conrad_romanced,8,Ryan,Isso foi uma boa fuga.
8f4dc96f133fa75c,L13 Ryan,Ryan_5_Outro_conrad_romanced,9,Ryan,E eu tô muito feliz por você e o Conrad.
8ed791569d35f02c,L13 Ryan,Ryan_5_Outro_conrad_romanced,10,Ryan,"Te vejo da próxima vez que eu vier, tá?"
d38d6a1844481871,L13 Ryan,Ryan_5_Outro_conrad_romanced,11,Kobold,"Fico sempre feliz de te ver, Ryan."
c88980c837fb6592,L13 Ryan,Ryan_5_Outro_conrad_romanced,12,Kobold,Vou abrir o portão pra você
b1e1c4e40f4aaeec,L13 Ryan,Ryan_5_Outro_conrad_romanced,13,Ryan,Eu também. Obrigado pelo banho.
# --- outro: Ryan_5_Outro_ryan_conrad_romanced | if $ryan_romanced $conrad_romanced $ryan_conrad_romanced ---
c5f14714a1e0439c,L13 Ryan,Ryan_5_Outro_ryan_conrad_romanced,8,Ryan,Isso foi uma fuga maravilhosa...
3eb55bf5de9c718b,L13 Ryan,Ryan_5_Outro_ryan_conrad_romanced,9,Ryan,Você também me apresentou o Conrad.
7aa8987bf569468c,L13 Ryan,Ryan_5_Outro_ryan_conrad_romanced,10,Ryan,Ele é ótimo.

# ===== Level 14: Conrad (Night) =====
# --- intro: Conrad_5_intro_ryan_romanced | if $ryan_conrad_romanced $conrad_romanced $ryan_romanced ---
ab4070df9f9d3980,L14 Conrad,Conrad_5_intro_ryan_romanced,1,Conrad,"<size=140%>EI, <size=100%>tô querendo um banho."
8597b1ea1423580d,L14 Conrad,Conrad_5_intro_ryan_romanced,2,Kobold,"Oi, Conrad."
3ed1272125c54574,L14 Conrad,Conrad_5_intro_ryan_romanced,3,Kobold,O que te traz aqui tão tarde?
d90de33a2137108a,L14 Conrad,Conrad_5_intro_ryan_romanced,4,Conrad,"Isso, sou eu."
2ca9d5b1cf89ccc8,L14 Conrad,Conrad_5_intro_ryan_romanced,5,Conrad,Vou pro centro hoje à noite. Precisava ficar impecável. Aliás...
f5ebf2a456433609,L14 Conrad,Conrad_5_intro_ryan_romanced,6,Conrad,"Ouvi falar de você e do grandão azul. Ryan, era?"
061d649bf4c733b7,L14 Conrad,Conrad_5_intro_ryan_romanced,7,Conrad,Aposto que você se divertiu.
4193e2b4730c89ad,L14 Conrad,Conrad_5_intro_ryan_romanced,8,Conrad,Espero que tenha ido bem.
63ecf81d4e111712,L14 Conrad,Conrad_5_intro_ryan_romanced,9,Kobold,Foi sim! Valeu por perguntar.
0c7c795d2dd5eb76,L14 Conrad,Conrad_5_intro_ryan_romanced,10,Kobold,Foi bem.
ae61bf1949b59852,L14 Conrad,Conrad_5_intro_ryan_romanced,12,Conrad,Agora!
25ba5fd876754270,L14 Conrad,Conrad_5_intro_ryan_romanced,13,Conrad,O Conrad precisa de um banho!
# --- intro: Conrad_5_intro_conrad_romanced | if $ryan_conrad_romanced $conrad_romanced $ryan_romanced ---
76777c9ea422832b,L14 Conrad,Conrad_5_intro_conrad_romanced,1,Conrad,"E aí, gato"
0b7efee62380b6cd,L14 Conrad,Conrad_5_intro_conrad_romanced,2,Conrad,Como é que eu tô?
060982be63865e2c,L14 Conrad,Conrad_5_intro_conrad_romanced,3,Kobold,Muito legal
b6fff34d007d61c9,L14 Conrad,Conrad_5_intro_conrad_romanced,4,Kobold,Ehh..
806a4d3418ed236d,L14 Conrad,Conrad_5_intro_conrad_romanced,5,Conrad,Pois é! Eu tô!
4bd075c280186208,L14 Conrad,Conrad_5_intro_conrad_romanced,6,Conrad,Mas não pra um encontro.
777560a71762cf9b,L14 Conrad,Conrad_5_intro_conrad_romanced,7,Conrad,Então vamos lavar isso pro nosso encontro hoje à noite.
364ea49c3b6c9895,L14 Conrad,Conrad_5_intro_conrad_romanced,8,Conrad,Ha!
3ef6b1f5eeda632e,L14 Conrad,Conrad_5_intro_conrad_romanced,9,Conrad,Só brincando.
ec760ba3440257aa,L14 Conrad,Conrad_5_intro_conrad_romanced,10,Conrad,"Tá, então vamos lavar isso pro nosso encontro hoje à noite."
300d848a1b6703e2,L14 Conrad,Conrad_5_intro_conrad_romanced,12,Kobold,Tenho que garantir que você fique impecável!
260d7e3607c0eca1,L14 Conrad,Conrad_5_intro_conrad_romanced,14,Conrad,Heh... Pode crer.
d875bd1d6febfd53,L14 Conrad,Conrad_5_intro_conrad_romanced,15,Conrad,Tô empolgado.
a652a464f67481de,L14 Conrad,Conrad_5_intro_conrad_romanced,16,Conrad,Já consegui lugar naquele bar que eu falei antes.
ce3783abd13119b6,L14 Conrad,Conrad_5_intro_conrad_romanced,17,Conrad,O clima de noite é foda demais.
18ed0c57d649df67,L14 Conrad,Conrad_5_intro_conrad_romanced,18,Conrad,Você vai gostar.
# --- intro: Conrad_5_intro_ryan_conrad_romanced | if $ryan_conrad_romanced $conrad_romanced $ryan_romanced ---
9ec8a28e82bf29dd,L14 Conrad,Conrad_5_intro_ryan_conrad_romanced,1,Conrad,Eeeeei.
ce0517f9b97181e5,L14 Conrad,Conrad_5_intro_ryan_conrad_romanced,2,Kobold,O que te deixou de bom humor?
9560e52eac466c54,L14 Conrad,Conrad_5_intro_ryan_conrad_romanced,4,Conrad,Meu encontro com o Ryan foi...
f1afc0e7b46c4e3f,L14 Conrad,Conrad_5_intro_ryan_conrad_romanced,5,Conrad,Bom pra caralho!
line:ab3a5d9c,L14 Conrad,Conrad_5_intro_ryan_conrad_romanced,6,Conrad,E aí.
4b512432c16ce478,L14 Conrad,Conrad_5_intro_ryan_conrad_romanced,9,Conrad,Desculpa por vir tarde. Meu sono tá zoado.
258282b3a0c1182a,L14 Conrad,Conrad_5_intro_ryan_conrad_romanced,10,Conrad,Mas só vim pra um banho.
b67855af6a6d0c66,L14 Conrad,Conrad_5_intro_ryan_conrad_romanced,11,Kobold,Você vai ter que me contar todos os detalhes do Ryan logo.
9ab1cc314a249eac,L14 Conrad,Conrad_5_intro_ryan_conrad_romanced,12,Kobold,Beleza! Vou abrir o portão.
1d28eb42dcdd879d,L14 Conrad,Conrad_5_intro_ryan_conrad_romanced,13,Conrad,Não se preocupa. Vou contar.
# --- progress: Conrad_5_required_ryan_romanced | if $ryan_romanced ---
189bf8eff795718a,L14 Conrad,Conrad_5_required_ryan_romanced,1,Conrad,"Ei, desculpa por vir tarde."
cf69f255df6f95af,L14 Conrad,Conrad_5_required_ryan_romanced,2,Kobold,Tudo bem. Eu fecho daqui a mais ou menos uma hora.
3aa0d9279bff43d9,L14 Conrad,Conrad_5_required_ryan_romanced,3,Kobold,Você pode vir quando quiser!
f135fa715daf4f0c,L14 Conrad,Conrad_5_required_ryan_romanced,4,Conrad,"Ah. Tá, deixa pra lá, então não peço desculpa."
b127befdbae1da68,L14 Conrad,Conrad_5_required_ryan_romanced,6,Conrad,Seu encontro com o Ryan.
e00a5000d0f2cd2a,L14 Conrad,Conrad_5_required_ryan_romanced,8,Conrad,Como foi o sexo.
7bd3b05552e5bd75,L14 Conrad,Conrad_5_required_ryan_romanced,10,Kobold,Ah. Hum. <size=70%>Bom.
051b72b94276cf81,L14 Conrad,Conrad_5_required_ryan_romanced,11,Conrad,"Ei, não tem nada de errado em perguntar!"
d5e5e7ee92b23759,L14 Conrad,Conrad_5_required_ryan_romanced,12,Conrad,Então parece que foi bom.
83e2bb850a49b35e,L14 Conrad,Conrad_5_required_ryan_romanced,13,Conrad,"Hah, imagino que sim."
9f69f9b215b926ee,L14 Conrad,Conrad_5_required_ryan_romanced,14,Conrad,Você sabe usar as mãos muito bem mesmo.
2c910bcdb2651bf0,L14 Conrad,Conrad_5_required_ryan_romanced,15,Conrad,Tô com inveja!
9e8a396c1742ffde,L14 Conrad,Conrad_5_required_ryan_romanced,16,Conrad,...Mas não de um jeito ruim e esquisito.
# --- progress: Conrad_5_required_conrad_romanced | if $ryan_romanced $conrad_romanced ---
63b786e95b90bc5e,L14 Conrad,Conrad_5_required_conrad_romanced,1,Conrad,Então. Hoje à noite.
6a74a80cafdccde8,L14 Conrad,Conrad_5_required_conrad_romanced,6,Conrad,E devia estar mesmo.
06318559748ee640,L14 Conrad,Conrad_5_required_conrad_romanced,7,Conrad,Você vai amar.
6c4d5b09c5034364,L14 Conrad,Conrad_5_required_conrad_romanced,8,Conrad,As luzes da região também são ótimas.
95e9b7e01259ac1e,L14 Conrad,Conrad_5_required_conrad_romanced,9,Conrad,Cria o clima na hora.
66e39f6379268a82,L14 Conrad,Conrad_5_required_conrad_romanced,10,Kobold,Guarda o seu clima pra hoje à noite!
f9ae65b8ce359331,L14 Conrad,Conrad_5_required_conrad_romanced,12,Conrad,Hah. Tá bom.
1d1baaa8db27cb04,L14 Conrad,Conrad_5_required_conrad_romanced,13,Conrad,"Ah, sim."
ff84a4b13b8be2a4,L14 Conrad,Conrad_5_required_conrad_romanced,14,Conrad,"Assim que eu tiver limpo, vou sair e preparar o nosso lugar."
# --- progress: Conrad_5_required_ryan_conrad_romanced | if $ryan_romanced $conrad_romanced $ryan_conrad_romanced ---
1598446fc49cdf80,L14 Conrad,Conrad_5_required_ryan_conrad_romanced,1,Conrad,O Ryan é um dragão tão gente boa.
e2e3e43114ab1531,L14 Conrad,Conrad_5_required_ryan_conrad_romanced,2,Kobold/Conrad,Ele é mesmo.
73f5014bc8782ad4,L14 Conrad,Conrad_5_required_ryan_conrad_romanced,4,Conrad,"É, ele é tão gentil comigo."
953a9b287930c86a,L14 Conrad,Conrad_5_required_ryan_conrad_romanced,5,Conrad,Ele é... Atencioso. Bem compreensivo também.
41d3eda9c195fe48,L14 Conrad,Conrad_5_required_ryan_conrad_romanced,6,Conrad,"Quando eu conheci ele, no começo eu tava caindo no meu roteiro antigo."
42fb7bc16778c0a5,L14 Conrad,Conrad_5_required_ryan_conrad_romanced,7,Conrad,"... Sendo meio babaca, sinceramente."
66ad79997bc62825,L14 Conrad,Conrad_5_required_ryan_conrad_romanced,8,Conrad,Ele só... Sabia o que dizer pra me tirar daquilo tudo.
7f8b591142c62352,L14 Conrad,Conrad_5_required_ryan_conrad_romanced,9,Kobold,Isso é muito legal!
98e27e864ef9bcd4,L14 Conrad,Conrad_5_required_ryan_conrad_romanced,10,Kobold,O Ryan é um amor
7d6c8c039970d352,L14 Conrad,Conrad_5_required_ryan_conrad_romanced,11,Conrad,É... Ele é ótimo mesmo.
5e25d0f2371f53e0,L14 Conrad,Conrad_5_required_ryan_conrad_romanced,13,Conrad,Valeu por me apresentar ele.
# --- jerkoff: Conrad_5_JerkOff_Start ---
c96d891724f6aacb,L14 Conrad,Conrad_5_JerkOff_Start,1,Conrad,Hah... Vai bater uma pra mim agora? De boa.
# --- cum: Conrad_5_Cum ---
51bfc34995242b1a,L14 Conrad,Conrad_5_Cum,1,Conrad,Caraaalho. Você sabe mesmo como lidar com um dragão!
# --- outro: Conrad_5_outro_ryan_romanced | if $ryan_romanced ---
311729708567a9d6,L14 Conrad,Conrad_5_outro_ryan_romanced,1,Kobold,Pronto!
84da55b8523dba73,L14 Conrad,Conrad_5_outro_ryan_romanced,2,Kobold,Você tá <i>impecável.</i>
2bde145654bd4a8f,L14 Conrad,Conrad_5_outro_ryan_romanced,3,Conrad,Parece que sim.
af144d6cb4daa5e6,L14 Conrad,Conrad_5_outro_ryan_romanced,4,Conrad,"Isso, porra."
8c873098ac0042a6,L14 Conrad,Conrad_5_outro_ryan_romanced,5,Conrad,Valeu pelo banho tão tarde da noite.
028e30f8adf6e6ad,L14 Conrad,Conrad_5_outro_ryan_romanced,6,Conrad,"Você tem que me manter atualizado sobre você e o Ryan, tá?"
a398eca1fb8d9924,L14 Conrad,Conrad_5_outro_ryan_romanced,7,Conrad,Enfim...
234fc4abfc8d8619,L14 Conrad,Conrad_5_outro_ryan_romanced,8,Conrad,Deixa o <i>grande C</i> sair desse lugar!
a53a782390260e09,L14 Conrad,Conrad_5_outro_ryan_romanced,9,Kobold,grande C...?
8e369560d1581070,L14 Conrad,Conrad_5_outro_ryan_romanced,10,Kobold,"Tá bom, Conrad."
f6b30f28e561466d,L14 Conrad,Conrad_5_outro_ryan_romanced,12,Conrad,"Éééé, não vou ficar com esse aí."
ac2b2c6605839727,L14 Conrad,Conrad_5_outro_ryan_romanced,13,Conrad,Hah... É...
fc66fcc7fd7d0e4d,L14 Conrad,Conrad_5_outro_ryan_romanced,14,Conrad,"Beleza, até mais!"
# --- outro: Conrad_5_outro_conrad_romanced | if $ryan_romanced $conrad_romanced ---
9333db61bcc08052,L14 Conrad,Conrad_5_outro_conrad_romanced,1,Conrad,Todo limpo...
8b45593ada7894a3,L14 Conrad,Conrad_5_outro_conrad_romanced,2,Conrad,Você sabe o que isso significa.
53e54ad7b23e6757,L14 Conrad,Conrad_5_outro_conrad_romanced,3,Kobold,Noite de encontro!
4f319a155b3e572c,L14 Conrad,Conrad_5_outro_conrad_romanced,4,Kobold,Vou ter que fechar a loja primeiro-
f3296c9825518630,L14 Conrad,Conrad_5_outro_conrad_romanced,6,Conrad,Vou ter que reservar o seu lugar enquanto você fecha.
c215e512d572e96c,L14 Conrad,Conrad_5_outro_conrad_romanced,7,Conrad,"Eu sei, vou reservar o seu lugar!"
22d803e60de439a9,L14 Conrad,Conrad_5_outro_conrad_romanced,8,Conrad,Beleza! Tô pronto pra ir.
092af5ec90bd21c7,L14 Conrad,Conrad_5_outro_conrad_romanced,9,Conrad,Vou estar te esperando no bar hoje à noite!
# --- outro: Conrad_5_outro_ryan_conrad_romanced | if $ryan_romanced $conrad_romanced $ryan_conrad_romanced ---
e079ff157877ea28,L14 Conrad,Conrad_5_outro_ryan_conrad_romanced,1,Conrad,Acho que você pegou cada cantinho!
6749954edebda844,L14 Conrad,Conrad_5_outro_ryan_conrad_romanced,2,Conrad,Vou sair do seu pé.
2bc72fd03dd6d9e7,L14 Conrad,Conrad_5_outro_ryan_conrad_romanced,3,Conrad,Valeu por me deixar entrar tão tarde.
f001e3ed4df7e0ee,L14 Conrad,Conrad_5_outro_ryan_conrad_romanced,4,Kobold,Sem problema!
9d4a6cd35afcc17e,L14 Conrad,Conrad_5_outro_ryan_conrad_romanced,5,Kobold,"Sempre feliz de te receber, Conrad."
5e4e2c64bc630fa1,L14 Conrad,Conrad_5_outro_ryan_conrad_romanced,6,Conrad,Mmmhm. Vou dar um jeito na minha rotina de sono...
5c58c3e6d4c7dc65,L14 Conrad,Conrad_5_outro_ryan_conrad_romanced,7,Conrad,Valeu. Eu sempre fico feliz de estar aqui.
163137d1bff25904,L14 Conrad,Conrad_5_outro_ryan_conrad_romanced,8,Conrad,Enfim. Pode abrir o portão?
94d29a68cf0c8c31,L14 Conrad,Conrad_5_outro_ryan_conrad_romanced,9,Conrad,A noite não vai começar sozinha!

# ===== Level 15: Alexander (Sunny) =====
# --- intro: Alexander_5_intro ---
bc3d56d7794e4370,L15 Alexander,Alexander_5_intro,6,Kobold,"Oi, Alexander."
1bef44aeb393caf0,L15 Alexander,Alexander_5_intro,7,Kobold,"Oi, grandão!"
2d8bd7d9bb5f85ba,L15 Alexander,Alexander_5_intro,8,Alexander,Olá.
b048841add4ee6cf,L15 Alexander,Alexander_5_intro,10,Alexander,Vim para uma lavagem.
beeee2948bf1c30a,L15 Alexander,Alexander_5_intro,11,Alexander,Espero que esteja bem!
906a59351176dc24,L15 Alexander,Alexander_5_intro,12,Kobold,Sim! Acabei de sair num encontro com o Ryan.
2a75724b922176cf,L15 Alexander,Alexander_5_intro,13,Alexander,"Ah, é? O dragão azul-celeste que tenho visto por aí?"
1f4da5e1dde7e17c,L15 Alexander,Alexander_5_intro,14,Alexander,Maravilhoso saber que está saindo com alguém!
50f1967e1e33cecf,L15 Alexander,Alexander_5_intro,15,Kobold,Sim! Acabei de sair num encontro com o Conrad.
0738da2a76bc2231,L15 Alexander,Alexander_5_intro,16,Alexander,"Ah, é? O pequeno dragão vermelho?"
896dc87e931d64eb,L15 Alexander,Alexander_5_intro,18,Kobold,Tô sim! Melhor ainda agora que o senhor tá aqui.
0786859cb08f5ef9,L15 Alexander,Alexander_5_intro,19,Kobold,Tô bem!
414ed962f4c8a03a,L15 Alexander,Alexander_5_intro,20,Alexander,Oh. Isso é... Maravilhoso!
10cdda610834ef77,L15 Alexander,Alexander_5_intro,21,Alexander,Também estou feliz por estar aqui.
346865d8c1dd9693,L15 Alexander,Alexander_5_intro,22,Alexander,Maravilhoso saber.
f9ccb379ac224d71,L15 Alexander,Alexander_5_intro,23,Alexander,"Enfim, estou precisando de uma limpeza."
4e576daaec5a2d15,L15 Alexander,Alexander_5_intro,24,Kobold,Deixa comigo!
42dbc75670fc6105,L15 Alexander,Alexander_5_intro,26,Alexander,Ansioso pela lavagem.
line:316bb26e,L15 Alexander,Alexander_5_intro,27,Alexander,Obrigado.
# --- progress: Alexander_5_romance_route | if $ryan_conrad_romanced ---
067e958be39127d9,L15 Alexander,Alexander_5_romance_route,4,Alexander,Estive pensando...
4dd6f1ad9c86a533,L15 Alexander,Alexander_5_romance_route,5,Alexander,O senhor acredita que sou atraente?
303f7b0a567bfb2b,L15 Alexander,Alexander_5_romance_route,6,Kobold,SIM.
09141003dee8665c,L15 Alexander,Alexander_5_romance_route,7,Kobold,Acho!
43c22d680a102c02,L15 Alexander,Alexander_5_romance_route,8,Kobold,Acho o senhor bonito.
4d433e9df480be59,L15 Alexander,Alexander_5_romance_route,10,Alexander,Fico feliz!
c2ec019426b864e2,L15 Alexander,Alexander_5_romance_route,11,Alexander,"Isso... me faz sentir bem mais seguro de mim, então."
2819c10656ee517a,L15 Alexander,Alexander_5_romance_route,12,Alexander,Verdade?
line:e00c6df5,L15 Alexander,Alexander_5_romance_route,14,Alexander,Obrigado.
8fa16c7b8108298a,L15 Alexander,Alexander_5_romance_route,15,Alexander,"Isso me faz sentir bem mais seguro de mim, então."
4f6ee313463724ba,L15 Alexander,Alexander_5_romance_route,16,Alexander,O que me leva à minha próxima pergunta...
96ec8add863c6173,L15 Alexander,Alexander_5_romance_route,17,Alexander,O senhor gostaria de me acompanhar na biblioteca da faculdade esta noite...?
558dbfba7857e37d,L15 Alexander,Alexander_5_romance_route,18,Alexander,Seria um... encontro. Como a maioria diria.
76eea215ea7ba450,L15 Alexander,Alexander_5_romance_route,19,Kobold,"<gradient=""gold""><b> Eu não me importaria! </b></gradient><size=70%> (Leva ao romance com Alexander!)"
500188b2a2627768,L15 Alexander,Alexander_5_romance_route,20,Kobold,"<gradient=""gold""><b> Vou estar ocupado hoje à noite. Desculpa. </b></gradient><size=70%> (Leva a nenhum romance!)"
96b6a8b07a0781d0,L15 Alexander,Alexander_5_romance_route,22,Alexander,Já faz um tempo que venho considerando perguntar isso ao senhor.
942b49a7c66fb0bf,L15 Alexander,Alexander_5_romance_route,23,Alexander,Ah. Não se preocupe.
b1cb9d9c9d3d9661,L15 Alexander,Alexander_5_romance_route,24,Alexander,Muito bem. Então não deixe que eu interrompa a lavagem!
# --- progress: Alexander_5_required ---
861a7c80ccb8a4ba,L15 Alexander,Alexander_5_required,1,Alexander,"Então, como foi o seu encontro?"
3481be04c35d76a2,L15 Alexander,Alexander_5_required,2,Kobold,Foi ótimo! O Ryan é um amor.
d26f0d306552c44a,L15 Alexander,Alexander_5_required,3,Kobold,Foi ótimo. O Conrad é selvagem. Selvagem do jeito bom.
cf755b67feb7b6d9,L15 Alexander,Alexander_5_required,4,Kobold,Foi bom. A gente transou.
6af3f2040301f8fa,L15 Alexander,Alexander_5_required,5,Alexander,Que bom. O senhor merece um homem decente.
9b8379de3d387846,L15 Alexander,Alexander_5_required,6,Alexander,Tenho certeza de que ele também o acha agradável!
add751924d595d89,L15 Alexander,Alexander_5_required,7,Kobold,"Obrigado, o senhor também é agradável!"
01cb42db52da342d,L15 Alexander,Alexander_5_required,9,Alexander,Obrigado. É gentileza sua dizer isso.
a8ab7e0a75fdc69c,L15 Alexander,Alexander_5_required,11,Alexander,"Hah, ele parece ser do tipo selvagem."
5bac15668ef9b115,L15 Alexander,Alexander_5_required,12,Alexander,Fico feliz que goste dele. Tenho certeza de que ele o acha agradável.
cb8f422bf973d563,L15 Alexander,Alexander_5_required,20,Alexander,Deve significar que vocês dois combinam bem.
# --- jerkoff: Alexander_5_JerkOff_Start ---
caa4d660ab8d004d,L15 Alexander,Alexander_5_JerkOff_Start,1,Alexander,<i> isso é agradável...</i>
# --- cum: Alexander_5_Cum ---
3eb65bb3b11e901c,L15 Alexander,Alexander_5_Cum,1,Alexander,Oh- Perdão por fazer sujeira...
# --- mount_start: Alexander_5_Mount_Start ---
6df0c2c2617b9905,L15 Alexander,Alexander_5_Mount_Start,1,Alexander,"Oh, céus. Suponho que eu poderia usar o cavalete!"
# --- mount_finish: Alexander_5_Mount_Finish ---
31ea4258e44c77e4,L15 Alexander,Alexander_5_Mount_Finish,1,Alexander,Nnf... Creio que eu precisava disso. Obrigado.
# --- outro: Alexander_5_Outro ---
026554f86388b721,L15 Alexander,Alexander_5_Outro,1,Alexander,Obrigado pela limpeza.
7f37ff79ee94bd0b,L15 Alexander,Alexander_5_Outro,2,Alexander,Esta noite- no campus. A biblioteca é o grande prédio da torre azul.
f5e9b1cef9c39e89,L15 Alexander,Alexander_5_Outro,3,Alexander,"Aproxime-se da entrada dos dragões, e eu o deixarei entrar."
line:b5d7d26f,L15 Alexander,Alexander_5_Outro,4,Alexander,Estou ansioso.
5832139d604c3ee8,L15 Alexander,Alexander_5_Outro,5,Kobold,Eu também!
6ed2300bf162b1de,L15 Alexander,Alexander_5_Outro,6,Kobold,Parece muito legal.
ada4e05c4d451f61,L15 Alexander,Alexander_5_Outro,8,Alexander,É de fato bastante legal.
6068953467a952bf,L15 Alexander,Alexander_5_Outro,9,Alexander,Vou sair do seu pé agora. Obrigado pela lavagem.
7ca9216de53b82e5,L15 Alexander,Alexander_5_Outro,10,Alexander,Até esta noite.
4f8eb9eeb14b2f7d,L15 Alexander,Alexander_5_Outro,11,Alexander,Deve ter sido cada cantinho.
991fa15e47275ce0,L15 Alexander,Alexander_5_Outro,12,Alexander,Obrigado pela limpeza!
6d1255dd43802973,L15 Alexander,Alexander_5_Outro,13,Alexander,Estou feliz por tê-lo conhecido.
5d5e0eafc7ef13d6,L15 Alexander,Alexander_5_Outro,14,Kobold,Eu também.
63b9a103362edd6c,L15 Alexander,Alexander_5_Outro,15,Kobold,"Ah, obrigado, Alexander."
6df8f8008c57cbac,L15 Alexander,Alexander_5_Outro,16,Alexander,"Enfim, vou sair do seu pé agora."
1cb7b221b7adda1c,L15 Alexander,Alexander_5_Outro,17,Alexander,Adeus!

# ===== Cutscenes (started by game code) =====
# --- Alexander_SexScene ---
266f7a45346224eb,Cutscene,Alexander_SexScene,1,Alexander,Podemos simplesmente ficar deitados aqui...
43b91c684627d3b6,Cutscene,Alexander_SexScene,2,Alexander,O senhor cuidará de tudo?
# --- Alexander_SexScene_Loop ---
7d085d9765e3c5d6,Cutscene,Alexander_SexScene_Loop,1,Alexander,Céus-
f70738ec42aa401d,Cutscene,Alexander_SexScene_Loop,2,Alexander,O senhor é muito habilidoso com as mãos
328ad033a139998d,Cutscene,Alexander_SexScene_Loop,3,Alexander,mmm..
5ec1f7e700f37c3d,Cutscene,Alexander_SexScene_Loop,4,Alexander/Conrad/Ryan,..
# --- Alexander_SexScene_Cum | if $alexander_sexscene_loops ---
08ab4c0c6ca5fe6f,Cutscene,Alexander_SexScene_Cum,1,Kobold,Assim tá bom?
069e24aa896ea4cf,Cutscene,Alexander_SexScene_Cum,2,Alexander,Bom... Seria o correto.
2c33dcef91e06624,Cutscene,Alexander_SexScene_Cum,3,Kobold,Bom.
2d731f1625c8064f,Cutscene,Alexander_SexScene_Cum,4,Alexander,Estou... Bastante perto agora
4650860eb73dd16f,Cutscene,Alexander_SexScene_Cum,5,Kobold,Aguenta mais um pouquinho pra mim?
860ede2808e2507c,Cutscene,Alexander_SexScene_Cum,6,Kobold,Pode ir!
16c36baab1491eb1,Cutscene,Alexander_SexScene_Cum,7,Alexander,M-muito bem. Vou tentar.
24537bfd61baf4a0,Cutscene,Alexander_SexScene_Cum,8,Alexander,Não creio que eu consiga me conter por mais tempo
a63eed0b6b6a78c7,Cutscene,Alexander_SexScene_Cum,9,Kobold,Ainda não. mais um pouquinho.
35f5ee08b67fc0f5,Cutscene,Alexander_SexScene_Cum,10,Kobold,Pode se soltar quando estiver pronto.
82af5427ecb85c11,Cutscene,Alexander_SexScene_Cum,11,Alexander,Sim..
847ec7301eab2bde,Cutscene,Alexander_SexScene_Cum,12,Alexander,Huff...
c958ed597f3ee7b9,Cutscene,Alexander_SexScene_Cum,13,Alexander,Gostei muito disto.
f3be3d62065c0791,Cutscene,Alexander_SexScene_Cum,14,Kobold,Fico feliz em ouvir isso.
6a629fe795ac84d7,Cutscene,Alexander_SexScene_Cum,15,Kobold,E agora?
4cc4342b97114697,Cutscene,Alexander_SexScene_Cum,16,Alexander,Sim... Mas creio que precisamos limpar o chão.
ee63118710aa5c5b,Cutscene,Alexander_SexScene_Cum,17,Alexander,Precisaremos limpar o chão...
8319d1715d2a4149,Cutscene,Alexander_SexScene_Cum,18,Alexander,<i><size=70%>ai ai.. e os livros
# --- Conrad_SexScene ---
b6d2d6ccb52c5166,Cutscene,Conrad_SexScene,1,Conrad,"Ah, caralho! Você é aventureiro mesmo!"
e5c48d779d6422b5,Cutscene,Conrad_SexScene,2,Kobold,mmph! (Sim!)
e0ecc38d8bbe3790,Cutscene,Conrad_SexScene,3,Conrad,Não fala de boca cheia
# --- Conrad_SexScene_Loop ---
d7e01674d2776085,Cutscene,Conrad_SexScene_Loop,1,Conrad,Sinceramente não sei como você tá fazendo isso.
9b277d164ba8a630,Cutscene,Conrad_SexScene_Loop,2,Conrad,Mas não tô reclamando.
73433af885509f84,Cutscene,Conrad_SexScene_Loop,3,Conrad,"Isso, porra"
# --- Conrad_SexScene_Cum | if $conrad_sexscene_loops ---
fcfcfc2c31be11e5,Cutscene,Conrad_SexScene_Cum,1,Conrad,Tá pronto pra isso?
6b426873374bb7a4,Cutscene,Conrad_SexScene_Cum,2,Kobold,Me dá um tempinho
91213ceb7548b8dc,Cutscene,Conrad_SexScene_Cum,3,Kobold,Pronto!
72e3cb39cf4a181a,Cutscene,Conrad_SexScene_Cum,4,Conrad,O Conrad aguenta o tempo que precisar
3f2d1b3f808a4ec7,Cutscene,Conrad_SexScene_Cum,5,Conrad,Posso soltar tudo quando você estiver pronto
46438371960f0974,Cutscene,Conrad_SexScene_Cum,6,Kobold,Ainda não.
d893ccbfc95475bc,Cutscene,Conrad_SexScene_Cum,7,Kobold,Manda ver!
aa1a7618e29e4482,Cutscene,Conrad_SexScene_Cum,8,Conrad,"Ei, por mim tá ótimo!"
aa116a5879e94072,Cutscene,Conrad_SexScene_Cum,9,Conrad,Tô impressionado.
45a9ad3bf69b0498,Cutscene,Conrad_SexScene_Cum,10,Conrad,Pronto pra voltar pra balada?
4db30f4a0f40d350,Cutscene,Conrad_SexScene_Cum,11,Kobold,"Por mim, beleza!"
# --- Ryan_Conrad_SexScene ---
e86ce51d1dbf8280,Cutscene,Ryan_Conrad_SexScene,1,Ryan,Ryan: Eu nunca fiz isso ao ar livre antes
848d254c8d63e6fb,Cutscene,Ryan_Conrad_SexScene,2,Conrad,Conrad: Não esquenta com isso!
3e0325398f9de675,Cutscene,Ryan_Conrad_SexScene,3,Conrad,Conrad: Eu faço isso o tempo todo
d55845869b2cd946,Cutscene,Ryan_Conrad_SexScene,4,Ryan,Ryan: Acho que é bem empolgante mesmo
# --- Ryan_Conrad_SexScene_Loop ---
59a6f968c75b792f,Cutscene,Ryan_Conrad_SexScene_Loop,1,Conrad,Conrad: Tá se divertindo?
836b8c1db049dc01,Cutscene,Ryan_Conrad_SexScene_Loop,2,Ryan,"Ryan: Sim, com certeza. Preocupado comigo?"
dd91f260275b5093,Cutscene,Ryan_Conrad_SexScene_Loop,3,Conrad,Conrad: O Conrad só curte o momento
bf095ea55cdeb898,Cutscene,Ryan_Conrad_SexScene_Loop,4,Conrad,Conrad: Na verdade.. Quer dizer..
5001d1e4b306b6d9,Cutscene,Ryan_Conrad_SexScene_Loop,5,Conrad,Conrad: Eu quero que isso dê certo
4c3de56e34727c37,Cutscene,Ryan_Conrad_SexScene_Loop,6,Ryan,Ryan: Eu diria que tá indo ótimo
06cb256bd506fa70,Cutscene,Ryan_Conrad_SexScene_Loop,7,Ryan,Ryan: Eu gosto muito disso
2e028541c13b150b,Cutscene,Ryan_Conrad_SexScene_Loop,8,Conrad,Conrad: Você é gostoso
# --- Ryan_Conrad_SexScene_Cum | if $ryan_conrad_sexscene_loops ---
5142dd3610e4cc0c,Cutscene,Ryan_Conrad_SexScene_Cum,1,Conrad,Conrad: Tô pronto pra explodir
357806c023d4c85e,Cutscene,Ryan_Conrad_SexScene_Cum,2,Kobold,Eles continuam
4e0f42eaaa70c70d,Cutscene,Ryan_Conrad_SexScene_Cum,3,Kobold,Eles gozam
d8e952b1635e3fe5,Cutscene,Ryan_Conrad_SexScene_Cum,4,Ryan,Ryan: Acho que eu tô perto também..
50504d8f1c0a5f1c,Cutscene,Ryan_Conrad_SexScene_Cum,7,Ryan,Ryan: Uau.. Sua estatura é mesmo a única coisa pequena em você.
e7a686aecb078b9e,Cutscene,Ryan_Conrad_SexScene_Cum,8,Conrad,Conrad: Pode crer!
98087861fbfaa621,Cutscene,Ryan_Conrad_SexScene_Cum,9,Ryan,Ryan: Isso foi bom
be1dff750703beb9,Cutscene,Ryan_Conrad_SexScene_Cum,10,Conrad,Conrad: É
# --- Ryan_SexScene ---
caa123c912750ed2,Cutscene,Ryan_SexScene,1,Ryan,Tem certeza que vai caber?
c8dda0f1b46383bc,Cutscene,Ryan_SexScene,2,Kobold,Kobolds são muito flexíveis. Vai caber.
849b442f9a88c950,Cutscene,Ryan_SexScene,3,Kobold,Yip
88f476f3d6ebac8d,Cutscene,Ryan_SexScene,4,Ryan,"Tá, só me avisa se ficar desconfortável ou qualquer coisa."
# --- Ryan_SexScene_Loop ---
48cf02e6d9e88966,Cutscene,Ryan_SexScene_Loop,1,Ryan,"Ah, uau.."
8caf602c6f60f544,Cutscene,Ryan_SexScene_Loop,2,Ryan,É minha primeira vez com um Kobold.
db7bd45c48fe49a2,Cutscene,Ryan_SexScene_Loop,3,Ryan,Isso é muito gostoso..
# --- Ryan_SexScene_Cum | if $ryan_sexscene_loops ---
eff478354f7f1b18,Cutscene,Ryan_SexScene_Cum,1,Ryan,Acho que eu posso estar perto..
ddfa0f7133303565,Cutscene,Ryan_SexScene_Cum,2,Kobold,"Continua mais um pouquinho, por favor"
f76c951c6c97d8cd,Cutscene,Ryan_SexScene_Cum,3,Kobold,Me dá tudo!
27cb363532fd0324,Cutscene,Ryan_SexScene_Cum,4,Ryan,"Tá, eu consigo"
685d8bfcf6988796,Cutscene,Ryan_SexScene_Cum,5,Ryan,É difícil segurar..
8fdcf9b73762886e,Cutscene,Ryan_SexScene_Cum,6,Kobold,Eu ainda quero mais!
5128d4e4a722127f,Cutscene,Ryan_SexScene_Cum,7,Kobold,Vai!
eb41a8966fdf7cfd,Cutscene,Ryan_SexScene_Cum,8,Ryan,Assim fica mais difícil ainda!
9c78a3c6942a7982,Cutscene,Ryan_SexScene_Cum,9,Ryan,"Tá, eu consigo.."
b9ed3621fb6dfbef,Cutscene,Ryan_SexScene_Cum,10,Ryan,Isso foi muito divertido.
99955b75e0544165,Cutscene,Ryan_SexScene_Cum,11,Kobold,Concordo
ee60aadc2fcea44d,Cutscene,Ryan_SexScene_Cum,12,Ryan,Você pode ficar aqui se quiser.
9d29fc6dcfe7c05d,Cutscene,Ryan_SexScene_Cum,13,Ryan,Reservei a noite toda.
3736ec41338c7ad0,Cutscene,Ryan_SexScene_Cum,14,Kobold,Eu adoraria.

# ===== Dragon reactions (started by game code) =====
# --- DragonAlmostClean ---
bae76fc276bb2030,Reaction,DragonAlmostClean,1,Dragon,"Ah, assim tá melhor, mas ainda me sinto sujo."
ce6aaf93738f317e,Reaction,DragonAlmostClean,2,Dragon,Você se importa de conferir de novo se eu tô limpo?
16584052fd337f09,Reaction,DragonAlmostClean,3,Kobold,Tá bom
c54cbee211a25e14,Reaction,DragonAlmostClean,4,Kobold,Claro
# --- DragonAnnoyedByBuzzing ---
d139edc8ffdc22b7,Reaction,DragonAnnoyedByBuzzing,1,Dragon,"Para com isso, a gente ainda não terminou. Né?"
631ef624f4506ea7,Reaction,DragonAnnoyedByBuzzing,2,Kobold,Hehe
# --- DragonColdBalls ---
e820f3ec0397737f,Reaction,DragonColdBalls,1,Dragon,Ah! Tá gelada!
8408ed2f21e73811,Reaction,DragonColdBalls,2,Dragon,Uou! Gelada!
46f3ba9fc7d04fa7,Reaction,DragonColdBalls,3,Dragon,Brrr! Água gelada!
00221b8a2772003a,Reaction,DragonColdBalls,4,Dragon,Iiip!
# --- DragonConfusedAboutDismissal ---
9b99cd22a6f3f85a,Reaction,DragonConfusedAboutDismissal,1,Dragon,"Ah, já acabou?"
7022570f87a73481,Reaction,DragonConfusedAboutDismissal,2,Dragon,Acho que você ainda deixou passar uns pontos...
27db29faa5e11bb6,Reaction,DragonConfusedAboutDismissal,3,Kobold,"Ops, foi mal."
4fff64bb7aeed72f,Reaction,DragonConfusedAboutDismissal,4,Kobold,Eu não sabia o que o botão fazia.
b0869fc4ea46c5bd,Reaction,DragonConfusedAboutDismissal,5,Dragon,"Sem problema,"
cb554196ac99a428,Reaction,DragonConfusedAboutDismissal,6,Dragon,"É, ele faz BRRT haha."
345b04bed8d1a7e0,Reaction,DragonConfusedAboutDismissal,7,Dragon,"Enfim, que bom que você não terminou, vamos continuar!"
# --- DragonSatisfiedAndLeaves ---
7a8942e2613fa23c,Reaction,DragonSatisfiedAndLeaves,1,Dragon,Obrigado por me limpar!!
c92c35bb9f44dac4,Reaction,DragonSatisfiedAndLeaves,2,Dragon,Quem sabe a gente sai mais tarde?
8aff5108a050bcfa,Reaction,DragonSatisfiedAndLeaves,3,Kobold,Sim!
2cb6318b9f4550a8,Reaction,DragonSatisfiedAndLeaves,4,Kobold,SIM!
28454e931a2d3578,Reaction,DragonSatisfiedAndLeaves,5,Dragon,Massa! Até mais tarde então!

# ===== Unused nodes (not reachable in the current game) =====
# --- Alexander_1 ---
31c53bea307f49d0,Unused,Alexander_1,1,Alexander/Ryan,Eu estava ajudando o alquimista a alcançar uma prateleira alta
f00ea25690e17adf,Unused,Alexander_1,2,Alexander,"Ouvi um estrondo, não creio que Igwix tenha sobrevivido."
# --- Alexander_2 ---
07874aa669e5cb8c,Unused,Alexander_2,1,Alexander,"Se formos pegos violando mais uma norma, minha reputação estará em ruínas!"
cfe73695b2bdfe19,Unused,Alexander_2,2,Alexander,"A faculdade não pode ficar sabendo disso, está bem?"
27b11f3f6bf12fe9,Unused,Alexander_2,3,Kobold,Que faculdade?
2d3935f374b6474e,Unused,Alexander_2,5,Alexander,"A Faculdade Comunitária de Taumaturgia de Burnswick, é claro!"
7a5128354d6171d0,Unused,Alexander_2,6,Alexander,"A mais prestigiosa faculdade, que abriga prestigiosos professores como eu:"
b34663a53a6541a7,Unused,Alexander_2,9,Alexander,"Ótimo, não posso deixar a Faculdade Comunitária de Taumaturgia de Burnswick saber que seu melhor professor, Alexander, causou mais um incidente."
b39b95373bf40c36,Unused,Alexander_2,11,Alexander,"Ah, droga, esqueça o que eu disse!"
# --- Alexander_3 ---
2501ad553fd20454,Unused,Alexander_3,1,Alexander,"Precisarei ressuscitar Igwix, ah, que vergonha!"
7b282582fab597eb,Unused,Alexander_3,2,Alexander,O boticário vai manchar meu nome por meses.
# --- Alexander_Dirty ---
950b8260a6ca788f,Unused,Alexander_Dirty,1,Alexander,Olhe para mim! Serei motivo de chacota entre meus alunos.
97733f8db49fb168,Unused,Alexander_Dirty,2,Alexander,"Poderia esfregar o Igwix das minhas costas, por favor?"
# --- Alexander_Idle1 ---
6a4162b247e5aae1,Unused,Alexander_Idle1,1,Alexander,Não acredito que Igwix cometeria um erro desses!
5e971607fa926b31,Unused,Alexander_Idle1,2,Alexander,"E agora estou aqui fora, argh!"
# --- Alexander_Idle2 ---
2a1b4481e851f727,Unused,Alexander_Idle2,1,Alexander,"Fiz questão de procurar uma lavagem discreta, tinha certeza de que não fui seguido."
26974d0189f0d75c,Unused,Alexander_Idle2,2,Alexander,Tenho certeza de que ninguém ficará sabendo...
# --- Alexander_Idle3 ---
db8cc14accf5dfe9,Unused,Alexander_Idle3,1,Alexander,"Ah, a sujeira ardeu um pouco, obrigado."
# --- Alexander_Soapy ---
e17d9103818204a4,Unused,Alexander_Soapy,1,Alexander,"Este sabão não é adequado para um professor, não acha?"
03c418e790b340c3,Unused,Alexander_Soapy,2,Alexander,Avise-me quando terminar de enxaguar.
# --- Alexander_Intro ---
f82f410ee41cad07,Unused,Alexander_Intro,1,Alexander,Psiu..!
fedb00f6c13cec68,Unused,Alexander_Intro,2,Kobold,Ah... Olá?
4359ca4e5c8fc816,Unused,Alexander_Intro,3,Kobold,Quem tá aí?
9e2816aaa10403b6,Unused,Alexander_Intro,4,Alexander,Shh! Não sou daqui...
8275f13b67a6687b,Unused,Alexander_Intro,5,Alexander,Vocês estão abertos agora?
7409deaefe456a49,Unused,Alexander_Intro,7,Alexander,Ufa! Tive um acidente que precisa ser resolvido... discretamente.
afb82d57a9c1ba48,Unused,Alexander_Intro,8,Alexander,Remova esta barreira imediatamente para que eu possa entrar.
# --- Alexander_Outro ---
0c2f6e570964b0c1,Unused,Alexander_Outro,1,Alexander,"Minha nossa, graças a você tenho uma chance de redimir esta situação."
639110e1c4cc2914,Unused,Alexander_Outro,2,Alexander,"Diga-me, o senhor se lembra do nome da faculdade em que trabalho?"
e35f2c7dd32a4059,Unused,Alexander_Outro,3,Kobold,Faculdade Comunitária de Taumaturgia de Burnswick
8e3a0c6c1c068e67,Unused,Alexander_Outro,4,Kobold,O senhor trabalha numa faculdade?
7bf1556708efd0d8,Unused,Alexander_Outro,5,Kobold,Não
79acad09a68bf670,Unused,Alexander_Outro,6,Alexander,"Não! Quer dizer, sim, mas pelo bem da minha reputação, poderia por favor manter minha incursão aqui em segredo."
3730dccb6a6582be,Unused,Alexander_Outro,7,Alexander,O quê? Sou um professor! Não dá para perceber pelo meu brasão?
56723edcd935d476,Unused,Alexander_Outro,8,Alexander,Oh!
e0723f4408ee3eda,Unused,Alexander_Outro,9,Alexander,"Entendo o que está fazendo, obrigado."
7973db48113175b5,Unused,Alexander_Outro,10,Alexander,"Pois bem, agradeço sua discrição, vou me dirigir ao boticário."
677412526f14044a,Unused,Alexander_Outro,14,Alexander,Estou muito satisfeito com estes resultados..
# --- ConradBeatup_1 ---
72f9c6536242f235,Unused,ConradBeatup_1,2,Kobold,Tô aqui se você precisar de alguém pra conversar.
67410be84ad1b8ac,Unused,ConradBeatup_1,3,Kobold,"Eu cuido disso, não se preocupa."
5b207ccbfd5d5679,Unused,ConradBeatup_1,4,Conrad,"Não.. Não, tá tudo bem... obrigado."
b2139b5e4dc27f14,Unused,ConradBeatup_1,5,Conrad,... Obrigado..
# --- ConradBeatup_2 ---
b841443b4a7e3b82,Unused,ConradBeatup_2,1,Conrad,"Ei, valeu por estar aqui por mim..."
02febaeeb5306c30,Unused,ConradBeatup_2,2,Conrad,É bom ter amigos com quem contar.
# --- ConradBeatup_Idle1 ---
7ff77420c3518210,Unused,ConradBeatup_Idle1,1,Conrad,"... Achei que a gente fosse bons amigos, a gente transa o tempo todo!"
13a3bd02487dab16,Unused,ConradBeatup_Idle1,2,Conrad,Eu não entendo..
# --- ConradBeatup_Idle2 ---
861f99e073cd06e2,Unused,ConradBeatup_Idle2,1,Conrad,"Eu banco o durão, mas sou um dragão pequeno..."
e375cf5dd6f03d34,Unused,ConradBeatup_Idle2,2,Conrad,Eles passaram dos limites.
# --- ConradBeatup_Intro ---
19aa373fb830a05c,Unused,ConradBeatup_Intro,2,Kobold,"Meudeus, você tá machucado!"
c7e055a695603f2b,Unused,ConradBeatup_Intro,3,Kobold,Você tá bem?
e4e0397bea6600f5,Unused,ConradBeatup_Intro,4,Conrad,"Ei, hã, eu só preciso de uma limpeza."
e36f54f748a69d3e,Unused,ConradBeatup_Intro,5,Kobold,"...Tá bom, pode entrar"
# --- ConradBeatup_OutroDirty ---
e17652524a905f18,Unused,ConradBeatup_OutroDirty,1,Conrad,... acabou? Eu ainda tô sujo..
# --- ConradBeatup_OutroSoapy ---
d0b060d51bc87feb,Unused,ConradBeatup_OutroSoapy,1,Conrad,... acabou? Eu ainda tô ensaboado..
# --- Conrad_1 ---
5a208b2886d87937,Unused,Conrad_1,1,Conrad,"Vocês também fazem ""finais especiais"" aqui?"
d61259269b75dec9,Unused,Conrad_1,2,Kobold,O que é isso?
1ea442a134b2a184,Unused,Conrad_1,4,Kobold,Não
335bcdceb30ec6b8,Unused,Conrad_1,5,Conrad,"É, não. Parceiro, você tem que entrar nessa. Eu pago bem!"
2f7cc8c297b8d283,Unused,Conrad_1,6,Conrad,Massa demais! Ansioso pra ver você trabalhar!
9d1528cc1118e4dd,Unused,Conrad_1,7,Conrad,O quê? Todos os melhores lugares fazem!
# --- Conrad_2 ---
d892eb1f696177b4,Unused,Conrad_2,1,Conrad,"Esse lugar tava precisando de uma reforma, eu sei do que ele precisa!"
0eaacb4d2b730370,Unused,Conrad_2,2,Conrad,Conheço um cara que pode deixar um presente aqui até amanhã que ia dar uma animada nas coisas.
# --- Conrad_5_Mount_Finish ---
28a96495be7701ea,Unused,Conrad_5_Mount_Finish,1,Conrad,Caramba... Sempre é bom.
# --- Conrad_5_Mount_Start ---
cda9c08deb782b6e,Unused,Conrad_5_Mount_Start,1,Conrad,"<i>Ooooh. </i>O cavalete? Isso, porra, cara."
# --- Conrad_Idle1 ---
06b2c581e253753a,Unused,Conrad_Idle1,1,Conrad,"O pessoal diz que eu tenho um pau grosso, é verdade?"
ba07cdd711c7d570,Unused,Conrad_Idle1,2,Kobold,Minha nossa
f2ea9d36d2c4032f,Unused,Conrad_Idle1,3,Kobold,Já vi maiores
25cdc596cd23bedb,Unused,Conrad_Idle1,4,Conrad,Você devia apalpar e conferir pra mim
c3565cd77a3dcba9,Unused,Conrad_Idle1,5,Conrad,"Mas não num pacote desse tamanho, né??"
# --- Conrad_Intro ---
bc1e29287f60b297,Unused,Conrad_Intro,1,Conrad,"E aí, parceiro!"
f7a29676d9621163,Unused,Conrad_Intro,2,Conrad,"O Conrad precisa de uma limpeza, tem vaga pra ele?"
8339b88ae51a85f6,Unused,Conrad_Intro,3,Kobold,"Sim, é por aqui."
255d982b3d4c772e,Unused,Conrad_Intro,5,Conrad,Boa demais!
# --- Mount_Alexander_2_6 ---
dcc524605bec9fd8,Unused,Mount_Alexander_2_6,1,Alexander,O que é..
d010c18e5ff478ed,Unused,Mount_Alexander_2_6,2,Alexander,"Ah, céus, não.."
f025190cb1adde9c,Unused,Mount_Alexander_2_6,3,Alexander,"Não quero ser rude, mas devo recusar"
eec9d16c87323040,Unused,Mount_Alexander_2_6,4,Alexander,Isto é uma prática comum?
929e50391bfd0646,Unused,Mount_Alexander_2_6,5,Kobold,"Ah, sim"
b6547fc9d980c16e,Unused,Mount_Alexander_2_6,6,Kobold,"Não, na verdade acabei de comprar"
40df3c9d9e1d5126,Unused,Mount_Alexander_2_6,7,Alexander,Entendo..
d3acad6a7014a598,Unused,Mount_Alexander_2_6,8,Alexander,Isto parece escandaloso
ab5a3375052f41eb,Unused,Mount_Alexander_2_6,9,Alexander,Embora eu não possa dizer que não estou curioso
c5ba4f5f1cdff517,Unused,Mount_Alexander_2_6,10,Alexander,Ainda assim. Não desta vez
# --- RyanDate_1 ---
14ecee0afc63c845,Unused,RyanDate_1,1,Ryan,Tô tão animado com esse encontro!
90ba900c65607127,Unused,RyanDate_1,2,Ryan,"Trouxe melancia, pão, uva e umas outras coisas."
# --- RyanDate_2 ---
690cf2b49eb95f79,Unused,RyanDate_2,1,Ryan,Tá pensando em alguma coisa?
1648a912c46f7fec,Unused,RyanDate_2,2,Kobold,Aconteceu uma coisa ontem à noite
b3979a44b5b9376a,Unused,RyanDate_2,3,Ryan,"Ah, não! Quer falar sobre isso?"
02c33e4e3c09bc79,Unused,RyanDate_2,4,Kobold,"É que aconteceu uma coisa com o Conrad, espero que ele esteja bem."
7680ca7ff15f1566,Unused,RyanDate_2,5,Ryan,Eu também espero que ele esteja bem.
# --- RyanDate_3 ---
7ba9e65f61ca2369,Unused,RyanDate_3,1,Ryan,Isso tá delicioso!
ff74b82dcb8a11d3,Unused,RyanDate_3,2,Kobold,"Uau, é uma experiência ver você comer desse jeito."
5b14f19a86849ff5,Unused,RyanDate_3,3,Ryan,Desse jeito como?
42af2c2067728998,Unused,RyanDate_3,4,Ryan,"Ah, tipo, engolindo as coisas inteiras?"
37f99dd7cbcf5b6f,Unused,RyanDate_3,5,Ryan,Depende! Coisa de dragão.
# --- RyanDate_Idle1 ---
bcda1f48383d915f,Unused,RyanDate_Idle1,1,Ryan,"Hehe, tô animado pra voltar a namorar."
# --- RyanDate_Intro ---
d5be54b666b3d38f,Unused,RyanDate_Intro,2,Ryan,"Eu tava pensando no que você disse,"
ffcaf369ac8b1a74,Unused,RyanDate_Intro,3,Ryan,"sabe, sobre voltar a namorar..."
89f52a0dc3d757c1,Unused,RyanDate_Intro,4,Kobold,Sim
ecab929d37109ab0,Unused,RyanDate_Intro,5,Ryan,"Eu sabia que você tava ocupado demais, então pensei em trazer o encontro até você!"
92d9da0b0b22fd7a,Unused,RyanDate_Intro,6,Kobold,Massa! Pode entrar..
# --- RyanDate_Outro ---
638d7c049f321a6d,Unused,RyanDate_Outro,4,Ryan,Foi maravilhoso! Me sinto bem melhor sobre namorar.
# --- RyanExploded_Intro ---
8e87e6b28fb697c4,Unused,RyanExploded_Intro,1,Ryan,Oi de novo..
53ca70e25fc42870,Unused,RyanExploded_Intro,3,Kobold,Você de novo?
b99d68084de082b6,Unused,RyanExploded_Intro,5,Ryan,heh.. é.. desculpa..
81f2cb133d548396,Unused,RyanExploded_Intro,6,Ryan,"Então é, eu tive um contratempo.."
d3e25fe68c13c02d,Unused,RyanExploded_Intro,8,Ryan,Ouvi um estrondo
ce386faf68f3df7e,Unused,RyanExploded_Intro,9,Ryan,"Não sei pra onde eles foram, mas me sinto sujo de novo."
60c1424a59a1c912,Unused,RyanExploded_Intro,10,Ryan,Será que você pode me limpar de novo?
917613bbf36e4b93,Unused,RyanExploded_Intro,11,Kobold,Claro! É por aqui!
# --- RyanExploded_OutroDirty ---
f2bdff14318fd81c,Unused,RyanExploded_OutroDirty,1,Ryan,Acho que ainda sinto um pouco de sujeira da explosão em mim...
6a1900ba2212696d,Unused,RyanExploded_OutroDirty,2,Ryan,Pode lavar mais um pouco?
85a39ab345d672ff,Unused,RyanExploded_OutroDirty,3,Kobold,Sim
1562d2eeb95b795a,Unused,RyanExploded_OutroDirty,4,Kobold,Foi mal
3bcf70f39eca74f1,Unused,RyanExploded_OutroDirty,5,Ryan,"Sem problema, valeu!"
# --- RyanExploded_OutroSoapy ---
9df62882448c291b,Unused,RyanExploded_OutroSoapy,1,Ryan,"Ah, eu ainda tô cheio de sabão!"
29d1991e26b1773d,Unused,RyanExploded_OutroSoapy,2,Ryan,Pode tirar com água?
# --- RyanExploded_Outro ---
a45ce5a6357ad76f,Unused,RyanExploded_Outro,4,Ryan,"Ufa, eu tava preocupado de fazer mais uma bagunça."
ca1dd92cfbe2dcd5,Unused,RyanExploded_Outro,5,Ryan,Agora eles nunca vão precisar saber!
# --- RyanMuddy_Dirty ---
58246ed8cfcdfa19,Unused,RyanMuddy_Dirty,1,Ryan,"É, então eu tô todo enlameado e tal, adoro me esbaldar no parque público."
f27e94e23a2cc6eb,Unused,RyanMuddy_Dirty,2,Ryan,"Eu ainda tô muito enlameado, se você pudesse me ensaboar seria ótimo."
# --- RyanMuddy_Idle1 ---
c24aaf031df991a1,Unused,RyanMuddy_Idle1,1,Ryan,"Então, hã, me avisa se precisar que eu me mexa."
8bb630e0c8dc64ac,Unused,RyanMuddy_Idle1,2,Ryan,É só me tocar com a mão que eu tento ajudar.
# --- RyanMuddy_Idle2 ---
bcee068ce8220b8e,Unused,RyanMuddy_Idle2,1,Ryan,Valeu por me limpar!
2c4f3b41240d00cd,Unused,RyanMuddy_Idle2,2,Ryan,Tava ansioso por isso.
# --- RyanMuddy_Idle3 ---
e304ea7f521df3f2,Unused,RyanMuddy_Idle3,1,Ryan,"Quando terminar, pode apertar o botão."
ac51ca95656fffdd,Unused,RyanMuddy_Idle3,2,Ryan,"O botão na parede, quero dizer."
# --- RyanMuddy_Idle4 ---
8fd85e09be693fbf,Unused,RyanMuddy_Idle4,1,Ryan,"O Max diz que eu sou um dragão desastrado,"
d2261edb51b885d9,Unused,RyanMuddy_Idle4,2,Ryan,Espero que você me ajude a provar que ele tá errado!
# --- RyanMuddy_Idle5 ---
9df1eb0e35a5d36a,Unused,RyanMuddy_Idle5,1,Ryan,"Sabão, depois enxágue!"
5e7b1eae20d0fb72,Unused,RyanMuddy_Idle5,2,Ryan,Pelo menos foi o que eu ouvi dizer.
# --- RyanMuddy_Soapy ---
73d08af95ae8835e,Unused,RyanMuddy_Soapy,1,Ryan,"Adoro bolhas, elas fazem cócegas!"
83af94fb3d626970,Unused,RyanMuddy_Soapy,2,Ryan,Mas tô animado pra ver elas escorrendo pelo ralo.
6bc811f815ef9e24,Unused,RyanMuddy_Soapy,3,Ryan,Usa o esguicho na parede pra me enxaguar.
# --- RyanMuddy_Idle7 ---
255bd9c513473506,Unused,RyanMuddy_Idle7,1,Ryan,"Uau, valeu, isso é gostoso."
77ff00f75a7c2083,Unused,RyanMuddy_Idle7,2,Ryan,Ficar enlameado é muito divertido até começar a secar.
620caab5d90b8d3f,Unused,RyanMuddy_Idle7,3,Ryan,Feliz de tirar isso.
# --- RyanMuddy_Idle8 ---
afa88441bc4fc8d9,Unused,RyanMuddy_Idle8,1,Ryan,"Quem diria que um dragão podia ficar tão sujo, hein?"
2ea6d5d46861d1bf,Unused,RyanMuddy_Idle8,2,Ryan,Eu tava me esbaldando na floresta
c65b5342f0285c16,Unused,RyanMuddy_Idle8,3,Ryan,"Só percebi a bagunça que fiz depois que o Max gritou comigo, haha."
# --- RyanMuddy_Intro ---
299e9d1e919c3a49,Unused,RyanMuddy_Intro,4,Ryan,Ouvi dizer que tinha kobolds aqui embaixo que podiam me dar um banho?
05d9cdcce06b0c12,Unused,RyanMuddy_Intro,6,Kobold,Eu sou O kobold. Yip!
d12499a3f17512de,Unused,RyanMuddy_Intro,7,Kobold,"Sim, bem-vindo ao Drag'N Wash!"
213c112ac748eb9e,Unused,RyanMuddy_Intro,9,Ryan,"Ótimo, então, hã,"
44beadf6316d890e,Unused,RyanMuddy_Intro,12,Ryan,"Ah, tô vendo o botão ali, saquei!"
af8d3a1f26de30ef,Unused,RyanMuddy_Intro,13,Ryan,"Valeu, vou esperar!"
# --- RyanMuddy_Nag1 ---
3605a9273b22288b,Unused,RyanMuddy_Nag1,1,Ryan,"Ei, pode vir aqui na frente onde eu consigo te ver?"
720febc2a9d251aa,Unused,RyanMuddy_Nag1,2,Ryan,Tenho uma coisa pra dizer!
# --- RyanMuddy_Nag2 ---
6852c864bbd2afef,Unused,RyanMuddy_Nag2,1,Ryan,Quero conversar cara a cara!
0918205f97d74d78,Unused,RyanMuddy_Nag2,2,Ryan,Se você pudesse vir aqui na frente pra eu falar.
# --- RyanMuddy_Nag3 ---
c8f453084718c8cc,Unused,RyanMuddy_Nag3,1,Ryan,Me disseram que é educado falar com o pessoal menor cara a cara.
# --- RyanMuddy_NaughtyTouch ---
4d13604e28159e56,Unused,RyanMuddy_NaughtyTouch,1,Ryan,"Cuidado com onde essas patas tão indo, tá?"
# --- RyanMuddy_Outro ---
a46a0805bb6a5eda,Unused,RyanMuddy_Outro,1,Ryan,Obrigado pela limpeza rápida!
168c7d0bb7743dec,Unused,RyanMuddy_Outro,2,Ryan,"Aliás, você ficaria bravo se o seu parceiro fizesse bagunça em casa?"
3ae7f278ef092258,Unused,RyanMuddy_Outro,4,Kobold,Depende
0dfd80e1f981faca,Unused,RyanMuddy_Outro,6,Ryan,"Ah! É, faz sentido..."
8f207ab27746c010,Unused,RyanMuddy_Outro,7,Ryan,Acho que depende das circunstâncias.
86b57f75d4c04b75,Unused,RyanMuddy_Outro,8,Ryan,Eu sabia que você ia ficar do meu lado
# --- RyanMuddy_SmallTalk ---
0bf9a145c66c512b,Unused,RyanMuddy_SmallTalk,3,Kobold,"Na verdade, é a minha primeira vez!"
4eb8bdb270c030ae,Unused,RyanMuddy_SmallTalk,5,Ryan,"Ah, então é novidade pra nós dois!"
ff152503516900ee,Unused,RyanMuddy_SmallTalk,6,Ryan,Também é novidade pra mim...
13d1c29ec8784cae,Unused,RyanMuddy_SmallTalk,7,Ryan,Tô surpreso de como é gostoso.
# --- Ryan_3_wont_use_mount ---
9221ab210b374d30,Unused,Ryan_3_wont_use_mount,1,Ryan,Ah- Não tô muito interessado em usar isso agora.
f3f18c2eea794920,Unused,Ryan_3_wont_use_mount,2,Ryan,Talvez mais tarde...?

# ===== UI and other text (not part of the dialogue script) =====
bc1b88907d3b748a,UI,,,UI,Áudio
b3f848c2a09aa9ed,UI,,,UI,Volume da Música
de7b57b57b05d020,UI,,,UI,Efeitos Sonoros
59a4a3f7f7caa060,UI,,,UI,Volume do Ambiente
31bcb8940fffb7d1,UI,,,UI,Jogabilidade
a874fca87cdd5e4e,UI,,,UI,Gráficos
d0db8b5e364b6989,UI,,,UI,Opções
28f9044138a54b95,UI,,,UI,Novo Jogo
2a6b24ad28722034,UI,,,UI,Créditos
b3eb37acb66ba4bb,UI,,,UI,Sair
76900f1bfd16c8d4,UI,,,UI,Voltar
6a3041fb3ecba173,UI,,,UI,FOV da Câmera
d4055fafa3794fa8,UI,,,UI,Resolução
41ca171b0cbae01e,UI,,,UI,Brilho da Tela
42e7fdbd13ba2a01,UI,,,UI,Taxa de Quadros Alvo
052810dae19607f5,UI,,,UI,VSync
b63e857488f49396,UI,,,UI,Modo de Janela
c461dbb2bab7d8bc,UI,,,UI,Tela Cheia
4571896d8a4d4162,UI,,,UI,Sensibilidade do Mouse
43ff6e9485bf371e,UI,,,UI,Controle de Agachar
3d03a1dea561d0db,UI,,,UI,Alternar
91d6e30620d99810,UI,,,UI,Toque/Segurar
8e685d5409b3a543,UI,,,UI,Segurar
6c359dddb1d4c36e,UI,,,UI,Tipo de Ícone de Dica
fd9baf7f335aa154,UI,,,UI,Inverter Câmera Vertical
4d654c19179796ef,UI,,,UI,Borrifador: Reduzir Movimento
2316810a5de343dd,UI,,,UI,Teclado
0286249762f7c943,UI,,,UI,Automático
c77c3af22c6429b2,UI,,,UI,Anti-aliasing
130011756125313c,UI,,,UI,Ligado
ca7981b46ecf2c17,UI,,,UI,Desligado
4883b7dfffb02e36,UI,,,UI,Exclusivo
da43a1983d819a4d,UI,,,UI,Janela Maximizada
3f26603a2748fed3,UI,,,UI,Em Janela
d640c7421da06661,UI,,,UI,Continuar
b6dcb96448c66497,UI,,,UI,CARREGANDO...
f942d1e183d020b6,UI,,,UI,APAGAR SAVE
fae07a8540ff237b,UI,,,UI,Excluir o save mesmo?
ffb3c5f2edc34373,UI,,,UI,Menu de Pausa
3e49dd16f3893026,UI,,,UI,LIMPO
4b36f28b2cf37677,UI,,,UI,ENSABOADO
e4e9ab13fc711176,UI,,,UI,DETRITOS
c9c8bf1eae99e1dc,UI,,,UI,PRECISA CONVERSAR
b98b0ff714ab5417,UI,,,UI,PRECISA DE CURATIVOS
dde8c08738fe9e59,UI,,,UI,PRECISA DE PUNHETA
a462b8c590652563,UI,,,UI,Digite o texto...
bb23ec0586e24df5,UI,,,UI,É melancia!
fa6bb50727553976,UI,,,UI,Certo.
77b845d22632a9ef,UI,,,UI,Que bom te ver de novo.
ed172a475c84204f,UI,,,UI,Sou um professor!
43cc9e298a30c3af,UI,,,UI,Vocês bípedes costumam saborear a refeição.
b735b39b4eea8b70,UI,,,Ryan,Eu nunca fiz isso ao ar livre antes
c913913d57c38493,UI,,,Conrad,Não esquenta com isso!
d0ee8dcf7035040c,UI,,,Conrad,Eu faço isso o tempo todo
b00675617fbac31a,UI,,,Ryan,Acho que é bem empolgante mesmo
816c197dfe2ac7e7,UI,,,Conrad,Tô pronto pra gozar
fb490e9880f63f05,UI,,,Ryan,Acho que eu tô perto também...
cb9cc6fadcf02cd5,UI,,,Ryan,Uau... Sua estatura é mesmo a única coisa pequena em você.
b77039c811832311,UI,,,Ryan,Foi bom
cbc2935aebe3ca1f,UI,,,Conrad,É
1b01a1658c9a5adf,UI,,,Conrad,Tá se divertindo?
0d8490d07a321596,UI,,,Ryan,"Sim, muito. Preocupado comigo?"
3d42325316477a3a,UI,,,Conrad,O Conrad só curte o momento
2fafbe5f3e7ff469,UI,,,Conrad,Na verdade... Quer dizer...
df9b23df54ab5518,UI,,,Conrad,Eu quero que isso dê certo
b0bfa8fe9e70154c,UI,,,Ryan,Eu diria que tá indo ótimo
46fa21135fd9811b,UI,,,Ryan,Eu gosto muito disso
b439ffe3e5553ddc,UI,,,Conrad,Você é gostoso
b92f91849d855b40,UI,,,UI,Conrad
2d1e830624b2572a,UI,,,UI,Ryan
e3becbaee46cc0df,UI,,,UI,Idioma (Mod)
6e58b577a084052a,UI,,,UI,Mods
4850b174b713d88c,UI,,,UI,Obrigatório
37fe885f1406e372,UI,,,UI,Desligado a partir da próxima inicialização
9cc5c7f026ce0ca7,UI,,,UI,Ligado a partir da próxima inicialização
fa20beae3754ffb1,UI,,,UI,Outros mods precisam deste. Pressione Desligado de novo para desligá-lo mesmo assim.
d57274b504a45b33,UI,,,UI,"Instalado fora de BepInEx/plugins, então não pode ser desligado aqui"
fd35647f8ecb2f7d,UI,,,UI,Necessário para
9e6151acb057025d,UI,,,UI,Usa
b9d0dd131d07b5ad,UI,,,UI,"Ferramentas compartilhadas para mods de Drag'n Wash, incluindo esta tela de mods."
6b4075522b85ca52,UI,,,UI,"Jogue Drag'n Wash em vários idiomas. Traduz diálogos, escolhas, interface e opções."
1cd1ca858aaea1d0,UI,,,UI,Não carregado. Precisa de
eda662e0b5033180,UI,,,UI,Não carregado. Não funciona junto com
a8d12a246b72d98c,UI,,,UI,Não carregado. O motivo está em BepInEx/LogOutput.log.
7c862b0749e737c4,UI,,,UI,Patcher de pré-carregamento. Roda antes dos outros mods e não pode ser desligado aqui.
74a883a037bc227f,UI,,,UI,Configurações
21b111cbfe6e8fca,UI,,,UI,Padrão
bc5b45ae7b60692a,UI,,,UI,Restaurar padrão
67529e7fdc6098a0,UI,,,UI,Salvo na hora. Alguns mods só aplicam a mudança depois de reiniciar.
3d19e2d0333d7b19,UI,,,UI,Altere isso no arquivo de configuração do mod em BepInEx/config.
dc20b3d5d2cddf82,UI,,,UI,Biblioteca
e0aaa77caac35ceb,UI,,,UI,Permite que os mods vejam e substituam o texto antes que o jogo o mostre.
e33072d0f0267e46,UI,,,UI,"Avisa os mods qual fala ou escolha está prestes a aparecer, com o ID da fala e quem está falando."
e6af4688a3314648,UI,,,UI,"Uma janela compartilhada dentro do jogo (F1) onde os mods adicionam abas para suas ferramentas de desenvolvimento e depuração. Funciona com mouse, controle e no Steam Deck."
3839cc8c85e0dab6,UI,,,UI,"Fontes para textos que as fontes do jogo não conseguem mostrar, e carregamento de texturas e pacotes de recursos, feitos de um jeito que não trava o Direct3D 12."
507e6f82c57c2096,UI,,,UI,"Lê e altera os espaços de salvamento e as flags de eventos do jogo, e guarda uma cópia de cada versão de cada save para que qualquer mudança possa ser desfeita."
77777bd04fb7c9ae,UI,,,UI,Indisponível nesta versão do jogo:
014659ab9d98c8fe,UI,,,UI,Conflito
02e19c617a19bae7,UI,,,UI,Altera o mesmo código do jogo que:
61ec4dc622c31ea9,UI,,,UI,Altera o mesmo código do jogo que estes mods e pode sobrepô-los:
c1c1009d3f37ec05,UI,,,UI,Atualização
4168cfb8a090a98c,UI,,,UI,Nova versão disponível:
cd6c9851e91ad7b6,UI,,,UI,Abrir página da versão
22e2bada8f1c65cd,UI,,,UI,Atualizações
f26f3275e735bdf6,UI,,,UI,Verificar atualizações
a6a1b13028fd8c9c,UI,,,UI,"Uma vez por dia, pergunta ao GitHub se os mods que informam seu repositório no GitHub têm uma versão mais nova. Nada sobre você ou seu jogo é enviado."
fe199528850a4e24,UI,,,UI,Desinstalar
63e38bd4b036193a,UI,,,UI,Cancelar
86965245a1d725c1,UI,,,UI,"Pressione ""Desinstalar"" de novo para remover este mod na próxima vez que o jogo iniciar. As configurações dele também são removidas."
e2b9759e2326caba,UI,,,UI,Será removido na próxima inicialização
0d21bd52022ca7f7,UI,,,UI,Online
4128f75bc14cb290,UI,,,UI,Usa a internet:
df0880be16beba51,UI,,,UI,Conectou-se sem avisar a:
57e8a431deec0d70,UI,,,UI,Internet
08b39d1ef62da47d,UI,,,UI,Este mod não informa que usa a internet.
5abdf73450d24379,UI,,,UI,Para quê:
c1e450770d88b778,UI,,,UI,O que é enviado:
3090d827c103d5fb,UI,,,UI,Como desativar:
068109fd3f73fbbb,UI,,,UI,Não informado
e21a8c81f7921504,UI,,,UI,Visto nesta sessão
da5cbc2185c976ff,UI,,,UI,Nenhuma conexão até agora.
285202c5ed5c42de,UI,,,UI,não declarado pelo mod
a9043748d4bf169d,UI,,,UI,A vigilância de conexões está desativada (Mods → Drag'n Wash ModFramework → Configurações → Vigiar conexões).
1c0285d6d7fef2fc,UI,,,UI,"O framework apenas observa: não bloqueia nada, e um mod pode contorná-lo."
1744b96470b51bf3,UI,,,UI,Rede
fa25265454345a35,UI,,,UI,Vigiar conexões
4e9ec4e264c704c6,UI,,,UI,"Registra quais mods se conectam à internet e marca na tela de mods os que fazem isso sem avisar. Apenas observa: nada é bloqueado, e um mod pode contorná-lo."
