key,section,node,order,speaker,translation
# Language: Español (es)
# Created by TomXV. Provisional translation, not reviewed by a native speaker:
# some lines may read unnaturally. Corrections are welcome as pull requests.
# Only the Japanese (ja) and Simplified Chinese (zh-Hans) files were supervised by the author.

# ===== Level 1: Ryan (Sunny) | sets level_1 | ends level_1_complete =====
# --- intro: Ryan_1_intro ---
0da72197e898ebe1,L01 Ryan,Ryan_1_intro,1,Ryan,¿Hola?
334d016f755cd6dc,L01 Ryan,Ryan_1_intro,2,Kobold,¡Hola!
dfba3eb46cb5fc14,L01 Ryan,Ryan_1_intro,3,Ryan,"¡Ah, hola! Eh..."
30985c07d735bdc3,L01 Ryan,Ryan_1_intro,4,Ryan,¿Me dijeron que aquí abajo había kóbolds que podían lavarme?
08c8207cff7cb565,L01 Ryan,Ryan_1_intro,5,Ryan,¿Es este el lugar correcto?
32cfb777c0a1ca30,L01 Ryan,Ryan_1_intro,6,Kobold,¡Ajá! ¡Yo soy <i>el</i> kóbold!
eec1e26d3338868e,L01 Ryan,Ryan_1_intro,7,Kobold,"¡Sí, bienvenido a Drag'n wash!"
b8e3a13e8da1caf6,L01 Ryan,Ryan_1_intro,8,Ryan,"¡Jaja, desde luego que lo eres!"
84f325bca745e504,L01 Ryan,Ryan_1_intro,9,Ryan/Alexander,¡Maravilloso!
900e8c593033c189,L01 Ryan,Ryan_1_intro,10,Ryan,Me llamo Ryan. Bueno...
092808653667e9ff,L01 Ryan,Ryan_1_intro,11,Ryan,¿cómo entro?
0f3f0b7e817061e6,L01 Ryan,Ryan_1_intro,12,Kobold,"Espera un segundo, tengo que abrir la puerta."
b8a4a2d6c54c16d8,L01 Ryan,Ryan_1_intro,13,Kobold,¡Yip!
273533e355fd12cf,L01 Ryan,Ryan_1_intro,14,Ryan,¿eh...?
3faa3f1d46e0e544,L01 Ryan,Ryan_1_intro,15,Kobold,Ah... digo. ¡Voy a abrir la puerta!
ce6db45f1866ad91,L01 Ryan,Ryan_1_intro,16,Ryan,"Ah, ya veo el botón ahí. ¡Entendido!"
425d9584e840b683,L01 Ryan,Ryan_1_intro,17,Ryan,"Vale, aquí espero. Gracias."
# --- phone: Ryan_1_PhoneTutorial ---
9bb3073cec0eb0c7,L01 Ryan,Ryan_1_PhoneTutorial,1,Phone,"Hola, <i>«franquicia Drag'n wash 223»...</i> ¿Ya ha hablado con su primer cliente?"
276bc2be4d36787f,L01 Ryan,Ryan_1_PhoneTutorial,2,Kobold,¡Justo ahora!
d3c6dd1cf6eefa2a,L01 Ryan,Ryan_1_PhoneTutorial,3,Kobold,"Sí, ya lo hice."
38526f3244d3b009,L01 Ryan,Ryan_1_PhoneTutorial,4,Phone,"Ah, bien."
ab5df625bc76dbd4,L01 Ryan,Ryan_1_PhoneTutorial,5,Phone/Ryan/Alexander/Conrad/Kobold,...
4d4a3684433b7f10,L01 Ryan,Ryan_1_PhoneTutorial,6,Phone,Entonces... que tenga un día productivo.
07c91bff06f38512,L01 Ryan,Ryan_1_PhoneTutorial,7,Phone,"Hola, <i>«franquicia Drag'n wash 223»...</i> ¿Ya ha descubierto cómo interactuar?"
3d08b37cdf5c2183,L01 Ryan,Ryan_1_PhoneTutorial,8,Kobold,No.
01888febaebd67cd,L01 Ryan,Ryan_1_PhoneTutorial,9,Kobold,¡Creo que ya lo tengo!
085283be600618d2,L01 Ryan,Ryan_1_PhoneTutorial,10,Phone,Ah...
4ad86617a918d8ec,L01 Ryan,Ryan_1_PhoneTutorial,11,Phone,"Bueno, vaya a la ventanilla y hable con su cliente."
af789b5c60f24630,L01 Ryan,Ryan_1_PhoneTutorial,12,Phone,"Después tendrá que dejarlo entrar, por supuesto."
bb645759b5bd99d4,L01 Ryan,Ryan_1_PhoneTutorial,13,Phone,Excelente. Entonces asegúrese de ir a recibir a su cliente en la ventanilla.
474ab3afa218a5df,L01 Ryan,Ryan_1_PhoneTutorial,14,Kobold,¡Vale!
7d869361bdb13d98,L01 Ryan,Ryan_1_PhoneTutorial,15,Phone,Que tenga un día productivo.
# --- progress: Ryan_1_required ---
098ac93ca7999f8c,L01 Ryan,Ryan_1_required,1,Ryan,"Así que eres un lavador de dragones certificado, ¿eh?"
7b999e621945fe90,L01 Ryan,Ryan_1_required,2,Kobold,¡Sip!
1cb7709c2b6cdc0b,L01 Ryan,Ryan_1_required,3,Kobold,¡Solo llevo unas semanas lavando!
9b9024cada67653e,L01 Ryan,Ryan_1_required,4,Ryan,"¡Ah, genial!"
fbd8fe3b49aed7c5,L01 Ryan,Ryan_1_required,5,Ryan,Yo normalmente me arreglo con una manguera en casa...
3f742efbf9edb2ee,L01 Ryan,Ryan_1_required,6,Ryan,"¡Ah, entonces es nuevo para los dos!"
e6c276d67e994ed5,L01 Ryan,Ryan_1_required,7,Ryan,"La verdad, me sorprende lo agradable que es esto."
e99ba1a86146f1aa,L01 Ryan,Ryan_1_required,8,Ryan,Es un buen descanso de todo lo de ahí fuera.
# --- nag: Ryan_1_nag ---
c2aa03c999eb7731,L01 Ryan,Ryan_1_nag,1,Ryan,"¡Oye, tengo algo que decir!"
5b798fca0ab51d6c,L01 Ryan,Ryan_1_nag,2,Ryan,Si pudieras acercarte a donde pueda verte.
# --- jerkoff: ryan_jerk_off_no ---
2e75bb6a3610c11b,L01 Ryan,ryan_jerk_off_no,1,Ryan,Oye... ¿Quizá puedas ponerte «manos a la obra» más tarde?
# --- mount_start: ryan_mount_no ---
91c3bf04fb99ce8b,L01 Ryan,ryan_mount_no,1,Ryan,"Hm, creo que paso del potro."
# --- outro: Ryan_1_Outro ---
0d26aa953ca02c41,L01 Ryan,Ryan_1_Outro,1,Ryan,¡Estoy bastante seguro de que ya estoy limpio!
699cdec6a62f5ff3,L01 Ryan,Ryan_1_Outro,2,Ryan,Eso fue mucho mejor que una manguera.
c3bbf19f280c6dde,L01 Ryan,Ryan_1_Outro,3,Kobold,De nada.
66984a1e53d3e869,L01 Ryan,Ryan_1_Outro,4,Kobold,¡Ajá! Vuelve cuando quieras.
d629b0ed3f97727c,L01 Ryan,Ryan_1_Outro,6,Ryan,Le hablaré a otros de este lugar.
e12cf68db48908a3,L01 Ryan,Ryan_1_Outro,7,Ryan,Sin duda tendré este lugar en mente.
29a9062b9b45c6ef,L01 Ryan,Ryan_1_Outro,8,Ryan,Jaja. «Yip» para ti también.
0712e97652e51758,L01 Ryan,Ryan_1_Outro,9,Ryan,"Bueno, lo pasé bien. ¡Hasta luego, entonces!"
17f93a33eafe382c,L01 Ryan,Ryan_1_Outro,10,Ryan,¿Me abres la puerta para salir?
1aa7b1c1d5fb1fd6,L01 Ryan,Ryan_1_Outro,12,Ryan/Conrad/Kobold/Dragon,¡Gracias!

# ===== Level 2: Conrad (Sunny) =====
# --- intro: Conrad_Intro_1 ---
d391aece578e396f,L02 Conrad,Conrad_Intro_1,1,Conrad,"<gradient=""yellow - orange""><size=140%>¡EH! </gradient><size=100%>Este es el sitio de lavado, ¿no?"
e2b71fbe0e3a8220,L02 Conrad,Conrad_Intro_1,2,Conrad,Necesito quedar impecable. Parece que para eso estás tú. <size=70%> Ja.
198e07bd20a7e40b,L02 Conrad,Conrad_Intro_1,3,Kobold,"Ajá, por aquí."
d474060b980dd4bb,L02 Conrad,Conrad_Intro_1,4,Kobold,Podemos hacerle un hueco.
6c70580a9b88273d,L02 Conrad,Conrad_Intro_1,5,Conrad,Bien. Pero hay que abrir la puerta. ¡Deja entrar a Conrad!
# --- progress: Conrad_required_1 ---
87e002767e44df8e,L02 Conrad,Conrad_required_1,1,Conrad,Bue<size=90%>e<size=80%>e<size=70%>e<size=60%>eno... <size=100%>Me preguntaba
2d6d31d664759240,L02 Conrad,Conrad_required_1,2,Conrad,"Aquí también hacen <i>finales especiales</i>, ¿verdad?"
906e9b3e20a54dc2,L02 Conrad,Conrad_required_1,3,Kobold,¡Aquí todos los finales son especiales!
c41cb150dfd261d8,L02 Conrad,Conrad_required_1,4,Kobold,¿Como... cosas sexuales?
0c503978e6cd3a78,L02 Conrad,Conrad_required_1,5,Conrad,Eh... Eso no es...
c9ce0c4dd28236fa,L02 Conrad,Conrad_required_1,6,Conrad,"¿Haces que los dragones grandes, <size=60%>como yo, <size=100%>se corran aquí?"
daac14e0bc00f0ad,L02 Conrad,Conrad_required_1,7,Kobold,Wah... eh... <size=80%>oah. <size=60%>nosotros no...
824dda92c5ffbad9,L02 Conrad,Conrad_required_1,8,Kobold,"Oh, no."
33cb9fb42cd6a080,L02 Conrad,Conrad_required_1,9,Conrad,¡¿Qué?! ¡Eso es terrible! ¿Ni siquiera tienes un potro...?
96b0e7561e23fcbb,L02 Conrad,Conrad_required_1,10,Kobold,ehm... <size=60%>¿no?
175ccc13192756d4,L02 Conrad,Conrad_required_1,11,Conrad,¡Pues más te vale conseguir uno!
fcc67c51c62fb4e9,L02 Conrad,Conrad_required_1,12,Conrad,Al menos todavía puedes usar las manos. Je.
a29919179016a4e8,L02 Conrad,Conrad_required_1,13,Conrad,¿Sí? Pues no veo ningún potro.
6ec80eb8deb5afd8,L02 Conrad,Conrad_required_1,14,Kobold,"Ah... sí, no tenemos."
22706d3faee3b165,L02 Conrad,Conrad_required_1,15,Kobold,"No, aquí no ofrecemos ese tipo de cosas."
4a8d1297fbe8f246,L02 Conrad,Conrad_required_1,16,Conrad,"Qué pena, carajo. Más vale que eso cambie."
# --- jerkoff: Conrad_1_JerkOff_Start ---
6d4db2b6b39822b2,L02 Conrad,Conrad_1_JerkOff_Start,1,Conrad,"Oh, joder, sí."
8fc6411ffc04a8f3,L02 Conrad,Conrad_1_JerkOff_Start,2,Conrad,Sigue así.
# --- cum: Conrad_1_Cum ---
e51f82fb1e4773ad,L02 Conrad,Conrad_1_Cum,1,Conrad,"<size=140%> ¡JODER, SÍ!"
6d721d6e2ad2ae1c,L02 Conrad,Conrad_1_Cum,2,Conrad,<size=100%> ¡Eso se sintió jodidamente bien!
# --- mount_start: conrad_mount_no ---
b902443f60bdba87,L02 Conrad,conrad_mount_no,1,Conrad,Uau. Ehm.
ccdcfc48472b3533,L02 Conrad,conrad_mount_no,2,Conrad,Normalmente le diría que sí a un potro. Pero ahora no.
# --- outro: Conrad_Outro_1 ---
2edaf16ee5b742a8,L02 Conrad,Conrad_Outro_1,1,Conrad,El lavado estuvo bien.
882508b81f97e7cf,L02 Conrad,Conrad_Outro_1,2,Conrad,Aunque en todos los otros lavaderos donde he estado al menos hay un potro.
51335374627e92a3,L02 Conrad,Conrad_Outro_1,3,Kobold,Perdón...
598e348ffe7cc978,L02 Conrad,Conrad_Outro_1,4,Kobold,"¡Encargaré uno, lo prometo!"
3eba607f0573bf98,L02 Conrad,Conrad_Outro_1,5,Conrad,¡No pidas perdón! ¡Consigue un potro!
4e52b9a8b0ae1335,L02 Conrad,Conrad_Outro_1,6,Conrad,Todo lavador que se respete sabe cómo complacer a un dragón.
25d0b6008550c533,L02 Conrad,Conrad_Outro_1,7,Kobold,Vale. Encargaré un potro.
2e92d12d86bf03a5,L02 Conrad,Conrad_Outro_1,8,Conrad,"Bien. Venga, déjame salir."
426726c5d08284a8,L02 Conrad,Conrad_Outro_1,9,Conrad,"Bien, más te vale. Si vuelvo y no hay uno..."
28c3830dac3b9c5b,L02 Conrad,Conrad_Outro_1,10,Kobold,¿Eso es una amenaza...?
fac432bdcfb4b753,L02 Conrad,Conrad_Outro_1,11,Conrad,"Ehm, no, solo me voy a enfadar MUCHÍSIMO."
ee7433c3dd161b65,L02 Conrad,Conrad_Outro_1,12,Conrad,En fin... Déjame salir.

# ===== Level 3: Alexander (Sunny) =====
# --- intro: Alexander_1_intro ---
dbca31128a900488,L03 Alexander,Alexander_1_intro,1,Alexander,"Buenas tardes. Este establecimiento atiende sin cita previa, ¿correcto?"
a6208f4370193b60,L03 Alexander,Alexander_1_intro,2,Kobold,¡Así es! ¿Es usted... de la universidad...?
fdf9d60aca05c19e,L03 Alexander,Alexander_1_intro,4,Alexander,"En efecto, ¡debe de conocer mi escudo! Enseño alquimia."
12456a9c2599222e,L03 Alexander,Alexander_1_intro,5,Alexander,... Una clase que he de impartir dentro de muy poco.
cccd2e909950ad59,L03 Alexander,Alexander_1_intro,6,Alexander,Excelente.
f5b90500599eaa0a,L03 Alexander,Alexander_1_intro,7,Alexander,Necesitaré que esto sea rápido; los alumnos no se enseñan solos.
26f8788d21d9fd7d,L03 Alexander,Alexander_1_intro,8,Kobold,Nunca he lavado a un dragón maestro... uau.
7cc55c8bb6442b93,L03 Alexander,Alexander_1_intro,9,Kobold,"¡Vale, voy a abrir la puerta!"
c9b9bda16ee1d468,L03 Alexander,Alexander_1_intro,10,Alexander,Profesor... Pero sí. No suelo ir a lavaderos públicos.
8569efc4ed5a6273,L03 Alexander,Alexander_1_intro,11,Alexander/Ryan,Gracias.
57c2b1f349d8b9e9,L03 Alexander,Alexander_1_intro,12,Alexander,"Ah, y le pido disculpas por estar absolutamente mugriento."
c44510120d3f5f7e,L03 Alexander,Alexander_1_intro,13,Alexander,Es un estado lamentable en el que me encuentro...
550840616bc8148d,L03 Alexander,Alexander_1_intro,14,Kobold,No está... tan sucio.
21e1f6bc71429bdb,L03 Alexander,Alexander_1_intro,15,Kobold,No hay problema. ¡Le abro la puerta ahora mismo!
14ddfac745bc0ec3,L03 Alexander,Alexander_1_intro,16,Alexander,"No, lo estoy."
65b94d53036df4ac,L03 Alexander,Alexander_1_intro,18,Alexander,¿Podría abrir la puerta?
f602395a77ff68c4,L03 Alexander,Alexander_1_intro,19,Kobold,Ah. Sí. Perdón.
# --- progress: Alexander_1_required ---
8bb197f659df9e12,L03 Alexander,Alexander_1_required,1,Alexander,Sabe... Este ambiente es bastante agradable. Muy... proletario.
c3971608b1a13f1b,L03 Alexander,Alexander_1_required,2,Kobold,¿prole... <i><size=70%>qué?
3afdda2c098fc834,L03 Alexander,Alexander_1_required,3,Kobold/Alexander/Ryan,¡Gracias!
90d6678c9549b1e0,L03 Alexander,Alexander_1_required,4,Alexander,"Ah, es decir... ¿de clase trabajadora?"
55c80016618e1bc5,L03 Alexander,Alexander_1_required,5,Alexander,"Disculpe, quería decir que disfruto de su lavado."
02fa2a9691178177,L03 Alexander,Alexander_1_required,6,Alexander,Por supuesto.
32e117cdd1f56f3f,L03 Alexander,Alexander_1_required,7,Alexander,¡Quién iba a saber que existían lugares como este tan al alcance del público!
# --- jerkoff: alexander_jerk_off_no ---
f33ca08a17779409,L03 Alexander,alexander_jerk_off_no,1,Alexander,<i>Oh.</i> No creo que esté preparado para eso todavía.
# --- mount_start: alexander_mount_no ---
170ebd10775afd58,L03 Alexander,alexander_mount_no,1,Alexander,No estoy... seguro de querer usar esto hoy.
# --- outro: Alexander_1_Outro ---
d202075090a8960b,L03 Alexander,Alexander_1_Outro,1,Alexander,He de decir que hizo un trabajo tan bueno como el de los lavadores privados.
b6069e62e167364f,L03 Alexander,Alexander_1_Outro,3,Kobold,"Mmmjm, siempre hago lo mejor que puedo."
981447d1952fe850,L03 Alexander,Alexander_1_Outro,4,Alexander,"Jaja, «Yip», en efecto."
5d7279822bcee7dd,L03 Alexander,Alexander_1_Outro,5,Alexander,¡Mis alumnos podrían aprender un par de cosas de su ética de trabajo!
8117291ab8529b4f,L03 Alexander,Alexander_1_Outro,6,Alexander,"Me encantaría seguir charlando, de veras, pero la clase es pronto."
dae0c0aa3ae01c37,L03 Alexander,Alexander_1_Outro,7,Alexander,...Gracias por esto.

# ===== Level 4: Ryan (Sunny) =====
# --- intro: Ryan_2_intro ---
7825d92f67bdcdef,L04 Ryan,Ryan_2_intro,1,Ryan,¡Hola de nuevo!
cd26586143766826,L04 Ryan,Ryan_2_intro,2,Kobold,"¡Hola, Ryan!"
6a67a8866ec70c09,L04 Ryan,Ryan_2_intro,4,Ryan,"Hola, qué bueno estar de vuelta."
921bd4effdaa2a2f,L04 Ryan,Ryan_2_intro,5,Ryan,Ja... sí que te gusta ese sonido.
387d0da740d0826e,L04 Ryan,Ryan_2_intro,6,Ryan,Necesito otro lavado.
e542b800ecfc350a,L04 Ryan,Ryan_2_intro,7,Ryan,Intento alejarme de casa un rato.
78b22bcc76942425,L04 Ryan,Ryan_2_intro,8,Ryan,Salí con unos amigos.
21abbb56e463a200,L04 Ryan,Ryan_2_intro,9,Ryan,Los marcadores fueron divertidos.
da3405e1151a476e,L04 Ryan,Ryan_2_intro,10,Ryan,Pero creo que ya es hora de limpiarme.
41dc14e2cd744b1b,L04 Ryan,Ryan_2_intro,11,Kobold,"Ah, claro. Pasa."
b231225bfcc08d4c,L04 Ryan,Ryan_2_intro,12,Kobold,¿Va todo bien?
056b5511850d7220,L04 Ryan,Ryan_2_intro,13,Ryan,"Vale, gracias."
b4e4d893367947a0,L04 Ryan,Ryan_2_intro,14,Ryan,"Sí, todo bien. Perdona."
c9cdea9d31e53d5b,L04 Ryan,Ryan_2_intro,15,Ryan,Solo fue un día duro. ¡Espero que esto ayude!
ab74167fe23c9db5,L04 Ryan,Ryan_2_intro,17,Ryan,"Bueno, eh... ¿la puerta?"
5cbc0ceea57587db,L04 Ryan,Ryan_2_intro,18,Kobold,Ah... sí. Voy.
08411b780900fb59,L04 Ryan,Ryan_2_intro,19,Kobold,Por supuesto. ¡Un momento!
a386908e3024f35e,L04 Ryan,Ryan_2_intro,20,Ryan,Genial.
# --- progress: Ryan_2_required ---
580684f8909e025d,L04 Ryan,Ryan_2_required,1,Ryan,Oye.
b4eff799a0271863,L04 Ryan,Ryan_2_required,2,Kobold,¿Hm?
fad448038cd06268,L04 Ryan,Ryan_2_required,3,Kobold,¿Qué pasa?
a1dd2ff2d1ef6beb,L04 Ryan,Ryan_2_required,4,Ryan,¿Puedo hacerte una pregunta?
2acd4405a7f14ae3,L04 Ryan,Ryan_2_required,5,Kobold,"Ya lo estás haciendo, ¿qué pasa?"
c10c037156053bfe,L04 Ryan,Ryan_2_required,6,Kobold,Claro.
4f6d869aa239596c,L04 Ryan,Ryan_2_required,7,Ryan,"Ah, cierto. Perdón."
0fa0dff561f86016,L04 Ryan,Ryan_2_required,8,Ryan,"Bueno, sobre... las relaciones."
9a38b89ed035e464,L04 Ryan,Ryan_2_required,9,Ryan,Si una relación es <i>tan</i> difícil y sabes que va a terminar.
9b943020b9ae2658,L04 Ryan,Ryan_2_required,10,Ryan,Y ya lo has intentado todo.
954ba66a076849a5,L04 Ryan,Ryan_2_required,12,Ryan,¿Cuándo terminas de verdad la relación?
f173e528733bb05a,L04 Ryan,Ryan_2_required,13,Kobold,Ay... Ryan...
7b102f547a549072,L04 Ryan,Ryan_2_required,14,Kobold,No... estoy seguro de poder responderte eso.
d74bb8fcbf89b62a,L04 Ryan,Ryan_2_required,15,Ryan,Lo sé. Sé que no debería soltarte todo esto.
64973f6ac9ac08be,L04 Ryan,Ryan_2_required,16,Ryan,Es que eres alguien con quien es muy cómodo estar.
93fa9e1a16f34a7d,L04 Ryan,Ryan_2_required,17,Ryan,Tienes razón... No hay forma de que pudieras.
797653f5e081152e,L04 Ryan,Ryan_2_required,18,Ryan,Solo me alegra no sentirme juzgado aquí.
b11d41e01fefb995,L04 Ryan,Ryan_2_required,20,Kobold,Gracias. A mí también me gusta estar contigo.
c6df1e087ef5d8e4,L04 Ryan,Ryan_2_required,21,Kobold,Espero que las cosas mejoren.
ebb96171ea7628a0,L04 Ryan,Ryan_2_required,22,Ryan/Kobold/Alexander,Me alegro.
91c0e3e9014024af,L04 Ryan,Ryan_2_required,23,Ryan,yo también.
# --- outro: Ryan_2_Outro ---
cb57ee6155ed6ca5,L04 Ryan,Ryan_2_Outro,1,Ryan,Muy bien. Todo limpio.
f6d370e531334fab,L04 Ryan,Ryan_2_Outro,2,Ryan,Perdona por soltarte todo eso antes.
a402a75e0522e087,L04 Ryan,Ryan_2_Outro,3,Kobold,¡No pasa nada!
94e0ea6f97e24a81,L04 Ryan,Ryan_2_Outro,4,Kobold,Sé que las cosas pueden ser difíciles.
4f66abc45de7ff53,L04 Ryan,Ryan_2_Outro,5,Ryan/Alexander,Es usted muy amable.
line:15f55959,L04 Ryan,Ryan_2_Outro,5,Ryan,Eres muy dulce.
ee65a6c9748b539c,L04 Ryan,Ryan_2_Outro,6,Ryan,Ojalá fuera tan fácil como en las películas.
0e95dd9dae12e50e,L04 Ryan,Ryan_2_Outro,7,Kobold,"Vuelve cuando quieras, Ryan."
78c778b6ee0575d9,L04 Ryan,Ryan_2_Outro,8,Kobold,"Si quieres hablar más del tema, tengo un minuto."
f204fcc6b711621e,L04 Ryan,Ryan_2_Outro,9,Ryan,"Lo haré, gracias."
72eaafd8ad3f6b0d,L04 Ryan,Ryan_2_Outro,10,Ryan,¿Seguro? No es que sea... algo divertido.
fe454a1e25772898,L04 Ryan,Ryan_2_Outro,11,Kobold,Tienes razón. No debería entrometerme.
513af1a2eeeef9b6,L04 Ryan,Ryan_2_Outro,12,Kobold,"No pasa nada, parece que lo necesitas."
f3ff11acd1b54309,L04 Ryan,Ryan_2_Outro,13,Ryan,Tranquilo. Gracias.
0b61ba409dc46906,L04 Ryan,Ryan_2_Outro,14,Ryan,"Sí, tienes razón."
5459b9d74fb7a529,L04 Ryan,Ryan_2_Outro,15,Ryan,Bueno. Mi novia llegó a casa antes que yo. Es una dragona que trabaja desde casa.
2cd54468954ee8c7,L04 Ryan,Ryan_2_Outro,16,Ryan,Llegué a casa un poco sucio. Y me gritó.
f7e4ec27dd7d6527,L04 Ryan,Ryan_2_Outro,17,Ryan,Me dijo que fuera a un lavadero y se hizo la súper ofendida.
2880304176197c02,L04 Ryan,Ryan_2_Outro,18,Ryan,Estaba... <i>muy</i> molesta porque yo estaba lleno de barro.
250b97243d1df1f7,L04 Ryan,Ryan_2_Outro,19,Kobold,¿Por eso viniste la primera vez?
bc78d04f7d5861dc,L04 Ryan,Ryan_2_Outro,20,Kobold,Suena a que ella exageró bastante.
08a70054f59e703a,L04 Ryan,Ryan_2_Outro,21,Ryan,Sí...
6079131a1c79adef,L04 Ryan,Ryan_2_Outro,22,Ryan,Pero la verdad es que me has ayudado mucho.
92536deee525f694,L04 Ryan,Ryan_2_Outro,23,Ryan,Me diste tiempo para pensar.
c3be2f1d3fa4404d,L04 Ryan,Ryan_2_Outro,25,Ryan,Eso mismo pensé yo.
9ebcf8a46cc189b7,L04 Ryan,Ryan_2_Outro,26,Ryan,Creo que está molesta por otra cosa...
8c3115a4e2a9a664,L04 Ryan,Ryan_2_Outro,27,Ryan,Es solo que no me gusta que lo pague conmigo.
393d8e5925dc5937,L04 Ryan,Ryan_2_Outro,31,Ryan,En fin...
7258b4e037805024,L04 Ryan,Ryan_2_Outro,32,Ryan,Gracias por escuchar.
951382e00968439d,L04 Ryan,Ryan_2_Outro,33,Kobold,"Cuando quieras, Ryan."
c41f39341b6c49ef,L04 Ryan,Ryan_2_Outro,34,Kobold,Por supuesto. Siento que estés pasando por todo esto.
553b3b011e56f6e2,L04 Ryan,Ryan_2_Outro,36,Ryan,No pasa nada. Ya se me ocurrirá algo.
bd7468846a30d095,L04 Ryan,Ryan_2_Outro,37,Kobold,Voy a abrirte la puerta.
a7f68522a6e41971,L04 Ryan,Ryan_2_Outro,38,Ryan,"¡Vale, adiós!"

# ===== Level 5: Conrad (Rainy) | sets level_5 | ends MedkitCompleted, level_5_complete =====
# --- intro: Conrad_Intro_2 ---
ed1060b120921b51,L05 Conrad,Conrad_Intro_2,1,Conrad,¿Tienes un botiquín?
33b8a4a45ccc09d4,L05 Conrad,Conrad_Intro_2,2,Kobold,¡¿Qué pasó?!
0a1daca6a7ffe060,L05 Conrad,Conrad_Intro_2,3,Kobold,"Oh, no, Conrad. ¿Estás bien?"
20e5d8710e635ec0,L05 Conrad,Conrad_Intro_2,4,Conrad,No tengo por qué contártelo.
20e7bf03f9acda80,L05 Conrad,Conrad_Intro_2,5,Conrad,"Bueno, ¿tienes un botiquín o no?"
b5df9715ed2e91ed,L05 Conrad,Conrad_Intro_2,6,Conrad,¿Tengo pinta de estar bien?
b91e8be1b03d1b61,L05 Conrad,Conrad_Intro_2,7,Conrad,No. No lo estoy. ¿Tienes un botiquín o no?
f974998c16103aa0,L05 Conrad,Conrad_Intro_2,8,Kobold,"Sí, tengo uno."
8ca82a3bb03f138c,L05 Conrad,Conrad_Intro_2,9,Kobold,Sí. Pero ¿qué pasó?
a94b34f629b2029a,L05 Conrad,Conrad_Intro_2,10,Conrad,Solo... abre la puerta.
# --- progress: Conrad_required_2 ---
4356fa179bb80e09,L05 Conrad,Conrad_required_2,1,Conrad,Soy un puto idiota.
d886f3d923f9c796,L05 Conrad,Conrad_required_2,2,Conrad,¡Esta es justo la clase de mierda que intento evitar!
ea8c1853a7d5966c,L05 Conrad,Conrad_required_2,3,Kobold,¿Quieres contarme qué pasó...?
bded00d07cb1e457,L05 Conrad,Conrad_required_2,4,Kobold,Siento que te hayan hecho daño...
02f000041eb5ab82,L05 Conrad,Conrad_required_2,5,Conrad,"¡Joder, no! Es vergonzoso, mierda."
58356b98fdf40dc3,L05 Conrad,Conrad_required_2,7,Conrad,¡No quiero tu lástima!
cb7847cb63566364,L05 Conrad,Conrad_required_2,9,Conrad,Es solo que...
b48f291ebc6b18fe,L05 Conrad,Conrad_required_2,10,Conrad,Odio que siempre acabe metido en situaciones así.
519b07c299436f2a,L05 Conrad,Conrad_required_2,11,Conrad,Empieza a parecer que la culpa es <i>mía</i>.
f5ad489eeba50b01,L05 Conrad,Conrad_required_2,12,Kobold,"<i>Esto</i> no es culpa tuya, Conrad."
6402f4608ceb7bbb,L05 Conrad,Conrad_required_2,13,Kobold,Siento mucho que te hayan hecho daño. ¿Quién fue?
8e59613d6cd60464,L05 Conrad,Conrad_required_2,14,Conrad,De verdad creo que esta vez sí lo fue...
7058e362e43623f0,L05 Conrad,Conrad_required_2,15,Conrad,Un draco en el bar... Fui un estúpido. No supe cerrar la boca.
ea289ebcdd7e81ef,L05 Conrad,Conrad_required_2,16,Conrad,Un draco cualquiera en el bar. Fui un estúpido... No supe cerrar la boca.
aff317c06781bc70,L05 Conrad,Conrad_required_2,17,Conrad,¡No lo entiendo! ¿Por qué tengo que comportarme así?
da5eed4c72eb1073,L05 Conrad,Conrad_required_2,18,Kobold,¿Comportarte cómo?
193bb66a944990a8,L05 Conrad,Conrad_required_2,19,Kobold,"A mí me pareces bastante genial, Conrad."
c69250ea092a7fcd,L05 Conrad,Conrad_required_2,20,Conrad,Como... ¿un cabrón? Sé que es una mierda estar conmigo.
c2f21da58e28df4f,L05 Conrad,Conrad_required_2,21,Conrad,Eres amable. Es más de lo que merezco.
9c529e9f79f39a21,L05 Conrad,Conrad_required_2,22,Conrad,Soy un cabrón. Sé que lo soy.
4b7317a793a0f728,L05 Conrad,Conrad_required_2,23,Conrad,Perdona por haberte gritado antes.
c4c0c9950baa723f,L05 Conrad,Conrad_required_2,24,Conrad,No te lo mereces.
9fa8cd9193124e79,L05 Conrad,Conrad_required_2,25,Kobold,Tranquilo. Está claro que estás pasando por mucho.
249133e0671a807b,L05 Conrad,Conrad_required_2,26,Kobold,No pasa nada.
c61717fe95ec2b9c,L05 Conrad,Conrad_required_2,27,Conrad,Eso no significa que tenga que gritarte.
652daa6043287e1b,L05 Conrad,Conrad_required_2,28,Conrad,Se acabaron las excusas.
65b4e7b9caad6028,L05 Conrad,Conrad_required_2,29,Conrad,"No, sí pasa. Se acabaron las excusas."
334ade0356dff453,L05 Conrad,Conrad_required_2,30,Conrad,Tengo que ser mejor. <i>Quiero </i>ser mejor.
1d190e45e1ddc239,L05 Conrad,Conrad_required_2,31,Conrad,"Solo, ehm... No le digas a nadie que estoy diciendo todo esto."
3969155d983b9b32,L05 Conrad,Conrad_required_2,32,Kobold,Tu secreto está a salvo conmigo.
bd7f2cf961e397ca,L05 Conrad,Conrad_required_2,33,Kobold,No lo haré.
0cd12abef67edc64,L05 Conrad,Conrad_required_2,34,Conrad,...Gracias.
bbaef120c3a81475,L05 Conrad,Conrad_required_2,35,Conrad,Y me alegra que tengas un botiquín... Estás muy preparado.
# --- jerkoff: conrad_jerk_off_no ---
f81a53c29135dfa5,L05 Conrad,conrad_jerk_off_no,1,Conrad,"Oye, eh... Ahora no."
# --- outro: Conrad_Outro_2 ---
7f9f3c8d0db46cbf,L05 Conrad,Conrad_Outro_2,1,Conrad,Ya me siento mucho mejor.
d4a62b147d5a622b,L05 Conrad,Conrad_Outro_2,2,Kobold,¿física o emocionalmente?
0d49a74e82a2356a,L05 Conrad,Conrad_Outro_2,4,Conrad,Las dos.
c38c5771c6cf6118,L05 Conrad,Conrad_Outro_2,5,Conrad/Ryan,Yo también.
7e30c436a9112ecd,L05 Conrad,Conrad_Outro_2,6,Conrad,Eres... genial.
229bd072e07a3d53,L05 Conrad,Conrad_Outro_2,7,Conrad,Lo digo en serio. De verdad.
ba15304b6e669701,L05 Conrad,Conrad_Outro_2,8,Kobold,Solo hago lo que creo que es correcto.
1fb463b57138c081,L05 Conrad,Conrad_Outro_2,9,Kobold,Tú también me pareces genial. Mejorar uno mismo es difícil.
56c81331bdf0858e,L05 Conrad,Conrad_Outro_2,10,Conrad,Espero poder aprender de eso.
3e2cb05f5d39c6e5,L05 Conrad,Conrad_Outro_2,11,Conrad,"Gracias, pero voy a ser mejor. Lo prometo."
8a3ca437a0d6d164,L05 Conrad,Conrad_Outro_2,12,Conrad,Te dejo en paz de una vez...
c90e3d1d20fadd0f,L05 Conrad,Conrad_Outro_2,13,Conrad,Me aseguraré de volver.

# ===== Level 6: Alexander (Night) | sets level_6_started =====
# --- intro: Alexander_2_intro ---
44aa15e695b4e0d5,L06 Alexander,Alexander_2_intro,1,Alexander,Gracias a las estrellas que está abierto.
840851d0f7570dd9,L06 Alexander,Alexander_2_intro,2,Kobold,¿Alexander...?
d786fe5166ed78b0,L06 Alexander,Alexander_2_intro,3,Kobold,"Ehhhm, no exactamente."
b5707c134254e827,L06 Alexander,Alexander_2_intro,4,Alexander,Sí. Necesito un lavado. ¡La situación es bastante grave!
5962824d5ad2d472,L06 Alexander,Alexander_2_intro,5,Alexander,Este es un trabajo que solo usted puede hacer.
4006d568c80ab534,L06 Alexander,Alexander_2_intro,6,Alexander,Pagaré el doble. El triple... ¡Este es un trabajo que solo usted puede hacer!
a17a2764777e0b60,L06 Alexander,Alexander_2_intro,7,Kobold,"Ah. Entonces sí, estamos abiertos."
1e5b9c4d7c7853fa,L06 Alexander,Alexander_2_intro,8,Alexander,¡Excelente!
e36d5a8ffbc61b8c,L06 Alexander,Alexander_2_intro,9,Kobold,¿qué pasó?
c43599f1e3538c5c,L06 Alexander,Alexander_2_intro,10,Kobold,¿por qué viene tan tarde?
c63c466c3e28f286,L06 Alexander,Alexander_2_intro,11,Alexander,"Mi colega, el profesor Igwyx, deseaba usarme como plataforma."
dfb6e95e4715f76e,L06 Alexander,Alexander_2_intro,12,Alexander,"Se lo permití, pues mi estatura ofrece una altura más que suficiente."
9da4c08f2c9d94f9,L06 Alexander,Alexander_2_intro,13,Alexander,Sin embargo...
149351e2d565febf,L06 Alexander,Alexander_2_intro,14,Alexander,Hubo un fallo en su método.
b54a89ba26aaeaa1,L06 Alexander,Alexander_2_intro,15,Kobold,¡¿SE MURIÓ?!
0ee302086c5ae61a,L06 Alexander,Alexander_2_intro,16,Kobold,¿A dónde fue...?
2cc9a59ae14e4845,L06 Alexander,Alexander_2_intro,17,Alexander,¿qué?
3b20ece829b0bd68,L06 Alexander,Alexander_2_intro,18,Alexander,no.
93f6d587969b0e78,L06 Alexander,Alexander_2_intro,19,Alexander,"Tras su conflagración espontánea, me aseguré de darle privacidad."
1d37ba6f405ce0fd,L06 Alexander,Alexander_2_intro,20,Alexander,Su forma física se está reconstituyendo actualmente en la sala de profesores.
27c227129d961114,L06 Alexander,Alexander_2_intro,21,Alexander,Todo mago que se respete tiene una pluma de fénix a mano.
9e99fec970b38818,L06 Alexander,Alexander_2_intro,22,Kobold,Claro. Pluma de fénix. Obviamente.
0549826a698aad1c,L06 Alexander,Alexander_2_intro,23,Kobold,Vale. Abro el negocio. Deme un segundo.
9e85e9ab574cfc16,L06 Alexander,Alexander_2_intro,24,Alexander,Olvido la ignorancia del profano. Le pido disculpas.
359439ec513e7e35,L06 Alexander,Alexander_2_intro,25,Kobold,"Ajá, voy a abrir la puerta."
28fa9c1bb5161161,L06 Alexander,Alexander_2_intro,26,Alexander,¡Dese prisa! Mi reputación está en juego.
# --- progress: Alexander_2_required ---
cc99c01887a9b5f1,L06 Alexander,Alexander_2_required,1,Alexander,Estoy profundamente avergonzado por todo este asunto.
e33e953efb157171,L06 Alexander,Alexander_2_required,2,Kobold,No es para tanto. Parece que todos están bien.
c054502c35602985,L06 Alexander,Alexander_2_required,3,Kobold,No hace falta.
98cbb728e5fb19f2,L06 Alexander,Alexander_2_required,4,Alexander,Eso nunca fue una preocupación. Soy un dragón bastante reacio al riesgo.
c1d152bd1a4b22f1,L06 Alexander,Alexander_2_required,5,Alexander,Es muy amable de su parte decirlo.
0da1bbeb76d9ef60,L06 Alexander,Alexander_2_required,6,Alexander,"Sin embargo, mi <i>imagen</i> es mucho más permanente que las efímeras formas físicas de Igwyx."
54021b5f26568c41,L06 Alexander,Alexander_2_required,7,Alexander,Esa es la fuente de mi preocupación...
3a363409d3ae72f1,L06 Alexander,Alexander_2_required,8,Alexander,¡Y por eso usted es perfecto para este trabajo!
# --- outro: Alexander_2_Outro ---
abc1043955962614,L06 Alexander,Alexander_2_Outro,1,Alexander,Perfectamente limpio otra vez. Gracias por atenderme a estas horas.
2de23f0bdf3de327,L06 Alexander,Alexander_2_Outro,2,Kobold,Dinero... mmm...
082cb158de32f2d9,L06 Alexander,Alexander_2_Outro,3,Kobold,No hay problema.
374214d86f810d53,L06 Alexander,Alexander_2_Outro,4,Alexander,"Ja, es un buen incentivo."
7ff22bb553842005,L06 Alexander,Alexander_2_Outro,5,Alexander,¡Al menos ya no!
01b524bd7165a166,L06 Alexander,Alexander_2_Outro,6,Alexander,Nunca esperé confiarle cosas tan vergonzosas a alguien.
704866fd76bd9fb8,L06 Alexander,Alexander_2_Outro,7,Kobold,Siempre me alegra ayudar. <i><size=70%> sobre todo a un dragón grande.
dd573253630e8021,L06 Alexander,Alexander_2_Outro,8,Kobold,Me alegra que confíe en mí.
d6b066332b6d8b9a,L06 Alexander,Alexander_2_Outro,9,Alexander,Me alegra que usted también disfrute con esto.
762c20b866b7b263,L06 Alexander,Alexander_2_Outro,10,Alexander,A mí también.
5fc37d4eda289c06,L06 Alexander,Alexander_2_Outro,11,Alexander,No sé por qué es tan fácil hablar con usted.
5a2661b79c536b73,L06 Alexander,Alexander_2_Outro,12,Alexander,La mirada de todos carga con un peso inmenso.
0ddbb1a880fb5b54,L06 Alexander,Alexander_2_Outro,13,Alexander,La suya no. Es agradable.
df9e3e9397757b17,L06 Alexander,Alexander_2_Outro,14,Kobold,Las expectativas son un rooollo.
5b4ce4081cac21b5,L06 Alexander,Alexander_2_Outro,15,Kobold,¡Solo hago mi trabajo!
1acd1b8d362287ec,L06 Alexander,Alexander_2_Outro,16,Alexander,"Lo son, sin duda..."
cbbaf40d803468a2,L06 Alexander,Alexander_2_Outro,17,Alexander,Y lo hace muy bien.

# ===== Level 7: Ryan (Sunny) =====
# --- intro: Ryan_3_intro ---
49e50c5be7d1583e,L07 Ryan,Ryan_3_intro,2,Kobold,¡Ryan!
346181d6c9954315,L07 Ryan,Ryan_3_intro,3,Kobold,¡Bienvenido de nuevo!
c1cff3dbff6bfce2,L07 Ryan,Ryan_3_intro,4,Ryan,Ese soy yo.
03810482331af8e2,L07 Ryan,Ryan_3_intro,5,Ryan,Contento de estar aquí.
e1a42aae663ccf1f,L07 Ryan,Ryan_3_intro,6,Ryan,Vine por otro lavado.
fc7ed7b68999fdae,L07 Ryan,Ryan_3_intro,7,Ryan,Yo...
be0667bb01a8cd65,L07 Ryan,Ryan_3_intro,8,Ryan,Olvídalo. ¿Puedes abrir la puerta?
20ed966db540aaaf,L07 Ryan,Ryan_3_intro,9,Kobold,"Sí, ahora mismo te la abro."
6c0973b0166d3528,L07 Ryan,Ryan_3_intro,10,Kobold,¿Ryan? ¿Seguro que todo va bien...?
8dff101cb2298f67,L07 Ryan,Ryan_3_intro,12,Ryan,"No, la verdad es que no."
1990b3ec8cd88a48,L07 Ryan,Ryan_3_intro,13,Ryan,Te lo cuento en un rato. ¿Podrías abrir la puerta por ahora?
85fec70372b092bb,L07 Ryan,Ryan_3_intro,14,Kobold/Conrad,Sí.
33e04b2f805d0e1a,L07 Ryan,Ryan_3_intro,15,Kobold,Vale. Pero espero que estés bien.
f51bead488e14b65,L07 Ryan,Ryan_3_intro,16,Ryan/Conrad/Alexander,Gracias.
aac215f048e8ee54,L07 Ryan,Ryan_3_intro,17,Ryan,Me las arreglaré.
# --- progress: Ryan_3_required ---
eb256f4dcddfee94,L07 Ryan,Ryan_3_required,1,Ryan,Sobre lo de antes.
1a17d73907f63be1,L07 Ryan,Ryan_3_required,2,Ryan,Hace unos días...
87a781aa9b0c0136,L07 Ryan,Ryan_3_required,3,Ryan,Rompí con mi pareja...
f68b8d76138a2a69,L07 Ryan,Ryan_3_required,4,Kobold,Oh... lo siento mucho.
d6077ef6cdb59db1,L07 Ryan,Ryan_3_required,5,Kobold,"Ay, Ryan."
d296154ff317814a,L07 Ryan,Ryan_3_required,6,Ryan,No pasa nada. Tenía que hacerlo. No me hacía feliz.
8a2e2803c1bc2ea7,L07 Ryan,Ryan_3_required,7,Ryan,Yo tampoco la hacía feliz a ella.
d9e1edc2e966ec26,L07 Ryan,Ryan_3_required,8,Ryan,Pero ninguna justificación hace que se sienta bien.
769c31039308d04d,L07 Ryan,Ryan_3_required,9,Kobold,Me alegra que pudieras tomar la decisión que era mejor para ti.
460c50191c964260,L07 Ryan,Ryan_3_required,10,Kobold,Nunca es fácil terminar las cosas.
8825be71018f7f88,L07 Ryan,Ryan_3_required,11,Ryan,Sí. Al menos gracias a eso te conocí.
3e43d550d0572c10,L07 Ryan,Ryan_3_required,12,Ryan,Sí... De verdad que no lo es.
8948d011be56c311,L07 Ryan,Ryan_3_required,13,Ryan,Pero ¡al menos te conocí!
e484863d425a58e8,L07 Ryan,Ryan_3_required,14,Kobold,"Gracias, Ryan. A mí también me alegra haberte conocido."
1af4464c602a423a,L07 Ryan,Ryan_3_required,15,Kobold/Conrad,"Aw, gracias."
e39173e934f56c78,L07 Ryan,Ryan_3_required,16,Ryan,Estos lavados de verdad hacen las cosas más fáciles.
94f45fc9f39121cd,L07 Ryan,Ryan_3_required,17,Ryan,"Además, se sienten muy bien."
# --- outro: Ryan_3_Outro ---
01e6332ab274c6d3,L07 Ryan,Ryan_3_Outro,1,Ryan,Estoy bastante seguro de que eso fue todo.
26fef1581467462d,L07 Ryan,Ryan_3_Outro,2,Ryan,Gracias. Haces que todo esto sea mucho más llevadero.
021d801f68652852,L07 Ryan,Ryan_3_Outro,3,Kobold,"Aquí siempre eres bienvenido, Ryan."
dc18b85912d460dd,L07 Ryan,Ryan_3_Outro,4,Kobold,¡Eres uno de mis clientes favoritos!
7ee443bc5e93fadb,L07 Ryan,Ryan_3_Outro,5,Ryan,Siempre me haces sentir bienvenido.
c851929ab3cd9537,L07 Ryan,Ryan_3_Outro,6,Ryan,Aw... Gracias. ¿Es raro que te considere...
e0464d0955af808a,L07 Ryan,Ryan_3_Outro,7,Ryan,un muy buen amigo?
674d9f74349966ca,L07 Ryan,Ryan_3_Outro,8,Kobold,"<size=70%><i>oah...</i> no, la verdad es que es genial."
e2c8744d410cb6f6,L07 Ryan,Ryan_3_Outro,9,Kobold,Yo también te considero un buen amigo.
29fee2ec355f7967,L07 Ryan,Ryan_3_Outro,10,Ryan,Ah... ¡Me alegro!
51200db7892ee7e1,L07 Ryan,Ryan_3_Outro,11,Ryan,Aww... gracias.
91c56a4e9213a4b0,L07 Ryan,Ryan_3_Outro,12,Ryan,Vale. Ya debería dejarte en paz.
523791f6550c3508,L07 Ryan,Ryan_3_Outro,13,Ryan,"Volveré otra vez, ¿sí?"
667cadad21e120f0,L07 Ryan,Ryan_3_Outro,14,Kobold,¡Vale! Voy a abrirte la puerta.
18f0197237db4a52,L07 Ryan,Ryan_3_Outro,15,Kobold,Con ganas de verte de nuevo.
952d54adb781ab58,L07 Ryan,Ryan_3_Outro,16,Ryan,Gracias. Hasta pronto.

# ===== Level 8: Conrad (Sunny) | sets DeliveredMountFrame =====
# --- intro: Conrad_Intro_3 ---
c2ce80cda53b3e12,L08 Conrad,Conrad_Intro_3,1,Conrad,"Ey, grandullón."
ef92f8b9796dcaad,L08 Conrad,Conrad_Intro_3,2,Kobold,Soy un... kóbold.
3faf8798d815fbcc,L08 Conrad,Conrad_Intro_3,3,Kobold,"Hola, Conrad."
fe810d1ef6bbca3f,L08 Conrad,Conrad_Intro_3,4,Conrad,Eh... Sí.
fe59e121f203b436,L08 Conrad,Conrad_Intro_3,5,Conrad,Je. Sí. Ese soy yo.
a911f2d8e77038c7,L08 Conrad,Conrad_Intro_3,6,Conrad,"Parece que te llegó un envío, ¿eh?"
403e617f71fdbd7d,L08 Conrad,Conrad_Intro_3,7,Conrad,¿Qué había en esas cajas abiertas?
2fa26a557574f06d,L08 Conrad,Conrad_Intro_3,8,Kobold,Conseguí un potro.
ba689238087b547e,L08 Conrad,Conrad_Intro_3,9,Kobold,Es el potro que pediste.
a1d3f8d9c7e16f54,L08 Conrad,Conrad_Intro_3,10,Conrad,<size=160%>¡DE PUTA MADRE!
24f5fb4981989960,L08 Conrad,Conrad_Intro_3,11,Conrad,<size=100%>Digo... Genial.
086c8ec178979d9b,L08 Conrad,Conrad_Intro_3,12,Conrad,¡Ahora déjame entrar! ¡Quiero probar esa cosa!
8b742c36f3da7059,L08 Conrad,Conrad_Intro_3,13,Kobold,Vale...
3a1b28ba58f06ac8,L08 Conrad,Conrad_Intro_3,14,Kobold,Voy a abrir la puerta.
c2ac4efff25192d6,L08 Conrad,Conrad_Intro_3,15,Conrad,No... lo digas con ese tono.
faa0b4a641d866a4,L08 Conrad,Conrad_Intro_3,17,Conrad,¡Vamos allá~!
f030a371b944e9be,L08 Conrad,Conrad_Intro_3,18,Conrad/Ryan,"¡Ya lo creo, joder!"
# --- phone: Conrad_3_PhoneTutorial ---
eb8e96751da9e008,L08 Conrad,Conrad_3_PhoneTutorial,1,Phone,¡Recibimos su solicitud del potro!
4369749a5a3394e9,L08 Conrad,Conrad_3_PhoneTutorial,2,Kobold,¿Qué...?
339397c0d1c1f21f,L08 Conrad,Conrad_3_PhoneTutorial,3,Phone,Llegó esta mañana; debería estar cerca de la puerta.
f1968abec4612ffb,L08 Conrad,Conrad_3_PhoneTutorial,4,Phone,"Use la palanca para abrirlo y colóquelo en el almacén, ¿quiere?"
435c7e974ca94c84,L08 Conrad,Conrad_3_PhoneTutorial,6,Phone,Maravilloso. Que tenga un día <i>productivo</i>.
# --- idle: Conrad_idle_3_1 ---
37950c8a8db90865,L08 Conrad,Conrad_idle_3_1,1,Conrad,"Si me colocas el potro, me pongo con él."
8f224115163c0dbe,L08 Conrad,Conrad_idle_3_1,2,Conrad,"Ey, usa las manos en mi polla... ¡se siente bien!"
785bfdcdb6a67739,L08 Conrad,Conrad_idle_3_1,3,Conrad,"Bueno, eh, ¿me abres la puerta?"
# --- idle: Conrad_idle_3_2 ---
c1dc3477631255b7,L08 Conrad,Conrad_idle_3_2,1,Conrad,Me gusta el potro que elegiste. ¿Lo traes?
4557c47a615d9810,L08 Conrad,Conrad_idle_3_2,2,Conrad,Buenooo. ¿Me vas a hacer una paja o qué?
7e079188b55eb03d,L08 Conrad,Conrad_idle_3_2,3,Conrad,Gracias por eso. Se sintió jodidamente bien.
# --- jerkoff: Conrad_started_jerkoff_3 ---
ccd88381d07a0b21,L08 Conrad,Conrad_started_jerkoff_3,1,Conrad,"Ah, sí, eso es... sigue así."
# --- cum: Conrad_finished_jerkoff_3 ---
10069c101bcc95c1,L08 Conrad,Conrad_finished_jerkoff_3,1,Conrad,...!
82d37703a9140210,L08 Conrad,Conrad_finished_jerkoff_3,2,Conrad,"Joder, sí que sabes usar las manos."
95be71f702fae4a6,L08 Conrad,Conrad_finished_jerkoff_3,5,Kobold,Ja... <size=70%> sí.
b60c2f975eedb833,L08 Conrad,Conrad_finished_jerkoff_3,6,Kobold,Claro que sí. Soy un <i>profesional</i>.
f9e0d3cba1f3548e,L08 Conrad,Conrad_finished_jerkoff_3,7,Conrad,Siempre es bueno que un kóbold sepa lo que le gusta.
0eb2a1e25a35e85e,L08 Conrad,Conrad_finished_jerkoff_3,8,Conrad,Yo también.
83d081eadc40b86b,L08 Conrad,Conrad_finished_jerkoff_3,10,Conrad,En recibir pajas.
# --- cum: Conrad_Outro_3 | if $conrad_jerked_off_3 $conrad_used_mount_3 ---
6f64e0cc9b162541,L08 Conrad,Conrad_Outro_3,1,Conrad,"Ey, mira. Estaba pensando..."
dd5acacdb6c59489,L08 Conrad,Conrad_Outro_3,2,Conrad,Quizá sea raro preguntarlo ahora. Peeeero.
7f39f874a107d858,L08 Conrad,Conrad_Outro_3,3,Conrad,"¿Conoces algún sitio guay, o gente, con quien pueda juntarme?"
df48dbfe82678dea,L08 Conrad,Conrad_Outro_3,4,Kobold,"<gradient=""gold""><b> Conozco a un dragón, Ryan. ¿Podría ponerlos en contacto? </b></gradient><size=70%>(Desbloquea el encuentro Conrad/Ryan O el romance con Ryan)"
7b870878852ee72d,L08 Conrad,Conrad_Outro_3,5,Kobold,"<gradient=""gold""><b> A mí no me importaría salir contigo... </b></gradient><size=70%> (Desbloquea el romance con Conrad)"
ac6820f366b18b44,L08 Conrad,Conrad_Outro_3,6,Conrad,¿Otro dragón? Normalmente no me llevo muy bien...
de6f58682bdaacf9,L08 Conrad,Conrad_Outro_3,7,Kobold,"Oh, no. Ryan es un encanto."
d4185d9f80a34228,L08 Conrad,Conrad_Outro_3,8,Kobold,"No te preocupes, es muy majo."
9df619228ba627fc,L08 Conrad,Conrad_Outro_3,9,Conrad,Vale. Entonces creo que me gustaría intentarlo.
d88679eede302f8e,L08 Conrad,Conrad_Outro_3,10,Kobold,Se lo preguntaré la próxima vez que lo vea.
7984d45df6290f6c,L08 Conrad,Conrad_Outro_3,11,Kobold,¡Creo que le gustaría el nuevo tú!
bf35fcb679c816dd,L08 Conrad,Conrad_Outro_3,12,Conrad,Gracias. Te lo agradecería de verdad.
d32db8ee98680d0f,L08 Conrad,Conrad_Outro_3,13,Conrad,Eso espero. De verdad quiero empezar de cero con alguien.
8623a4b26a9521d8,L08 Conrad,Conrad_Outro_3,14,Conrad,Pero seguramente ya debería irme.
30dcd5391100eeba,L08 Conrad,Conrad_Outro_3,15,Conrad,¡Gracias por la sugerencia!
f1ad7345d30997b4,L08 Conrad,Conrad_Outro_3,16,Kobold,No hay que agradecer. Voy a abrir la puerta.
404cba15a4acdcfe,L08 Conrad,Conrad_Outro_3,17,Kobold,Por supuesto.
8bf9f7d2ecce0105,L08 Conrad,Conrad_Outro_3,18,Conrad,Oooooh.
8929fe2569ae7455,L08 Conrad,Conrad_Outro_3,19,Conrad,¡Creo que eso me gustaría!
2358a2257260501f,L08 Conrad,Conrad_Outro_3,20,Conrad,Estás muy bueno.
c650e0aadadba99c,L08 Conrad,Conrad_Outro_3,21,Conrad,...y eres majo.
296f2ab03f8676ef,L08 Conrad,Conrad_Outro_3,23,Kobold,Yo también creo que eres especial.
17cf3cc7179b6817,L08 Conrad,Conrad_Outro_3,24,Conrad,Es... la primera vez que me haces un «yip».
c2599750a4dd9247,L08 Conrad,Conrad_Outro_3,25,Kobold,En kóbold significa que lo estás haciendo bien.
6f2ff920e860570d,L08 Conrad,Conrad_Outro_3,26,Conrad,Ah... ja. Eso me gusta.
8b7bdfb88553e72f,L08 Conrad,Conrad_Outro_3,27,Conrad,Me hace sentir bien oír eso.
e8ae0da9edb0a314,L08 Conrad,Conrad_Outro_3,28,Conrad,Bueno. ¿Qué tal una cita?
781cbcfcd7920f3f,L08 Conrad,Conrad_Outro_3,29,Kobold,Eso es rápido... ¡Pero creo que sí!
5f9a2b795615ba6a,L08 Conrad,Conrad_Outro_3,30,Kobold,Sí.
508f3cf175389841,L08 Conrad,Conrad_Outro_3,31,Conrad,¡Creo que me gustaría intentarlo!
c282dd1133ff96d4,L08 Conrad,Conrad_Outro_3,32,Conrad,¡Vale! Entonces volveré más tarde.
bfc65061708379d6,L08 Conrad,Conrad_Outro_3,33,Kobold,"<size=70%><i> hostia, acabo de conseguir una cita con un dragón."
cf78ef26075ae223,L08 Conrad,Conrad_Outro_3,34,Kobold,¡Sip! Voy a abrir la puerta.
6b8aa4fb55221728,L08 Conrad,Conrad_Outro_3,35,Conrad,¿Hmm?
c395eb5878798c08,L08 Conrad,Conrad_Outro_3,36,Kobold,¡Ah! Nada. Voy a abrir la puerta.
102e28eb7d17c7dd,L08 Conrad,Conrad_Outro_3,37,Conrad,"Ah, vale. Gracias."
ca518354e1f14735,L08 Conrad,Conrad_Outro_3,38,Conrad,"Vale, gracias."
# --- cum: Conrad_finished_jerkoff_3 ---
5dffcc40132f0ec4,L08 Conrad,Conrad_finished_jerkoff_3,11,Conrad,Ahora le estoy echando el ojo al potro...
45c2b89acdcfd55d,L08 Conrad,Conrad_finished_jerkoff_3,12,Conrad,¡Déjame probarlo!
57725c300be82fa5,L08 Conrad,Conrad_finished_jerkoff_3,13,Kobold,"Ah, vale. Voy a buscarlo."
1976e7477a26b680,L08 Conrad,Conrad_finished_jerkoff_3,14,Kobold/Ryan,¡Claro!
9e50b8e48f012f1f,L08 Conrad,Conrad_finished_jerkoff_3,15,Conrad,De puta madre.
# --- mount_start: Conrad_placed_mount_3 ---
b9778eb1fe076168,L08 Conrad,Conrad_placed_mount_3,1,Conrad,¡Ja! ¡Ahí está el potro!
86b1b615d536c6c9,L08 Conrad,Conrad_placed_mount_3,2,Conrad,"Bue<size=90%>e<size=80%>e<size=70%>e<size=60%>eno... <size=100%>No estoy sucio. Pero sí estoy <i>~sucio~</i>, ¿me entiendes?"
449244744c8bbd8a,L08 Conrad,Conrad_placed_mount_3,3,Kobold,Así que viniste solo para...
f8c28806b84cad3d,L08 Conrad,Conrad_placed_mount_3,4,Kobold,Sí. No fue muy caro.
cd4ecc87775c0780,L08 Conrad,Conrad_placed_mount_3,5,Conrad,"Follarme algo y luego, con suerte, una paja."
01e3f480dfe7930d,L08 Conrad,Conrad_placed_mount_3,6,Conrad,Una paja y follarme este potro.
7f9240260973e0ce,L08 Conrad,Conrad_placed_mount_3,7,Kobold,Eres... muy directo.
e0b48878cb57c01f,L08 Conrad,Conrad_placed_mount_3,8,Conrad,¡Claro que sí! Sé que soy muy...
1bd882b6a6343777,L08 Conrad,Conrad_placed_mount_3,9,Conrad,Guay.
557321787688acff,L08 Conrad,Conrad_placed_mount_3,11,Conrad,En fin. ¡Voy a usar esta cosa ya!
78e9c032e409d82d,L08 Conrad,Conrad_placed_mount_3,12,Conrad,"Ja, bien. ¡Vamos a estrenar esta cosa!"
# --- mount_finish: Conrad_finished_mount_3 ---
81b18a3cc2f69ea7,L08 Conrad,Conrad_finished_mount_3,1,Conrad,Uf.
748b06c5c3f0552b,L08 Conrad,Conrad_finished_mount_3,2,Conrad,Eso.
e92da2c203110197,L08 Conrad,Conrad_finished_mount_3,3,Conrad,Eso se sintió <i>bien</i>.
bcd00a8f7b94c7f1,L08 Conrad,Conrad_finished_mount_3,4,Kobold,Le estabas dando con ganas.
67d7d2492d388d84,L08 Conrad,Conrad_finished_mount_3,5,Kobold,Parecía que lo disfrutabas.
65e7a40050eb4acf,L08 Conrad,Conrad_finished_mount_3,6,Conrad,Siempre lo disfruto~
5c9126f1405a306c,L08 Conrad,Conrad_finished_mount_3,7,Conrad,"¡Ya lo creo, joder!"
d45c21a765584d3b,L08 Conrad,Conrad_finished_mount_3,8,Kobold,Qué bien... ¿Y ahora qué?
ae7bb31b012d1f51,L08 Conrad,Conrad_finished_mount_3,9,Conrad,"¡Ahora, segundo asalto!"
18b0b44df315e792,L08 Conrad,Conrad_finished_mount_3,10,Kobold,¿Otra vez...?
f395d053e5dcf326,L08 Conrad,Conrad_finished_mount_3,11,Conrad,"No, no. Eres un limpiador certificado, ¿no?"
5117686f8d936e47,L08 Conrad,Conrad_finished_mount_3,12,Conrad,¡Eso significa que sabes ponerte manos a la obra!
a441237f7aea8d53,L08 Conrad,Conrad_finished_mount_3,13,Kobold,oah. <size=70%>vale.
d2e773775c5bf598,L08 Conrad,Conrad_finished_mount_3,14,Kobold,Claro. Me pongo a ello.
d126a37255fb8144,L08 Conrad,Conrad_finished_mount_3,15,Conrad,Ja. Sí. <size=70%><i>Mola que en la escuela de limpieza te enseñen a hacerles pajas a dragones...
fba1924f5f79713e,L08 Conrad,Conrad_finished_mount_3,16,Conrad,"Bueno, suerte intentando abarcarme entero con las manos."
# --- mount_finish: Conrad_OutroDirty ---
9b363afaa9dc8a5f,L08 Conrad,Conrad_OutroDirty,1,Conrad,¡Todavía estoy todo sucio!
44aa54eec876d22e,L08 Conrad,Conrad_OutroDirty,2,Kobold,"Ay, culpa mía."
85d8ae405abc5722,L08 Conrad,Conrad_OutroDirty,3,Kobold,Ups.
# --- mount_finish: Conrad_OutroSoapy ---
d7bb84bfc322967e,L08 Conrad,Conrad_OutroSoapy,1,Conrad,¡Todavía estoy todo enjabonado!
# --- mount_finish: ErrorHasOccurred ---
9241fa9324783298,L08 Conrad,ErrorHasOccurred,1,ErrorHasOccurred,"Oh, mierad, algo salió mal"
fbc99d34c317d087,L08 Conrad,ErrorHasOccurred,2,ErrorHasOccurred,"si estás viendo esto, avisa a nael o envía un informe de error"
be7e08152c8d1556,L08 Conrad,ErrorHasOccurred,3,ErrorHasOccurred,¡perdón!
# --- mount_finish: Conrad_Outro | if $conrad_jerked_off_3 $conrad_used_mount_3 ---
c571db95fc1e4f78,L08 Conrad,Conrad_Outro,4,Conrad,"Ahh, bien limpio y con menos carga encima."
e374c1b3adfa0cf8,L08 Conrad,Conrad_Outro,5,Conrad,"Gracias, colega. Hasta mañana, entonces."

# ===== Level 9: Alexander (Sunny) =====
# --- intro: Alexander_3_intro ---
36cd0d2b83086eeb,L09 Alexander,Alexander_3_intro,1,Alexander/Conrad,"Hola, qué tal."
bc15783521246457,L09 Alexander,Alexander_3_intro,2,Kobold/Alexander,¡Alexander!
3cbf350078abb1bf,L09 Alexander,Alexander_3_intro,3,Kobold,"¡Hola, bienvenido de nuevo!"
516ad83185e96dfb,L09 Alexander,Alexander_3_intro,4,Alexander,"Jaja, sí. Me alegra verle."
f1d9c9797985d9a2,L09 Alexander,Alexander_3_intro,5,Alexander,Me alegra estar de vuelta.
9f59b5e841a0d2ad,L09 Alexander,Alexander_3_intro,6,Alexander,¡Parece que me he cubierto de tinta!
fda3c419d5174cb2,L09 Alexander,Alexander_3_intro,7,Alexander,"Verdaderamente terrible, ¿no?"
b5d76009b084e709,L09 Alexander,Alexander_3_intro,8,Kobold,"Bueno, ¡para eso estoy aquí!"
4f921c2b968fe884,L09 Alexander,Alexander_3_intro,9,Kobold,"¡Vaya, está completamente cubierto!"
256ae0739ddd2dbc,L09 Alexander,Alexander_3_intro,10,Alexander,¡En efecto! Ahora es usted el único kóbold que deseo que me lave.
f114f26d23d53dc1,L09 Alexander,Alexander_3_intro,11,Kobold,"Aw, gracias, Alexander."
1f01b93ae3777189,L09 Alexander,Alexander_3_intro,12,Kobold,¿Y sus lavadores privados?
92b7fef7172975fa,L09 Alexander,Alexander_3_intro,13,Alexander,¡Por supuesto! Dirige un excelente establecimiento.
df2a4df0381808af,L09 Alexander,Alexander_3_intro,14,Alexander,No se preocupe. El sindicato de lavadores es... más poderoso que yo.
1bdc19a56262fbc5,L09 Alexander,Alexander_3_intro,15,Alexander,<size=70%>Siguen en mi nómina.
b0134babb7e75550,L09 Alexander,Alexander_3_intro,16,Alexander,Una excusa bastante buena para ver a mi kóbold favorito.
7d926d6395419270,L09 Alexander,Alexander_3_intro,17,Kobold,Aw... ¡Gracias!
6ad0fe6dcc2efa30,L09 Alexander,Alexander_3_intro,19,Alexander,"Por supuesto, dirige un excelente establecimiento."
f38b3b8fcf6bf031,L09 Alexander,Alexander_3_intro,20,Alexander,¿Qué? ¡Un cumplido sincero no hace daño a nadie!
350955b9410d95a5,L09 Alexander,Alexander_3_intro,21,Kobold,¡Nunca esperé que fuera del tipo que se ensucia tanto!
3cf6fd8e7e50386c,L09 Alexander,Alexander_3_intro,22,Kobold,¿Cómo es que está cubierto de tinta?
5d2cee363540fc7a,L09 Alexander,Alexander_3_intro,23,Alexander,Yo... hm.
26b3089f5ee4a463,L09 Alexander,Alexander_3_intro,24,Alexander,<i>Creo </i> que debí de derramar un tintero <i>de camino aquí</i>. ¡Qué torpe de mi parte!
7f1cf0605a577a0a,L09 Alexander,Alexander_3_intro,25,Kobold,"¿«Creo», «de camino aquí»? Entonces no estaba cubierto de tinta antes..."
b356a126e4318643,L09 Alexander,Alexander_3_intro,26,Alexander/Kobold/Ryan,Oh.
cd5592e5e3140daa,L09 Alexander,Alexander_3_intro,27,Alexander,Cierto.
2a0200c46ee1b662,L09 Alexander,Alexander_3_intro,29,Alexander,"A decir verdad, me ensucié para venir aquí."
b4d680dde83d7847,L09 Alexander,Alexander_3_intro,30,Kobold,Awww. ¡No necesita estar cubierto de tinta para venir a saludar!
42d72aa4b0b39750,L09 Alexander,Alexander_3_intro,31,Kobold,¡Ah! Entonces mejor le dejo pasar. Voy a abrir la puerta.
9eb8cd756595cf24,L09 Alexander,Alexander_3_intro,32,Alexander,¿De veras?
5f9846717183dcc1,L09 Alexander,Alexander_3_intro,33,Alexander,Lo tendré en cuenta. Estoy acostumbrado a que todo sea transaccional.
2ea5b920a0a9a519,L09 Alexander,Alexander_3_intro,34,Kobold,Siempre me alegra verle. Voy a abrirle la puerta.
# --- progress: Alexander_3_required ---
a59f7f35644dcdbb,L09 Alexander,Alexander_3_required,1,Alexander,El profesor Igwyx... mi colega que se inmoló el otro día.
10b4110dad07d576,L09 Alexander,Alexander_3_required,2,Alexander,Ya ha vuelto al trabajo. Gracias por ayudar con todo aquello.
b8baebdff88a847f,L09 Alexander,Alexander_3_required,3,Kobold,"Sí, al principio dio miedo."
a2aff5b173ae96bb,L09 Alexander,Alexander_3_required,4,Kobold,"Ah, qué bien. Me alegra que esté bien."
4b29556a255aea95,L09 Alexander,Alexander_3_required,5,Alexander,"Por suerte, la muerte por combustión espontánea es un concepto que hemos erradicado a conciencia en el mundo moderno."
ababfd6e7703460e,L09 Alexander,Alexander_3_required,6,Alexander,En efecto. Me alegra que pudiera ayudar.
69f278cd5a2eb111,L09 Alexander,Alexander_3_required,7,Alexander,...Es extraño poder hablar con tanta libertad con alguien.
6221337862dcba2c,L09 Alexander,Alexander_3_required,8,Alexander,Siento que podría decirle cualquier cosa.
cecec36c55a564ee,L09 Alexander,Alexander_3_required,9,Kobold,¿Cualquier cosa?
7dbde0758389bd7b,L09 Alexander,Alexander_3_required,11,Alexander,Sí. Es vigorizante ser tan franco.
9bc918ab274337a8,L09 Alexander,Alexander_3_required,12,Alexander,"De algún modo, eso se siente más sincero que cualquier cosa que diga otro."
35af415ffcb7f757,L09 Alexander,Alexander_3_required,13,Alexander,Dígame...
c66fb72552f1fa4c,L09 Alexander,Alexander_3_required,14,Alexander,Tengo una pregunta.
bbff7b98d6da7061,L09 Alexander,Alexander_3_required,15,Kobold,¿Cuál?
834032dfb827138e,L09 Alexander,Alexander_3_required,16,Kobold,¿Qué pasa?
71291e2e0c7ce300,L09 Alexander,Alexander_3_required,17,Alexander,¿Podría hacerme <i>usted</i> una pregunta a mí?
c8ac7dce03b1b9b7,L09 Alexander,Alexander_3_required,18,Kobold,¿Cómo dice?
10f232e68c0c0443,L09 Alexander,Alexander_3_required,19,Kobold,¿Qué tipo de pregunta?
5956cbc43e2c8c2b,L09 Alexander,Alexander_3_required,20,Alexander,Solo deseo que me haga una pregunta. Cualquier pregunta.
7bf3b1fff483809e,L09 Alexander,Alexander_3_required,21,Alexander,Lo que sea. Simple curiosidad.
# --- progress: Alexander_questions ---
9da08a79c3f86ee0,L09 Alexander,Alexander_questions,1,Kobold,¿Cómo es dar clases?
337d9f85511815eb,L09 Alexander,Alexander_questions,2,Kobold/Alexander,¿Le gusta el morado?
70523c9a506d9676,L09 Alexander,Alexander_questions,3,Kobold,¿Le gusta ser grande?
3fbd83d375d6fa05,L09 Alexander,Alexander_questions,4,Kobold,¿A qué sabe el número 7?
767b6d6bdc5b806a,L09 Alexander,Alexander_questions,5,Kobold,¿Qué piensa de mí?
8ed9fdad93b0f690,L09 Alexander,Alexander_questions,6,Kobold,¿Es feliz?
e5263ec7185a5166,L09 Alexander,Alexander_questions,7,Kobold,Su escudo mola. ¿Qué es?
bc116106c2929c42,L09 Alexander,Alexander_questions,8,Kobold,Eso es todo lo que quiero preguntar.
a04d5511812a415b,L09 Alexander,Alexander_questions,9,Alexander,Es mi sueño.
6861f7c274e3de2c,L09 Alexander,Alexander_questions,10,Alexander,Disfruto de formar parte de la vida de tantas personas de manera positiva.
8743d170a315e668,L09 Alexander,Alexander_questions,11,Alexander,...Es intimidante saber cuánto me admiran.
7aebce70febcfb8c,L09 Alexander,Alexander_questions,12,Alexander,Y no solo por mi tamaño.
0ad864ff0c0b3f21,L09 Alexander,Alexander_questions,13,Kobold,¿Qué tipo de clases da?
24244e96851180ca,L09 Alexander,Alexander_questions,14,Kobold,Es un buen ejemplo para ellos.
f58328ac8301872f,L09 Alexander,Alexander_questions,15,Alexander,"Principalmente alquimia. De vez en cuando, historia universal."
771e997edf959694,L09 Alexander,Alexander_questions,16,Alexander,También he intentado adentrarme en las ciencias sociales.
9986ef8860d34d9e,L09 Alexander,Alexander_questions,17,Alexander,Eso es lo aterrador.
e947bbc260ec1dad,L09 Alexander,Alexander_questions,18,Alexander,Disfruto de no temer al fracaso cuando estoy con usted.
818a4fe04a76ce19,L09 Alexander,Alexander_questions,19,Alexander,¿Lo pregunta porque soy de color lavanda?
54a1b0b8e5f6fa32,L09 Alexander,Alexander_questions,20,Kobold,Sí.
046427d028c69e4b,L09 Alexander,Alexander_questions,21,Kobold,Nah.
b849ed1e855cd6f5,L09 Alexander,Alexander_questions,22,Alexander,"Bueno, sí disfruto del color. Pero creo que no tiene relación con mi tonalidad."
bbb1e1b8cec716b3,L09 Alexander,Alexander_questions,23,Alexander,Sí disfruto del color. Aunque creo que no tiene relación con mi propia tonalidad.
525ba3c4a2511183,L09 Alexander,Alexander_questions,27,Alexander,Ah. Bien.
3885f7429496059d,L09 Alexander,Alexander_questions,29,Alexander,Ah. De acuerdo.
8133434681c5d0c2,L09 Alexander,Alexander_questions,31,Alexander,Esa es una pregunta difícil de responder.
a3e6072e41a2ff07,L09 Alexander,Alexander_questions,32,Alexander,Disfruto de algunas partes. El respeto es agradable...
b1ca0efdea534b71,L09 Alexander,Alexander_questions,33,Alexander,"Sin embargo, ese respeto viene con la expectativa de actuar como aparento. Es increíblemente estresante."
186edb7d24ea9459,L09 Alexander,Alexander_questions,34,Kobold,Conmigo puede actuar como quiera.
1a6be1fd03e5ae6f,L09 Alexander,Alexander_questions,35,Kobold,Me cae bien por quien es.
08063aff652b7108,L09 Alexander,Alexander_questions,36,Alexander,Es muy amable de su parte decir eso.
4f9390dd28090827,L09 Alexander,Alexander_questions,37,Alexander,Quiero ser más abierto. Sienta bien.
b38834ce4594ad5c,L09 Alexander,Alexander_questions,38,Alexander,A lima amarilla.
5f6bb166b079c336,L09 Alexander,Alexander_questions,39,Kobold,No puede ser.
aac4af2b645cf88e,L09 Alexander,Alexander_questions,40,Kobold,¿Como... un limón?
0ee250681eda1a08,L09 Alexander,Alexander_questions,41,Alexander,«Sí puede ser». No hay nada de lo que esté más seguro.
b83a1658171971d7,L09 Alexander,Alexander_questions,42,Alexander,No. Una lima que es amarilla.
a87e0094e62cb429,L09 Alexander,Alexander_questions,43,Kobold,Usted es el profesor aquí. Tendrá razón.
e154199e27c1d4a3,L09 Alexander,Alexander_questions,45,Alexander,Eso es una falacia de apelación a la autoridad. Pero sí. Tengo razón.
0c137b35abd3f637,L09 Alexander,Alexander_questions,47,Alexander,Usted es...
d4efe0db738b52b5,L09 Alexander,Alexander_questions,48,Alexander,Una anomalía.
55c3e5daec20a64d,L09 Alexander,Alexander_questions,49,Kobold,¿Eh?
2c291db1ddbe2b9d,L09 Alexander,Alexander_questions,50,Kobold,¿Eso es algo bueno...?
df2bc10ba434d57e,L09 Alexander,Alexander_questions,51,Alexander,"Es decir, que es único."
019d328b739d99e6,L09 Alexander,Alexander_questions,52,Kobold,¿En el buen sentido?
c2667b3b3dc54c1a,L09 Alexander,Alexander_questions,53,Kobold,¿En el mal sentido?
4f9b4a3cd9b0261a,L09 Alexander,Alexander_questions,54,Alexander,¡Por supuesto! Es usted maravilloso.
ebb1884c75b23e27,L09 Alexander,Alexander_questions,55,Alexander,"¡Por las estrellas! No, no. Es usted excelente."
3b2c32e616b24822,L09 Alexander,Alexander_questions,56,Alexander,En efecto. Es una persona excelente con quien estar.
7e6a62b6d8659273,L09 Alexander,Alexander_questions,57,Alexander,Es la primera persona que conozco cuya única expectativa es que yo sea...
c48241cd21bb0d91,L09 Alexander,Alexander_questions,58,Alexander,Yo mismo.
5a4d28241178ab01,L09 Alexander,Alexander_questions,59,Alexander,Lo soy.
216bb6e650af4cfc,L09 Alexander,Alexander_questions,60,Alexander,"Creo que, en parte, es gracias a usted."
91ff270d6aaba6a4,L09 Alexander,Alexander_questions,61,Kobold,¿Pero si solo soy su lavador?
f06f453ab3d6251f,L09 Alexander,Alexander_questions,62,Kobold,Es muy tierno de su parte.
8c2bdfa25fbde4ed,L09 Alexander,Alexander_questions,63,Alexander,"Lo sé. Pero poder abrirse a alguien, aunque sea de vez en cuando..."
61639ef55caefda4,L09 Alexander,Alexander_questions,64,Alexander,Hace maravillas.
22c1ab2eb72e5b44,L09 Alexander,Alexander_questions,66,Alexander,"Poder abrirse a alguien, aunque sea de vez en cuando..."
439d8da114ab9162,L09 Alexander,Alexander_questions,68,Alexander,Gracias por ello.
33d3f6495bad4d3c,L09 Alexander,Alexander_questions,69,Alexander,"Ah, ¿el escudo que rodea mi cabeza?"
91d69b4f1f9739cb,L09 Alexander,Alexander_questions,70,Alexander,Muchos creen que es parte de mi cuerpo.
dd0f2ff5e303f61a,L09 Alexander,Alexander_questions,71,Alexander,"Sin embargo, ¡es ornamental! Mi escudo familiar. Verá..."
7271f9e9b21e5401,L09 Alexander,Alexander_questions,72,Alexander,"La historia de los dragones es compleja. Los escudos ornamentales <size=85%> suelen ser <size=70%> llevados por los dragones para <size=55%>¡indicar a qué familia pertenecen! <size=40%> Es una marca interesante de su herencia cultural <size=35%> y familiar. A menudo me he preguntado si debería seguir llevando el mío. <size=20%> ¡Pero los lazos culturales y familiares se consideran importantes en la tradición de los dragones! así que debo atenerme a tales cosas. <size=10%> Agua. Tierra. Fuego. Aire. Hace mucho tiempo, las cuatro naciones vivían en armonía. Pero todo cambió cuando la Nación del Fuego atacó."
0006b6926947b91b,L09 Alexander,Alexander_questions,74,Kobold,¿Puede repetir eso?
b6d573339ec0b66b,L09 Alexander,Alexander_questions,75,Alexander,"Ah, disculpe, me apasionan estos temas."
9909f3ea3dffb93e,L09 Alexander,Alexander_questions,76,Alexander,Me alegra que le guste mi escudo.
e5bccc3a053371ce,L09 Alexander,Alexander_questions,77,Alexander,...No
# --- progress: Alexander_3_required_end | if $has_asked_question ---
c225b2626bb24d2c,L09 Alexander,Alexander_3_required_end,1,Alexander,Gracias por preguntar. Es agradable que le hagan a uno preguntas personales.
# --- jerkoff: Alexander_3_JerkOff_Start ---
8342e51e14980481,L09 Alexander,Alexander_3_JerkOff_Start,1,Alexander,Cielos... No esperaba que fuera tan... manual.
ce664ef00487ef78,L09 Alexander,Alexander_3_JerkOff_Start,2,Alexander,<size=70%><i>siéntase libre de continuar...</i>
# --- cum: Alexander_3_Cum ---
85503a54fcc74839,L09 Alexander,Alexander_3_Cum,1,Alexander,Uunf. E-eso fue... bastante indecoroso.
afa89c59eece65b9,L09 Alexander,Alexander_3_Cum,2,Alexander,<size=70%><i>pero fue agradable... Gracias.
# --- outro: Alexander_3_Outro ---
d96b34ffac75e750,L09 Alexander,Alexander_3_Outro,1,Alexander,Estoy <i>impecable</i>.
6dae153117be9e8a,L09 Alexander,Alexander_3_Outro,2,Kobold,Nunca se me escapa ni una mancha.
941f66ab23bc1b9b,L09 Alexander,Alexander_3_Outro,4,Alexander,Lo sé bien. ¡Una limpieza a fondo se siente distinta!
4598878b44333749,L09 Alexander,Alexander_3_Outro,5,Alexander,Eso es lo que me gusta oír.
7ea92f17440d2fae,L09 Alexander,Alexander_3_Outro,6,Alexander,Volveré de nuevo. Es agradable tenerle como amigo.
7bbef8475c6cdff7,L09 Alexander,Alexander_3_Outro,7,Kobold,Con ganas de verle pronto.
17d54d35bc089567,L09 Alexander,Alexander_3_Outro,8,Kobold,Me alegra que se sienta a gusto aquí.

# ===== Level 10: Ryan (Sunny) | ends PicnicCompleted =====
# --- intro: Ryan_4_intro ---
379060351b7eda00,L10 Ryan,Ryan_4_intro,1,Ryan,<b><i><size=130%>¿Le sugeriste Ryan a Conrad?
8a798890fe938171,L10 Ryan,Ryan_4_intro,2,Kobold,sí
9390298f3fb0c5b1,L10 Ryan,Ryan_4_intro,3,Kobold,no
578f5563ae25f1ce,L10 Ryan,Ryan_4_intro,4,Kobold,Uau... ¿Qué es eso que llevas en la boca?
c03386d6c9efb92a,L10 Ryan,Ryan_4_intro,5,Kobold,"Hola, Ryan, ¿qué traes ahí?"
d85dcd17cab55fde,L10 Ryan,Ryan_4_intro,6,Ryan,Cethta de pícnic...
b9c2f8ae41c83ebe,L10 Ryan,Ryan_4_intro,7,Ryan,No puedo hablar bhien.
696058e475fae76a,L10 Ryan,Ryan_4_intro,8,Ryan,¿me dejas pasar?
1f843189eaccc2b6,L10 Ryan,Ryan_4_intro,9,Kobold,¡Ah! Vale. ¡Voy a abrir la puerta!
9cc8b0255238b35e,L10 Ryan,Ryan_4_intro,10,Kobold,"Claro, te la abro cuanto antes."
1facde273315d636,L10 Ryan,Ryan_4_intro,11,Ryan,¡Grathias!
# --- picnic: Ryan_egg_dialog | if $food_number ---
ff7696a47d0cd4ed,L10 Ryan,Ryan_egg_dialog,1,Kobold,"diosmío, pensaba que el huevo era decorativo."
76dddaed85a8d844,L10 Ryan,Ryan_egg_dialog,2,Kobold,¿Qué clase de huevo era ese?
9fe69182b150b8b1,L10 Ryan,Ryan_egg_dialog,3,Ryan,¿Eh? ¡Claro que no!
f5d2571561dba2b0,L10 Ryan,Ryan_egg_dialog,4,Ryan,AH. No estás acostumbrado a comerlos enteros.
718beb6db0dae659,L10 Ryan,Ryan_egg_dialog,5,Ryan,¡Es la mejor forma de comérselos!
c03f60d1d7bd67e5,L10 Ryan,Ryan_egg_dialog,6,Ryan,Ehm...
4a7cf2bb1bd01e0b,L10 Ryan,Ryan_egg_dialog,7,Ryan,¿Azul...?
640cee0646ecb66c,L10 Ryan,Ryan_egg_dialog,8,Ryan,No estoy muy seguro. Estaba de oferta en WingCo.
f887a50c6f7d1edc,L10 Ryan,Ryan_egg_dialog,9,Ryan,¡Pero estaba buenísimo!
# --- picnic: ryan_food_dialogue ---
8b555a411ea346ec,L10 Ryan,ryan_food_dialogue,1,Ryan,Bueno... Estuve pensando en mis relaciones.
03e1d33ec4a7f6e8,L10 Ryan,ryan_food_dialogue,2,Kobold,¿En qué sentido?
f1676448791feef6,L10 Ryan,ryan_food_dialogue,3,Ryan,"O sea, en el futuro de mis relaciones."
9d2e28c9ae2ed8b4,L10 Ryan,ryan_food_dialogue,4,Ryan,Estoy un poco ilusionado.
91b32d6180935501,L10 Ryan,ryan_food_dialogue,5,Kobold,"Bueno, eres todo un partidazo."
e5d632fba39e2f0f,L10 Ryan,ryan_food_dialogue,6,Kobold,¡Me alegro mucho por ti!
d228097b23b352e6,L10 Ryan,ryan_food_dialogue,7,Ryan,"Ay, tú. Vas a hacer que me sonroje."
d94d7310f7d31a45,L10 Ryan,ryan_food_dialogue,9,Ryan,Tengo muchas ganas de conocer gente nueva.
1121175da09c0008,L10 Ryan,ryan_food_dialogue,10,Ryan,"Y ahora, ¿más comida?"
6ebac8131d5267ac,L10 Ryan,ryan_food_dialogue,11,Ryan,Hmm...
d2c7e6789d89f523,L10 Ryan,ryan_food_dialogue,13,Ryan,Estaba pensando.
67c0ce6aff865e1c,L10 Ryan,ryan_food_dialogue,14,Ryan,Es difícil encontrar gente fuera de mi círculo actual.
d7f23a9907b74860,L10 Ryan,ryan_food_dialogue,15,Ryan,"O sea, quiero a los que me rodean, pero hay mucho lastre ahí."
99daac47d7b305f6,L10 Ryan,ryan_food_dialogue,16,Ryan,¿Me entiendes?
1b4b607607b8c988,L10 Ryan,ryan_food_dialogue,17,Kobold,Tiene sentido.
dfcb7cbdb552d8f5,L10 Ryan,ryan_food_dialogue,18,Kobold,"Entiendo que te sientas así después de una ruptura, sí."
f574c59b56179de8,L10 Ryan,ryan_food_dialogue,19,Ryan,"Sí, desde la ruptura he estado buscando algo nuevo."
0febbd04cce87646,L10 Ryan,ryan_food_dialogue,20,Ryan,¿Quizá alguien?
b7fca6004f2d5325,L10 Ryan,ryan_food_dialogue,22,Ryan,Sí. Es difícil deshacer los grupos después de algo así.
8da113ef266e587f,L10 Ryan,ryan_food_dialogue,23,Ryan,Estoy dispuesto a hacerlo. Pero me gustaría algo nuevo.
baf0df26ea4f2e81,L10 Ryan,ryan_food_dialogue,24,Ryan,Quizá alguien nuevo...
03ccd297eb346729,L10 Ryan,ryan_food_dialogue,25,Ryan,...Sobre lo que dije antes.
1032684d93c794bf,L10 Ryan,ryan_food_dialogue,26,Kobold,¿Sí?
ace8c62e60ec2197,L10 Ryan,ryan_food_dialogue,27,Ryan,¿Conoces a alguien con quien pueda hablar? Ya sabes... ¿de cosas de relaciones?
0a7119cfe1246546,L10 Ryan,ryan_food_dialogue,28,Kobold,"<gradient=""gold""><b>Conozco a un dragón rojo. ¡Creo que te caería bien! </b></gradient><size=70%> (¡Junta a Ryan con Conrad!)"
4a3b65400e54f8ff,L10 Ryan,ryan_food_dialogue,29,Kobold,"<gradient=""gold""><b>Ah. Ehm. <size=70%> No me importaría... ser yo ese alguien. </b></gradient><size=70%> (¡Fija el romance con Ryan!)"
bb7a6be711206298,L10 Ryan,ryan_food_dialogue,30,Kobold,"<gradient=""gold""><b>Ahora mismo no se me ocurre nadie.</b></gradient><size=70%> (¡Fija el romance con Conrad!)"
a6a744d6d60ec400,L10 Ryan,ryan_food_dialogue,31,Ryan/Alexander/Kobold,"¿Ah, sí?"
cbe8e4adc9ca52df,L10 Ryan,ryan_food_dialogue,32,Ryan,¿Quién es?
ca545deecbd9950d,L10 Ryan,ryan_food_dialogue,33,Kobold,¡Es un draco rojo MUY mono que viene al lavadero!
4a94ef80ae21582a,L10 Ryan,ryan_food_dialogue,34,Kobold,Es un dragón rojo. ¡Creo que se caerían bien!
0ea02ee3f0c5673d,L10 Ryan,ryan_food_dialogue,35,Ryan,"¡Ah! Creo que lo he visto. El pequeñito, ¿no?"
58b69c47fed8b38f,L10 Ryan,ryan_food_dialogue,36,Kobold,Él prefiere «de estatura reducida»... Pero sí.
3ae2d547c997ca01,L10 Ryan,ryan_food_dialogue,37,Kobold,¡Ajá! Está intentando conocer gente nueva.
474246952e0d1e50,L10 Ryan,ryan_food_dialogue,38,Ryan,Ah...
ed2ece6040ec8b40,L10 Ryan,ryan_food_dialogue,39,Ryan,Qué mono.
c0fb8d4f93270198,L10 Ryan,ryan_food_dialogue,40,Ryan,"Ah, maravilloso. Parece que nos parecemos."
82767de7e3e22a4a,L10 Ryan,ryan_food_dialogue,41,Ryan,¡Creo que me gustaría conocerlo!
b423c91f4f75add4,L10 Ryan,ryan_food_dialogue,42,Kobold,Entonces los pondré en contacto.
80c500f9c426d4cc,L10 Ryan,ryan_food_dialogue,43,Kobold,¡Qué emoción! ¡Los pondré en contacto!
ec786c9a7656b0f9,L10 Ryan,ryan_food_dialogue,45,Ryan,"¡Yo también, gracias!"
028dbc8d077c611f,L10 Ryan,ryan_food_dialogue,47,Ryan,<i>Oh...
ae590830c4c03fd1,L10 Ryan,ryan_food_dialogue,48,Ryan,Creo que también me gustaría que tú fueras ese alguien.
b4066b4e58df8005,L10 Ryan,ryan_food_dialogue,49,Kobold,Entonces esto es como... ¿nuestra primera cita?
8c7e5a49ec8fd685,L10 Ryan,ryan_food_dialogue,50,Kobold,"Si te soy sincero, hace un tiempo que me gustas."
710ea0057247cb51,L10 Ryan,ryan_food_dialogue,51,Ryan,¡Supongo que sí!
de4d091acdb6059c,L10 Ryan,ryan_food_dialogue,52,Ryan,"¿En serio? Aw, eso es muy tierno."
35e3561cd36f36d6,L10 Ryan,ryan_food_dialogue,53,Ryan,No sabía que alguien pudiera quererme tanto tan fácilmente.
f05160456925af3f,L10 Ryan,ryan_food_dialogue,54,Ryan,"Por cierto, eres muy mono."
a01d64fcb9d7d3a5,L10 Ryan,ryan_food_dialogue,55,Kobold,Sí. <size=90%>Ah... <size=80%>ya sabes. Yo soy como... <size=70%>Jaja. Sí. ¡Ajá!
65691ff38c85e57c,L10 Ryan,ryan_food_dialogue,56,Kobold,¡Tú también!
d323e565ed8ea749,L10 Ryan,ryan_food_dialogue,57,Ryan,¡No quería ponerte nervioso!
145e6a2d848267cb,L10 Ryan,ryan_food_dialogue,58,Ryan,Es que estoy... feliz.
0cc014df7d89d3e1,L10 Ryan,ryan_food_dialogue,59,Ryan,"Aw, gracias. ¡Solo me veo tan bien gracias a tus lavados!"
eea7bdf3ab3f251c,L10 Ryan,ryan_food_dialogue,60,Ryan,Estoy... feliz.
d619413abc4a1de1,L10 Ryan,ryan_food_dialogue,61,Ryan,¡No pasa nada!
c2acc8d962a0c936,L10 Ryan,ryan_food_dialogue,62,Ryan,¿Y tú qué? ¿Has estado saliendo con alguien?
2374bdd10aea40ba,L10 Ryan,ryan_food_dialogue,63,Kobold,"Hay un dragón rojo, Conrad. Es... impulsivo, pero mono."
58a5e5a5a9482e96,L10 Ryan,ryan_food_dialogue,64,Kobold,"¡Sí! Conrad, es adorable. Aunque odiaría que lo dijera."
3d14bcafbc3f21c6,L10 Ryan,ryan_food_dialogue,65,Ryan,"Ah, vaya, ¿ese es el draco pequeñito que vi entrar hace un rato?"
882d8b921688234c,L10 Ryan,ryan_food_dialogue,66,Kobold,¡Oye! Solo es... «de estatura reducida».
1ce76f0141c9f53b,L10 Ryan,ryan_food_dialogue,67,Kobold,¡Ajá! Ese es.
eeedcdd5eaa13110,L10 Ryan,ryan_food_dialogue,68,Ryan,"Ah, perdona."
dcfc67b1e58c5a49,L10 Ryan,ryan_food_dialogue,69,Ryan,¡Parece mono!
94ff2c4b836f0aef,L10 Ryan,ryan_food_dialogue,70,Ryan,"Qué maravilla, ¡es mono!"
abe281ce74304803,L10 Ryan,ryan_food_dialogue,71,Ryan,"Oye, ehm, gracias una vez más."
9144d5ad20e5a9e8,L10 Ryan,ryan_food_dialogue,72,Kobold,¡No hay de qué! Qué ganas de que conozcas a Conrad.
e39b086d1bff71b1,L10 Ryan,ryan_food_dialogue,73,Kobold,"No, gracias a ti. Estoy... muy ilusionado."
1f50e1361eaeacbf,L10 Ryan,ryan_food_dialogue,74,Kobold,¡Claro! Gracias por la comida.
489184ee3c2573f9,L10 Ryan,ryan_food_dialogue,75,Ryan,"Ja, sí. Suena divertido."
28f3547a6af39629,L10 Ryan,ryan_food_dialogue,76,Ryan,"Te contaré cómo va, ¿sí?"
fcd75c87b326482c,L10 Ryan,ryan_food_dialogue,77,Kobold,¡Tengo ganas de que me lo cuentes!
a66a9f98f63d5aaf,L10 Ryan,ryan_food_dialogue,78,Kobold,Sí. Van a hacer una pareja adorable.
39619dc71b15dfde,L10 Ryan,ryan_food_dialogue,79,Ryan,Esto fue agradable...
b2d03d0e5222d95c,L10 Ryan,ryan_food_dialogue,80,Ryan,"Nos vemos pronto, ¿sí?"
17c800776b082018,L10 Ryan,ryan_food_dialogue,81,Kobold,¡Eso espero! Voy a abrir la puerta.
56372773e401e131,L10 Ryan,ryan_food_dialogue,82,Kobold,¡Sí! Gracias por la comida. Voy a abrir la puerta.
97cffb9a377004b2,L10 Ryan,ryan_food_dialogue,83,Ryan,Sí... Nunca había tenido una cita con un kóbold.
50ce0561192b6b01,L10 Ryan,ryan_food_dialogue,84,Ryan,Pero ya sé que esto me está gustando mucho.
e823adcc22fd50c2,L10 Ryan,ryan_food_dialogue,85,Kobold,Me gustas mucho.
62e851c911a254bb,L10 Ryan,ryan_food_dialogue,86,Kobold,"Sí, esto ha sido súper agradable."
773c0ce37ffbb546,L10 Ryan,ryan_food_dialogue,87,Ryan,Je. Sí. Tú también me gustas.
1c6058ce1c7242cf,L10 Ryan,ryan_food_dialogue,88,Ryan,De verdad que sí. Eres maravilloso.
32e4e8851f8ac398,L10 Ryan,ryan_food_dialogue,89,Ryan,Gracias por compartir la comida conmigo...
0a94f0c3b65c425c,L10 Ryan,ryan_food_dialogue,90,Ryan,Tengo ganas de volver a verte.
8c39f31ac476e20e,L10 Ryan,ryan_food_dialogue,91,Kobold,Yo siempre tengo ganas de verte. Voy a abrir la puerta.
db8848bda5df285f,L10 Ryan,ryan_food_dialogue,92,Kobold,¡Yo también! Voy a abrir la puerta.
f0394a2181ae8df6,L10 Ryan,ryan_food_dialogue,93,Ryan,¡Vale! Nos vemos pronto.
d48a9423f250312c,L10 Ryan,ryan_food_dialogue,94,Ryan,"Y ese tal Conrad, ¿parece que te gusta?"
6eb520b95e8c6388,L10 Ryan,ryan_food_dialogue,95,Kobold,"Jeje, sí."
c97f0b6b1b436f26,L10 Ryan,ryan_food_dialogue,96,Kobold,Es intenso. Pero me gusta.
6525ecb4cd0f0eea,L10 Ryan,ryan_food_dialogue,97,Ryan,¡Qué mono!
6943d0645de48850,L10 Ryan,ryan_food_dialogue,98,Ryan,¿Qué es lo que más te gusta de él?
a695d517f16d1719,L10 Ryan,ryan_food_dialogue,99,Kobold,Está como... SÚPER bien dotado.
dbeb304df456a424,L10 Ryan,ryan_food_dialogue,100,Kobold,"¡Es brusco, pero también tierno!"
3c29c25f0a23d26a,L10 Ryan,ryan_food_dialogue,101,Kobold,"Es pequeñito, me gusta estar a su altura."
0911d52bc2d9f70b,L10 Ryan,ryan_food_dialogue,102,Kobold,Me gusta... él.
4aa9ae5f4bbb8541,L10 Ryan,ryan_food_dialogue,103,Ryan,"Ah... Sí, los dragones más pequeños tienden a... compensar."
7859d5c981752171,L10 Ryan,ryan_food_dialogue,104,Ryan,"Mmm, sí, conozco el tipo."
d8c70d62d0457935,L10 Ryan,ryan_food_dialogue,105,Ryan,"¡Tiene sentido! Sí, los dracos pequeñitos son divertidos."
97a18e09f3f990c5,L10 Ryan,ryan_food_dialogue,106,Ryan,Aw... Eso es muy tierno.
fac3f85c3c835445,L10 Ryan,ryan_food_dialogue,107,Ryan,¡Tendrás que contarme cómo les va!
37e125daa86112bd,L10 Ryan,ryan_food_dialogue,108,Ryan,Gracias por compartir la comida conmigo. Eres un gran amigo.
120807e0d30c65d5,L10 Ryan,ryan_food_dialogue,109,Kobold,¡Gracias por la comida! Voy a abrir la puerta.
94ddf87d22b36d07,L10 Ryan,ryan_food_dialogue,110,Kobold,Tú también eres un buen amigo. Voy a abrir la puerta.
02ca8c073be8669d,L10 Ryan,ryan_food_dialogue,111,Ryan,"¡Vale, hasta luego!"
# --- picnic: Ryan_grab_basket ---
3276ca6f923e3a2e,L10 Ryan,Ryan_grab_basket,1,Ryan,Puaj. Gracias por agarrar eso.
1790d1bc285d158f,L10 Ryan,Ryan_grab_basket,2,Kobold,¿Trajiste comida?
fab7cff668586c9b,L10 Ryan,Ryan_grab_basket,3,Kobold,¡Ryan! Qué detalle.
3f519f6990d85e4d,L10 Ryan,Ryan_grab_basket,4,Ryan,¡Sí! Tiene comida que debería estar bien para los dos.
38953523aa1d8dc9,L10 Ryan,Ryan_grab_basket,5,Ryan,"Jeje, gracias. Tiene cosas que deberían estar bien para los dos."
f44e62ce0d92a9c3,L10 Ryan,Ryan_grab_basket,6,Ryan,Aunque las porciones quizá sean un poco... de tamaño dragón.
dbe7ccbf37aed06a,L10 Ryan,Ryan_grab_basket,7,Kobold,¿Cómo es que trajiste todo esto?
96082d9f598cc1db,L10 Ryan,Ryan_grab_basket,8,Kobold,¿Siquiera necesitas un lavado?
5be9d07e2e19a321,L10 Ryan,Ryan_grab_basket,9,Ryan,¡Para ti!
eea2772cf2ab51f9,L10 Ryan,Ryan_grab_basket,10,Ryan,<size=70%> Y para mí.
5da686787e870bc2,L10 Ryan,Ryan_grab_basket,11,Ryan,"No, creo que no."
dfdd49c96bf70312,L10 Ryan,Ryan_grab_basket,12,Ryan,¡Solo vine a traerte comida!
7efd9697b321d608,L10 Ryan,Ryan_grab_basket,13,Ryan,Pensé en traer algo bonito después de todo lo que has hecho.
414c0f3bb81740f3,L10 Ryan,Ryan_grab_basket,14,Ryan,¿Espero que no te importe?
097832ea20a37b63,L10 Ryan,Ryan_grab_basket,15,Kobold,¡Claro que no!
460dbc14c8f22914,L10 Ryan,Ryan_grab_basket,17,Ryan,"Genial, me alegro."
6e1aac9408968a3c,L10 Ryan,Ryan_grab_basket,18,Ryan,¡Eso significa que no! Me alegro.
fe3e5d4e4925ddb6,L10 Ryan,Ryan_grab_basket,19,Ryan,Y ahora... ¿comemos?
# --- picnic: Ryan_grapes_dialog | if $food_number ---
46ca5d912bed1dcc,L10 Ryan,Ryan_grapes_dialog,1,Kobold,Esas uvas tenían buena pinta.
33f099ac348159d4,L10 Ryan,Ryan_grapes_dialog,2,Kobold,"Ryan, se supone que no te comes los tallos..."
174343e1e975e68b,L10 Ryan,Ryan_grapes_dialog,3,Ryan,¡Y la tenían! Aunque el tallo es mi parte favorita.
976fdc62e4cbffcf,L10 Ryan,Ryan_grapes_dialog,4,Kobold,¿Eso no es... madera?
8e4f1f66ab3b3860,L10 Ryan,Ryan_grapes_dialog,5,Kobold,Nunca lo he probado.
d053df82397c2f86,L10 Ryan,Ryan_grapes_dialog,6,Ryan,"¡Sí, sabe bien!"
c994875a9f5c8520,L10 Ryan,Ryan_grapes_dialog,7,Ryan,Aunque tú probablemente no deberías comerlos.
025e9c74601a1a65,L10 Ryan,Ryan_grapes_dialog,8,Ryan,Los estómagos de dragón son un poco más... robustos que el tuyo.
b689b40a79b968df,L10 Ryan,Ryan_grapes_dialog,9,Ryan,Mejor que no lo hagas.
8d834797bd163119,L10 Ryan,Ryan_grapes_dialog,10,Ryan,¡Primero necesitarías un estómago de dragón!
27935fd7477eba77,L10 Ryan,Ryan_grapes_dialog,11,Ryan,¿Según quién?
0b71d27200d13a33,L10 Ryan,Ryan_grapes_dialog,12,Kobold,¿Yo?
47252f2c75dea9ef,L10 Ryan,Ryan_grapes_dialog,13,Kobold,¿La biología...? <size=70%> <i>¿Creo?
5af35db6f8fe39ad,L10 Ryan,Ryan_grapes_dialog,14,Ryan,Bueno...
79436a008466d243,L10 Ryan,Ryan_grapes_dialog,15,Ryan,¡Yo rompo las reglas!
49e7a64aec55ff2a,L10 Ryan,Ryan_grapes_dialog,16,Ryan,"No te preocupes, los dragones estamos hechos para comer de todo."
5f82b968ccbb4aaa,L10 Ryan,Ryan_grapes_dialog,17,Ryan,Puedo digerir prácticamente cualquier cosa.
f9a3f85545840310,L10 Ryan,Ryan_grapes_dialog,18,Ryan,El tallo es solo comida extra.
53494acb38981cff,L10 Ryan,Ryan_grapes_dialog,19,Ryan,Aunque las uvas siempre me han quitado un antojo muy concreto.
77e53d1b1d33b9f0,L10 Ryan,Ryan_grapes_dialog,20,Ryan,"Ah, y parece que me manché la cara. Ups."
# --- picnic: Ryan_ham_dialog | if $food_number ---
cb2d2f80636d8a49,L10 Ryan,Ryan_ham_dialog,1,Kobold,"¡RYAN, EL HUESO!"
523a9690a00a7803,L10 Ryan,Ryan_ham_dialog,2,Kobold,De verdad te comiste eso entero... Uau.
618839c9ee1f8a65,L10 Ryan,Ryan_ham_dialog,3,Ryan,Mmph... ¿Hm?
5b917e0078e6beb0,L10 Ryan,Ryan_ham_dialog,4,Ryan,"¡Ah, esa es mi parte favorita!"
7a41a3b5d6e1acf7,L10 Ryan,Ryan_ham_dialog,5,Kobold,¿Cómo puedes digerir eso siquiera?
846f850b875979d4,L10 Ryan,Ryan_ham_dialog,6,Kobold,<size=60%> qué sexy.
f7d4b26ff67eee38,L10 Ryan,Ryan_ham_dialog,7,Ryan,Soy un dragón.
b86257f47d85426e,L10 Ryan,Ryan_ham_dialog,8,Ryan,Estoy bastante seguro de que puedo digerir cualquier cosa.
a165524a35a75706,L10 Ryan,Ryan_ham_dialog,9,Ryan,"¿Ah, sí? Bueno es saberlo..."
db22d9512845d515,L10 Ryan,Ryan_ham_dialog,10,Ryan,Es la mejor forma de disfrutar la comida.
a5af381d1ec66e2a,L10 Ryan,Ryan_ham_dialog,11,Ryan,Es interesante; ustedes los bípedos tienden a saborear sus comidas.
180983e0a4f4e327,L10 Ryan,Ryan_ham_dialog,12,Ryan,¡Pero nada supera un buen trago de golpe!
# --- picnic: Ryan_melon_dialog | if $food_number ---
e1d0d09daa3129d9,L10 Ryan,Ryan_melon_dialog,1,Ryan,Esa casi era demasiado grande...
8725851a4492f86f,L10 Ryan,Ryan_melon_dialog,2,Kobold,Ni siquiera abriste la sandía.
991947f3461b26a7,L10 Ryan,Ryan_melon_dialog,3,Kobold,¿A qué sabía?
7d20121dc2fa0757,L10 Ryan,Ryan_melon_dialog,4,Ryan,Síiii.
41f87d2c55073e29,L10 Ryan,Ryan_melon_dialog,5,Ryan,Ups.
4fafd5a0c9f29d5f,L10 Ryan,Ryan_melon_dialog,6,Ryan,¡Pero estaba buena igual! Me gusta cómo se siente al bajar.
dc8488830f9d7192,L10 Ryan,Ryan_melon_dialog,7,Ryan,"Se me olvidó morderla, así que... ¿A nada?"
7dedd07a7558afa9,L10 Ryan,Ryan_melon_dialog,8,Ryan,¡Pero se sintió bien al bajar!
8b4a775ae776722a,L10 Ryan,Ryan_melon_dialog,9,Kobold,<size=70%> uau.
ef03f59f06da8fa4,L10 Ryan,Ryan_melon_dialog,10,Kobold,Es una locura cuánto aguanta tu cuello.
4fc09f2d61d5cc43,L10 Ryan,Ryan_melon_dialog,11,Ryan,Los kóbolds siempre parecen fascinados viéndome comer.
032ea150ccdf88be,L10 Ryan,Ryan_melon_dialog,12,Ryan,¡Es adorable!
aad3715a2f685dc3,L10 Ryan,Ryan_melon_dialog,13,Ryan,Está hecho para tragar cosas enteras.
b0a73a78b7d9045b,L10 Ryan,Ryan_melon_dialog,14,Kobold,<size=70%><i>¿Sí?
30ff5a696a0def56,L10 Ryan,Ryan_melon_dialog,16,Ryan,¡Ajá!
901c77872c53d308,L10 Ryan,Ryan_melon_dialog,18,Ryan,¡Sí! Es útil.
# --- jerkoff: Ryan_4_JerkOff_Start ---
2d434662c42f6a6c,L10 Ryan,Ryan_4_JerkOff_Start,1,Ryan,¿Estás seguro...? ¿Delante de la comida?
031703a96ac0df8c,L10 Ryan,Ryan_4_JerkOff_Start,2,Ryan,Je... está bien.
# --- cum: Ryan_4_Cum ---
3b1c48772bd5889e,L10 Ryan,Ryan_4_Cum,1,Ryan,Uff... Eso estuvo bien... Aunque hice un poco de desastre.
# --- mount_start: Ryan_4_Mount_Start ---
2f31dcbcaa980550,L10 Ryan,Ryan_4_Mount_Start,1,Ryan,Uau... ¿Quieres que use eso? ¿Incluso con la comida? ¡Vale!
# --- mount_finish: Ryan_4_Mount_Finish ---
833d21b8cd952764,L10 Ryan,Ryan_4_Mount_Finish,1,Ryan,Hice un poco de desastre... Pero valió la pena.

# ===== Level 11: Conrad (Sunny) =====
# --- intro: Conrad_Intro_4 ---
a67959dc39353129,L11 Conrad,Conrad_Intro_4,1,Conrad/Ryan/Alexander,¡Algo salió mal con las banderas!
c1a949184675fa92,L11 Conrad,Conrad_Intro_4,2,Conrad/Ryan/Alexander,"Ayuda a los desarrolladores, por favor..."
60f8f02dd7a80d00,L11 Conrad,Conrad_Intro_4,3,Kobold,conrad se lio con ryan
6e98155abad655c3,L11 Conrad,Conrad_Intro_4,4,Kobold,el jugador se lio con conrad
9cf9d4fc71363f68,L11 Conrad,Conrad_Intro_4,5,Kobold,el jugador se lio con ryan
67beed0c39e205b4,L11 Conrad,Conrad_Intro_4,6,Kobold,"¡Hola, Conrad!"
d22e2236304b2ef0,L11 Conrad,Conrad_Intro_4,7,Kobold,¿Por qué esa cara de felicidad?
6183e901a5a22ddc,L11 Conrad,Conrad_Intro_4,8,Kobold,"¡Hola, Conrad!"
3c0eb60cca3b1422,L11 Conrad,Conrad_Intro_4,9,Conrad,"Ey, kóbold grandullón."
ad13467d89f77645,L11 Conrad,Conrad_Intro_4,10,Conrad,"¿Te hiciste algo en las, eh...?"
25aab860a8266c4c,L11 Conrad,Conrad_Intro_4,11,Conrad,¿Escamas distintas hoy? <size=70%><i>¿eso existe...? </i><size=100%>Te ves bien hoy.
42e1b9a73c953f33,L11 Conrad,Conrad_Intro_4,12,Kobold,¡Gracias! ¿Qué es toda esa... pringue?
be118711068118d5,L11 Conrad,Conrad_Intro_4,13,Kobold,"Ja. Conrad, tú también te ves bien."
a4008861bf24c47d,L11 Conrad,Conrad_Intro_4,14,Kobold,Eso no existe... ¡Pero gracias!
a951e05bf8506af1,L11 Conrad,Conrad_Intro_4,15,Conrad,Bayas.
765af85f1bd7eafe,L11 Conrad,Conrad_Intro_4,17,Conrad,"En fin,"
199e91c738a75b4c,L11 Conrad,Conrad_Intro_4,18,Conrad,"¡Claro que sí, joder!"
926069483fd35835,L11 Conrad,Conrad_Intro_4,19,Conrad,Jaja... Sí. No estoy muy acostumbrado a hacer cumplidos.
8c9dc9229a7630ce,L11 Conrad,Conrad_Intro_4,20,Conrad,Solo necesito un lavado rápido... Quizá el potro también estaría bien.
3ee865676f6e4c99,L11 Conrad,Conrad_Intro_4,21,Kobold/Ryan,"¿Ah, sí?"
5fae46a5c8669c29,L11 Conrad,Conrad_Intro_4,22,Kobold,¡Claro! Voy a abrir la puerta.
daa08f627cbbfb9e,L11 Conrad,Conrad_Intro_4,23,Conrad,Sí... ¡pero solo si tú quieres!
20ee725c28fb397e,L11 Conrad,Conrad_Intro_4,24,Conrad,Intento no ser pesado.
374fe9cc22a15007,L11 Conrad,Conrad_Intro_4,25,Kobold,"Aw, voy a abrirte la puerta."
ae53715099e0d53d,L11 Conrad,Conrad_Intro_4,28,Conrad,¡Ryan! Lo conocí.
caefb85b87a51126,L11 Conrad,Conrad_Intro_4,29,Kobold,¡Qué bien! ¿Qué es toda esa... pringue?
0452c0f1847f4a72,L11 Conrad,Conrad_Intro_4,30,Kobold,¿Cómo fue?
940b2bb279fbfd8a,L11 Conrad,Conrad_Intro_4,33,Conrad,Gracias por ponernos en contacto a Ryan y a mí.
6c42e3202026a3e8,L11 Conrad,Conrad_Intro_4,34,Conrad,"La verdad, muy bien."
91b34251e9ff7711,L11 Conrad,Conrad_Intro_4,35,Conrad,Nunca pensé que alguien como él fuera mi tipo...
abc0fe0ceed24339,L11 Conrad,Conrad_Intro_4,36,Kobold,Tendrás que contármelo todo.
ab20df82132f07cc,L11 Conrad,Conrad_Intro_4,37,Conrad,"Lo haré. Solo necesito un lavado rápido, y no me importaría usar el potro hoy."
17c5f180de5a8348,L11 Conrad,Conrad_Intro_4,38,Conrad,"Tengo que <i>practicar</i> para Ryan, si me entiendes."
9912569ea696f8ed,L11 Conrad,Conrad_Intro_4,39,Kobold,¡Conrad!
106f99c061d35f26,L11 Conrad,Conrad_Intro_4,40,Kobold,"Vale, vale. Voy a abrir la puerta."
f71200a57e2d1d7a,L11 Conrad,Conrad_Intro_4,41,Conrad,¿Quéee? ¡Es bueno asegurarse de estar bien calentado!
65bee50d904e101d,L11 Conrad,Conrad_Intro_4,43,Conrad,"Ey, ey. Me alegra que estés abierto."
4d5dda82efc31458,L11 Conrad,Conrad_Intro_4,44,Conrad,Vengo por un manguerazo. Tampoco me importaría usar el potro.
0ecdd0ec4c0cf66c,L11 Conrad,Conrad_Intro_4,45,Kobold,"Oooh, muy bien."
3252727dec6314c5,L11 Conrad,Conrad_Intro_4,47,Kobold,¿Qué es toda esa... pringue?
91bc8d1d6dc8cdb7,L11 Conrad,Conrad_Intro_4,48,Conrad,Je. Sí.
1aced2f074444bdc,L11 Conrad,Conrad_Intro_4,54,Kobold,"Ah. Vale, voy a abrir la puerta."
# --- progress: Conrad_required_4 ---
a5965f548b64e3cf,L11 Conrad,Conrad_required_4,1,Conrad,"Oye, tengo una pregunta para ti."
9ad0664c4ac1572a,L11 Conrad,Conrad_required_4,2,Kobold,"¿Ah, sí?"
d448809fdbbeaf11,L11 Conrad,Conrad_required_4,4,Kobold,"¿Ah, síiii?"
51dbc8c7be16145b,L11 Conrad,Conrad_required_4,5,Kobold,"¿Qué pasa, grandote?"
# --- progress: Conrad_4_Ryan_Conrad_Romanced | if $ryan_conrad_romanced $conrad_romanced $ryan_romanced ---
e6071cb4e7c448c8,L11 Conrad,Conrad_4_Ryan_Conrad_Romanced,1,Conrad,"Con Ryan, estoy bastante seguro de que vamos a tener una cita esta noche."
9ee7e6a6ebccf907,L11 Conrad,Conrad_4_Ryan_Conrad_Romanced,2,Conrad,¿Tienes algún consejo?
f7af2bd25c827e3d,L11 Conrad,Conrad_4_Ryan_Conrad_Romanced,3,Kobold,¡Sé tú mismo!
a58248b820567c49,L11 Conrad,Conrad_4_Ryan_Conrad_Romanced,4,Kobold,Asegúrate de estar muy limpio. <size=70%><i>jeje.
528e2755301df89e,L11 Conrad,Conrad_4_Ryan_Conrad_Romanced,5,Conrad,Lo intento con todas mis fuerzas.
71cfcccd17dc37fc,L11 Conrad,Conrad_4_Ryan_Conrad_Romanced,6,Conrad,"Pero hasta ahora todo bien, ¿no?"
93a2ca86985333fe,L11 Conrad,Conrad_4_Ryan_Conrad_Romanced,7,Kobold,¡Creo que sí!
55842427ae2db4e3,L11 Conrad,Conrad_4_Ryan_Conrad_Romanced,8,Kobold,"Si alguien como Ryan está interesado, lo estás haciendo genial."
162762064c5d0461,L11 Conrad,Conrad_4_Ryan_Conrad_Romanced,10,Conrad,Ja. Si tan solo hubiera un kóbold que pudiera limpiarme.
4ae6d6619b0245f7,L11 Conrad,Conrad_4_Ryan_Conrad_Romanced,11,Kobold,Si tan solo.
6267e98361c404ca,L11 Conrad,Conrad_4_Ryan_Conrad_Romanced,12,Kobold,Me aseguraré de que quedes <i>impecable.</i>
7c0c5a4da3de6046,L11 Conrad,Conrad_4_Ryan_Conrad_Romanced,13,Conrad,"Bromas aparte, tu lavado es sin duda el mejor."
207d91f2342e8d0c,L11 Conrad,Conrad_4_Ryan_Conrad_Romanced,14,Conrad,"Gracias. ¡Si te ves bien, te sientes bien!"
# --- progress: Conrad_4_Conrad_Romanced | if $ryan_conrad_romanced $conrad_romanced $ryan_romanced ---
a8ee5e15400fc208,L11 Conrad,Conrad_4_Conrad_Romanced,1,Conrad,Bueno... Una cita. ¡Creo que me gustaría tener una pronto!
f2f6817fb49621c2,L11 Conrad,Conrad_4_Conrad_Romanced,3,Kobold,¡Me encantaría!
82ddb728ff9d18a9,L11 Conrad,Conrad_4_Conrad_Romanced,4,Conrad,Estaba pensando. ¿Podríamos salir algún día de la semana que viene?
fc253d9eb67cd473,L11 Conrad,Conrad_4_Conrad_Romanced,5,Kobold,Suena bien.
9a03666243082379,L11 Conrad,Conrad_4_Conrad_Romanced,6,Kobold,¡No me importaría!
67f68a72462bca9b,L11 Conrad,Conrad_4_Conrad_Romanced,7,Conrad/Ryan,¡Genial!
45ec6449f36fb5b9,L11 Conrad,Conrad_4_Conrad_Romanced,8,Conrad,"La próxima vez que venga a lavarme, salimos."
ee6194b2fabfafdc,L11 Conrad,Conrad_4_Conrad_Romanced,9,Kobold,¡Me gustaría!
38c7fbb586ed7788,L11 Conrad,Conrad_4_Conrad_Romanced,10,Kobold,Suena a plan.
de408e85752b4a9e,L11 Conrad,Conrad_4_Conrad_Romanced,11,Conrad/Kobold/Alexander,Estoy ilusionado.
# --- progress: Conrad_Ryan_Romanced | if $ryan_conrad_romanced $conrad_romanced $ryan_romanced ---
8dc7f14f91542fe7,L11 Conrad,Conrad_Ryan_Romanced,1,Conrad,"Así que tú y Ryan, ¿eh?"
498cb71ee3e20098,L11 Conrad,Conrad_Ryan_Romanced,2,Kobold,"¡Ah, sí!"
37d827f8025ee687,L11 Conrad,Conrad_Ryan_Romanced,3,Kobold,Está buenísimo.
64db0ca49ca9563d,L11 Conrad,Conrad_Ryan_Romanced,4,Kobold,Es el dragón de mis sueños.
bdfc096fee84c4fb,L11 Conrad,Conrad_Ryan_Romanced,5,Conrad,¡Me alegro por ti!
cb24c38318e64595,L11 Conrad,Conrad_Ryan_Romanced,6,Conrad,Eso parece.
0e5b54a94da4725b,L11 Conrad,Conrad_Ryan_Romanced,8,Kobold,¿Y tú qué? ¿Alguien interesante?
5f9173229e51d947,L11 Conrad,Conrad_Ryan_Romanced,9,Kobold,"Sí, yo también estoy feliz."
68fa6f383249196c,L11 Conrad,Conrad_Ryan_Romanced,10,Conrad,¡Más o menos! He estado saliendo más.
e589607da4e2983d,L11 Conrad,Conrad_Ryan_Romanced,11,Conrad,Encontré a un grifo. Más o menos de mi tamaño...
d69f5ee422fdf377,L11 Conrad,Conrad_Ryan_Romanced,12,Conrad,Creo que le gusto.
9aab87987aca7783,L11 Conrad,Conrad_Ryan_Romanced,13,Conrad,"...<i><size=70%>A mí me gusta él, al menos."
7b42e92a68e914e0,L11 Conrad,Conrad_Ryan_Romanced,14,Conrad,Me alegra oírlo.
88b86bef7b86a770,L11 Conrad,Conrad_Ryan_Romanced,15,Conrad,"Sí, parece de los que saben tocar la tecla adecuada."
# --- jerkoff: Conrad_4_JerkOff_Start ---
395b9d676b6c01c5,L11 Conrad,Conrad_4_JerkOff_Start,1,Conrad,"Ah... ¿Ahora mismo? Venga, me apunto."
# --- cum: Conrad_4_Cum ---
cf5ea034da108d57,L11 Conrad,Conrad_4_Cum,1,Conrad,Nnnf... Eso fue mucho mejor que esas bayas.
# --- mount_start: Conrad_4_Mount_Start ---
9c4eeb4a7cc4c1e1,L11 Conrad,Conrad_4_Mount_Start,1,Conrad,"¡Ey! ¡El potro! Joder, sí."
# --- mount_finish: Conrad_4_Mount_Finish ---
307f6f92f16156e7,L11 Conrad,Conrad_4_Mount_Finish,1,Conrad,Aah. Este es el mejor puto lavadero.
# --- outro: Conrad_Outro_4 ---
4012236175bc195e,L11 Conrad,Conrad_Outro_4,1,Kobold,¡Deberías estar todo limpio!
4a93a020168bbd0d,L11 Conrad,Conrad_Outro_4,2,Kobold,Creo que eso es todo.
2ce654e6ba32ebb8,L11 Conrad,Conrad_Outro_4,3,Kobold,¡Te ves bien así de limpio!
d6d9eff64b0d7187,L11 Conrad,Conrad_Outro_4,4,Kobold,<i>Me gusta rociarte con agua.
feda452e0c677f41,L11 Conrad,Conrad_Outro_4,5,Kobold,¡Muy bien! Eso debería ser todo.
e2956ac74f8acb8e,L11 Conrad,Conrad_Outro_4,6,Kobold,Creo que no queda ni una mancha.
# --- outro: Conrad_Outro_4_Ryan_Conrad_Romanced | if $ryan_conrad_romanced $conrad_romanced $ryan_romanced ---
0fa2abeece5fd3de,L11 Conrad,Conrad_Outro_4_Ryan_Conrad_Romanced,1,Conrad,¡Sí! Me siento limpio.
1b5f2f27de868c08,L11 Conrad,Conrad_Outro_4_Ryan_Conrad_Romanced,2,Conrad,"Oye, eh, ¿crees que Ryan y yo <i>de verdad</i> vamos a funcionar?"
ebc110388e3748fa,L11 Conrad,Conrad_Outro_4_Ryan_Conrad_Romanced,3,Kobold/Alexander,¡Por supuesto!
5bc10e8175dc9422,L11 Conrad,Conrad_Outro_4_Ryan_Conrad_Romanced,4,Kobold,Eso espero.
3da3a77980cb9eb9,L11 Conrad,Conrad_Outro_4_Ryan_Conrad_Romanced,5,Conrad,Espero que tengas razón.
43e42fb816f1d2c2,L11 Conrad,Conrad_Outro_4_Ryan_Conrad_Romanced,6,Conrad,"Sí, yo también. Es muy majo."
603a3749013e876b,L11 Conrad,Conrad_Outro_4_Ryan_Conrad_Romanced,7,Conrad,Es difícil no estar nervioso después de todo...
189f4f64972cc1fe,L11 Conrad,Conrad_Outro_4_Ryan_Conrad_Romanced,8,Conrad,"Pero estoy que ardo, así que estaré bien."
40b8366766a655d6,L11 Conrad,Conrad_Outro_4_Ryan_Conrad_Romanced,9,Conrad,Con suerte.
dde93c3f47e98763,L11 Conrad,Conrad_Outro_4_Ryan_Conrad_Romanced,10,Conrad,¡Pero nuestro primer encuentro fue genial!
0a47996c4c389f39,L11 Conrad,Conrad_Outro_4_Ryan_Conrad_Romanced,11,Kobold,¿Sí? ¡Cuéntame!
589c19f0d1fb2d81,L11 Conrad,Conrad_Outro_4_Ryan_Conrad_Romanced,12,Kobold,¡Qué bien! ¿Cuándo es la primera cita?
56345c46f3840a46,L11 Conrad,Conrad_Outro_4_Ryan_Conrad_Romanced,13,Conrad,"Me llamó, quedamos. Es jodidamente majo."
080824870e4c7a15,L11 Conrad,Conrad_Outro_4_Ryan_Conrad_Romanced,14,Conrad,"Dijo que yo era tranqui, planeamos una cita..."
d98ca4f1aac91861,L11 Conrad,Conrad_Outro_4_Ryan_Conrad_Romanced,15,Conrad,¡Y por eso estoy aquí! Después de este lavado me voy a verlo.
35b34afec858433c,L11 Conrad,Conrad_Outro_4_Ryan_Conrad_Romanced,16,Conrad,¡Justo después de este lavado!
d925b0f0ac6611e6,L11 Conrad,Conrad_Outro_4_Ryan_Conrad_Romanced,17,Conrad,Vamos a ir a un sitio de mariscos...
5421d19c6a9cd188,L11 Conrad,Conrad_Outro_4_Ryan_Conrad_Romanced,18,Conrad,Ya tengo un sitio reservado en el club.
6ffd2844813c419e,L11 Conrad,Conrad_Outro_4_Ryan_Conrad_Romanced,19,Kobold,¡Entonces más vale que te deje salir!
d547385bcae74ca2,L11 Conrad,Conrad_Outro_4_Ryan_Conrad_Romanced,20,Kobold,Me alegro mucho por ti. ¡Voy a abrir la puerta!
9458fe24a9152c2b,L11 Conrad,Conrad_Outro_4_Ryan_Conrad_Romanced,21,Conrad,"Ja... Sí, estoy emocionado."
83a4b4bd32149db8,L11 Conrad,Conrad_Outro_4_Ryan_Conrad_Romanced,22,Conrad,"Gracias, yo también estoy emocionado."
# --- outro: Conrad_Outro_4_Conrad_Romanced | if $ryan_conrad_romanced $conrad_romanced $ryan_romanced ---
ad0500f8d2500c0f,L11 Conrad,Conrad_Outro_4_Conrad_Romanced,1,Conrad,"Me siento impecable, como siempre."
297d60c9e5c25580,L11 Conrad,Conrad_Outro_4_Conrad_Romanced,2,Conrad,"Ah, y ya sé a dónde ir."
f22c7f64f7e136d4,L11 Conrad,Conrad_Outro_4_Conrad_Romanced,5,Conrad,Hay un club en el centro. «Wings». Es uno de mis favoritos de toda la vida.
5dcbc1f451fcc29d,L11 Conrad,Conrad_Outro_4_Conrad_Romanced,6,Conrad,Por ahí soy alguien bastante importante.
99c9d7ee0966d8d1,L11 Conrad,Conrad_Outro_4_Conrad_Romanced,7,Conrad,Podría conseguirnos los <i>mejores</i> sitios para su espectáculo.
02f6a5560835daa6,L11 Conrad,Conrad_Outro_4_Conrad_Romanced,8,Kobold,"Ja, vale. Me apunto."
7137eb7d65d8f4d8,L11 Conrad,Conrad_Outro_4_Conrad_Romanced,9,Kobold,"Ooooh, entonces debes de ser todo un personaje."
60c5caff4aee58e9,L11 Conrad,Conrad_Outro_4_Conrad_Romanced,10,Conrad,"Joder, tío, estoy que no quepo en mí."
d37d98f486ba54c5,L11 Conrad,Conrad_Outro_4_Conrad_Romanced,11,Conrad,Empezaré a prepararlo.
bf3d9317290e56b0,L11 Conrad,Conrad_Outro_4_Conrad_Romanced,12,Conrad,"¡La próxima vez que venga, tendré la reserva!"
f11ccc8c0bd5ecbc,L11 Conrad,Conrad_Outro_4_Conrad_Romanced,13,Conrad,¿Podrías abrir la puerta?
ffcc816df16993e6,L11 Conrad,Conrad_Outro_4_Conrad_Romanced,14,Conrad,Ya lo creo.
c25790cd739260fd,L11 Conrad,Conrad_Outro_4_Conrad_Romanced,16,Conrad,Tú sí que eres importante.
b18d301dab41755f,L11 Conrad,Conrad_Outro_4_Conrad_Romanced,17,Conrad,"Perdona, soy malísimo ligando. ¿Podrías abrir la puerta?"
# --- outro: Conrad_Outro_4_Ryan_Romanced | if $ryan_conrad_romanced $conrad_romanced $ryan_romanced ---
6fe24a5cf11acb37,L11 Conrad,Conrad_Outro_4_Ryan_Romanced,1,Conrad,¡Sí! Limpio como siempre.
8f0378325ead68c7,L11 Conrad,Conrad_Outro_4_Ryan_Romanced,2,Conrad,¿Tienes algún plan con Ryan?
a12011af4e943fb2,L11 Conrad,Conrad_Outro_4_Ryan_Romanced,3,Kobold,Aún no lo sé.
c3393181a97b4208,L11 Conrad,Conrad_Outro_4_Ryan_Romanced,4,Kobold,Estoy pensando en una cita pronto.
5ef95c64f52e6263,L11 Conrad,Conrad_Outro_4_Ryan_Romanced,5,Conrad,Me parece bien. Sí que hacen una pareja mona.
6d8a46a5e1da81ef,L11 Conrad,Conrad_Outro_4_Ryan_Romanced,6,Conrad,¡De verdad espero que todo salga bien!
1884386d93b6fccd,L11 Conrad,Conrad_Outro_4_Ryan_Romanced,7,Conrad,¡Sí! Eso sería increíble.
c5cace2191af6925,L11 Conrad,Conrad_Outro_4_Ryan_Romanced,8,Conrad,Hacen una pareja muy mona...
9e806b93dd0d48fe,L11 Conrad,Conrad_Outro_4_Ryan_Romanced,9,Conrad,Espero que todo salga bien.
83a8afa550485db4,L11 Conrad,Conrad_Outro_4_Ryan_Romanced,10,Conrad,"Pero eso debería ser todo, ¿podrías abrir la puerta?"

# ===== Level 12: Alexander (Rainy) =====
# --- intro: Alexander_4_intro ---
0248808ddaa3479e,L12 Alexander,Alexander_4_intro,1,Alexander,¡Buenas noches!
d3d306a15d158e29,L12 Alexander,Alexander_4_intro,2,Kobold,¡Holaaaa! ¡Holaaa!
68094c643e49d3c6,L12 Alexander,Alexander_4_intro,3,Kobold,"¡Hola, Alexander!"
e8c921ab9051f110,L12 Alexander,Alexander_4_intro,4,Alexander,"Ja, entusiasta como siempre."
3b767556f3eeaa3b,L12 Alexander,Alexander_4_intro,5,Alexander,¡Es maravilloso estar de vuelta!
96ed1471d1f86a4d,L12 Alexander,Alexander_4_intro,6,Alexander,¡La lluvia ha sido implacable hoy!
429d93ef0fafbe8a,L12 Alexander,Alexander_4_intro,7,Alexander,El ambiente es agradable.
a9945cd0cd165325,L12 Alexander,Alexander_4_intro,8,Kobold,La lluvia es agradable.
7259414f82b0b97a,L12 Alexander,Alexander_4_intro,9,Kobold,Siempre he odiado la lluvia.
bfad19e22f9652cc,L12 Alexander,Alexander_4_intro,10,Alexander,"De acuerdo, aunque igualmente me gustaría entrar en cuanto sea conveniente."
91a5c27ef059ab24,L12 Alexander,Alexander_4_intro,12,Alexander,Supongo que entiendo que le disguste el desastre que puede causar.
882df59f0a75b295,L12 Alexander,Alexander_4_intro,13,Alexander,¡Pero por eso estoy aquí!
990e43e4f2687cdf,L12 Alexander,Alexander_4_intro,14,Kobold,¡Muy bien! Voy a abrirle la puerta.
846b613e707ce00d,L12 Alexander,Alexander_4_intro,15,Kobold,¡Yip! <size=70%>(Puerta)
1ceb64d9cf6889fd,L12 Alexander,Alexander_4_intro,17,Alexander,"Mmm, ¿entiendo que eso significa que abrirá la puerta?"
56deaef9d6b92a31,L12 Alexander,Alexander_4_intro,18,Kobold,¡Yip! <size=70%>(Sí)
fd0d3e3077aaf4ce,L12 Alexander,Alexander_4_intro,19,Alexander,No sé muy bien por qué de pronto entiendo sus «Yips».
7a919cef111fe275,L12 Alexander,Alexander_4_intro,20,Kobold,"¡Yip! <size=70%>(Es porque la parte latente de su mente dracónica está recordando el profundo puente lingüístico entre su especie y la mía, que lleva consigo el significado y la intención profundos de los «Yips» de los kóbolds. Esta repentina comprensión suya se debe simplemente a que nuestra conexión ha ido creciendo con el tiempo y ha activado esa parte de su mente.)"
6d8c462224bca1b5,L12 Alexander,Alexander_4_intro,21,Kobold,¡Yip! <size=70%>(ni idea)
8e7ead434fce5609,L12 Alexander,Alexander_4_intro,24,Alexander,¿Podría abrir la puerta...?
19be549c91d82ff3,L12 Alexander,Alexander_4_intro,25,Alexander,Me parece bien. ¡Aquí espero!
# --- progress: Alexander_4_required ---
c19ca0647cc1a583,L12 Alexander,Alexander_4_required,1,Alexander,He estado pensando...
6d9630067757f781,L12 Alexander,Alexander_4_required,2,Alexander,No he podido evitar fijarme en el... aparato de allí.
7bd6925025a24288,L12 Alexander,Alexander_4_required,3,Alexander,"Es un potro, ¿no?"
54b9fbcd575cd0a7,L12 Alexander,Alexander_4_required,4,Kobold,¡Así es!
1f5aad5cbae1a020,L12 Alexander,Alexander_4_required,5,Kobold,¿Quiere usarlo?
36a85b3430aa6639,L12 Alexander,Alexander_4_required,6,Alexander,Me... pregunto...
d2b8ae469c604bfb,L12 Alexander,Alexander_4_required,7,Alexander,"Si podría, ehm..."
577e4edfcd4fa53d,L12 Alexander,Alexander_4_required,8,Alexander,"Quizá, digamos..."
4caa8162834de434,L12 Alexander,Alexander_4_required,9,Alexander,Solo posiblemente...
d89de41838a75fa0,L12 Alexander,Alexander_4_required,10,Kobold,"¡Si quiere usarlo, no hay problema!"
68ad27123e1df879,L12 Alexander,Alexander_4_required,11,Kobold,"¡No hace falta ponerse nervioso, Alexander!"
6dece6f0ec399d4e,L12 Alexander,Alexander_4_required,12,Alexander,¿Creo que me gustaría?
08ab3092d83ed1d3,L12 Alexander,Alexander_4_required,13,Alexander,Lo sé. Lo sé.
81a4fcd2541ac990,L12 Alexander,Alexander_4_required,14,Alexander,¿Creo que me gustaría usarlo?
67c0f2a71f4ff613,L12 Alexander,Alexander_4_required,16,Alexander,Eh... ehm...
4640c27322f55d8c,L12 Alexander,Alexander_4_required,17,Alexander,¿Posiblemente...?
9739b879143b91cf,L12 Alexander,Alexander_4_required,18,Alexander,Solo si no hay inconveniente...
e2dce2bed173fba0,L12 Alexander,Alexander_4_required,20,Kobold,Claro que no lo hay. Gracias a Conrad por hacer que lo consiguiera.
f12929f0cef567d7,L12 Alexander,Alexander_4_required,21,Alexander,"Está bien, está bien... ¿Entonces creo que me gustaría usarlo?"
76ea754cd53f21dc,L12 Alexander,Alexander_4_required,22,Alexander,¿Conrad...?
18b51cf572e4b49a,L12 Alexander,Alexander_4_required,25,Kobold,"¡Por mí, perfecto!"
334a54e73cf69dc1,L12 Alexander,Alexander_4_required,26,Kobold,Se lo traigo con mucho gusto.
7bd62126f382f565,L12 Alexander,Alexander_4_required,27,Alexander,Mjm... Gracias.
d2c15503eb28631b,L12 Alexander,Alexander_4_required,28,Alexander,Vale... Gracias.
# --- jerkoff: Alexander_4_JerkOff_Start ---
47122b215cc11a2b,L12 Alexander,Alexander_4_JerkOff_Start,1,Alexander,Oh... Supongo que esto está bien~
# --- cum: Alexander_4_Cum ---
ed6a9612f44b19ea,L12 Alexander,Alexander_4_Cum,1,Alexander,uff... Gracias por eso.
# --- mount_start: Alexander_4_Mount_Start ---
1db0bf44f69526fc,L12 Alexander,Alexander_4_Mount_Start,1,Alexander,¿El potro? Yo... ¡supongo!
# --- mount_finish: Alexander_4_Mount_Finish ---
76527d719ccc95a3,L12 Alexander,Alexander_4_Mount_Finish,1,Alexander,Eso fue... más agradable de lo que esperaba.
# --- outro: Alexander_4_Outro ---
35278dc46019f9b9,L12 Alexander,Alexander_4_Outro,1,Alexander,Me siento mucho mejor.
5547ec33b10091a2,L12 Alexander,Alexander_4_Outro,2,Alexander,Sé... que esto viene sin que nadie lo pida.
3ce3dec2bd740757,L12 Alexander,Alexander_4_Outro,3,Alexander,Pero creo que usted me ha enseñado algo.
5eca8560307cac86,L12 Alexander,Alexander_4_Outro,5,Kobold,Pero si usted es el dragón maestro.
419ecbf32abefda1,L12 Alexander,Alexander_4_Outro,6,Alexander,"Profesor, pero sí. Me lo ha enseñado."
0b1b8529d2c3c5fc,L12 Alexander,Alexander_4_Outro,7,Alexander,¿Creo que me gusta que me cuiden?
4df2487e01509478,L12 Alexander,Alexander_4_Outro,8,Kobold,¡A la mayoría le gusta!
c9f8ba59379bb60a,L12 Alexander,Alexander_4_Outro,9,Kobold,A mí me gusta cuidarle.
93786b06bef36348,L12 Alexander,Alexander_4_Outro,10,Alexander,"Bueno, sí. Me refiero a algo más... ¿primario?"
b868cb066c4b572d,L12 Alexander,Alexander_4_Outro,11,Alexander,Me alegra oírlo... Pero me refiero a que me cuiden de forma más... ¿primaria?
565a3630f0cfbcc5,L12 Alexander,Alexander_4_Outro,12,Alexander,Disfruto cuando me indica qué hacer con una palmada de su mano.
1161a29c118dbaa6,L12 Alexander,Alexander_4_Outro,13,Alexander,Me gusta lo seguro que está de sí mismo. Aunque solo tenga que ver con lavar.
32c31015075eeede,L12 Alexander,Alexander_4_Outro,14,Alexander,"Es agradable ceder el control, aunque sea por un momento."
1651e2418c22d0c0,L12 Alexander,Alexander_4_Outro,15,Kobold,<size=70%> Un dragón grande dándome el control. Uau.
bd051341e68cc04e,L12 Alexander,Alexander_4_Outro,16,Kobold,Me alegra darle un lugar donde pueda relajarse.
2e1f723e42b149be,L12 Alexander,Alexander_4_Outro,17,Alexander,"Es bastante novedoso, ¿no es así?"
8212cbdd05d21f37,L12 Alexander,Alexander_4_Outro,18,Alexander,"Volveré pronto, ¿sí? Gracias por el lavado."
b5f8ec9a6918d554,L12 Alexander,Alexander_4_Outro,19,Alexander,"Es liberador. Volveré, ¿sí?"

# ===== Level 13: Ryan (Sunny) =====
# --- intro: Ryan_5_intro ---
dcd95465ccb79997,L13 Ryan,Ryan_5_intro,6,Kobold,"Hola, grandote."
a4c1cb0899f204fc,L13 Ryan,Ryan_5_intro,8,Ryan,Hola... ¡pequeñín!
df50afc7f5e2d994,L13 Ryan,Ryan_5_intro,9,Kobold,No soy <i>tan</i> pequeño...
8061d3d1aed7c531,L13 Ryan,Ryan_5_intro,10,Kobold,"Bueno, ¿vienes por un lavado?"
1107598aa9bc6c75,L13 Ryan,Ryan_5_intro,11,Ryan,"Ah, perdona..."
061629ac669e11f8,L13 Ryan,Ryan_5_intro,12,Ryan,Solo intentaba seguirte el juego. ¡Me alegra verte!
cdc7ebc001250566,L13 Ryan,Ryan_5_intro,13,Ryan,¡Sip!
f8c3932b65e6bbb0,L13 Ryan,Ryan_5_intro,14,Ryan,"¡Hola, kóbold!"
4a5d3b88460afb6b,L13 Ryan,Ryan_5_intro,15,Ryan,Decidí probar a hornear.
b483e9c7e323807a,L13 Ryan,Ryan_5_intro,16,Ryan,He tenido mucho tiempo libre últimamente.
afd9ef6045a7191c,L13 Ryan,Ryan_5_intro,17,Ryan,¡Resulta que hornear ensucia mucho!
808f38835d1deb53,L13 Ryan,Ryan_5_intro,18,Ryan,Me vendría bien un lavado.
# --- intro: Ryan_5_intro_ryan_romanced | if $ryan_conrad_romanced $conrad_romanced $ryan_romanced ---
efa367904267d1f9,L13 Ryan,Ryan_5_intro_ryan_romanced,1,Ryan,...Un lavado para nuestra cita de esta noche.
d510da8dc09c7bd7,L13 Ryan,Ryan_5_intro_ryan_romanced,2,Kobold,AH. CIERTO.
cb4f55dc25088cef,L13 Ryan,Ryan_5_intro_ryan_romanced,3,Kobold,Estoy muy emocionado.
63b5ec8a662e7e8f,L13 Ryan,Ryan_5_intro_ryan_romanced,4,Ryan,"Menos mal que estoy aquí para recordártelo, entonces."
60004e58bb12dd3c,L13 Ryan,Ryan_5_intro_ryan_romanced,6,Ryan,¡Espero a que abras la puerta!
# --- intro: Ryan_5_intro ---
3ff66f86649ed3f4,L13 Ryan,Ryan_5_intro,19,Kobold,"¡Hola, Ryan!"
bab3e0bf3bfcf52e,L13 Ryan,Ryan_5_intro,20,Ryan,¡Hola! Vengo por un lavado.
747b7932ed2e84f2,L13 Ryan,Ryan_5_intro,24,Kobold,"Genial, voy a abrir la puerta."
1fa67d86839c19a3,L13 Ryan,Ryan_5_intro,25,Kobold,¡Claro! Tengo ganas de contarte sobre Conrad.
4c5ca3860699fcd3,L13 Ryan,Ryan_5_intro,28,Kobold,¡Sí! Pronto tengo una cita con él.
29301eae6840e128,L13 Ryan,Ryan_5_intro,29,Kobold,"Mmmjm, tengo que prepararme para una cita con él."
154dbd6d6bdc9f0e,L13 Ryan,Ryan_5_intro,30,Ryan,¡Qué emocionante!
e1867b98d8ce23bd,L13 Ryan,Ryan_5_intro,31,Ryan,Tendrás que contarme más adentro.
10dc92e80220fe9b,L13 Ryan,Ryan_5_intro,33,Kobold,"Holaaaa, Ryan."
b57c370a0fcc7045,L13 Ryan,Ryan_5_intro,34,Ryan,¡Hola!
cd80a4a851309647,L13 Ryan,Ryan_5_intro,38,Kobold,¿Cómo fue tu cita con Conrad?
26eed1b65d0e1370,L13 Ryan,Ryan_5_intro,39,Kobold,¡CUÉNTAME DE TI Y CONRAD!
b433dad7fc4cdb18,L13 Ryan,Ryan_5_intro,40,Ryan,¡Fue genial!
cd235c4d7d27fbdb,L13 Ryan,Ryan_5_intro,41,Ryan,Vaya... ¡qué ansias!
7b1f5d058f2045c5,L13 Ryan,Ryan_5_intro,43,Ryan,Salimos a comer. Tuvimos una buena conversación.
4932dbc11ab131d4,L13 Ryan,Ryan_5_intro,44,Ryan,Una cosa llevó a la otra...
1a86226c86c7138f,L13 Ryan,Ryan_5_intro,45,Ryan,Fuimos al bar... La cosa se puso picante. Ya te imaginas lo que pasó después... <size=70%>Ja...
# --- progress: Ryan_5_Required_ryan_romanced | if $ryan_romanced ---
e61676df3c022293,L13 Ryan,Ryan_5_Required_ryan_romanced,1,Ryan,Bueno. Nuestra cita de esta noche...
c022fa54258553ea,L13 Ryan,Ryan_5_Required_ryan_romanced,2,Ryan,¿A dónde te gustaría ir?
6c0884e4717c5d5b,L13 Ryan,Ryan_5_Required_ryan_romanced,3,Kobold,¡Decide tú!
bbedb233b6bbe2ea,L13 Ryan,Ryan_5_Required_ryan_romanced,4,Kobold,Me gustaría salir a comer.
fb57b97d646f43c9,L13 Ryan,Ryan_5_Required_ryan_romanced,5,Kobold,¿Conoces algún bar bueno?
d2c0f4718541c240,L13 Ryan,Ryan_5_Required_ryan_romanced,6,Kobold,¿Qué tal una película?
98ef145fb642c5b6,L13 Ryan,Ryan_5_Required_ryan_romanced,7,Ryan,¿Quizá podríamos simplemente... caminar?
4bad2b5ecfe22c4a,L13 Ryan,Ryan_5_Required_ryan_romanced,8,Ryan,Me encanta llevar a la gente sobre mi lomo.
6e8c399ff118f405,L13 Ryan,Ryan_5_Required_ryan_romanced,9,Ryan,¿Te interesaría?
7da2aa0d4ef74597,L13 Ryan,Ryan_5_Required_ryan_romanced,10,Kobold,¡Suena precioso!
db39ae73af1cfae5,L13 Ryan,Ryan_5_Required_ryan_romanced,11,Kobold,¿No sería degradante?
3185b026252747c6,L13 Ryan,Ryan_5_Required_ryan_romanced,13,Ryan,Siempre me ha encantado llevar a mis amigos bípedos a cuestas...
d2994ff918a23d86,L13 Ryan,Ryan_5_Required_ryan_romanced,14,Ryan,Entonces suena a cita. Estoy emocionado.
3fdcf71c3e2f7ea0,L13 Ryan,Ryan_5_Required_ryan_romanced,15,Ryan,"¡Ah! No, para nada. ¡Es divertido!"
8bacddc318adc2b9,L13 Ryan,Ryan_5_Required_ryan_romanced,16,Ryan,Llevo a mis otros amigos bípedos a cuestas todo el tiempo.
638c1801c65c6b0c,L13 Ryan,Ryan_5_Required_ryan_romanced,17,Ryan,¡Seguro que se nos ocurre algo! ¡Solo búscame en el muelle!
25f86d817a092ae1,L13 Ryan,Ryan_5_Required_ryan_romanced,18,Ryan,"Sí, eso suena bastante bien."
38ae2aec596ab356,L13 Ryan,Ryan_5_Required_ryan_romanced,19,Ryan,¿Qué tal te llevas con los mariscos?
d7456d9e85366bc9,L13 Ryan,Ryan_5_Required_ryan_romanced,20,Kobold,Sí. ¡Me gusta el pescado!
925a663e1b23d966,L13 Ryan,Ryan_5_Required_ryan_romanced,21,Kobold,"Hmmm, ¿quizá otra cosa?"
14d1fddd0115ee0d,L13 Ryan,Ryan_5_Required_ryan_romanced,22,Ryan,"Ah, genial. A mí me encanta el salmón."
6b59acab736bd349,L13 Ryan,Ryan_5_Required_ryan_romanced,23,Ryan,"Bueno, soy un dragón... pero... ya me entiendes."
334998266afc2476,L13 Ryan,Ryan_5_Required_ryan_romanced,24,Ryan,¡Entonces suena a cita! Mariscos y luego improvisamos.
a02af61e18efb0f0,L13 Ryan,Ryan_5_Required_ryan_romanced,25,Ryan,Conozco un sitio decente de cocina equina junto al muelle.
cf73a93aa04fdd02,L13 Ryan,Ryan_5_Required_ryan_romanced,26,Ryan,Es como una cosa de fusión equina...
8771d66a0a1ace3e,L13 Ryan,Ryan_5_Required_ryan_romanced,27,Ryan,¡A mí me gusta! Creo que a ti también te gustaría.
8cceef523eb8c739,L13 Ryan,Ryan_5_Required_ryan_romanced,28,Ryan,¡Entonces suena a cita!
5a3b18942c9e3040,L13 Ryan,Ryan_5_Required_ryan_romanced,29,Ryan,"Ah, sí, hay un sitio agradable en el centro que se llama Wings."
4d1b2eff2bb69d21,L13 Ryan,Ryan_5_Required_ryan_romanced,30,Ryan,¡Creo que sería un buen lugar! Hacen buenos espectáculos todas las noches.
ebbcfde5ce6709d6,L13 Ryan,Ryan_5_Required_ryan_romanced,31,Ryan,Podríamos hacer eso y luego pillar una habitación de hotel... Hmm.
435234dd4f3b1033,L13 Ryan,Ryan_5_Required_ryan_romanced,34,Ryan,¡Creo que una película podría ser divertido!
0ef6ac4a015fbebd,L13 Ryan,Ryan_5_Required_ryan_romanced,35,Ryan,¿En qué tipo de película estás pensando?
b64ebbe5369b5bbf,L13 Ryan,Ryan_5_Required_ryan_romanced,37,Kobold,Yip-Man: El Yip final
45afe74b37ed6bb0,L13 Ryan,Ryan_5_Required_ryan_romanced,38,Kobold,Dragones de la galaxia 2
a881cd2440d13252,L13 Ryan,Ryan_5_Required_ryan_romanced,39,Ryan,"Ah, he oído cosas buenas de esa."
00712e7d97f1872a,L13 Ryan,Ryan_5_Required_ryan_romanced,41,Ryan,Las películas de Yip-Man son muy cursis...
037e3c0c446d2b14,L13 Ryan,Ryan_5_Required_ryan_romanced,42,Ryan,¡Pero seguro que la disfrutaría contigo!
b1ac5509459ca2a4,L13 Ryan,Ryan_5_Required_ryan_romanced,43,Ryan,"Ah, sí, la primera me gustó."
eb547bf48bc9637e,L13 Ryan,Ryan_5_Required_ryan_romanced,45,Ryan,Entonces suena a cita. Estoy emocionado.
# --- progress: Ryan_5_Required_conrad_romanced | if $ryan_romanced $conrad_romanced ---
1f2c5ed668dc8972,L13 Ryan,Ryan_5_Required_conrad_romanced,1,Ryan,"Bueno, ¡cuéntame más de Conrad!"
522b54ddedc9ae6c,L13 Ryan,Ryan_5_Required_conrad_romanced,2,Kobold,Últimamente es mucho más majo.
9df47f9485e2d886,L13 Ryan,Ryan_5_Required_conrad_romanced,3,Kobold,Es como... un blandito enorme rodeado de pinchos afilados.
2e0446089ab2f237,L13 Ryan,Ryan_5_Required_conrad_romanced,4,Ryan,"¿Ah, sí? Suena a que tiene un poco de cabeza caliente."
eb926b4bc196ac32,L13 Ryan,Ryan_5_Required_conrad_romanced,5,Ryan,Pero conozco el tipo... Suelen ser unos blanditos por dentro.
8ea9e02ddeed61e3,L13 Ryan,Ryan_5_Required_conrad_romanced,6,Kobold,"Sí, ha mejorado un montón."
5085892250461c04,L13 Ryan,Ryan_5_Required_conrad_romanced,7,Kobold,Sip. Me gusta.
53011f72775c8ca4,L13 Ryan,Ryan_5_Required_conrad_romanced,8,Ryan,Me alegra mucho oír eso.
4fbcc070e27c4736,L13 Ryan,Ryan_5_Required_conrad_romanced,9,Ryan,¡No hay nada más atractivo que un hombre capaz de mejorar!
aa8e7dea9ad61538,L13 Ryan,Ryan_5_Required_conrad_romanced,10,Ryan,Me alegra que les vaya bien juntos.
390bea406a842664,L13 Ryan,Ryan_5_Required_conrad_romanced,11,Ryan,Qué bien. Me alegra que les vaya bien juntos.
f147cd900de98aeb,L13 Ryan,Ryan_5_Required_conrad_romanced,12,Ryan,"Ah, sí, ese tipo de dragones son bastante monos."
883fec192f3d1119,L13 Ryan,Ryan_5_Required_conrad_romanced,13,Ryan,"Por lo que he oído, parece que ha mejorado mucho últimamente, ¿no?"
b5060af9808e8c7c,L13 Ryan,Ryan_5_Required_conrad_romanced,14,Kobold,"Ajá, lo está intentando."
702195668cf48039,L13 Ryan,Ryan_5_Required_conrad_romanced,15,Kobold,Creo que estaba en un mal ambiente. Ahora está mejor.
1e681c01b417052f,L13 Ryan,Ryan_5_Required_conrad_romanced,16,Ryan,"Es todo lo que se puede pedir, ¿no?"
9056022b2085d3b7,L13 Ryan,Ryan_5_Required_conrad_romanced,17,Ryan,Pero me alegra que les vaya bien juntos.
932d7df9b58f5376,L13 Ryan,Ryan_5_Required_conrad_romanced,18,Ryan,Me alegra oírlo.
# --- progress: Ryan_5_Required_ryan_conrad_romanced | if $ryan_romanced $conrad_romanced $ryan_conrad_romanced ---
e76e544c771880f3,L13 Ryan,Ryan_5_Required_ryan_conrad_romanced,1,Ryan,Conrad estuvo hablando de ti durante nuestra cita.
2e21aa0b86c092fb,L13 Ryan,Ryan_5_Required_ryan_conrad_romanced,3,Kobold,¿De qué?
271a662aed24f160,L13 Ryan,Ryan_5_Required_ryan_conrad_romanced,4,Ryan,Me contó de la vez que le dieron una paliza.
1b0b214cb2df69ec,L13 Ryan,Ryan_5_Required_ryan_conrad_romanced,5,Ryan,Creo que lo ayudaste mucho más de lo que te imaginas.
ad14c398c575824b,L13 Ryan,Ryan_5_Required_ryan_conrad_romanced,7,Kobold,¡Solo hacía mi trabajo!
daddaa15545566ce,L13 Ryan,Ryan_5_Required_ryan_conrad_romanced,8,Ryan,"Claro, pero en ese momento necesitaba a alguien a quien le importara."
f03747feadc10e71,L13 Ryan,Ryan_5_Required_ryan_conrad_romanced,9,Ryan,"Hacía mucho que nadie... bueno, que nadie se preocupaba por él, por lo que pude entender."
2ed3613575959ca6,L13 Ryan,Ryan_5_Required_ryan_conrad_romanced,10,Ryan,Aunque solo estuvieras haciendo tu trabajo... creo que lo ayudó mucho.
658add118bb17ed5,L13 Ryan,Ryan_5_Required_ryan_conrad_romanced,11,Ryan,"Así que, de su parte, gracias por preocuparte."
8ca78aefdf9d3b44,L13 Ryan,Ryan_5_Required_ryan_conrad_romanced,12,Ryan,Sé que puede ser un poco impulsivo y olvidarse de dar las gracias.
9176dd2bd815750c,L13 Ryan,Ryan_5_Required_ryan_conrad_romanced,13,Kobold,Aw... Gracias.
5a4dcf1ccff086af,L13 Ryan,Ryan_5_Required_ryan_conrad_romanced,14,Kobold,Me hace feliz oír eso.
6db8bf6280f68edb,L13 Ryan,Ryan_5_Required_ryan_conrad_romanced,15,Ryan,Ah. Y otra cosa.
49e6d82bb7d163af,L13 Ryan,Ryan_5_Required_ryan_conrad_romanced,16,Ryan,También tuvimos sexo después de la cita.
e06e957ec854ab4c,L13 Ryan,Ryan_5_Required_ryan_conrad_romanced,17,Kobold,<size=70%><i>Uau...
9b2ad1c8b149bf00,L13 Ryan,Ryan_5_Required_ryan_conrad_romanced,19,Ryan,"Ja, sí. Conrad definitivamente tiene experiencia..."
bc156217e847a8df,L13 Ryan,Ryan_5_Required_ryan_conrad_romanced,20,Ryan,¿Quéee? ¡No tiene nada de malo! Pensé que te gustaría saberlo.
# --- jerkoff: Ryan_5_JerkOff_Start ---
9fec39c7cefbaca2,L13 Ryan,Ryan_5_JerkOff_Start,1,Ryan,"Je... Manitas largas hoy, ¿eh?"
# --- cum: Ryan_5_Cum ---
6f8c64dde681ced5,L13 Ryan,Ryan_5_Cum,1,Ryan,Uf... Lo necesitaba. Gracias.
# --- mount_start: Ryan_5_Mount_Start ---
c7f3dbd886d929a7,L13 Ryan,Ryan_5_Mount_Start,1,Ryan,¿El potro? ¡Claro!
# --- mount_finish: Ryan_5_Mount_Finish ---
48ffbc93e2486713,L13 Ryan,Ryan_5_Mount_Finish,1,Ryan,Uff... Gracias por eso.
# --- outro: Ryan_5_Outro_ryan_romanced | if $ryan_romanced ---
6fc39ec69d974bb4,L13 Ryan,Ryan_5_Outro_ryan_romanced,1,Ryan,Creo que no dejaste ni una mancha.
c9e5fbe3317edd3f,L13 Ryan,Ryan_5_Outro_ryan_romanced,2,Ryan,Ya sabes lo que eso significa...
f553e58b991e05cc,L13 Ryan,Ryan_5_Outro_ryan_romanced,3,Kobold,¡NOCHE DE CITA!
line:95aa0bf4,L13 Ryan,Ryan_5_Outro_ryan_romanced,5,Ryan,¡Ya lo creo!
0eb7accf7a8bffc3,L13 Ryan,Ryan_5_Outro_ryan_romanced,6,Ryan,Significa que estoy listo para tener una cita con cierto kóbold.
e7da2124354de72f,L13 Ryan,Ryan_5_Outro_ryan_romanced,7,Ryan,"Sé que tienes que cerrar el negocio. Me aseguraré de que tengas la dirección y nos vemos allí, ¿sí?"
6b7ea0261a825f1b,L13 Ryan,Ryan_5_Outro_ryan_romanced,8,Kobold,¡Suena bien!
7809df3c2e9fa860,L13 Ryan,Ryan_5_Outro_ryan_romanced,10,Ryan,Tengo muchas ganas de esto.
dc9e132cf2897c30,L13 Ryan,Ryan_5_Outro_ryan_romanced,12,Ryan,"¡Muy bien, ve a abrir la puerta y yo me adelanto al sitio!"
7d5a43fcbb4e03de,L13 Ryan,Ryan_5_Outro_ryan_romanced,13,Ryan,Hasta pronto.
# --- outro: Ryan_5_Outro_conrad_romanced | if $ryan_romanced $conrad_romanced ---
b050469dea41d597,L13 Ryan,Ryan_5_Outro_conrad_romanced,2,Ryan,Gracias por ayudarme.
25ec1c59caa5e66c,L13 Ryan,Ryan_5_Outro_conrad_romanced,3,Kobold,¡Siempre me alegra darte un lavado!
2a67fb93196e8722,L13 Ryan,Ryan_5_Outro_conrad_romanced,5,Ryan,Ah... No solo por el lavado.
2140dcb75dc2d0f9,L13 Ryan,Ryan_5_Outro_conrad_romanced,6,Ryan,"O sea, en general."
a6d4dab5c8699946,L13 Ryan,Ryan_5_Outro_conrad_romanced,7,Ryan,La ruptura que pasé hace un tiempo fue dura.
1fd66775cea2eb4b,L13 Ryan,Ryan_5_Outro_conrad_romanced,8,Ryan,Esto fue un buen escape.
8f4dc96f133fa75c,L13 Ryan,Ryan_5_Outro_conrad_romanced,9,Ryan,Y me alegro mucho por ti y Conrad.
8ed791569d35f02c,L13 Ryan,Ryan_5_Outro_conrad_romanced,10,Ryan,"Nos vemos la próxima vez que venga, ¿sí?"
d38d6a1844481871,L13 Ryan,Ryan_5_Outro_conrad_romanced,11,Kobold,"Siempre me alegra verte, Ryan."
c88980c837fb6592,L13 Ryan,Ryan_5_Outro_conrad_romanced,12,Kobold,Voy a abrirte la puerta.
b1e1c4e40f4aaeec,L13 Ryan,Ryan_5_Outro_conrad_romanced,13,Ryan,A mí también. Gracias por el lavado.
# --- outro: Ryan_5_Outro_ryan_conrad_romanced | if $ryan_romanced $conrad_romanced $ryan_conrad_romanced ---
c5f14714a1e0439c,L13 Ryan,Ryan_5_Outro_ryan_conrad_romanced,8,Ryan,Esto fue un escape maravilloso...
3eb55bf5de9c718b,L13 Ryan,Ryan_5_Outro_ryan_conrad_romanced,9,Ryan,Además me presentaste a Conrad.
7aa8987bf569468c,L13 Ryan,Ryan_5_Outro_ryan_conrad_romanced,10,Ryan,Es genial.

# ===== Level 14: Conrad (Night) =====
# --- intro: Conrad_5_intro_ryan_romanced | if $ryan_conrad_romanced $conrad_romanced $ryan_romanced ---
ab4070df9f9d3980,L14 Conrad,Conrad_5_intro_ryan_romanced,1,Conrad,"<size=140%>EY, <size=100%>vengo por un lavado."
8597b1ea1423580d,L14 Conrad,Conrad_5_intro_ryan_romanced,2,Kobold,"Hola, Conrad."
3ed1272125c54574,L14 Conrad,Conrad_5_intro_ryan_romanced,3,Kobold,¿Qué te trae tan tarde?
d90de33a2137108a,L14 Conrad,Conrad_5_intro_ryan_romanced,4,Conrad,"Sip, ese soy yo."
2ca9d5b1cf89ccc8,L14 Conrad,Conrad_5_intro_ryan_romanced,5,Conrad,Esta noche voy al centro. Necesitaba estar impecable. Oye...
f5ebf2a456433609,L14 Conrad,Conrad_5_intro_ryan_romanced,6,Conrad,"Me enteré de lo tuyo con el grandullón azul. ¿Ryan, era?"
061d649bf4c733b7,L14 Conrad,Conrad_5_intro_ryan_romanced,7,Conrad,Seguro que lo pasaste bien.
4193e2b4730c89ad,L14 Conrad,Conrad_5_intro_ryan_romanced,8,Conrad,Espero que fuera bien.
63ecf81d4e111712,L14 Conrad,Conrad_5_intro_ryan_romanced,9,Kobold,¡Así fue! Gracias por preguntar.
0c7c795d2dd5eb76,L14 Conrad,Conrad_5_intro_ryan_romanced,10,Kobold,Fue bien.
ae61bf1949b59852,L14 Conrad,Conrad_5_intro_ryan_romanced,12,Conrad,¡Y ahora!
25ba5fd876754270,L14 Conrad,Conrad_5_intro_ryan_romanced,13,Conrad,¡Conrad necesita un lavado!
# --- intro: Conrad_5_intro_conrad_romanced | if $ryan_conrad_romanced $conrad_romanced $ryan_romanced ---
76777c9ea422832b,L14 Conrad,Conrad_5_intro_conrad_romanced,1,Conrad,"Hola, guapo."
0b7efee62380b6cd,L14 Conrad,Conrad_5_intro_conrad_romanced,2,Conrad,¿Qué tal me veo?
060982be63865e2c,L14 Conrad,Conrad_5_intro_conrad_romanced,3,Kobold,Muy guay.
b6fff34d007d61c9,L14 Conrad,Conrad_5_intro_conrad_romanced,4,Kobold,Ehh...
806a4d3418ed236d,L14 Conrad,Conrad_5_intro_conrad_romanced,5,Conrad,¡Sí! ¡Ya lo sé!
4bd075c280186208,L14 Conrad,Conrad_5_intro_conrad_romanced,6,Conrad,Pero no para una cita.
777560a71762cf9b,L14 Conrad,Conrad_5_intro_conrad_romanced,7,Conrad,Entonces vamos a lavarlo todo para nuestra cita de esta noche.
364ea49c3b6c9895,L14 Conrad,Conrad_5_intro_conrad_romanced,8,Conrad,¡Ja!
3ef6b1f5eeda632e,L14 Conrad,Conrad_5_intro_conrad_romanced,9,Conrad,Solo estoy de broma.
ec760ba3440257aa,L14 Conrad,Conrad_5_intro_conrad_romanced,10,Conrad,"Vale, entonces vamos a lavarlo todo para nuestra cita de esta noche."
300d848a1b6703e2,L14 Conrad,Conrad_5_intro_conrad_romanced,12,Kobold,¡Hay que asegurarse de que estés impecable!
260d7e3607c0eca1,L14 Conrad,Conrad_5_intro_conrad_romanced,14,Conrad,Je... Ya lo creo.
d875bd1d6febfd53,L14 Conrad,Conrad_5_intro_conrad_romanced,15,Conrad,Estoy que no quepo en mí.
a652a464f67481de,L14 Conrad,Conrad_5_intro_conrad_romanced,16,Conrad,Ya tengo sitio en ese bar que te mencioné antes.
ce3783abd13119b6,L14 Conrad,Conrad_5_intro_conrad_romanced,17,Conrad,El ambiente de noche es de puta madre.
18ed0c57d649df67,L14 Conrad,Conrad_5_intro_conrad_romanced,18,Conrad,Te va a gustar.
# --- intro: Conrad_5_intro_ryan_conrad_romanced | if $ryan_conrad_romanced $conrad_romanced $ryan_romanced ---
9ec8a28e82bf29dd,L14 Conrad,Conrad_5_intro_ryan_conrad_romanced,1,Conrad,Holaaaa.
ce0517f9b97181e5,L14 Conrad,Conrad_5_intro_ryan_conrad_romanced,2,Kobold,¿Por qué tan de buen humor?
9560e52eac466c54,L14 Conrad,Conrad_5_intro_ryan_conrad_romanced,4,Conrad,Mi cita con Ryan fue...
f1afc0e7b46c4e3f,L14 Conrad,Conrad_5_intro_ryan_conrad_romanced,5,Conrad,¡Jodidamente buena!
4b512432c16ce478,L14 Conrad,Conrad_5_intro_ryan_conrad_romanced,9,Conrad,Perdón por venir tan tarde. Tengo el sueño hecho un desastre.
258282b3a0c1182a,L14 Conrad,Conrad_5_intro_ryan_conrad_romanced,10,Conrad,Pero solo vengo por un lavado.
b67855af6a6d0c66,L14 Conrad,Conrad_5_intro_ryan_conrad_romanced,11,Kobold,Tendrás que contarme pronto todos los detalles de Ryan.
9ab1cc314a249eac,L14 Conrad,Conrad_5_intro_ryan_conrad_romanced,12,Kobold,¡Muy bien! Voy a abrir la puerta.
1d28eb42dcdd879d,L14 Conrad,Conrad_5_intro_ryan_conrad_romanced,13,Conrad,No te preocupes. Lo haré.
# --- progress: Conrad_5_required_ryan_romanced | if $ryan_romanced ---
189bf8eff795718a,L14 Conrad,Conrad_5_required_ryan_romanced,1,Conrad,"Ey, perdona por venir tan tarde."
cf69f255df6f95af,L14 Conrad,Conrad_5_required_ryan_romanced,2,Kobold,No pasa nada. Cierro en una hora más o menos.
3aa0d9279bff43d9,L14 Conrad,Conrad_5_required_ryan_romanced,3,Kobold,¡Puedes venir cuando quieras!
f135fa715daf4f0c,L14 Conrad,Conrad_5_required_ryan_romanced,4,Conrad,"Ah. Vale, olvídalo, entonces no lo siento."
b127befdbae1da68,L14 Conrad,Conrad_5_required_ryan_romanced,6,Conrad,Tu cita con Ryan.
e00a5000d0f2cd2a,L14 Conrad,Conrad_5_required_ryan_romanced,8,Conrad,Qué tal el sexo.
7bd3b05552e5bd75,L14 Conrad,Conrad_5_required_ryan_romanced,10,Kobold,Ah. Ehm. <size=70%>Bueno.
051b72b94276cf81,L14 Conrad,Conrad_5_required_ryan_romanced,11,Conrad,"¡Oye, no tiene nada de malo preguntar!"
d5e5e7ee92b23759,L14 Conrad,Conrad_5_required_ryan_romanced,12,Conrad,Entonces parece que estuvo bien.
83e2bb850a49b35e,L14 Conrad,Conrad_5_required_ryan_romanced,13,Conrad,"Ja, me lo imagino."
9f69f9b215b926ee,L14 Conrad,Conrad_5_required_ryan_romanced,14,Conrad,Sí que sabes usar las manos bastante bien.
2c910bcdb2651bf0,L14 Conrad,Conrad_5_required_ryan_romanced,15,Conrad,¡Tengo envidia!
9e8a396c1742ffde,L14 Conrad,Conrad_5_required_ryan_romanced,16,Conrad,...Pero no en plan raro ni malo.
# --- progress: Conrad_5_required_conrad_romanced | if $ryan_romanced $conrad_romanced ---
63b786e95b90bc5e,L14 Conrad,Conrad_5_required_conrad_romanced,1,Conrad,Bueno. Esta noche.
6a74a80cafdccde8,L14 Conrad,Conrad_5_required_conrad_romanced,6,Conrad,Deberías estarlo.
06318559748ee640,L14 Conrad,Conrad_5_required_conrad_romanced,7,Conrad,Te va a encantar.
6c4d5b09c5034364,L14 Conrad,Conrad_5_required_conrad_romanced,8,Conrad,Las luces de la zona también son geniales.
95e9b7e01259ac1e,L14 Conrad,Conrad_5_required_conrad_romanced,9,Conrad,Crean un ambiente que te cagas.
66e39f6379268a82,L14 Conrad,Conrad_5_required_conrad_romanced,10,Kobold,¡Guárdate el ambiente para esta noche!
f9ae65b8ce359331,L14 Conrad,Conrad_5_required_conrad_romanced,12,Conrad,Ja. Vale.
1d1baaa8db27cb04,L14 Conrad,Conrad_5_required_conrad_romanced,13,Conrad,"Ah, sí."
ff84a4b13b8be2a4,L14 Conrad,Conrad_5_required_conrad_romanced,14,Conrad,"En cuanto esté limpio, me voy a preparar nuestro sitio."
# --- progress: Conrad_5_required_ryan_conrad_romanced | if $ryan_romanced $conrad_romanced $ryan_conrad_romanced ---
1598446fc49cdf80,L14 Conrad,Conrad_5_required_ryan_conrad_romanced,1,Conrad,Ryan es un dragón tan majo.
e2e3e43114ab1531,L14 Conrad,Conrad_5_required_ryan_conrad_romanced,2,Kobold/Conrad,"Lo es, de verdad."
73f5014bc8782ad4,L14 Conrad,Conrad_5_required_ryan_conrad_romanced,4,Conrad,"Sí, es muy amable conmigo."
953a9b287930c86a,L14 Conrad,Conrad_5_required_ryan_conrad_romanced,5,Conrad,Es... considerado. Y muy comprensivo también.
41d3eda9c195fe48,L14 Conrad,Conrad_5_required_ryan_conrad_romanced,6,Conrad,"Cuando lo conocí, al principio volví a mi viejo guion."
42fb7bc16778c0a5,L14 Conrad,Conrad_5_required_ryan_conrad_romanced,7,Conrad,"... Siendo un poco capullo, la verdad."
66ad79997bc62825,L14 Conrad,Conrad_5_required_ryan_conrad_romanced,8,Conrad,Él simplemente... supo qué decir para sacarme de todo eso.
7f8b591142c62352,L14 Conrad,Conrad_5_required_ryan_conrad_romanced,9,Kobold,¡Qué bonito!
98e27e864ef9bcd4,L14 Conrad,Conrad_5_required_ryan_conrad_romanced,10,Kobold,Ryan es un encanto.
7d6c8c039970d352,L14 Conrad,Conrad_5_required_ryan_conrad_romanced,11,Conrad,Sí... Es genial de verdad.
5e25d0f2371f53e0,L14 Conrad,Conrad_5_required_ryan_conrad_romanced,13,Conrad,Gracias por presentármelo.
# --- jerkoff: Conrad_5_JerkOff_Start ---
c96d891724f6aacb,L14 Conrad,Conrad_5_JerkOff_Start,1,Conrad,Ja... ¿Me vas a hacer una paja ahora? Por mí bien.
# --- cum: Conrad_5_Cum ---
51bfc34995242b1a,L14 Conrad,Conrad_5_Cum,1,Conrad,Jooooder. ¡Sí que sabes cómo tratar a un dragón!
# --- outro: Conrad_5_outro_ryan_romanced | if $ryan_romanced ---
311729708567a9d6,L14 Conrad,Conrad_5_outro_ryan_romanced,1,Kobold,¡Listo!
84da55b8523dba73,L14 Conrad,Conrad_5_outro_ryan_romanced,2,Kobold,Estás <i>impecable.</i>
2bde145654bd4a8f,L14 Conrad,Conrad_5_outro_ryan_romanced,3,Conrad,Eso parece.
af144d6cb4daa5e6,L14 Conrad,Conrad_5_outro_ryan_romanced,4,Conrad,De puta madre.
8c873098ac0042a6,L14 Conrad,Conrad_5_outro_ryan_romanced,5,Conrad,Gracias por el lavado tan tarde en la noche.
028e30f8adf6e6ad,L14 Conrad,Conrad_5_outro_ryan_romanced,6,Conrad,"Tienes que mantenerme al tanto de lo tuyo con Ryan, ¿eh?"
a398eca1fb8d9924,L14 Conrad,Conrad_5_outro_ryan_romanced,7,Conrad,En fin...
234fc4abfc8d8619,L14 Conrad,Conrad_5_outro_ryan_romanced,8,Conrad,¡Deja salir al <i>gran C</i> de este sitio!
a53a782390260e09,L14 Conrad,Conrad_5_outro_ryan_romanced,9,Kobold,¿gran C...?
8e369560d1581070,L14 Conrad,Conrad_5_outro_ryan_romanced,10,Kobold,"Vale, Conrad."
f6b30f28e561466d,L14 Conrad,Conrad_5_outro_ryan_romanced,12,Conrad,"Síiii, ese no me lo quedo."
ac2b2c6605839727,L14 Conrad,Conrad_5_outro_ryan_romanced,13,Conrad,Ja... Sí...
fc66fcc7fd7d0e4d,L14 Conrad,Conrad_5_outro_ryan_romanced,14,Conrad,"¡Venga, nos vemos!"
# --- outro: Conrad_5_outro_conrad_romanced | if $ryan_romanced $conrad_romanced ---
9333db61bcc08052,L14 Conrad,Conrad_5_outro_conrad_romanced,1,Conrad,Todo limpio...
8b45593ada7894a3,L14 Conrad,Conrad_5_outro_conrad_romanced,2,Conrad,Ya sabes lo que eso significa.
53e54ad7b23e6757,L14 Conrad,Conrad_5_outro_conrad_romanced,3,Kobold,¡Noche de cita!
4f319a155b3e572c,L14 Conrad,Conrad_5_outro_conrad_romanced,4,Kobold,Primero tendré que cerrar el negocio...
f3296c9825518630,L14 Conrad,Conrad_5_outro_conrad_romanced,6,Conrad,Yo te reservo el sitio mientras cierras.
c215e512d572e96c,L14 Conrad,Conrad_5_outro_conrad_romanced,7,Conrad,"¡Lo sé, yo te reservo el sitio!"
22d803e60de439a9,L14 Conrad,Conrad_5_outro_conrad_romanced,8,Conrad,¡Muy bien! Estoy listo para irme.
092af5ec90bd21c7,L14 Conrad,Conrad_5_outro_conrad_romanced,9,Conrad,¡Te estaré esperando en el bar esta noche!
# --- outro: Conrad_5_outro_ryan_conrad_romanced | if $ryan_romanced $conrad_romanced $ryan_conrad_romanced ---
e079ff157877ea28,L14 Conrad,Conrad_5_outro_ryan_conrad_romanced,1,Conrad,¡Creo que no dejaste ni una mancha!
6749954edebda844,L14 Conrad,Conrad_5_outro_ryan_conrad_romanced,2,Conrad,Ya te dejo en paz.
2bc72fd03dd6d9e7,L14 Conrad,Conrad_5_outro_ryan_conrad_romanced,3,Conrad,Gracias por dejarme entrar tan tarde.
f001e3ed4df7e0ee,L14 Conrad,Conrad_5_outro_ryan_conrad_romanced,4,Kobold,¡No hay problema!
9d4a6cd35afcc17e,L14 Conrad,Conrad_5_outro_ryan_conrad_romanced,5,Kobold,"Siempre es un gusto tenerte aquí, Conrad."
5e4e2c64bc630fa1,L14 Conrad,Conrad_5_outro_ryan_conrad_romanced,6,Conrad,Mmmjm. Trabajaré en mi horario de sueño...
5c58c3e6d4c7dc65,L14 Conrad,Conrad_5_outro_ryan_conrad_romanced,7,Conrad,Gracias. A mí siempre me alegra estar aquí.
163137d1bff25904,L14 Conrad,Conrad_5_outro_ryan_conrad_romanced,8,Conrad,En fin. ¿Podrías abrir la puerta?
94d29a68cf0c8c31,L14 Conrad,Conrad_5_outro_ryan_conrad_romanced,9,Conrad,¡La noche no va a empezar sola!

# ===== Level 15: Alexander (Sunny) =====
# --- intro: Alexander_5_intro ---
bc3d56d7794e4370,L15 Alexander,Alexander_5_intro,6,Kobold,"Hola, Alexander."
1bef44aeb393caf0,L15 Alexander,Alexander_5_intro,7,Kobold,"¡Hola, grandote!"
2d8bd7d9bb5f85ba,L15 Alexander,Alexander_5_intro,8,Alexander,Hola.
b048841add4ee6cf,L15 Alexander,Alexander_5_intro,10,Alexander,Vengo por un lavado.
beeee2948bf1c30a,L15 Alexander,Alexander_5_intro,11,Alexander,¡Espero que se encuentre bien!
906a59351176dc24,L15 Alexander,Alexander_5_intro,12,Kobold,¡Sí! Acabo de tener una cita con Ryan.
2a75724b922176cf,L15 Alexander,Alexander_5_intro,13,Alexander,"¿Ah, sí? ¿El draco azul cielo que he visto por aquí?"
1f4da5e1dde7e17c,L15 Alexander,Alexander_5_intro,14,Alexander,¡Es maravilloso saber que está saliendo con alguien!
50f1967e1e33cecf,L15 Alexander,Alexander_5_intro,15,Kobold,¡Sí! Acabo de tener una cita con Conrad.
0738da2a76bc2231,L15 Alexander,Alexander_5_intro,16,Alexander,"¿Ah, sí? ¿El pequeño draco rojo?"
896dc87e931d64eb,L15 Alexander,Alexander_5_intro,18,Kobold,¡Sí! Y aún mejor ahora que está usted aquí.
0786859cb08f5ef9,L15 Alexander,Alexander_5_intro,19,Kobold,¡Estoy bien!
414ed962f4c8a03a,L15 Alexander,Alexander_5_intro,20,Alexander,Oh. Eso es... ¡maravilloso!
10cdda610834ef77,L15 Alexander,Alexander_5_intro,21,Alexander,A mí también me alegra estar aquí.
346865d8c1dd9693,L15 Alexander,Alexander_5_intro,22,Alexander,Es maravilloso oírlo.
f9ccb379ac224d71,L15 Alexander,Alexander_5_intro,23,Alexander,"En fin, necesito una limpieza."
4e576daaec5a2d15,L15 Alexander,Alexander_5_intro,24,Kobold,¡Enseguida!
42dbc75670fc6105,L15 Alexander,Alexander_5_intro,26,Alexander,Tengo ganas de ese lavado.
# --- progress: Alexander_5_romance_route | if $ryan_conrad_romanced ---
067e958be39127d9,L15 Alexander,Alexander_5_romance_route,4,Alexander,Estaba pensando...
4dd6f1ad9c86a533,L15 Alexander,Alexander_5_romance_route,5,Alexander,¿Cree usted que soy atractivo?
303f7b0a567bfb2b,L15 Alexander,Alexander_5_romance_route,6,Kobold,SÍ.
09141003dee8665c,L15 Alexander,Alexander_5_romance_route,7,Kobold,¡Claro que sí!
43c22d680a102c02,L15 Alexander,Alexander_5_romance_route,8,Kobold,Creo que es usted muy apuesto.
4d433e9df480be59,L15 Alexander,Alexander_5_romance_route,10,Alexander,¡Me alegro!
c2ec019426b864e2,L15 Alexander,Alexander_5_romance_route,11,Alexander,"Eso... me hace sentir mucho más seguro de mí mismo, entonces."
2819c10656ee517a,L15 Alexander,Alexander_5_romance_route,12,Alexander,¿De veras?
8fa16c7b8108298a,L15 Alexander,Alexander_5_romance_route,15,Alexander,"Eso me hace sentir mucho más seguro de mí mismo, entonces."
4f6ee313463724ba,L15 Alexander,Alexander_5_romance_route,16,Alexander,Lo cual me lleva a mi siguiente pregunta...
96ec8add863c6173,L15 Alexander,Alexander_5_romance_route,17,Alexander,¿Le gustaría acompañarme a la biblioteca de la universidad esta noche...?
558dbfba7857e37d,L15 Alexander,Alexander_5_romance_route,18,Alexander,Sería una... cita. Como diría la mayoría.
76eea215ea7ba450,L15 Alexander,Alexander_5_romance_route,19,Kobold,"<gradient=""gold""><b> ¡No me importaría! </b></gradient><size=70%> (¡Llevará al romance con Alexander!)"
500188b2a2627768,L15 Alexander,Alexander_5_romance_route,20,Kobold,"<gradient=""gold""><b> Esta noche voy a estar ocupado. Lo siento. </b></gradient><size=70%> (¡No llevará a ningún romance!)"
96b6a8b07a0781d0,L15 Alexander,Alexander_5_romance_route,22,Alexander,Llevaba ya un tiempo considerando pedírselo.
942b49a7c66fb0bf,L15 Alexander,Alexander_5_romance_route,23,Alexander,Ah. No se preocupe.
b1cb9d9c9d3d9661,L15 Alexander,Alexander_5_romance_route,24,Alexander,Muy bien. ¡Entonces no dejaré que interrumpa el lavado!
# --- progress: Alexander_5_required ---
861a7c80ccb8a4ba,L15 Alexander,Alexander_5_required,1,Alexander,"Y bien, ¿qué tal su cita?"
3481be04c35d76a2,L15 Alexander,Alexander_5_required,2,Kobold,¡Fue genial! Ryan es un encanto.
d26f0d306552c44a,L15 Alexander,Alexander_5_required,3,Kobold,Fue genial. Conrad es una locura. De la buena.
cf755b67feb7b6d9,L15 Alexander,Alexander_5_required,4,Kobold,Fue bien. Tuvimos sexo.
6af3f2040301f8fa,L15 Alexander,Alexander_5_required,5,Alexander,Qué bien. Se merece un hombre decente.
9b8379de3d387846,L15 Alexander,Alexander_5_required,6,Alexander,¡Estoy seguro de que él también le encuentra agradable!
add751924d595d89,L15 Alexander,Alexander_5_required,7,Kobold,Gracias. ¡Usted también es agradable!
01cb42db52da342d,L15 Alexander,Alexander_5_required,9,Alexander,Gracias. Es muy amable de su parte decirlo.
a8ab7e0a75fdc69c,L15 Alexander,Alexander_5_required,11,Alexander,"Ja, parece del tipo salvaje."
5bac15668ef9b115,L15 Alexander,Alexander_5_required,12,Alexander,Me alegra que lo disfrute. Estoy seguro de que él le encuentra agradable.
cb8f422bf973d563,L15 Alexander,Alexander_5_required,20,Alexander,Eso debe de significar que hacen buena pareja.
# --- jerkoff: Alexander_5_JerkOff_Start ---
caa4d660ab8d004d,L15 Alexander,Alexander_5_JerkOff_Start,1,Alexander,<i> eso se siente bien...</i>
# --- cum: Alexander_5_Cum ---
3eb65bb3b11e901c,L15 Alexander,Alexander_5_Cum,1,Alexander,Oh... disculpe por hacer semejante desastre...
# --- mount_start: Alexander_5_Mount_Start ---
6df0c2c2617b9905,L15 Alexander,Alexander_5_Mount_Start,1,Alexander,Cielos. ¡Supongo que podría usar el potro!
# --- mount_finish: Alexander_5_Mount_Finish ---
31ea4258e44c77e4,L15 Alexander,Alexander_5_Mount_Finish,1,Alexander,Nnf... Creo que lo necesitaba. Gracias.
# --- outro: Alexander_5_Outro ---
026554f86388b721,L15 Alexander,Alexander_5_Outro,1,Alexander,Gracias por la limpieza.
7f37ff79ee94bd0b,L15 Alexander,Alexander_5_Outro,2,Alexander,"Esta noche, en el campus. La biblioteca es el gran edificio con la aguja azul."
f5e9b1cef9c39e89,L15 Alexander,Alexander_5_Outro,3,Alexander,Acérquese a la entrada para dragones y yo le dejaré pasar.
5832139d604c3ee8,L15 Alexander,Alexander_5_Outro,5,Kobold,¡Yo también!
6ed2300bf162b1de,L15 Alexander,Alexander_5_Outro,6,Kobold,Suena genial.
ada4e05c4d451f61,L15 Alexander,Alexander_5_Outro,8,Alexander,"Es, en efecto, bastante genial."
6068953467a952bf,L15 Alexander,Alexander_5_Outro,9,Alexander,Ya le dejo en paz. Gracias por el lavado.
7ca9216de53b82e5,L15 Alexander,Alexander_5_Outro,10,Alexander,Nos vemos esta noche.
4f8eb9eeb14b2f7d,L15 Alexander,Alexander_5_Outro,11,Alexander,Eso debería ser hasta la última mancha.
991fa15e47275ce0,L15 Alexander,Alexander_5_Outro,12,Alexander,¡Gracias por la limpieza!
6d1255dd43802973,L15 Alexander,Alexander_5_Outro,13,Alexander,Me alegra haberle conocido.
5d5e0eafc7ef13d6,L15 Alexander,Alexander_5_Outro,14,Kobold,Igualmente.
63b9a103362edd6c,L15 Alexander,Alexander_5_Outro,15,Kobold,"Aw, gracias, Alexander."
6df8f8008c57cbac,L15 Alexander,Alexander_5_Outro,16,Alexander,"En fin, ya le dejo en paz."
1cb7b221b7adda1c,L15 Alexander,Alexander_5_Outro,17,Alexander,¡Adiós!

# ===== Cutscenes (started by game code) =====
# --- Alexander_SexScene ---
266f7a45346224eb,Cutscene,Alexander_SexScene,1,Alexander,Podemos simplemente quedarnos aquí tumbados...
43b91c684627d3b6,Cutscene,Alexander_SexScene,2,Alexander,¿Usted se encargará de todo?
# --- Alexander_SexScene_Loop ---
7d085d9765e3c5d6,Cutscene,Alexander_SexScene_Loop,1,Alexander,Cielos...
f70738ec42aa401d,Cutscene,Alexander_SexScene_Loop,2,Alexander,Es usted muy hábil con las manos.
328ad033a139998d,Cutscene,Alexander_SexScene_Loop,3,Alexander,mmm...
5ec1f7e700f37c3d,Cutscene,Alexander_SexScene_Loop,4,Alexander/Conrad/Ryan,...
# --- Alexander_SexScene_Cum | if $alexander_sexscene_loops ---
08ab4c0c6ca5fe6f,Cutscene,Alexander_SexScene_Cum,1,Kobold,¿Así está bien?
069e24aa896ea4cf,Cutscene,Alexander_SexScene_Cum,2,Alexander,Bien... Eso sería correcto.
2c33dcef91e06624,Cutscene,Alexander_SexScene_Cum,3,Kobold,Bien.
2d731f1625c8064f,Cutscene,Alexander_SexScene_Cum,4,Alexander,Estoy... bastante cerca ya.
4650860eb73dd16f,Cutscene,Alexander_SexScene_Cum,5,Kobold,¿Aguanta un poquito más por mí?
860ede2808e2507c,Cutscene,Alexander_SexScene_Cum,6,Kobold,¡Adelante!
16c36baab1491eb1,Cutscene,Alexander_SexScene_Cum,7,Alexander,M-muy bien. Lo intentaré.
24537bfd61baf4a0,Cutscene,Alexander_SexScene_Cum,8,Alexander,No creo que pueda contenerme más.
a63eed0b6b6a78c7,Cutscene,Alexander_SexScene_Cum,9,Kobold,Todavía no. Un poco más.
35f5ee08b67fc0f5,Cutscene,Alexander_SexScene_Cum,10,Kobold,Déjese ir cuando esté listo.
82af5427ecb85c11,Cutscene,Alexander_SexScene_Cum,11,Alexander,Sí...
847ec7301eab2bde,Cutscene,Alexander_SexScene_Cum,12,Alexander,Uff...
c958ed597f3ee7b9,Cutscene,Alexander_SexScene_Cum,13,Alexander,He disfrutado mucho de esto.
f3be3d62065c0791,Cutscene,Alexander_SexScene_Cum,14,Kobold,Me alegra oírlo.
6a629fe795ac84d7,Cutscene,Alexander_SexScene_Cum,15,Kobold,¿Y ahora qué?
4cc4342b97114697,Cutscene,Alexander_SexScene_Cum,16,Alexander,Sí... Pero creo que tendremos que limpiar el suelo.
ee63118710aa5c5b,Cutscene,Alexander_SexScene_Cum,17,Alexander,Tendremos que limpiar el suelo...
8319d1715d2a4149,Cutscene,Alexander_SexScene_Cum,18,Alexander,"<i><size=70%>oh, oh... y los libros"
# --- Conrad_SexScene ---
b6d2d6ccb52c5166,Cutscene,Conrad_SexScene,1,Conrad,¡Joder! ¡Sí que eres aventurero!
e5c48d779d6422b5,Cutscene,Conrad_SexScene,2,Kobold,¡mmph! (¡Sí!)
e0ecc38d8bbe3790,Cutscene,Conrad_SexScene,3,Conrad,No hables con la boca llena.
# --- Conrad_SexScene_Loop ---
d7e01674d2776085,Cutscene,Conrad_SexScene_Loop,1,Conrad,"La verdad, no sé cómo estás haciendo eso."
9b277d164ba8a630,Cutscene,Conrad_SexScene_Loop,2,Conrad,Pero no me quejo.
73433af885509f84,Cutscene,Conrad_SexScene_Loop,3,Conrad,De puta madre.
# --- Conrad_SexScene_Cum | if $conrad_sexscene_loops ---
fcfcfc2c31be11e5,Cutscene,Conrad_SexScene_Cum,1,Conrad,¿Estás listo para esto?
6b426873374bb7a4,Cutscene,Conrad_SexScene_Cum,2,Kobold,Dame un momento.
91213ceb7548b8dc,Cutscene,Conrad_SexScene_Cum,3,Kobold,¡Listo!
72e3cb39cf4a181a,Cutscene,Conrad_SexScene_Cum,4,Conrad,Conrad puede aguantar todo lo que haga falta.
3f2d1b3f808a4ec7,Cutscene,Conrad_SexScene_Cum,5,Conrad,Puedo soltarlo todo cuando estés listo.
46438371960f0974,Cutscene,Conrad_SexScene_Cum,6,Kobold,Todavía no.
d893ccbfc95475bc,Cutscene,Conrad_SexScene_Cum,7,Kobold,"¡Venga, dámelo!"
aa1a7618e29e4482,Cutscene,Conrad_SexScene_Cum,8,Conrad,"¡Ey, por mí perfecto!"
aa116a5879e94072,Cutscene,Conrad_SexScene_Cum,9,Conrad,Estoy impresionado.
45a9ad3bf69b0498,Cutscene,Conrad_SexScene_Cum,10,Conrad,¿Listo para volver al club?
4db30f4a0f40d350,Cutscene,Conrad_SexScene_Cum,11,Kobold,"¡Por mí, bien!"
# --- Ryan_Conrad_SexScene ---
e86ce51d1dbf8280,Cutscene,Ryan_Conrad_SexScene,1,Ryan,Ryan: Nunca había hecho esto al aire libre.
848d254c8d63e6fb,Cutscene,Ryan_Conrad_SexScene,2,Conrad,Conrad: ¡No te preocupes!
3e0325398f9de675,Cutscene,Ryan_Conrad_SexScene,3,Conrad,Conrad: Yo lo hago todo el tiempo.
d55845869b2cd946,Cutscene,Ryan_Conrad_SexScene,4,Ryan,Ryan: Supongo que es bastante emocionante.
# --- Ryan_Conrad_SexScene_Loop ---
59a6f968c75b792f,Cutscene,Ryan_Conrad_SexScene_Loop,1,Conrad,Conrad: ¿Lo estás pasando bien?
836b8c1db049dc01,Cutscene,Ryan_Conrad_SexScene_Loop,2,Ryan,"Ryan: Sí, claro. ¿Preocupado por mí?"
dd91f260275b5093,Cutscene,Ryan_Conrad_SexScene_Loop,3,Conrad,Conrad: Conrad solo se lo pasa bien.
bf095ea55cdeb898,Cutscene,Ryan_Conrad_SexScene_Loop,4,Conrad,Conrad: Bueno... o sea...
5001d1e4b306b6d9,Cutscene,Ryan_Conrad_SexScene_Loop,5,Conrad,Conrad: Quiero que esto salga bien.
4c3de56e34727c37,Cutscene,Ryan_Conrad_SexScene_Loop,6,Ryan,Ryan: Yo diría que está saliendo genial.
06cb256bd506fa70,Cutscene,Ryan_Conrad_SexScene_Loop,7,Ryan,Ryan: Eso me gusta mucho.
2e028541c13b150b,Cutscene,Ryan_Conrad_SexScene_Loop,8,Conrad,Conrad: Se siente muy bien.
# --- Ryan_Conrad_SexScene_Cum | if $ryan_conrad_sexscene_loops ---
5142dd3610e4cc0c,Cutscene,Ryan_Conrad_SexScene_Cum,1,Conrad,Conrad: Estoy a punto de correrme.
357806c023d4c85e,Cutscene,Ryan_Conrad_SexScene_Cum,2,Kobold,Siguen
4e0f42eaaa70c70d,Cutscene,Ryan_Conrad_SexScene_Cum,3,Kobold,Se corren
d8e952b1635e3fe5,Cutscene,Ryan_Conrad_SexScene_Cum,4,Ryan,Ryan: Creo que yo también estoy cerca...
50504d8f1c0a5f1c,Cutscene,Ryan_Conrad_SexScene_Cum,7,Ryan,Ryan: Vaya... Tu estatura es de verdad lo único pequeño que tienes.
e7a686aecb078b9e,Cutscene,Ryan_Conrad_SexScene_Cum,8,Conrad,"Conrad: ¡Ya lo creo, joder!"
98087861fbfaa621,Cutscene,Ryan_Conrad_SexScene_Cum,9,Ryan,Ryan: Esto estuvo bien.
be1dff750703beb9,Cutscene,Ryan_Conrad_SexScene_Cum,10,Conrad,Conrad: Sí.
# --- Ryan_SexScene ---
caa123c912750ed2,Cutscene,Ryan_SexScene,1,Ryan,¿Seguro que va a caber?
c8dda0f1b46383bc,Cutscene,Ryan_SexScene,2,Kobold,Los kóbolds somos muy flexibles. Va a caber.
849b442f9a88c950,Cutscene,Ryan_SexScene,3,Kobold,Yip
88f476f3d6ebac8d,Cutscene,Ryan_SexScene,4,Ryan,"Vale, pero dime si te sientes incómodo o algo."
# --- Ryan_SexScene_Loop ---
48cf02e6d9e88966,Cutscene,Ryan_SexScene_Loop,1,Ryan,"Oh, vaya..."
8caf602c6f60f544,Cutscene,Ryan_SexScene_Loop,2,Ryan,Es mi primera vez con un kóbold.
db7bd45c48fe49a2,Cutscene,Ryan_SexScene_Loop,3,Ryan,Esto es muy agradable...
# --- Ryan_SexScene_Cum | if $ryan_sexscene_loops ---
eff478354f7f1b18,Cutscene,Ryan_SexScene_Cum,1,Ryan,Creo que podría estar cerca...
ddfa0f7133303565,Cutscene,Ryan_SexScene_Cum,2,Kobold,"Sigue un poquito más, por favor."
f76c951c6c97d8cd,Cutscene,Ryan_SexScene_Cum,3,Kobold,¡Dámelo!
27cb363532fd0324,Cutscene,Ryan_SexScene_Cum,4,Ryan,"Vale, puedo hacerlo."
685d8bfcf6988796,Cutscene,Ryan_SexScene_Cum,5,Ryan,Es difícil contenerse...
8fdcf9b73762886e,Cutscene,Ryan_SexScene_Cum,6,Kobold,¡Todavía necesito más!
5128d4e4a722127f,Cutscene,Ryan_SexScene_Cum,7,Kobold,¡Hazlo!
eb41a8966fdf7cfd,Cutscene,Ryan_SexScene_Cum,8,Ryan,¡Eso solo lo hace más difícil!
9c78a3c6942a7982,Cutscene,Ryan_SexScene_Cum,9,Ryan,"Vale, puedo con esto..."
b9ed3621fb6dfbef,Cutscene,Ryan_SexScene_Cum,10,Ryan,Eso fue muy divertido.
99955b75e0544165,Cutscene,Ryan_SexScene_Cum,11,Kobold,Estoy de acuerdo.
ee60aadc2fcea44d,Cutscene,Ryan_SexScene_Cum,12,Ryan,Puedes quedarte aquí si quieres.
9d29fc6dcfe7c05d,Cutscene,Ryan_SexScene_Cum,13,Ryan,Reservé toda la noche.
3736ec41338c7ad0,Cutscene,Ryan_SexScene_Cum,14,Kobold,Me encantaría.

# ===== Dragon reactions (started by game code) =====
# --- DragonAlmostClean ---
bae76fc276bb2030,Reaction,DragonAlmostClean,1,Dragon,"Ah, esto está mejor, pero todavía me siento sucio."
ce6aaf93738f317e,Reaction,DragonAlmostClean,2,Dragon,¿Te importa volver a comprobar si estoy limpio?
16584052fd337f09,Reaction,DragonAlmostClean,3,Kobold,Vale
c54cbee211a25e14,Reaction,DragonAlmostClean,4,Kobold,Claro
# --- DragonAnnoyedByBuzzing ---
d139edc8ffdc22b7,Reaction,DragonAnnoyedByBuzzing,1,Dragon,"Deja eso, aún no hemos terminado. ¿Verdad?"
631ef624f4506ea7,Reaction,DragonAnnoyedByBuzzing,2,Kobold,Jeje
# --- DragonColdBalls ---
e820f3ec0397737f,Reaction,DragonColdBalls,1,Dragon,¡Ah! ¡Qué fría!
8408ed2f21e73811,Reaction,DragonColdBalls,2,Dragon,¡Uau! ¡Fría!
46f3ba9fc7d04fa7,Reaction,DragonColdBalls,3,Dragon,¡Brrr! ¡Agua fría!
00221b8a2772003a,Reaction,DragonColdBalls,4,Dragon,¡Iip!
# --- DragonConfusedAboutDismissal ---
9b99cd22a6f3f85a,Reaction,DragonConfusedAboutDismissal,1,Dragon,"Ah, ¿ya terminamos?"
7022570f87a73481,Reaction,DragonConfusedAboutDismissal,2,Dragon,Creo que todavía te faltan algunas manchas...
27db29faa5e11bb6,Reaction,DragonConfusedAboutDismissal,3,Kobold,"Ups, culpa mía."
4fff64bb7aeed72f,Reaction,DragonConfusedAboutDismissal,4,Kobold,No sabía qué hacía el botón.
b0869fc4ea46c5bd,Reaction,DragonConfusedAboutDismissal,5,Dragon,"Tranquilo,"
cb554196ac99a428,Reaction,DragonConfusedAboutDismissal,6,Dragon,"Sí, hace BRRT, jaja."
345b04bed8d1a7e0,Reaction,DragonConfusedAboutDismissal,7,Dragon,"En fin, me alegra que no hayas terminado. ¡Sigamos!"
# --- DragonSatisfiedAndLeaves ---
7a8942e2613fa23c,Reaction,DragonSatisfiedAndLeaves,1,Dragon,¡¡Gracias por limpiarme!!
c92c35bb9f44dac4,Reaction,DragonSatisfiedAndLeaves,2,Dragon,¿Quizá podamos quedar más tarde?
8aff5108a050bcfa,Reaction,DragonSatisfiedAndLeaves,3,Kobold,¡Sí!
2cb6318b9f4550a8,Reaction,DragonSatisfiedAndLeaves,4,Kobold,¡SÍ!
28454e931a2d3578,Reaction,DragonSatisfiedAndLeaves,5,Dragon,"¡Genial! ¡Hasta luego, entonces!"

# ===== Unused nodes (not reachable in the current game) =====
# --- Alexander_1 ---
31c53bea307f49d0,Unused,Alexander_1,1,Alexander/Ryan,Estaba ayudando al alquimista a alcanzar un estante alto.
f00ea25690e17adf,Unused,Alexander_1,2,Alexander,Oí un fuerte estallido; no creo que Igwix sobreviviera.
# --- Alexander_2 ---
07874aa669e5cb8c,Unused,Alexander_2,1,Alexander,"¡Si nos descubren infringiendo otra norma, mi reputación quedará en ruinas!"
cfe73695b2bdfe19,Unused,Alexander_2,2,Alexander,"La universidad no puede enterarse de esto, ¿de acuerdo?"
27b11f3f6bf12fe9,Unused,Alexander_2,3,Kobold,¿Qué universidad?
2d3935f374b6474e,Unused,Alexander_2,5,Alexander,"¡La Universidad Comunitaria de Taumaturgia de Burnswick, por supuesto!"
7a5128354d6171d0,Unused,Alexander_2,6,Alexander,"La universidad más prestigiosa, que alberga a prestigiosos profesores como yo:"
b34663a53a6541a7,Unused,Alexander_2,9,Alexander,"Bien, no puedo permitir que la Universidad Comunitaria de Taumaturgia de Burnswick sepa que su mejor profesor, Alexander, ha causado otro incidente."
b39b95373bf40c36,Unused,Alexander_2,11,Alexander,"¡Ay, caramba, olvide que dije eso!"
# --- Alexander_3 ---
2501ad553fd20454,Unused,Alexander_3,1,Alexander,"Tendré que resucitar a Igwix, ¡qué vergüenza!"
7b282582fab597eb,Unused,Alexander_3,2,Alexander,El boticario manchará mi nombre durante meses.
# --- Alexander_Dirty ---
950b8260a6ca788f,Unused,Alexander_Dirty,1,Alexander,¡Míreme! Seré el hazmerreír de mis alumnos.
97733f8db49fb168,Unused,Alexander_Dirty,2,Alexander,¿Podría quitarme a Igwix de la espalda con un buen fregado?
# --- Alexander_Idle1 ---
6a4162b247e5aae1,Unused,Alexander_Idle1,1,Alexander,¡No puedo creer que Igwix cometiera un error así!
5e971607fa926b31,Unused,Alexander_Idle1,2,Alexander,"Y ahora estoy aquí fuera, ¡agh!"
# --- Alexander_Idle2 ---
2a1b4481e851f727,Unused,Alexander_Idle2,1,Alexander,Me tomé la molestia de buscar un lavado discreto; estaba seguro de que no me seguían.
26974d0189f0d75c,Unused,Alexander_Idle2,2,Alexander,Estoy seguro de que nadie lo sabrá...
# --- Alexander_Idle3 ---
db8cc14accf5dfe9,Unused,Alexander_Idle3,1,Alexander,"Ah, la mugre sí que escocía un poco. Gracias."
# --- Alexander_Soapy ---
e17d9103818204a4,Unused,Alexander_Soapy,1,Alexander,"Este jabón no es digno de un profesor, ¿no le parece?"
03c418e790b340c3,Unused,Alexander_Soapy,2,Alexander,Avíseme cuando termine de enjuagar.
# --- Alexander_Intro ---
f82f410ee41cad07,Unused,Alexander_Intro,1,Alexander,¡Psst...!
fedb00f6c13cec68,Unused,Alexander_Intro,2,Kobold,Eh... ¿Hola?
4359ca4e5c8fc816,Unused,Alexander_Intro,3,Kobold,¿Quién anda ahí?
9e2816aaa10403b6,Unused,Alexander_Intro,4,Alexander,¡Shh! No soy de por aquí...
8275f13b67a6687b,Unused,Alexander_Intro,5,Alexander,¿Está abierto ahora mismo?
7409deaefe456a49,Unused,Alexander_Intro,7,Alexander,¡Uf! Tuve un accidente que necesita atenderse... con discreción.
afb82d57a9c1ba48,Unused,Alexander_Intro,8,Alexander,Retire esta barrera de inmediato para que pueda entrar.
# --- Alexander_Outro ---
0c2f6e570964b0c1,Unused,Alexander_Outro,1,Alexander,"Cielos, gracias a usted tengo una oportunidad de redimir esta situación."
639110e1c4cc2914,Unused,Alexander_Outro,2,Alexander,"Dígame, ¿recuerda el nombre de la universidad en la que trabajo?"
e35f2c7dd32a4059,Unused,Alexander_Outro,3,Kobold,Universidad Comunitaria de Taumaturgia de Burnswick
8e3a0c6c1c068e67,Unused,Alexander_Outro,4,Kobold,¿Trabaja en una universidad?
7bf1556708efd0d8,Unused,Alexander_Outro,5,Kobold,No
79acad09a68bf670,Unused,Alexander_Outro,6,Alexander,"¡No! Es decir, sí, pero por el bien de mi reputación, ¿podría guardarse para usted mi incursión aquí?"
3730dccb6a6582be,Unused,Alexander_Outro,7,Alexander,¿Qué? ¡Soy profesor! ¿No lo nota por mi escudo?
56723edcd935d476,Unused,Alexander_Outro,8,Alexander,¡Oh!
e0723f4408ee3eda,Unused,Alexander_Outro,9,Alexander,Ya veo lo que hace. Gracias.
7973db48113175b5,Unused,Alexander_Outro,10,Alexander,"Pues estupendo, agradezco su discreción. Me dirigiré a la botica."
677412526f14044a,Unused,Alexander_Outro,14,Alexander,Estoy muy satisfecho con estos resultados...
# --- ConradBeatup_1 ---
72f9c6536242f235,Unused,ConradBeatup_1,2,Kobold,Aquí estoy si necesitas hablar con alguien.
67410be84ad1b8ac,Unused,ConradBeatup_1,3,Kobold,"Yo me encargo de esto, no te preocupes."
5b207ccbfd5d5679,Unused,ConradBeatup_1,4,Conrad,"No... No, está bien... gracias."
b2139b5e4dc27f14,Unused,ConradBeatup_1,5,Conrad,... Gracias...
# --- ConradBeatup_2 ---
b841443b4a7e3b82,Unused,ConradBeatup_2,1,Conrad,"Oye, gracias por estar aquí conmigo..."
02febaeeb5306c30,Unused,ConradBeatup_2,2,Conrad,Es bueno tener amigos en los que apoyarse.
# --- ConradBeatup_Idle1 ---
7ff77420c3518210,Unused,ConradBeatup_Idle1,1,Conrad,"... Pensaba que éramos buenos amigos, ¡follamos todo el tiempo!"
13a3bd02487dab16,Unused,ConradBeatup_Idle1,2,Conrad,No lo entiendo...
# --- ConradBeatup_Idle2 ---
861f99e073cd06e2,Unused,ConradBeatup_Idle2,1,Conrad,"Me hago el duro, pero soy un dragón pequeño..."
e375cf5dd6f03d34,Unused,ConradBeatup_Idle2,2,Conrad,Se pasaron de la raya.
# --- ConradBeatup_Intro ---
19aa373fb830a05c,Unused,ConradBeatup_Intro,2,Kobold,"¡Dios mío, estás herido!"
c7e055a695603f2b,Unused,ConradBeatup_Intro,3,Kobold,¿Estás bien?
e4e0397bea6600f5,Unused,ConradBeatup_Intro,4,Conrad,"Oye, eh, solo necesito una limpieza."
e36f54f748a69d3e,Unused,ConradBeatup_Intro,5,Kobold,"...Vale, pasa."
# --- ConradBeatup_OutroDirty ---
e17652524a905f18,Unused,ConradBeatup_OutroDirty,1,Conrad,... ¿ya terminaste? Todavía estoy sucio...
# --- ConradBeatup_OutroSoapy ---
d0b060d51bc87feb,Unused,ConradBeatup_OutroSoapy,1,Conrad,... ¿ya terminaste? Todavía estoy enjabonado...
# --- Conrad_1 ---
5a208b2886d87937,Unused,Conrad_1,1,Conrad,¿Aquí también hacen «finales especiales»?
d61259269b75dec9,Unused,Conrad_1,2,Kobold,¿Qué es eso?
1ea442a134b2a184,Unused,Conrad_1,4,Kobold,No
335bcdceb30ec6b8,Unused,Conrad_1,5,Conrad,"Ya, no. Colega, tienes que apuntarte a esto. ¡Pago bien!"
2f7cc8c297b8d283,Unused,Conrad_1,6,Conrad,¡De lujo! ¡Con ganas de verte trabajar!
9d1528cc1118e4dd,Unused,Conrad_1,7,Conrad,¿Qué? ¡Todos los mejores sitios lo hacen!
# --- Conrad_2 ---
d892eb1f696177b4,Unused,Conrad_2,1,Conrad,"A este sitio le vendría bien una reforma, ¡y sé lo que le vendría bien!"
0eaacb4d2b730370,Unused,Conrad_2,2,Conrad,Conozco a un tipo que puede dejar un regalito mañana para darle vida al lugar.
# --- Conrad_5_Mount_Finish ---
28a96495be7701ea,Unused,Conrad_5_Mount_Finish,1,Conrad,Joder... Siempre sienta bien.
# --- Conrad_5_Mount_Start ---
cda9c08deb782b6e,Unused,Conrad_5_Mount_Start,1,Conrad,"<i>Ooooh. </i>¿El potro? De puta madre, tío."
# --- Conrad_Idle1 ---
06b2c581e253753a,Unused,Conrad_Idle1,1,Conrad,"La gente me dice que tengo una polla gorda, ¿es verdad?"
ba07cdd711c7d570,Unused,Conrad_Idle1,2,Kobold,Madre mía.
f2ea9d36d2c4032f,Unused,Conrad_Idle1,3,Kobold,He visto más grandes.
25cdc596cd23bedb,Unused,Conrad_Idle1,4,Conrad,Deberías tocarla y comprobarlo por mí.
c3565cd77a3dcba9,Unused,Conrad_Idle1,5,Conrad,"Pero no en un paquete de este tamaño, ¿¿a que no??"
# --- Conrad_Intro ---
bc1e29287f60b297,Unused,Conrad_Intro,1,Conrad,"¡Buenas, colega!"
f7a29676d9621163,Unused,Conrad_Intro,2,Conrad,"Conrad necesita una limpieza, ¿tienes hueco para él?"
8339b88ae51a85f6,Unused,Conrad_Intro,3,Kobold,"Sí, por aquí."
255d982b3d4c772e,Unused,Conrad_Intro,5,Conrad,¡De lujo!
# --- Mount_Alexander_2_6 ---
dcc524605bec9fd8,Unused,Mount_Alexander_2_6,1,Alexander,¿Qué es...?
d010c18e5ff478ed,Unused,Mount_Alexander_2_6,2,Alexander,"Oh, cielos, no..."
f025190cb1adde9c,Unused,Mount_Alexander_2_6,3,Alexander,"No quiero ser grosero, pero debo declinar."
eec9d16c87323040,Unused,Mount_Alexander_2_6,4,Alexander,¿Es esto una práctica común?
929e50391bfd0646,Unused,Mount_Alexander_2_6,5,Kobold,"Ah, sí."
b6547fc9d980c16e,Unused,Mount_Alexander_2_6,6,Kobold,"No, en realidad acabo de conseguirlo."
40df3c9d9e1d5126,Unused,Mount_Alexander_2_6,7,Alexander,Ya veo...
d3acad6a7014a598,Unused,Mount_Alexander_2_6,8,Alexander,Esto resulta escandaloso.
ab5a3375052f41eb,Unused,Mount_Alexander_2_6,9,Alexander,Aunque no puedo decir que no sienta curiosidad.
c5ba4f5f1cdff517,Unused,Mount_Alexander_2_6,10,Alexander,Aun así. Esta vez no.
# --- RyanDate_1 ---
14ecee0afc63c845,Unused,RyanDate_1,1,Ryan,¡Estoy tan emocionado con esta cita!
90ba900c65607127,Unused,RyanDate_1,2,Ryan,"Traje sandía, pan, uvas y algunas cosas más."
# --- RyanDate_2 ---
690cf2b49eb95f79,Unused,RyanDate_2,1,Ryan,¿Tienes algo en la cabeza?
1648a912c46f7fec,Unused,RyanDate_2,2,Kobold,Anoche pasó algo.
b3979a44b5b9376a,Unused,RyanDate_2,3,Ryan,"¡Oh, no! ¿Quieres hablar de ello?"
02c33e4e3c09bc79,Unused,RyanDate_2,4,Kobold,Es que a Conrad le pasó algo. Espero que esté bien.
7680ca7ff15f1566,Unused,RyanDate_2,5,Ryan,Yo también espero que esté bien.
# --- RyanDate_3 ---
7ba9e65f61ca2369,Unused,RyanDate_3,1,Ryan,¡Esto está delicioso!
ff74b82dcb8a11d3,Unused,RyanDate_3,2,Kobold,"Uau, es toda una experiencia verte comer así."
5b14f19a86849ff5,Unused,RyanDate_3,3,Ryan,¿Así cómo?
42af2c2067728998,Unused,RyanDate_3,4,Ryan,"Ah, ¿en plan tragar cosas enteras?"
37f99dd7cbcf5b6f,Unused,RyanDate_3,5,Ryan,¡Depende! Cosas de dragones.
# --- RyanDate_Idle1 ---
bcda1f48383d915f,Unused,RyanDate_Idle1,1,Ryan,"Jeje, tengo ganas de volver al mundo de las citas."
# --- RyanDate_Intro ---
d5be54b666b3d38f,Unused,RyanDate_Intro,2,Ryan,"Estuve pensando en lo que dijiste,"
ffcaf369ac8b1a74,Unused,RyanDate_Intro,3,Ryan,"ya sabes, sobre volver al mundo de las citas..."
89f52a0dc3d757c1,Unused,RyanDate_Intro,4,Kobold,Sí
ecab929d37109ab0,Unused,RyanDate_Intro,5,Ryan,"Sabía que estabas muy ocupado, ¡así que pensé en traerte la cita a ti!"
92d9da0b0b22fd7a,Unused,RyanDate_Intro,6,Kobold,¡Genial! Pasa...
# --- RyanDate_Outro ---
638d7c049f321a6d,Unused,RyanDate_Outro,4,Ryan,¡Fue maravilloso! Me siento mucho mejor con lo de las citas.
# --- RyanExploded_Intro ---
8e87e6b28fb697c4,Unused,RyanExploded_Intro,1,Ryan,Hola de nuevo...
53ca70e25fc42870,Unused,RyanExploded_Intro,3,Kobold,¿Tú otra vez?
b99d68084de082b6,Unused,RyanExploded_Intro,5,Ryan,je... sí... perdona...
81f2cb133d548396,Unused,RyanExploded_Intro,6,Ryan,"Pues sí, tuve un percance..."
d3e25fe68c13c02d,Unused,RyanExploded_Intro,8,Ryan,Oí un fuerte estallido.
ce386faf68f3df7e,Unused,RyanExploded_Intro,9,Ryan,"No sé a dónde fueron, pero vuelvo a sentirme sucio."
60c1424a59a1c912,Unused,RyanExploded_Intro,10,Ryan,¿Hay alguna posibilidad de que me limpies otra vez?
917613bbf36e4b93,Unused,RyanExploded_Intro,11,Kobold,¡Por supuesto! ¡Por aquí!
# --- RyanExploded_OutroDirty ---
f2bdff14318fd81c,Unused,RyanExploded_OutroDirty,1,Ryan,Creo que todavía siento algo de mugre de la explosión encima...
6a1900ba2212696d,Unused,RyanExploded_OutroDirty,2,Ryan,¿Te importa lavar un poco más?
85a39ab345d672ff,Unused,RyanExploded_OutroDirty,3,Kobold,Sí
1562d2eeb95b795a,Unused,RyanExploded_OutroDirty,4,Kobold,Culpa mía
3bcf70f39eca74f1,Unused,RyanExploded_OutroDirty,5,Ryan,"¡No hay problema, gracias!"
# --- RyanExploded_OutroSoapy ---
9df62882448c291b,Unused,RyanExploded_OutroSoapy,1,Ryan,"Eh, ¡todavía estoy muy enjabonado!"
29d1991e26b1773d,Unused,RyanExploded_OutroSoapy,2,Ryan,¿Podrías enjuagarlo?
# --- RyanExploded_Outro ---
a45ce5a6357ad76f,Unused,RyanExploded_Outro,4,Ryan,"Uf, me preocupaba volver a liarla."
ca1dd92cfbe2dcd5,Unused,RyanExploded_Outro,5,Ryan,¡Ahora nunca tendrán que enterarse!
# --- RyanMuddy_Dirty ---
58246ed8cfcdfa19,Unused,RyanMuddy_Dirty,1,Ryan,"Pues sí, estoy todo lleno de barro y tal; me encanta retozar por el parque público."
f27e94e23a2cc6eb,Unused,RyanMuddy_Dirty,2,Ryan,"Sigo lleno de barro; si pudieras enjabonarme, sería genial."
# --- RyanMuddy_Idle1 ---
c24aaf031df991a1,Unused,RyanMuddy_Idle1,1,Ryan,"Bueno, eh, avísame si necesitas que me mueva."
8bb630e0c8dc64ac,Unused,RyanMuddy_Idle1,2,Ryan,Solo tócame con la mano e intentaré ayudar.
# --- RyanMuddy_Idle2 ---
bcee068ce8220b8e,Unused,RyanMuddy_Idle2,1,Ryan,¡Gracias por limpiarme!
2c4f3b41240d00cd,Unused,RyanMuddy_Idle2,2,Ryan,Tenía muchas ganas de esto.
# --- RyanMuddy_Idle3 ---
e304ea7f521df3f2,Unused,RyanMuddy_Idle3,1,Ryan,"Cuando termines, dale al botón."
ac51ca95656fffdd,Unused,RyanMuddy_Idle3,2,Ryan,"El botón de la pared, digo."
# --- RyanMuddy_Idle4 ---
8fd85e09be693fbf,Unused,RyanMuddy_Idle4,1,Ryan,"Max dice que soy un dragón torpe,"
d2261edb51b885d9,Unused,RyanMuddy_Idle4,2,Ryan,¡espero que me ayudes a demostrar que se equivoca!
# --- RyanMuddy_Idle5 ---
9df1eb0e35a5d36a,Unused,RyanMuddy_Idle5,1,Ryan,¡Jabón y luego enjuague!
5e7b1eae20d0fb72,Unused,RyanMuddy_Idle5,2,Ryan,Al menos eso es lo que he oído.
# --- RyanMuddy_Soapy ---
73d08af95ae8835e,Unused,RyanMuddy_Soapy,1,Ryan,"¡Me encantan las burbujas, hacen cosquillas!"
83af94fb3d626970,Unused,RyanMuddy_Soapy,2,Ryan,Aunque me hace ilusión verlas irse por el desagüe.
6bc811f815ef9e24,Unused,RyanMuddy_Soapy,3,Ryan,Usa la manguera de la pared para enjuagarme.
# --- RyanMuddy_Idle7 ---
255bd9c513473506,Unused,RyanMuddy_Idle7,1,Ryan,"Vaya, gracias, qué gusto."
77ff00f75a7c2083,Unused,RyanMuddy_Idle7,2,Ryan,Estar lleno de barro es muy divertido hasta que empieza a secarse.
620caab5d90b8d3f,Unused,RyanMuddy_Idle7,3,Ryan,Me alegra quitármelo de encima.
# --- RyanMuddy_Idle8 ---
afa88441bc4fc8d9,Unused,RyanMuddy_Idle8,1,Ryan,"¿Quién iba a decir que un dragón podía ensuciarse tanto, eh?"
2ea6d5d46861d1bf,Unused,RyanMuddy_Idle8,2,Ryan,Estaba retozando por el bosque.
c65b5342f0285c16,Unused,RyanMuddy_Idle8,3,Ryan,"Solo me di cuenta del desastre que había hecho cuando Max me gritó, jaja."
# --- RyanMuddy_Intro ---
299e9d1e919c3a49,Unused,RyanMuddy_Intro,4,Ryan,¿Me han dicho que aquí abajo había kóbolds que podían lavarme?
05d9cdcce06b0c12,Unused,RyanMuddy_Intro,6,Kobold,Yo soy EL kóbold. ¡Yip!
d12499a3f17512de,Unused,RyanMuddy_Intro,7,Kobold,"¡Sí, bienvenido a Drag'N Wash!"
213c112ac748eb9e,Unused,RyanMuddy_Intro,9,Ryan,"Genial, entonces, eh..."
44beadf6316d890e,Unused,RyanMuddy_Intro,12,Ryan,"¡Ah, ya veo el botón ahí, entendido!"
af8d3a1f26de30ef,Unused,RyanMuddy_Intro,13,Ryan,"¡Gracias, te espero!"
# --- RyanMuddy_Nag1 ---
3605a9273b22288b,Unused,RyanMuddy_Nag1,1,Ryan,"Oye, ¿podrías venir delante, donde pueda verte?"
720febc2a9d251aa,Unused,RyanMuddy_Nag1,2,Ryan,¡Tengo algo que decirte!
# --- RyanMuddy_Nag2 ---
6852c864bbd2afef,Unused,RyanMuddy_Nag2,1,Ryan,¡Quiero hablar cara a cara!
0918205f97d74d78,Unused,RyanMuddy_Nag2,2,Ryan,Si pudieras venir delante para que hablemos...
# --- RyanMuddy_Nag3 ---
c8f453084718c8cc,Unused,RyanMuddy_Nag3,1,Ryan,Me han dicho que es de buena educación hablar cara a cara con la gente pequeña.
# --- RyanMuddy_NaughtyTouch ---
4d13604e28159e56,Unused,RyanMuddy_NaughtyTouch,1,Ryan,"Cuidado con dónde pones esas patas, ¿quieres?"
# --- RyanMuddy_Outro ---
a46a0805bb6a5eda,Unused,RyanMuddy_Outro,1,Ryan,¡Gracias por la limpieza tan rápida!
168c7d0bb7743dec,Unused,RyanMuddy_Outro,2,Ryan,"Por cierto, ¿te enfadarías si tu pareja hiciera un desastre en casa?"
3ae7f278ef092258,Unused,RyanMuddy_Outro,4,Kobold,Depende
0dfd80e1f981faca,Unused,RyanMuddy_Outro,6,Ryan,"¡Ah! Sí, tiene sentido..."
8f207ab27746c010,Unused,RyanMuddy_Outro,7,Ryan,Supongo que depende de las circunstancias.
86b57f75d4c04b75,Unused,RyanMuddy_Outro,8,Ryan,Sabía que me apoyarías.
# --- RyanMuddy_SmallTalk ---
0bf9a145c66c512b,Unused,RyanMuddy_SmallTalk,3,Kobold,¡En realidad es mi primera vez!
4eb8bdb270c030ae,Unused,RyanMuddy_SmallTalk,5,Ryan,"¡Ah, entonces es nuevo para los dos!"
ff152503516900ee,Unused,RyanMuddy_SmallTalk,6,Ryan,Para mí también es nuevo...
13d1c29ec8784cae,Unused,RyanMuddy_SmallTalk,7,Ryan,Me sorprende lo agradable que es.
# --- Ryan_3_wont_use_mount ---
9221ab210b374d30,Unused,Ryan_3_wont_use_mount,1,Ryan,Ah... ahora mismo no me apetece mucho usar eso.
f3f18c2eea794920,Unused,Ryan_3_wont_use_mount,2,Ryan,¿Quizá más tarde...?

# ===== UI and other text (not part of the dialogue script) =====
bc1b88907d3b748a,UI,,,UI,Audio
b3f848c2a09aa9ed,UI,,,UI,Volumen de música
de7b57b57b05d020,UI,,,UI,Efectos de sonido
59a4a3f7f7caa060,UI,,,UI,Volumen de ambiente
31bcb8940fffb7d1,UI,,,UI,Jugabilidad
a874fca87cdd5e4e,UI,,,UI,Gráficos
d0db8b5e364b6989,UI,,,UI,Opciones
28f9044138a54b95,UI,,,UI,Nueva partida
2a6b24ad28722034,UI,,,UI,Créditos
b3eb37acb66ba4bb,UI,,,UI,Salir
76900f1bfd16c8d4,UI,,,UI,Atrás
6a3041fb3ecba173,UI,,,UI,FOV de cámara
d4055fafa3794fa8,UI,,,UI,Resolución
41ca171b0cbae01e,UI,,,UI,Brillo de pantalla
42e7fdbd13ba2a01,UI,,,UI,FPS objetivo
052810dae19607f5,UI,,,UI,VSync
b63e857488f49396,UI,,,UI,Modo de ventana
c461dbb2bab7d8bc,UI,,,UI,Pantalla completa
4571896d8a4d4162,UI,,,UI,Sensibilidad del ratón
43ff6e9485bf371e,UI,,,UI,Control de agacharse
3d03a1dea561d0db,UI,,,UI,Alternar
91d6e30620d99810,UI,,,UI,Pulsar/Mantener
8e685d5409b3a543,UI,,,UI,Mantener
6c359dddb1d4c36e,UI,,,UI,Tipo de iconos de ayuda
fd9baf7f335aa154,UI,,,UI,Invertir cámara vertical
4d654c19179796ef,UI,,,UI,Pulverizador: reducir movimiento
2316810a5de343dd,UI,,,UI,Teclado
0286249762f7c943,UI,,,UI,Auto
c77c3af22c6429b2,UI,,,UI,Antialiasing
130011756125313c,UI,,,UI,Activado
ca7981b46ecf2c17,UI,,,UI,Desactivado
4883b7dfffb02e36,UI,,,UI,Exclusiva
da43a1983d819a4d,UI,,,UI,Ventana maximizada
3f26603a2748fed3,UI,,,UI,Ventana
d640c7421da06661,UI,,,UI,Continuar
b6dcb96448c66497,UI,,,UI,CARGANDO...
f942d1e183d020b6,UI,,,UI,BORRAR PARTIDA
fae07a8540ff237b,UI,,,UI,¿Seguro que quieres borrar la partida?
ffb3c5f2edc34373,UI,,,UI,Menú de pausa
3e49dd16f3893026,UI,,,UI,LIMPIO
4b36f28b2cf37677,UI,,,UI,ENJABONADO
e4e9ab13fc711176,UI,,,UI,SUCIEDAD
c9c8bf1eae99e1dc,UI,,,UI,NECESITA HABLAR
b98b0ff714ab5417,UI,,,UI,NECESITA VENDAS
dde8c08738fe9e59,UI,,,UI,NECESITA UNA PAJA
a462b8c590652563,UI,,,UI,Escribe texto...
bb23ec0586e24df5,UI,,,UI,¡Es una sandía!
fa6bb50727553976,UI,,,UI,Bien.
77b845d22632a9ef,UI,,,UI,Me alegra volver a verte.
ed172a475c84204f,UI,,,UI,¡Soy profesor!
43cc9e298a30c3af,UI,,,UI,Los bípedos como vosotros tendéis a saborear la comida.
b735b39b4eea8b70,UI,,,Ryan,Es la primera vez que lo hago al aire libre.
c913913d57c38493,UI,,,Conrad,¡No te preocupes!
d0ee8dcf7035040c,UI,,,Conrad,Yo lo hago todo el rato.
b00675617fbac31a,UI,,,Ryan,"La verdad, es bastante emocionante."
816c197dfe2ac7e7,UI,,,Conrad,Ya me voy a correr.
fb490e9880f63f05,UI,,,Ryan,Yo también estoy a punto...
cb9cc6fadcf02cd5,UI,,,Ryan,"Vaya... lo único pequeño en ti es la estatura, de verdad."
b77039c811832311,UI,,,Ryan,Qué gusto.
cbc2935aebe3ca1f,UI,,,Conrad,Sí.
1b01a1658c9a5adf,UI,,,Conrad,¿Te lo estás pasando bien?
0d8490d07a321596,UI,,,Ryan,"Sí, mucho. ¿Te preocupas por mí?"
3d42325316477a3a,UI,,,Conrad,El gran Conrad solo está disfrutando.
2fafbe5f3e7ff469,UI,,,Conrad,No... o sea...
df9b23df54ab5518,UI,,,Conrad,Quiero que esto salga bien.
b0bfa8fe9e70154c,UI,,,Ryan,Creo que está saliendo de maravilla.
46fa21135fd9811b,UI,,,Ryan,Eso me gusta mucho.
b439ffe3e5553ddc,UI,,,Conrad,Qué gusto das.
b92f91849d855b40,UI,,,UI,Conrad
2d1e830624b2572a,UI,,,UI,Ryan
e3becbaee46cc0df,UI,,,UI,Idioma (Mod)
6e58b577a084052a,UI,,,UI,Mods
4850b174b713d88c,UI,,,UI,Obligatorio
37fe885f1406e372,UI,,,UI,Desactivado desde el próximo inicio
9cc5c7f026ce0ca7,UI,,,UI,Activado desde el próximo inicio
fa20beae3754ffb1,UI,,,UI,Otros mods necesitan este. Pulsa Desactivado otra vez para desactivarlo de todos modos.
d57274b504a45b33,UI,,,UI,"Instalado fuera de BepInEx/plugins, así que no se puede desactivar aquí"
fd35647f8ecb2f7d,UI,,,UI,Lo necesitan
9e6151acb057025d,UI,,,UI,Usa
b9d0dd131d07b5ad,UI,,,UI,"Herramientas compartidas para mods de Drag'n Wash, incluida esta pantalla de mods."
6b4075522b85ca52,UI,,,UI,"Juega a Drag'n Wash en muchos idiomas. Traduce diálogos, respuestas, interfaz y opciones."
1cd1ca858aaea1d0,UI,,,UI,No cargado. Necesita
eda662e0b5033180,UI,,,UI,No cargado. No puede funcionar junto con
a8d12a246b72d98c,UI,,,UI,No cargado. El motivo está en BepInEx/LogOutput.log.
7c862b0749e737c4,UI,,,UI,Parche de precarga. Se ejecuta antes que otros mods y no se puede desactivar aquí.
74a883a037bc227f,UI,,,UI,Ajustes
21b111cbfe6e8fca,UI,,,UI,Predeterminado
bc5b45ae7b60692a,UI,,,UI,Restablecer valor predeterminado
67529e7fdc6098a0,UI,,,UI,Se guarda al momento. Algunos mods solo aplican un cambio tras reiniciar.
3d19e2d0333d7b19,UI,,,UI,Cámbialo en el archivo de configuración del mod en BepInEx/config.
dc20b3d5d2cddf82,UI,,,UI,Biblioteca
e0aaa77caac35ceb,UI,,,UI,Permite a los mods ver y reemplazar el texto antes de que el juego lo muestre.
e33072d0f0267e46,UI,,,UI,"Avisa a los mods de qué línea de diálogo o respuesta está a punto de mostrarse, con su ID de línea y quién habla."
e6af4688a3314648,UI,,,UI,"Una ventana compartida dentro del juego (F1) donde los mods añaden pestañas para sus herramientas de desarrollo y depuración. Se usa con ratón, mando y en Steam Deck."
3839cc8c85e0dab6,UI,,,UI,"Fuentes para el texto que las fuentes del juego no pueden mostrar, y carga de texturas y paquetes de recursos, hechas de forma que Direct3D 12 no se cierre."
507e6f82c57c2096,UI,,,UI,"Lee y cambia las partidas guardadas y los indicadores de eventos del juego, y guarda una copia de cada versión de cada partida para poder deshacer cualquier cambio."
77777bd04fb7c9ae,UI,,,UI,No disponible en esta versión del juego:
014659ab9d98c8fe,UI,,,UI,Conflicto
02e19c617a19bae7,UI,,,UI,Modifica el mismo código del juego que:
61ec4dc622c31ea9,UI,,,UI,Modifica el mismo código del juego que estos mods y puede anularlos:
c1c1009d3f37ec05,UI,,,UI,Actualización
4168cfb8a090a98c,UI,,,UI,Nueva versión disponible:
cd6c9851e91ad7b6,UI,,,UI,Abrir la página de la versión
22e2bada8f1c65cd,UI,,,UI,Actualizaciones
f26f3275e735bdf6,UI,,,UI,Buscar actualizaciones
a6a1b13028fd8c9c,UI,,,UI,"Una vez al día, pregunta a GitHub si los mods que indican su repositorio de GitHub tienen una versión más reciente. No se envía nada sobre ti ni sobre tu juego."
fe199528850a4e24,UI,,,UI,Desinstalar
63e38bd4b036193a,UI,,,UI,Cancelar
86965245a1d725c1,UI,,,UI,Pulsa «Desinstalar» otra vez para quitar este mod la próxima vez que se inicie el juego. También se quitan sus ajustes.
e2b9759e2326caba,UI,,,UI,Se quitará en el próximo inicio
0d21bd52022ca7f7,UI,,,UI,En línea
4128f75bc14cb290,UI,,,UI,Usa internet:
df0880be16beba51,UI,,,UI,Se conectó sin avisar a:
57e8a431deec0d70,UI,,,UI,Internet
08b39d1ef62da47d,UI,,,UI,Este mod no indica que use internet.
5abdf73450d24379,UI,,,UI,Para qué:
c1e450770d88b778,UI,,,UI,Qué se envía:
3090d827c103d5fb,UI,,,UI,Cómo desactivarlo:
068109fd3f73fbbb,UI,,,UI,No indicado
e21a8c81f7921504,UI,,,UI,Visto en esta sesión
da5cbc2185c976ff,UI,,,UI,Aún no hay conexiones.
285202c5ed5c42de,UI,,,UI,no declarado por el mod
a9043748d4bf169d,UI,,,UI,La vigilancia de conexiones está desactivada (Mods → Drag'n Wash ModFramework → Ajustes → Vigilar conexiones).
1c0285d6d7fef2fc,UI,,,UI,El framework solo vigila: no bloquea nada y un mod puede eludirlo.
1744b96470b51bf3,UI,,,UI,Red
fa25265454345a35,UI,,,UI,Vigilar conexiones
4e9ec4e264c704c6,UI,,,UI,Registra qué mods se conectan a internet y marca en la pantalla de mods los que lo hacen sin avisar. Solo vigila: no bloquea nada y un mod puede eludirlo.
